container_id,product_id,commodity,market,price,date
C020,P001,Avocado,Jaipur,151.04,2026-03-12
C008,P001,Avocado,Ahmedabad,289.92,2026-03-11
C018,P004,Apple,Mumbai,109.57,2026-01-09
C006,P001,Avocado,Ahmedabad,336.65,2026-01-21
C033,P004,Apple,Delhi,178.82,2026-01-23
C024,P001,Avocado,Ahmedabad,221.61,2026-01-30
C048,P002,Mango,Pune,229.79,2026-02-12
C002,P004,Apple,Pune,286.26,2026-03-28
C035,P004,Apple,Ahmedabad,121.27,2026-02-14
C044,P002,Mango,Pune,82.41,2026-02-23
C047,P001,Avocado,Delhi,247.87,2026-05-12
C028,P001,Avocado,Ahmedabad,250.94,2026-02-06
C020,P001,Avocado,Delhi,239.55,2026-03-20
C003,P002,Mango,Pune,87.78,2026-05-19
C023,P004,Apple,Ahmedabad,299.2,2026-04-10
C012,P002,Mango,Pune,163.11,2026-01-07
C025,P004,Apple,Mumbai,287.05,2026-01-11
C016,P003,Tomato,Mumbai,67.2,2026-05-29
C040,P003,Tomato,Pune,112.94,2026-06-11
C007,P002,Mango,Pune,202.03,2026-01-02
C028,P001,Avocado,Jaipur,261.17,2026-05-04
C004,P001,Avocado,Pune,169.46,2026-01-15
C032,P001,Avocado,Delhi,334.19,2026-04-07
C012,P001,Avocado,Jaipur,274.7,2026-04-07
C035,P003,Tomato,Ahmedabad,102.6,2026-05-16
C025,P001,Avocado,Pune,179.09,2026-02-08
C035,P003,Tomato,Pune,42.3,2026-04-10
C029,P001,Avocado,Jaipur,344.26,2026-06-06
C016,P004,Apple,Ahmedabad,103.76,2026-01-18
C026,P002,Mango,Pune,193.42,2026-05-13
C049,P001,Avocado,Pune,172.84,2026-02-25
C034,P003,Tomato,Pune,85.87,2026-03-06
C022,P004,Apple,Mumbai,278.33,2026-06-23
C007,P002,Mango,Pune,221.85,2026-03-02
C046,P004,Apple,Ahmedabad,282.84,2026-04-05
C046,P003,Tomato,Delhi,60.72,2026-02-06
C024,P002,Mango,Mumbai,228.66,2026-01-06
C009,P001,Avocado,Delhi,152.97,2026-04-10
C025,P002,Mango,Ahmedabad,142.96,2026-02-21
C030,P003,Tomato,Delhi,51.53,2026-04-25
C050,P002,Mango,Pune,162.6,2026-03-22
C007,P001,Avocado,Delhi,336.41,2026-02-13
C046,P002,Mango,Ahmedabad,231.49,2026-03-17
C001,P002,Mango,Jaipur,135.71,2026-05-06
C045,P003,Tomato,Mumbai,61.28,2026-06-22
C042,P003,Tomato,Pune,116.96,2026-06-20
C017,P003,Tomato,Pune,47.05,2026-04-06
C045,P003,Tomato,Jaipur,37.66,2026-02-07
C021,P003,Tomato,Pune,47.33,2026-02-07
C047,P002,Mango,Pune,124.47,2026-06-23
C040,P002,Mango,Mumbai,210.15,2026-03-09
C040,P002,Mango,Pune,132.6,2026-02-20
C016,P001,Avocado,Pune,262.98,2026-01-08
C009,P001,Avocado,Pune,331.91,2026-06-15
C042,P004,Apple,Pune,238.91,2026-02-20
C036,P003,Tomato,Ahmedabad,103.85,2026-06-14
C032,P001,Avocado,Ahmedabad,156.06,2026-06-06
C023,P002,Mango,Pune,179.11,2026-05-21
C014,P002,Mango,Pune,194.25,2026-06-01
C038,P003,Tomato,Jaipur,55.06,2026-05-29
C021,P002,Mango,Ahmedabad,198.27,2026-04-23
C016,P004,Apple,Pune,155.15,2026-03-09
C044,P001,Avocado,Mumbai,312.34,2026-05-25
C027,P004,Apple,Pune,287.71,2026-01-31
C027,P001,Avocado,Delhi,249.72,2026-06-21
C029,P002,Mango,Pune,241.84,2026-04-05
C004,P003,Tomato,Jaipur,52.36,2026-05-29
C015,P004,Apple,Ahmedabad,217.18,2026-04-20
C020,P003,Tomato,Delhi,46.75,2026-03-12
C037,P002,Mango,Mumbai,84.52,2026-01-23
C032,P004,Apple,Delhi,276.52,2026-01-17
C028,P001,Avocado,Delhi,154.48,2026-06-16
C003,P001,Avocado,Pune,270.13,2026-05-03
C037,P001,Avocado,Ahmedabad,293.78,2026-04-05
C032,P002,Mango,Ahmedabad,184.41,2026-03-19
C003,P003,Tomato,Jaipur,40.57,2026-01-22
C048,P004,Apple,Delhi,156.46,2026-02-03
C043,P001,Avocado,Pune,182.32,2026-04-07
C045,P002,Mango,Delhi,90.25,2026-06-29
C049,P004,Apple,Pune,156.77,2026-03-13
C009,P003,Tomato,Pune,93.94,2026-03-03
C046,P003,Tomato,Pune,53.4,2026-03-27
C003,P003,Tomato,Delhi,109.59,2026-03-04
C012,P002,Mango,Jaipur,170.88,2026-06-29
C044,P003,Tomato,Mumbai,51.72,2026-03-06
C034,P003,Tomato,Pune,72.52,2026-03-18
C039,P003,Tomato,Pune,46.17,2026-02-11
C014,P004,Apple,Pune,256.25,2026-03-13
C018,P004,Apple,Pune,290.11,2026-04-01
C028,P004,Apple,Pune,158.58,2026-02-20
C039,P003,Tomato,Mumbai,73.19,2026-06-24
C020,P003,Tomato,Pune,118.61,2026-05-16
C041,P002,Mango,Jaipur,177.74,2026-03-19
C030,P004,Apple,Jaipur,196.42,2026-03-10
C037,P004,Apple,Ahmedabad,165.53,2026-05-01
C044,P003,Tomato,Pune,105.4,2026-04-23
C027,P002,Mango,Ahmedabad,178.65,2026-04-24
C016,P002,Mango,Ahmedabad,124.71,2026-01-06
C011,P004,Apple,Delhi,213.86,2026-05-19
C034,P001,Avocado,Pune,237.4,2026-04-01
C043,P002,Mango,Ahmedabad,246.74,2026-03-05
C050,P003,Tomato,Jaipur,79.47,2026-03-14
C040,P001,Avocado,Jaipur,308.93,2026-02-04
C020,P004,Apple,Jaipur,246.27,2026-05-21
C007,P002,Mango,Delhi,202.46,2026-01-03
C001,P003,Tomato,Jaipur,59.91,2026-05-10
C043,P004,Apple,Delhi,299.25,2026-03-11
C032,P004,Apple,Jaipur,287.1,2026-01-15
C021,P001,Avocado,Mumbai,182.7,2026-02-22
C029,P001,Avocado,Jaipur,342.05,2026-06-14
C009,P003,Tomato,Pune,68.3,2026-02-04
C043,P002,Mango,Jaipur,232.31,2026-06-10
C035,P003,Tomato,Pune,53.41,2026-06-13
C034,P001,Avocado,Mumbai,316.46,2026-03-04
C028,P001,Avocado,Delhi,311.7,2026-02-02
C046,P002,Mango,Jaipur,152.94,2026-04-22
C014,P004,Apple,Ahmedabad,142.45,2026-03-03
C048,P001,Avocado,Mumbai,285.6,2026-06-13
C049,P001,Avocado,Delhi,228.05,2026-04-20
C027,P003,Tomato,Ahmedabad,91.98,2026-01-17
C016,P001,Avocado,Ahmedabad,157.87,2026-03-08
C002,P004,Apple,Mumbai,122.11,2026-03-03
C033,P003,Tomato,Pune,55.55,2026-05-20
C015,P004,Apple,Mumbai,254.85,2026-01-22
C042,P004,Apple,Pune,235.82,2026-01-10
C034,P002,Mango,Delhi,118.72,2026-01-09
C012,P001,Avocado,Pune,167.04,2026-04-14
C008,P004,Apple,Mumbai,167.57,2026-03-28
C020,P003,Tomato,Delhi,109.42,2026-03-25
C004,P002,Mango,Jaipur,192.38,2026-03-26
C042,P002,Mango,Delhi,115.89,2026-04-09
C034,P004,Apple,Jaipur,141.61,2026-04-25
C035,P001,Avocado,Jaipur,341.13,2026-03-18
C048,P002,Mango,Ahmedabad,174.19,2026-02-04
C049,P001,Avocado,Delhi,320.17,2026-03-03
C032,P002,Mango,Delhi,135.22,2026-01-11
C013,P002,Mango,Delhi,159.1,2026-02-25
C039,P003,Tomato,Pune,75.63,2026-03-23
C041,P002,Mango,Delhi,196.23,2026-02-25
C017,P004,Apple,Mumbai,171.96,2026-01-06
C037,P002,Mango,Mumbai,175.11,2026-05-17
C025,P002,Mango,Mumbai,248.65,2026-03-28
C042,P002,Mango,Mumbai,120.24,2026-05-10
C033,P002,Mango,Jaipur,131.62,2026-01-11
C038,P002,Mango,Jaipur,158.31,2026-04-16
C017,P003,Tomato,Delhi,105.21,2026-01-17
C010,P002,Mango,Delhi,183.04,2026-04-22
C039,P003,Tomato,Jaipur,41.64,2026-01-15
C023,P002,Mango,Jaipur,106.8,2026-02-17
C049,P001,Avocado,Pune,343.89,2026-03-01
C018,P001,Avocado,Delhi,283.35,2026-05-30
C017,P004,Apple,Pune,139.0,2026-03-23
C045,P002,Mango,Jaipur,119.88,2026-04-29
C030,P002,Mango,Jaipur,108.0,2026-01-21
C004,P003,Tomato,Pune,54.18,2026-06-01
C028,P001,Avocado,Delhi,262.01,2026-01-15
C004,P001,Avocado,Ahmedabad,240.54,2026-05-19
C015,P003,Tomato,Ahmedabad,76.69,2026-04-15
C047,P004,Apple,Jaipur,290.92,2026-06-30
C050,P003,Tomato,Ahmedabad,55.55,2026-05-16
C023,P004,Apple,Jaipur,135.79,2026-02-24
C009,P001,Avocado,Pune,267.08,2026-01-08
C001,P002,Mango,Ahmedabad,205.68,2026-03-15
C039,P001,Avocado,Delhi,200.34,2026-02-04
C002,P004,Apple,Mumbai,285.31,2026-04-10
C027,P004,Apple,Delhi,241.89,2026-03-17
C046,P003,Tomato,Jaipur,95.59,2026-06-08
C017,P001,Avocado,Mumbai,160.41,2026-05-04
C010,P003,Tomato,Pune,50.33,2026-06-12
C044,P003,Tomato,Mumbai,41.67,2026-01-05
C024,P001,Avocado,Pune,269.27,2026-02-03
C035,P002,Mango,Delhi,216.52,2026-06-07
C041,P002,Mango,Mumbai,99.23,2026-06-23
C009,P001,Avocado,Mumbai,153.02,2026-05-14
C026,P001,Avocado,Mumbai,254.8,2026-04-08
C013,P004,Apple,Delhi,204.25,2026-03-30
C006,P002,Mango,Pune,186.07,2026-02-18
C015,P001,Avocado,Pune,295.84,2026-05-29
C008,P003,Tomato,Ahmedabad,61.46,2026-05-14
C034,P002,Mango,Jaipur,234.9,2026-06-04
C001,P004,Apple,Delhi,279.88,2026-03-28
C026,P004,Apple,Pune,156.34,2026-02-10
C034,P004,Apple,Mumbai,165.93,2026-05-07
C015,P002,Mango,Mumbai,214.44,2026-03-17
C023,P003,Tomato,Ahmedabad,33.16,2026-01-09
C033,P004,Apple,Mumbai,149.4,2026-02-13
C040,P003,Tomato,Delhi,61.4,2026-03-23
C030,P004,Apple,Mumbai,154.83,2026-03-04
C024,P001,Avocado,Jaipur,163.0,2026-03-08
C035,P001,Avocado,Delhi,200.47,2026-01-16
C021,P001,Avocado,Delhi,274.14,2026-03-10
C002,P004,Apple,Jaipur,110.43,2026-06-08
C014,P004,Apple,Ahmedabad,164.26,2026-03-25
C021,P004,Apple,Pune,269.96,2026-02-25
C048,P002,Mango,Jaipur,121.68,2026-06-05
C009,P002,Mango,Pune,128.85,2026-03-19
C014,P001,Avocado,Delhi,287.9,2026-01-29
C019,P002,Mango,Delhi,144.38,2026-04-25
C005,P002,Mango,Delhi,155.17,2026-03-03
C007,P002,Mango,Jaipur,221.09,2026-01-02
C046,P003,Tomato,Pune,86.82,2026-01-23
C041,P004,Apple,Jaipur,278.72,2026-02-27
C022,P002,Mango,Ahmedabad,145.82,2026-03-13
C047,P002,Mango,Delhi,136.73,2026-02-03
C013,P001,Avocado,Mumbai,154.95,2026-01-07
C004,P004,Apple,Ahmedabad,291.67,2026-04-29
C006,P002,Mango,Delhi,241.62,2026-05-03
C046,P004,Apple,Mumbai,273.73,2026-05-10
C020,P003,Tomato,Jaipur,40.07,2026-05-08
C041,P002,Mango,Pune,164.34,2026-05-12
C014,P004,Apple,Ahmedabad,202.71,2026-05-08
C036,P002,Mango,Mumbai,106.35,2026-06-02
C026,P002,Mango,Ahmedabad,192.14,2026-01-13
C048,P003,Tomato,Jaipur,65.73,2026-05-26
C003,P004,Apple,Ahmedabad,171.73,2026-06-21
C037,P001,Avocado,Delhi,152.99,2026-05-25
C019,P003,Tomato,Ahmedabad,89.03,2026-03-01
C030,P003,Tomato,Delhi,42.68,2026-03-06
C007,P001,Avocado,Delhi,313.87,2026-04-23
C018,P001,Avocado,Pune,193.92,2026-06-22
C010,P003,Tomato,Delhi,82.53,2026-01-20
C003,P002,Mango,Delhi,146.67,2026-03-26
C033,P003,Tomato,Mumbai,112.1,2026-04-01
C026,P004,Apple,Mumbai,265.35,2026-01-26
C010,P001,Avocado,Jaipur,264.92,2026-05-20
C050,P003,Tomato,Mumbai,68.07,2026-05-27
C034,P001,Avocado,Jaipur,176.17,2026-01-26
C046,P004,Apple,Pune,266.15,2026-03-10
C005,P002,Mango,Pune,132.1,2026-01-11
C004,P004,Apple,Mumbai,285.19,2026-04-14
C029,P002,Mango,Jaipur,120.15,2026-03-04
C002,P004,Apple,Mumbai,254.08,2026-02-06
C016,P001,Avocado,Jaipur,295.23,2026-04-15
C017,P002,Mango,Ahmedabad,154.48,2026-05-21
C024,P002,Mango,Ahmedabad,195.06,2026-05-21
C026,P002,Mango,Mumbai,203.36,2026-01-10
C012,P004,Apple,Jaipur,260.58,2026-06-18
C011,P003,Tomato,Delhi,67.79,2026-05-22
C025,P001,Avocado,Pune,175.93,2026-01-30
C005,P004,Apple,Mumbai,101.3,2026-01-11
C030,P002,Mango,Mumbai,82.18,2026-05-18
C015,P002,Mango,Mumbai,237.92,2026-01-29
C046,P002,Mango,Pune,233.81,2026-06-14
C042,P003,Tomato,Delhi,103.29,2026-01-25
C002,P004,Apple,Ahmedabad,228.06,2026-06-27
C008,P001,Avocado,Pune,344.75,2026-02-12
C015,P002,Mango,Delhi,228.26,2026-02-14
C008,P002,Mango,Jaipur,81.26,2026-03-16
C038,P004,Apple,Mumbai,101.62,2026-01-24
C032,P004,Apple,Pune,168.52,2026-02-20
C014,P004,Apple,Mumbai,168.38,2026-06-03
C038,P002,Mango,Ahmedabad,226.47,2026-05-27
C016,P003,Tomato,Jaipur,91.41,2026-04-09
C026,P001,Avocado,Delhi,177.12,2026-01-26
C014,P001,Avocado,Delhi,282.02,2026-05-23
C039,P004,Apple,Mumbai,168.78,2026-05-31
C045,P003,Tomato,Mumbai,109.22,2026-06-17
C028,P004,Apple,Delhi,222.63,2026-04-06
C015,P003,Tomato,Jaipur,110.04,2026-04-17
C043,P003,Tomato,Jaipur,46.75,2026-02-26
C036,P002,Mango,Jaipur,149.04,2026-03-18
C017,P001,Avocado,Delhi,256.76,2026-05-13
C001,P004,Apple,Pune,297.48,2026-01-11
C047,P001,Avocado,Delhi,285.08,2026-05-19
C049,P004,Apple,Ahmedabad,212.43,2026-03-14
C018,P001,Avocado,Ahmedabad,189.02,2026-06-29
C021,P003,Tomato,Delhi,87.57,2026-03-25
C049,P003,Tomato,Mumbai,30.1,2026-01-13
C001,P001,Avocado,Delhi,308.04,2026-02-20
C035,P002,Mango,Pune,160.35,2026-02-13
C020,P002,Mango,Jaipur,133.16,2026-01-12
C010,P002,Mango,Delhi,239.45,2026-01-14
C025,P004,Apple,Ahmedabad,120.65,2026-04-24
C030,P002,Mango,Delhi,98.13,2026-06-12
C009,P001,Avocado,Pune,325.61,2026-04-02
C004,P003,Tomato,Delhi,102.44,2026-05-19
C027,P002,Mango,Delhi,154.35,2026-06-24
C011,P003,Tomato,Jaipur,89.15,2026-02-08
C003,P003,Tomato,Delhi,94.61,2026-06-21
C015,P001,Avocado,Mumbai,320.87,2026-03-25
C017,P003,Tomato,Pune,40.0,2026-02-23
C008,P001,Avocado,Delhi,313.91,2026-02-22
C004,P001,Avocado,Delhi,293.91,2026-04-10
C048,P003,Tomato,Jaipur,81.66,2026-06-06
C043,P003,Tomato,Jaipur,105.56,2026-02-02
C010,P001,Avocado,Jaipur,220.09,2026-06-10
C001,P001,Avocado,Jaipur,294.18,2026-02-27
C023,P002,Mango,Pune,149.25,2026-01-27
C025,P004,Apple,Pune,187.49,2026-03-18
C010,P003,Tomato,Pune,59.97,2026-06-08
C031,P004,Apple,Ahmedabad,233.75,2026-03-15
C005,P001,Avocado,Ahmedabad,241.95,2026-01-13
C025,P001,Avocado,Pune,259.59,2026-03-28
C050,P003,Tomato,Pune,51.39,2026-05-10
C045,P001,Avocado,Pune,212.61,2026-02-02
C028,P001,Avocado,Jaipur,297.79,2026-03-18
C033,P003,Tomato,Delhi,119.81,2026-05-11
C032,P001,Avocado,Mumbai,247.66,2026-03-23
C024,P001,Avocado,Delhi,342.68,2026-04-15
C028,P004,Apple,Pune,279.38,2026-03-19
C028,P001,Avocado,Ahmedabad,301.33,2026-05-07
C030,P002,Mango,Pune,136.29,2026-01-30
C032,P002,Mango,Delhi,142.53,2026-06-08
C010,P003,Tomato,Mumbai,90.53,2026-01-06
C029,P003,Tomato,Mumbai,41.93,2026-04-05
C044,P004,Apple,Ahmedabad,232.22,2026-03-29
C023,P002,Mango,Mumbai,120.61,2026-04-15
C027,P001,Avocado,Pune,276.45,2026-02-22
C030,P003,Tomato,Mumbai,70.75,2026-05-13
C034,P003,Tomato,Jaipur,34.52,2026-04-09
C003,P002,Mango,Jaipur,213.77,2026-06-03
C004,P003,Tomato,Mumbai,112.77,2026-05-09
C026,P002,Mango,Jaipur,96.6,2026-01-30
C045,P001,Avocado,Pune,181.94,2026-01-08
C022,P002,Mango,Mumbai,193.41,2026-06-06
C021,P003,Tomato,Pune,106.03,2026-05-03
C025,P004,Apple,Mumbai,205.12,2026-01-13
C018,P004,Apple,Mumbai,142.08,2026-04-14
C001,P004,Apple,Mumbai,242.95,2026-04-19
C043,P001,Avocado,Mumbai,334.11,2026-01-28
C037,P004,Apple,Jaipur,178.65,2026-01-19
C008,P003,Tomato,Delhi,40.7,2026-02-03
C023,P002,Mango,Ahmedabad,150.18,2026-03-10
C023,P003,Tomato,Delhi,112.13,2026-03-20
C036,P004,Apple,Pune,232.58,2026-01-30
C045,P002,Mango,Pune,148.53,2026-03-28
C046,P002,Mango,Delhi,114.1,2026-05-07
C008,P002,Mango,Jaipur,83.14,2026-03-05
C043,P002,Mango,Ahmedabad,127.18,2026-01-25
C019,P003,Tomato,Pune,116.53,2026-02-09
C049,P001,Avocado,Delhi,301.28,2026-02-15
C039,P001,Avocado,Mumbai,299.35,2026-03-01
C038,P001,Avocado,Pune,259.21,2026-05-06
C032,P003,Tomato,Jaipur,70.13,2026-02-10
C009,P001,Avocado,Delhi,251.52,2026-02-22
C017,P002,Mango,Mumbai,152.64,2026-03-03
C020,P002,Mango,Jaipur,212.21,2026-02-12
C048,P001,Avocado,Mumbai,164.86,2026-06-14
C013,P003,Tomato,Ahmedabad,101.84,2026-02-07
C045,P003,Tomato,Ahmedabad,89.16,2026-04-26
C007,P001,Avocado,Mumbai,264.73,2026-06-22
C036,P001,Avocado,Jaipur,240.5,2026-04-19
C049,P002,Mango,Pune,176.19,2026-05-17
C015,P003,Tomato,Ahmedabad,50.8,2026-05-13
C004,P003,Tomato,Mumbai,92.19,2026-03-06
C045,P002,Mango,Delhi,223.61,2026-03-10
C026,P004,Apple,Jaipur,207.73,2026-01-08
C023,P003,Tomato,Delhi,39.27,2026-02-26
C020,P003,Tomato,Jaipur,60.86,2026-01-28
C028,P003,Tomato,Pune,88.83,2026-01-22
C024,P002,Mango,Jaipur,213.27,2026-01-16
C011,P001,Avocado,Mumbai,318.83,2026-01-16
C034,P004,Apple,Mumbai,294.73,2026-04-14
C039,P002,Mango,Delhi,95.81,2026-05-02
C041,P003,Tomato,Mumbai,60.53,2026-05-23
C030,P004,Apple,Pune,223.44,2026-04-07
C021,P001,Avocado,Delhi,165.71,2026-04-20
C029,P002,Mango,Mumbai,235.82,2026-01-06
C016,P002,Mango,Mumbai,233.43,2026-01-17
C015,P002,Mango,Jaipur,164.28,2026-05-18
C044,P002,Mango,Delhi,237.12,2026-04-09
C011,P002,Mango,Jaipur,103.78,2026-05-19
C016,P001,Avocado,Ahmedabad,160.54,2026-04-05
C026,P003,Tomato,Jaipur,105.96,2026-06-13
C012,P002,Mango,Delhi,101.66,2026-02-27
C005,P002,Mango,Delhi,156.35,2026-02-23
C022,P002,Mango,Jaipur,226.67,2026-01-06
C024,P003,Tomato,Pune,61.09,2026-02-21
C041,P003,Tomato,Mumbai,102.54,2026-06-16
C010,P003,Tomato,Jaipur,55.54,2026-06-16
C022,P004,Apple,Pune,284.52,2026-06-29
C048,P004,Apple,Mumbai,160.57,2026-02-28
C024,P001,Avocado,Mumbai,342.95,2026-05-10
C026,P002,Mango,Delhi,189.65,2026-03-31
C030,P004,Apple,Pune,207.93,2026-01-08
C027,P001,Avocado,Jaipur,349.61,2026-06-05
C019,P003,Tomato,Delhi,73.41,2026-01-25
C026,P004,Apple,Pune,192.44,2026-04-15
C040,P003,Tomato,Mumbai,108.38,2026-03-30
C001,P003,Tomato,Mumbai,106.21,2026-02-07
C014,P001,Avocado,Ahmedabad,151.34,2026-02-12
C001,P001,Avocado,Delhi,222.97,2026-05-23
C002,P004,Apple,Pune,194.75,2026-06-01
C042,P003,Tomato,Jaipur,32.62,2026-02-08
C037,P002,Mango,Delhi,129.05,2026-02-28
C004,P003,Tomato,Ahmedabad,118.42,2026-05-03
C010,P004,Apple,Ahmedabad,185.9,2026-03-24
C022,P001,Avocado,Ahmedabad,214.27,2026-06-08
C048,P001,Avocado,Ahmedabad,234.78,2026-05-20
C019,P004,Apple,Jaipur,204.08,2026-03-25
C002,P003,Tomato,Jaipur,63.83,2026-05-17
C024,P002,Mango,Ahmedabad,96.96,2026-02-19
C019,P001,Avocado,Mumbai,239.13,2026-01-26
C043,P003,Tomato,Delhi,65.27,2026-03-25
C009,P003,Tomato,Ahmedabad,88.15,2026-04-16
C021,P004,Apple,Jaipur,221.08,2026-03-20
C038,P001,Avocado,Jaipur,158.15,2026-01-22
C020,P003,Tomato,Jaipur,59.95,2026-01-18
C049,P003,Tomato,Ahmedabad,45.81,2026-02-26
C036,P004,Apple,Jaipur,201.5,2026-01-31
C034,P003,Tomato,Mumbai,82.1,2026-06-13
C003,P004,Apple,Delhi,193.7,2026-05-20
C005,P001,Avocado,Pune,304.53,2026-02-27
C026,P004,Apple,Jaipur,269.78,2026-01-31
C022,P001,Avocado,Pune,208.99,2026-04-04
C044,P002,Mango,Delhi,211.75,2026-01-30
C039,P001,Avocado,Jaipur,298.17,2026-01-13
C030,P004,Apple,Jaipur,235.64,2026-01-27
C029,P003,Tomato,Jaipur,43.7,2026-06-03
C004,P001,Avocado,Delhi,235.67,2026-06-02
C019,P003,Tomato,Ahmedabad,119.38,2026-01-05
C020,P003,Tomato,Mumbai,73.38,2026-03-29
C040,P002,Mango,Jaipur,129.76,2026-01-19
C019,P001,Avocado,Mumbai,221.66,2026-02-04
C031,P004,Apple,Pune,240.43,2026-01-23
C042,P004,Apple,Mumbai,209.14,2026-05-27
C002,P001,Avocado,Pune,245.29,2026-06-23
C049,P002,Mango,Ahmedabad,98.53,2026-03-20
C013,P004,Apple,Mumbai,295.04,2026-02-11
C041,P004,Apple,Mumbai,131.48,2026-05-07
C001,P002,Mango,Jaipur,190.91,2026-03-19
C002,P001,Avocado,Mumbai,183.23,2026-03-03
C005,P002,Mango,Delhi,131.67,2026-05-10
C002,P003,Tomato,Delhi,62.21,2026-02-04
C047,P002,Mango,Mumbai,110.48,2026-05-20
C033,P004,Apple,Pune,177.42,2026-02-11
C014,P004,Apple,Delhi,266.43,2026-04-23
C015,P001,Avocado,Mumbai,167.96,2026-03-30
C003,P002,Mango,Jaipur,212.55,2026-06-26
C049,P001,Avocado,Delhi,305.56,2026-04-20
C035,P004,Apple,Ahmedabad,293.09,2026-02-10
C013,P004,Apple,Delhi,171.41,2026-06-04
C043,P002,Mango,Ahmedabad,186.28,2026-02-09
C020,P004,Apple,Mumbai,208.56,2026-04-16
C009,P004,Apple,Jaipur,136.36,2026-03-19
C034,P003,Tomato,Mumbai,102.67,2026-03-22
C043,P004,Apple,Delhi,283.91,2026-02-23
C032,P002,Mango,Pune,118.94,2026-04-13
C046,P002,Mango,Mumbai,243.81,2026-05-12
C021,P004,Apple,Ahmedabad,217.79,2026-02-28
C048,P004,Apple,Mumbai,283.08,2026-06-29
C035,P001,Avocado,Ahmedabad,242.81,2026-04-04
C040,P001,Avocado,Jaipur,209.75,2026-03-23
C035,P001,Avocado,Jaipur,219.17,2026-05-23
C001,P001,Avocado,Mumbai,170.2,2026-01-25
C040,P004,Apple,Delhi,226.91,2026-04-06
C045,P003,Tomato,Ahmedabad,80.34,2026-05-13
C021,P001,Avocado,Delhi,152.43,2026-02-11
C032,P003,Tomato,Ahmedabad,70.45,2026-05-02
C006,P001,Avocado,Delhi,207.2,2026-01-06
C036,P001,Avocado,Mumbai,275.11,2026-05-05
C015,P004,Apple,Delhi,158.79,2026-01-06
C012,P001,Avocado,Jaipur,289.06,2026-03-14
C045,P003,Tomato,Jaipur,49.01,2026-01-07
C030,P002,Mango,Mumbai,245.72,2026-03-20
C015,P004,Apple,Ahmedabad,238.89,2026-04-16
C040,P002,Mango,Pune,221.51,2026-05-16
C034,P001,Avocado,Mumbai,164.91,2026-04-13
C019,P002,Mango,Ahmedabad,160.67,2026-03-01
C009,P004,Apple,Pune,199.94,2026-03-23
C035,P004,Apple,Delhi,120.07,2026-01-02
C022,P002,Mango,Jaipur,184.04,2026-03-04
C010,P003,Tomato,Jaipur,42.98,2026-05-01
C033,P001,Avocado,Pune,290.82,2026-04-02
C013,P001,Avocado,Pune,303.11,2026-02-02
C012,P001,Avocado,Ahmedabad,242.7,2026-04-21
C044,P002,Mango,Ahmedabad,188.61,2026-03-16
C031,P002,Mango,Delhi,238.86,2026-05-05
C034,P002,Mango,Ahmedabad,101.4,2026-06-27
C017,P001,Avocado,Ahmedabad,328.08,2026-06-09
C041,P001,Avocado,Ahmedabad,254.83,2026-06-16
C024,P003,Tomato,Pune,45.34,2026-03-04
C011,P003,Tomato,Ahmedabad,104.82,2026-06-11
C027,P004,Apple,Ahmedabad,227.79,2026-05-21
C024,P003,Tomato,Jaipur,108.88,2026-05-11
C045,P003,Tomato,Ahmedabad,41.96,2026-04-29
C001,P001,Avocado,Pune,269.49,2026-03-24
C047,P004,Apple,Mumbai,106.3,2026-04-20
C012,P001,Avocado,Jaipur,319.69,2026-06-12
C042,P003,Tomato,Pune,69.68,2026-02-17
C037,P001,Avocado,Ahmedabad,236.4,2026-03-30
C039,P001,Avocado,Mumbai,280.12,2026-03-17
C034,P002,Mango,Pune,103.59,2026-05-25
C035,P004,Apple,Pune,195.68,2026-04-27
C041,P003,Tomato,Jaipur,47.22,2026-04-09
C016,P002,Mango,Jaipur,187.45,2026-03-16
C033,P002,Mango,Mumbai,89.65,2026-05-17
C008,P001,Avocado,Delhi,298.86,2026-02-17
C024,P003,Tomato,Ahmedabad,71.2,2026-04-15
C010,P004,Apple,Jaipur,244.93,2026-01-26
C015,P004,Apple,Delhi,171.25,2026-03-17
C031,P004,Apple,Jaipur,247.46,2026-02-04
C042,P001,Avocado,Jaipur,171.49,2026-02-04
C019,P003,Tomato,Pune,105.32,2026-01-08
C043,P002,Mango,Pune,176.59,2026-01-19
C049,P002,Mango,Jaipur,211.6,2026-04-27
C013,P001,Avocado,Mumbai,328.01,2026-03-04
C050,P004,Apple,Ahmedabad,285.68,2026-02-16
C033,P002,Mango,Delhi,125.24,2026-06-26
C015,P002,Mango,Delhi,149.0,2026-03-03
C013,P001,Avocado,Mumbai,163.14,2026-05-15
C015,P001,Avocado,Delhi,203.74,2026-05-22
C022,P004,Apple,Jaipur,258.69,2026-04-19
C023,P004,Apple,Mumbai,195.29,2026-04-15
C050,P004,Apple,Mumbai,237.08,2026-01-31
C001,P004,Apple,Pune,260.24,2026-02-23
C007,P004,Apple,Pune,213.83,2026-03-12
C041,P003,Tomato,Ahmedabad,38.1,2026-02-20
C009,P002,Mango,Pune,165.58,2026-04-13
C009,P001,Avocado,Ahmedabad,209.35,2026-03-30
C028,P002,Mango,Ahmedabad,150.54,2026-01-18
C046,P004,Apple,Pune,167.7,2026-06-27
C050,P002,Mango,Jaipur,241.01,2026-03-02
C015,P003,Tomato,Jaipur,99.56,2026-02-02
C025,P002,Mango,Ahmedabad,185.4,2026-06-01
C006,P002,Mango,Pune,124.9,2026-05-21
C028,P001,Avocado,Ahmedabad,150.5,2026-01-20
C047,P002,Mango,Mumbai,234.44,2026-01-01
C023,P004,Apple,Pune,264.35,2026-05-21
C006,P004,Apple,Mumbai,167.43,2026-06-30
C036,P003,Tomato,Delhi,115.93,2026-01-11
C007,P002,Mango,Jaipur,139.46,2026-04-04
C037,P001,Avocado,Jaipur,182.77,2026-05-08
C045,P001,Avocado,Delhi,325.3,2026-05-11
C043,P004,Apple,Pune,137.29,2026-05-13
C029,P001,Avocado,Ahmedabad,319.2,2026-03-20
C032,P003,Tomato,Pune,46.59,2026-06-19
C050,P004,Apple,Pune,132.23,2026-01-30
C018,P001,Avocado,Jaipur,189.89,2026-03-13
C033,P004,Apple,Ahmedabad,176.18,2026-06-12
C015,P001,Avocado,Jaipur,321.53,2026-01-24
C009,P002,Mango,Mumbai,191.97,2026-04-16
C025,P003,Tomato,Pune,106.89,2026-03-09
C037,P004,Apple,Jaipur,189.85,2026-05-26
C027,P001,Avocado,Mumbai,341.43,2026-05-14
C032,P003,Tomato,Jaipur,93.27,2026-01-11
C001,P004,Apple,Mumbai,116.49,2026-03-13
C029,P001,Avocado,Pune,221.99,2026-05-27
C012,P001,Avocado,Jaipur,239.16,2026-01-13
C043,P002,Mango,Jaipur,239.33,2026-04-08
C029,P003,Tomato,Jaipur,119.26,2026-05-19
C043,P003,Tomato,Mumbai,30.06,2026-01-16
C025,P004,Apple,Delhi,222.85,2026-06-09
C001,P002,Mango,Delhi,196.7,2026-01-06
C039,P001,Avocado,Jaipur,221.72,2026-05-08
C004,P003,Tomato,Ahmedabad,85.14,2026-01-23
C028,P004,Apple,Mumbai,202.4,2026-04-22
C030,P003,Tomato,Pune,77.8,2026-05-13
C048,P001,Avocado,Delhi,320.39,2026-02-24
C037,P002,Mango,Pune,195.37,2026-05-23
C006,P002,Mango,Mumbai,169.59,2026-05-14
C004,P004,Apple,Mumbai,187.78,2026-06-17
C006,P001,Avocado,Delhi,273.94,2026-06-05
C027,P001,Avocado,Jaipur,279.95,2026-03-01
C043,P004,Apple,Jaipur,196.38,2026-01-20
C042,P003,Tomato,Mumbai,73.57,2026-02-11
C003,P004,Apple,Delhi,292.09,2026-03-15
C021,P004,Apple,Ahmedabad,276.62,2026-04-12
C043,P001,Avocado,Pune,292.47,2026-06-26
C032,P002,Mango,Pune,189.98,2026-04-01
C040,P001,Avocado,Ahmedabad,163.17,2026-03-20
C004,P001,Avocado,Pune,299.51,2026-01-05
C020,P002,Mango,Pune,119.9,2026-03-20
C046,P001,Avocado,Delhi,196.46,2026-05-09
C039,P001,Avocado,Delhi,249.69,2026-01-11
C042,P003,Tomato,Delhi,113.37,2026-03-03
C024,P004,Apple,Delhi,193.57,2026-03-09
C030,P001,Avocado,Pune,205.07,2026-05-16
C034,P003,Tomato,Delhi,114.8,2026-03-12
C019,P002,Mango,Pune,97.42,2026-05-01
C045,P002,Mango,Delhi,173.28,2026-05-26
C013,P003,Tomato,Pune,57.64,2026-01-09
C010,P004,Apple,Pune,222.09,2026-06-02
C014,P002,Mango,Ahmedabad,190.18,2026-06-08
C038,P001,Avocado,Ahmedabad,343.45,2026-01-05
C001,P001,Avocado,Mumbai,343.69,2026-04-30
C028,P002,Mango,Jaipur,118.04,2026-03-31
C029,P004,Apple,Delhi,298.37,2026-03-25
C013,P004,Apple,Mumbai,259.73,2026-06-23
C003,P003,Tomato,Ahmedabad,34.18,2026-05-20
C009,P004,Apple,Pune,125.13,2026-04-18
C001,P002,Mango,Pune,209.89,2026-01-21
C045,P001,Avocado,Pune,349.72,2026-03-18
C045,P003,Tomato,Jaipur,35.8,2026-05-03
C001,P003,Tomato,Ahmedabad,110.35,2026-01-01
C006,P004,Apple,Delhi,124.79,2026-05-17
C007,P004,Apple,Mumbai,111.05,2026-03-07
C007,P003,Tomato,Delhi,51.79,2026-04-29
C042,P003,Tomato,Pune,84.99,2026-05-15
C049,P003,Tomato,Pune,84.31,2026-03-21
C040,P001,Avocado,Ahmedabad,269.83,2026-01-15
C047,P004,Apple,Jaipur,256.98,2026-06-05
C034,P003,Tomato,Delhi,89.65,2026-04-28
C007,P002,Mango,Mumbai,172.19,2026-06-13
C004,P002,Mango,Delhi,136.73,2026-04-04
C029,P001,Avocado,Pune,304.12,2026-01-30
C050,P002,Mango,Ahmedabad,81.33,2026-03-09
C013,P003,Tomato,Mumbai,83.54,2026-03-13
C004,P001,Avocado,Jaipur,186.77,2026-04-27
C003,P003,Tomato,Jaipur,105.86,2026-03-19
C008,P003,Tomato,Mumbai,62.02,2026-04-03
C019,P004,Apple,Mumbai,199.48,2026-05-25
C032,P003,Tomato,Delhi,58.18,2026-06-28
C013,P004,Apple,Mumbai,109.61,2026-05-17
C010,P004,Apple,Delhi,140.04,2026-04-01
C042,P002,Mango,Mumbai,124.98,2026-04-16
C036,P003,Tomato,Jaipur,78.37,2026-02-22
C013,P003,Tomato,Delhi,47.28,2026-05-01
C025,P004,Apple,Mumbai,255.47,2026-03-03
C027,P004,Apple,Ahmedabad,272.13,2026-04-15
C025,P001,Avocado,Mumbai,273.43,2026-05-03
C035,P003,Tomato,Mumbai,114.23,2026-02-21
C035,P001,Avocado,Jaipur,258.62,2026-04-15
C011,P002,Mango,Mumbai,228.16,2026-02-12
C005,P001,Avocado,Jaipur,235.36,2026-06-21
C002,P001,Avocado,Delhi,331.3,2026-06-26
C027,P004,Apple,Mumbai,292.03,2026-06-13
C049,P001,Avocado,Mumbai,268.9,2026-03-29
C018,P002,Mango,Mumbai,226.89,2026-01-21
C010,P002,Mango,Pune,102.18,2026-02-14
C021,P001,Avocado,Delhi,323.46,2026-01-24
C021,P004,Apple,Delhi,284.0,2026-03-29
C012,P004,Apple,Pune,207.83,2026-04-24
C007,P004,Apple,Mumbai,266.65,2026-05-07
C048,P001,Avocado,Jaipur,263.64,2026-04-22
C015,P001,Avocado,Jaipur,267.29,2026-04-14
C039,P002,Mango,Mumbai,246.8,2026-05-14
C049,P002,Mango,Pune,218.81,2026-04-16
C007,P002,Mango,Delhi,100.5,2026-02-04
C037,P004,Apple,Delhi,227.06,2026-01-07
C025,P004,Apple,Jaipur,184.48,2026-05-04
C032,P002,Mango,Pune,208.75,2026-03-17
C033,P001,Avocado,Jaipur,309.2,2026-04-16
C032,P004,Apple,Pune,256.95,2026-05-28
C050,P004,Apple,Jaipur,201.56,2026-05-01
C009,P003,Tomato,Pune,80.0,2026-03-26
C046,P002,Mango,Delhi,194.51,2026-03-18
C032,P002,Mango,Mumbai,185.43,2026-04-24
C037,P002,Mango,Pune,185.85,2026-02-21
C034,P001,Avocado,Mumbai,218.54,2026-05-07
C008,P003,Tomato,Ahmedabad,33.66,2026-05-27
C005,P002,Mango,Jaipur,197.17,2026-03-16
C007,P004,Apple,Mumbai,104.04,2026-04-03
C002,P002,Mango,Ahmedabad,97.19,2026-05-01
C001,P002,Mango,Jaipur,177.38,2026-02-15
C022,P004,Apple,Ahmedabad,105.48,2026-02-07
C023,P001,Avocado,Mumbai,220.73,2026-03-08
C004,P001,Avocado,Ahmedabad,334.77,2026-04-29
C029,P004,Apple,Mumbai,229.96,2026-05-24
C026,P002,Mango,Pune,210.41,2026-05-29
C018,P003,Tomato,Pune,93.45,2026-05-26
C025,P003,Tomato,Ahmedabad,55.39,2026-06-10
C009,P002,Mango,Mumbai,236.8,2026-03-02
C044,P004,Apple,Delhi,220.66,2026-04-30
C049,P003,Tomato,Delhi,101.34,2026-02-19
C001,P004,Apple,Mumbai,294.2,2026-01-06
C038,P004,Apple,Ahmedabad,140.89,2026-05-24
C026,P002,Mango,Delhi,197.2,2026-01-23
C004,P003,Tomato,Jaipur,43.72,2026-01-30
C024,P001,Avocado,Delhi,218.43,2026-01-24
C006,P004,Apple,Ahmedabad,140.98,2026-03-13
C049,P001,Avocado,Delhi,226.33,2026-06-17
C012,P001,Avocado,Pune,288.36,2026-06-22
C029,P004,Apple,Delhi,112.0,2026-05-15
C033,P001,Avocado,Mumbai,220.04,2026-02-04
C021,P001,Avocado,Delhi,201.64,2026-03-29
C014,P002,Mango,Jaipur,84.81,2026-06-17
C039,P001,Avocado,Delhi,313.29,2026-02-07
C024,P003,Tomato,Pune,55.98,2026-05-24
C045,P002,Mango,Mumbai,200.68,2026-01-02
C044,P001,Avocado,Ahmedabad,256.94,2026-01-09
C038,P004,Apple,Delhi,140.36,2026-04-19
C040,P002,Mango,Ahmedabad,84.57,2026-01-12
C006,P002,Mango,Delhi,222.88,2026-04-12
C013,P004,Apple,Delhi,207.0,2026-01-07
C049,P001,Avocado,Delhi,298.13,2026-01-18
C016,P004,Apple,Jaipur,227.95,2026-02-05
C042,P001,Avocado,Ahmedabad,329.09,2026-06-03
C039,P004,Apple,Mumbai,241.11,2026-06-20
C029,P004,Apple,Delhi,243.06,2026-05-21
C043,P003,Tomato,Ahmedabad,58.67,2026-06-22
C039,P003,Tomato,Jaipur,64.09,2026-02-12
C040,P003,Tomato,Ahmedabad,94.8,2026-01-30
C022,P004,Apple,Pune,236.6,2026-01-15
C038,P004,Apple,Delhi,264.04,2026-01-29
C019,P001,Avocado,Delhi,197.36,2026-03-21
C048,P001,Avocado,Pune,343.88,2026-02-21
C008,P001,Avocado,Mumbai,290.91,2026-04-12
C027,P004,Apple,Jaipur,138.65,2026-06-17
C047,P003,Tomato,Delhi,78.72,2026-04-19
C027,P002,Mango,Delhi,168.8,2026-05-09
C014,P003,Tomato,Ahmedabad,30.2,2026-02-10
C041,P001,Avocado,Pune,341.41,2026-03-12
C010,P004,Apple,Jaipur,218.31,2026-03-13
C024,P002,Mango,Delhi,244.41,2026-05-29
C049,P001,Avocado,Delhi,321.07,2026-01-16
C046,P003,Tomato,Pune,112.21,2026-03-24
C030,P003,Tomato,Mumbai,50.82,2026-01-24
C013,P002,Mango,Delhi,233.3,2026-01-13
C004,P003,Tomato,Mumbai,105.46,2026-04-11
C026,P001,Avocado,Pune,209.38,2026-03-02
C016,P002,Mango,Ahmedabad,113.62,2026-06-23
C027,P002,Mango,Mumbai,189.52,2026-01-02
C012,P003,Tomato,Ahmedabad,119.03,2026-04-30
C018,P002,Mango,Jaipur,94.29,2026-01-02
C042,P004,Apple,Jaipur,194.57,2026-05-22
C009,P001,Avocado,Delhi,324.95,2026-06-06
C047,P003,Tomato,Pune,36.18,2026-04-23
C028,P002,Mango,Delhi,139.01,2026-04-13
C043,P002,Mango,Mumbai,225.56,2026-01-28
C024,P003,Tomato,Mumbai,86.15,2026-01-09
C011,P003,Tomato,Pune,93.32,2026-06-08
C043,P003,Tomato,Jaipur,86.17,2026-03-10
C016,P001,Avocado,Mumbai,336.0,2026-04-05
C014,P002,Mango,Mumbai,153.76,2026-04-10
C008,P002,Mango,Jaipur,81.34,2026-04-12
C002,P004,Apple,Ahmedabad,286.04,2026-02-07
C026,P004,Apple,Ahmedabad,137.44,2026-01-28
C028,P004,Apple,Mumbai,247.8,2026-01-27
C042,P002,Mango,Jaipur,159.92,2026-03-03
C037,P001,Avocado,Delhi,325.09,2026-06-10
C013,P001,Avocado,Ahmedabad,231.68,2026-05-28
C001,P004,Apple,Jaipur,119.41,2026-04-03
C035,P001,Avocado,Jaipur,295.96,2026-06-02
C036,P001,Avocado,Ahmedabad,253.18,2026-02-12
C033,P002,Mango,Ahmedabad,196.34,2026-05-11
C028,P002,Mango,Delhi,177.47,2026-05-10
C032,P004,Apple,Ahmedabad,186.97,2026-03-30
C031,P002,Mango,Jaipur,232.4,2026-01-31
C037,P003,Tomato,Jaipur,60.99,2026-03-20
C036,P001,Avocado,Pune,185.98,2026-06-01
C021,P003,Tomato,Jaipur,84.12,2026-04-15
C004,P001,Avocado,Pune,210.17,2026-06-02
C019,P002,Mango,Pune,101.44,2026-04-17
C022,P003,Tomato,Mumbai,102.59,2026-05-18
C022,P002,Mango,Ahmedabad,166.69,2026-01-20
C015,P002,Mango,Ahmedabad,205.01,2026-01-25
C014,P004,Apple,Pune,140.35,2026-02-28
C023,P004,Apple,Jaipur,236.66,2026-01-18
C003,P001,Avocado,Jaipur,230.17,2026-04-02
C032,P001,Avocado,Jaipur,241.48,2026-05-07
C011,P003,Tomato,Mumbai,42.05,2026-02-20
C028,P003,Tomato,Ahmedabad,106.41,2026-04-10
C035,P002,Mango,Jaipur,192.01,2026-02-26
C033,P003,Tomato,Mumbai,45.25,2026-06-09
C020,P002,Mango,Delhi,215.79,2026-06-04
C027,P003,Tomato,Delhi,45.88,2026-05-27
C011,P003,Tomato,Delhi,43.55,2026-02-06
C026,P003,Tomato,Pune,98.92,2026-01-17
C036,P002,Mango,Delhi,203.34,2026-02-11
C028,P001,Avocado,Ahmedabad,185.92,2026-06-09
C030,P001,Avocado,Pune,252.12,2026-04-07
C014,P003,Tomato,Pune,43.59,2026-05-04
C021,P003,Tomato,Pune,62.41,2026-01-25
C029,P003,Tomato,Ahmedabad,47.21,2026-01-06
C031,P002,Mango,Ahmedabad,149.27,2026-03-29
C021,P001,Avocado,Jaipur,219.92,2026-05-31
C036,P004,Apple,Mumbai,132.49,2026-05-03
C038,P003,Tomato,Ahmedabad,80.16,2026-04-02
C001,P004,Apple,Pune,106.87,2026-04-30
C028,P001,Avocado,Delhi,307.46,2026-01-31
C050,P003,Tomato,Mumbai,49.3,2026-04-13
C025,P001,Avocado,Mumbai,170.51,2026-02-28
C027,P003,Tomato,Delhi,65.85,2026-06-10
C039,P001,Avocado,Jaipur,187.59,2026-02-02
C031,P002,Mango,Jaipur,218.48,2026-03-14
C010,P001,Avocado,Pune,326.02,2026-06-04
C043,P002,Mango,Delhi,200.59,2026-01-02
C022,P003,Tomato,Delhi,37.11,2026-06-20
C034,P002,Mango,Mumbai,159.26,2026-05-27
C009,P002,Mango,Ahmedabad,204.72,2026-01-29
C009,P004,Apple,Jaipur,156.19,2026-01-07
C023,P002,Mango,Mumbai,180.31,2026-06-04
C018,P004,Apple,Mumbai,126.66,2026-04-06
C033,P003,Tomato,Jaipur,106.31,2026-05-12
C007,P001,Avocado,Delhi,157.22,2026-02-27
C036,P002,Mango,Pune,200.41,2026-05-12
C027,P002,Mango,Delhi,210.44,2026-01-28
C003,P001,Avocado,Mumbai,294.14,2026-05-23
C043,P002,Mango,Jaipur,213.8,2026-03-12
C044,P002,Mango,Jaipur,120.25,2026-01-21
C003,P004,Apple,Delhi,196.65,2026-05-15
C014,P001,Avocado,Pune,234.22,2026-04-16
C022,P002,Mango,Delhi,101.8,2026-02-06
C006,P004,Apple,Pune,153.98,2026-05-22
C046,P002,Mango,Ahmedabad,247.9,2026-01-07
C014,P001,Avocado,Pune,346.22,2026-01-09
C017,P004,Apple,Mumbai,156.26,2026-06-07
C032,P004,Apple,Pune,288.75,2026-06-25
C003,P001,Avocado,Pune,234.16,2026-04-26
C046,P004,Apple,Jaipur,142.05,2026-03-17
C018,P003,Tomato,Mumbai,74.11,2026-03-31
C010,P004,Apple,Mumbai,111.77,2026-06-09
C042,P004,Apple,Delhi,274.71,2026-03-23
C043,P004,Apple,Pune,179.48,2026-03-07
C045,P004,Apple,Delhi,214.05,2026-01-06
C040,P003,Tomato,Delhi,113.48,2026-02-04
C009,P003,Tomato,Delhi,75.65,2026-05-08
C022,P004,Apple,Mumbai,272.19,2026-02-27
C044,P003,Tomato,Mumbai,58.35,2026-04-18
C034,P001,Avocado,Delhi,203.96,2026-02-27
C037,P001,Avocado,Pune,262.93,2026-01-17
C024,P003,Tomato,Delhi,103.67,2026-06-07
C029,P004,Apple,Jaipur,220.0,2026-02-03
C029,P002,Mango,Delhi,165.52,2026-02-12
C023,P003,Tomato,Mumbai,108.14,2026-02-15
C019,P004,Apple,Mumbai,232.42,2026-01-12
C006,P002,Mango,Pune,113.73,2026-03-01
C027,P001,Avocado,Pune,197.6,2026-06-14
C035,P001,Avocado,Delhi,334.9,2026-05-19
C030,P001,Avocado,Pune,230.59,2026-05-29
C034,P002,Mango,Jaipur,190.97,2026-05-31
C039,P004,Apple,Mumbai,200.09,2026-04-22
C003,P004,Apple,Jaipur,236.74,2026-04-09
C025,P003,Tomato,Jaipur,30.52,2026-01-05
C025,P004,Apple,Pune,205.3,2026-05-04
C028,P002,Mango,Jaipur,219.43,2026-05-12
C033,P001,Avocado,Ahmedabad,274.79,2026-05-20
C005,P003,Tomato,Mumbai,93.02,2026-05-14
C016,P003,Tomato,Delhi,74.06,2026-01-14
C029,P004,Apple,Pune,188.52,2026-01-13
C024,P003,Tomato,Ahmedabad,43.36,2026-04-03
C009,P002,Mango,Jaipur,176.64,2026-04-01
C048,P001,Avocado,Pune,156.35,2026-02-25
C003,P001,Avocado,Delhi,242.69,2026-01-23
C028,P004,Apple,Mumbai,136.68,2026-03-30
C017,P003,Tomato,Jaipur,31.21,2026-02-23
C026,P002,Mango,Delhi,145.57,2026-05-24
C020,P003,Tomato,Delhi,79.63,2026-04-01
C025,P003,Tomato,Ahmedabad,100.15,2026-04-05
C032,P003,Tomato,Mumbai,47.03,2026-06-03
C046,P004,Apple,Pune,238.16,2026-01-10
C009,P003,Tomato,Pune,60.01,2026-03-11
C027,P001,Avocado,Mumbai,257.59,2026-03-10
C021,P004,Apple,Pune,258.53,2026-02-28
C017,P004,Apple,Pune,182.06,2026-03-20
C018,P003,Tomato,Pune,95.78,2026-02-08
C008,P003,Tomato,Jaipur,88.75,2026-02-26
C023,P003,Tomato,Jaipur,78.12,2026-02-26
C006,P001,Avocado,Ahmedabad,342.12,2026-01-14
C042,P004,Apple,Delhi,115.06,2026-05-10
C012,P003,Tomato,Ahmedabad,108.09,2026-01-13
C010,P003,Tomato,Delhi,75.59,2026-02-04
C023,P004,Apple,Delhi,182.72,2026-04-19
C023,P001,Avocado,Delhi,204.48,2026-04-21
C046,P002,Mango,Ahmedabad,104.83,2026-01-21
C015,P003,Tomato,Delhi,106.48,2026-04-06
C019,P003,Tomato,Delhi,118.1,2026-01-04
C036,P003,Tomato,Ahmedabad,45.59,2026-05-23
C045,P002,Mango,Ahmedabad,235.72,2026-03-22
C011,P001,Avocado,Jaipur,212.94,2026-01-31
C042,P003,Tomato,Pune,74.82,2026-04-27
C026,P002,Mango,Mumbai,160.01,2026-05-21
C039,P004,Apple,Ahmedabad,106.05,2026-04-17
C032,P001,Avocado,Pune,346.88,2026-03-15
C035,P002,Mango,Jaipur,228.41,2026-06-01
C041,P003,Tomato,Delhi,114.98,2026-02-14
C030,P001,Avocado,Delhi,313.07,2026-02-02
C036,P003,Tomato,Ahmedabad,70.25,2026-06-26
C020,P001,Avocado,Delhi,323.69,2026-01-20
C038,P001,Avocado,Delhi,185.09,2026-05-17
C019,P003,Tomato,Ahmedabad,64.03,2026-02-18
C012,P001,Avocado,Mumbai,158.4,2026-05-10
C011,P004,Apple,Jaipur,240.06,2026-02-27
C037,P001,Avocado,Delhi,162.51,2026-06-10
C046,P003,Tomato,Pune,62.9,2026-03-01
C014,P001,Avocado,Mumbai,310.09,2026-03-22
C045,P004,Apple,Mumbai,102.17,2026-01-05
C033,P003,Tomato,Ahmedabad,58.89,2026-03-03
C049,P003,Tomato,Ahmedabad,35.57,2026-05-27
C041,P001,Avocado,Ahmedabad,212.08,2026-01-20
C050,P003,Tomato,Mumbai,34.56,2026-03-30
C037,P002,Mango,Pune,144.39,2026-06-25
C001,P003,Tomato,Mumbai,36.27,2026-03-12
C033,P001,Avocado,Mumbai,296.1,2026-03-08
C018,P002,Mango,Mumbai,107.69,2026-02-19
C006,P004,Apple,Delhi,125.64,2026-01-19
C039,P001,Avocado,Delhi,247.23,2026-05-18
C002,P003,Tomato,Jaipur,36.42,2026-06-15
C014,P002,Mango,Delhi,154.46,2026-05-30
C034,P001,Avocado,Jaipur,234.91,2026-05-06
C050,P003,Tomato,Ahmedabad,53.34,2026-06-08
C006,P002,Mango,Pune,88.75,2026-01-18
C036,P001,Avocado,Mumbai,219.02,2026-05-18
C026,P003,Tomato,Ahmedabad,86.03,2026-06-08
C026,P002,Mango,Pune,204.39,2026-04-05
C005,P004,Apple,Mumbai,106.46,2026-01-09
C017,P003,Tomato,Mumbai,54.62,2026-05-23
C042,P001,Avocado,Ahmedabad,172.54,2026-02-12
C001,P002,Mango,Mumbai,91.47,2026-03-26
C032,P001,Avocado,Pune,297.95,2026-03-28
C045,P001,Avocado,Ahmedabad,326.89,2026-03-25
C036,P001,Avocado,Ahmedabad,312.14,2026-01-21
C017,P004,Apple,Jaipur,242.64,2026-06-12
C043,P004,Apple,Jaipur,104.5,2026-02-28
C008,P002,Mango,Pune,247.36,2026-01-02
C038,P001,Avocado,Pune,216.06,2026-03-03
C009,P003,Tomato,Delhi,65.0,2026-01-12
C023,P003,Tomato,Delhi,58.97,2026-04-25
C020,P003,Tomato,Delhi,119.34,2026-03-05
C006,P003,Tomato,Mumbai,89.03,2026-06-08
C046,P004,Apple,Pune,288.04,2026-01-19
C030,P002,Mango,Ahmedabad,211.08,2026-06-01
C012,P004,Apple,Mumbai,290.3,2026-03-09
C002,P001,Avocado,Mumbai,189.29,2026-06-15
C047,P001,Avocado,Mumbai,268.51,2026-01-26
C025,P004,Apple,Delhi,282.83,2026-02-08
C005,P004,Apple,Delhi,287.36,2026-06-20
C043,P002,Mango,Jaipur,140.86,2026-05-05
C003,P003,Tomato,Delhi,79.53,2026-02-04
C007,P003,Tomato,Ahmedabad,113.74,2026-05-03
C018,P004,Apple,Delhi,126.12,2026-06-21
C031,P002,Mango,Pune,225.59,2026-03-17
C010,P003,Tomato,Ahmedabad,116.77,2026-06-17
C014,P004,Apple,Jaipur,227.16,2026-03-08
C011,P004,Apple,Jaipur,179.52,2026-04-17
C048,P004,Apple,Mumbai,253.33,2026-05-22
C025,P001,Avocado,Mumbai,310.85,2026-06-16
C003,P004,Apple,Delhi,128.24,2026-03-27
C002,P003,Tomato,Pune,34.56,2026-04-15
C006,P002,Mango,Delhi,242.98,2026-01-11
C001,P002,Mango,Jaipur,184.25,2026-04-06
C046,P001,Avocado,Pune,241.1,2026-05-10
C040,P002,Mango,Ahmedabad,167.79,2026-06-06
C042,P001,Avocado,Jaipur,201.26,2026-02-09
C008,P002,Mango,Delhi,163.58,2026-03-05
C023,P002,Mango,Pune,200.33,2026-04-22
C018,P001,Avocado,Ahmedabad,157.0,2026-05-25
C038,P001,Avocado,Mumbai,278.88,2026-04-16
C018,P004,Apple,Mumbai,176.61,2026-02-10
C047,P002,Mango,Pune,217.73,2026-01-08
C008,P003,Tomato,Delhi,31.39,2026-05-12
C024,P004,Apple,Delhi,293.66,2026-03-11
C006,P004,Apple,Mumbai,251.68,2026-05-21
C020,P002,Mango,Delhi,153.87,2026-04-29
C006,P003,Tomato,Mumbai,98.41,2026-06-29
C020,P004,Apple,Delhi,238.37,2026-05-07
C034,P002,Mango,Ahmedabad,229.49,2026-01-26
C004,P003,Tomato,Pune,69.32,2026-06-27
C038,P003,Tomato,Delhi,40.55,2026-03-15
C011,P004,Apple,Jaipur,252.99,2026-02-13
C044,P004,Apple,Ahmedabad,263.17,2026-04-17
C010,P004,Apple,Mumbai,188.01,2026-05-28
C035,P003,Tomato,Delhi,86.02,2026-05-26
C027,P001,Avocado,Pune,289.64,2026-02-23
C002,P004,Apple,Delhi,275.46,2026-05-07
C030,P004,Apple,Delhi,207.74,2026-01-27
C028,P001,Avocado,Mumbai,268.29,2026-01-19
C018,P002,Mango,Pune,105.42,2026-05-09
C004,P002,Mango,Mumbai,169.9,2026-06-04
C036,P001,Avocado,Mumbai,265.7,2026-01-09
C033,P001,Avocado,Delhi,294.58,2026-05-17
C022,P004,Apple,Mumbai,273.96,2026-03-25
C019,P004,Apple,Mumbai,134.69,2026-03-10
C009,P001,Avocado,Delhi,258.46,2026-01-08
C033,P002,Mango,Mumbai,238.71,2026-06-19
C010,P001,Avocado,Jaipur,347.09,2026-03-28
C019,P002,Mango,Pune,200.44,2026-04-30
C014,P004,Apple,Delhi,180.2,2026-03-24
C039,P001,Avocado,Mumbai,194.79,2026-06-17
C025,P004,Apple,Ahmedabad,105.34,2026-03-02
C027,P004,Apple,Jaipur,222.19,2026-01-28
C040,P004,Apple,Delhi,187.45,2026-01-06
C036,P004,Apple,Mumbai,223.45,2026-04-18
C044,P002,Mango,Mumbai,153.3,2026-02-27
C002,P001,Avocado,Pune,191.51,2026-03-07
C041,P001,Avocado,Jaipur,157.97,2026-06-15
C024,P004,Apple,Jaipur,243.86,2026-04-17
C023,P004,Apple,Jaipur,279.77,2026-05-22
C027,P001,Avocado,Delhi,302.88,2026-05-18
C049,P001,Avocado,Ahmedabad,264.8,2026-05-09
C004,P001,Avocado,Delhi,286.05,2026-05-17
C031,P004,Apple,Delhi,118.96,2026-03-31
C010,P002,Mango,Delhi,124.72,2026-04-15
C017,P002,Mango,Mumbai,163.55,2026-03-28
C019,P002,Mango,Pune,135.9,2026-04-11
C029,P001,Avocado,Delhi,331.48,2026-06-26
C004,P002,Mango,Delhi,185.62,2026-05-28
C034,P001,Avocado,Delhi,347.67,2026-05-25
C026,P002,Mango,Jaipur,221.06,2026-05-23
C032,P001,Avocado,Jaipur,213.43,2026-03-01
C012,P002,Mango,Mumbai,222.18,2026-05-28
C049,P003,Tomato,Mumbai,53.63,2026-03-18
C007,P002,Mango,Jaipur,165.75,2026-03-01
C020,P004,Apple,Jaipur,288.56,2026-01-24
C010,P003,Tomato,Pune,109.98,2026-01-20
C044,P001,Avocado,Mumbai,216.96,2026-02-18
C012,P001,Avocado,Mumbai,262.07,2026-06-12
C020,P002,Mango,Delhi,169.45,2026-01-08
C017,P004,Apple,Jaipur,150.63,2026-05-30
C018,P003,Tomato,Delhi,114.9,2026-02-19
C035,P002,Mango,Jaipur,110.91,2026-02-13
C017,P002,Mango,Delhi,233.59,2026-05-05
C049,P004,Apple,Jaipur,180.94,2026-06-06
C044,P004,Apple,Pune,247.48,2026-03-22
C015,P003,Tomato,Pune,77.31,2026-06-26
C050,P001,Avocado,Mumbai,237.23,2026-04-08
C011,P004,Apple,Mumbai,209.98,2026-06-27
C026,P003,Tomato,Mumbai,47.63,2026-01-11
C022,P003,Tomato,Ahmedabad,63.81,2026-03-07
C031,P003,Tomato,Delhi,81.06,2026-06-16
C005,P003,Tomato,Pune,53.45,2026-03-12
C012,P003,Tomato,Mumbai,40.65,2026-03-02
C021,P004,Apple,Jaipur,139.96,2026-02-12
C004,P002,Mango,Jaipur,233.37,2026-01-23
C007,P001,Avocado,Ahmedabad,259.49,2026-03-12
C005,P002,Mango,Ahmedabad,125.78,2026-06-02
C042,P003,Tomato,Mumbai,117.8,2026-01-02
C046,P004,Apple,Delhi,226.88,2026-06-18
C010,P001,Avocado,Delhi,349.49,2026-06-18
C019,P001,Avocado,Ahmedabad,197.56,2026-01-09
C013,P003,Tomato,Pune,50.06,2026-06-18
C012,P004,Apple,Pune,234.49,2026-06-09
C016,P004,Apple,Pune,219.29,2026-02-15
C003,P001,Avocado,Mumbai,260.0,2026-04-25
C031,P004,Apple,Delhi,101.28,2026-02-05
C026,P003,Tomato,Jaipur,96.57,2026-01-19
C003,P002,Mango,Mumbai,170.88,2026-01-25
C028,P003,Tomato,Delhi,105.14,2026-04-13
C046,P004,Apple,Delhi,290.15,2026-03-28
C040,P003,Tomato,Mumbai,55.04,2026-04-17
C044,P003,Tomato,Mumbai,88.5,2026-02-08
C014,P002,Mango,Delhi,93.72,2026-04-12
C037,P002,Mango,Jaipur,145.5,2026-04-05
C017,P001,Avocado,Ahmedabad,333.78,2026-03-20
C005,P002,Mango,Mumbai,135.34,2026-01-26
C021,P001,Avocado,Jaipur,260.53,2026-06-28
C010,P002,Mango,Mumbai,121.22,2026-02-07
C027,P004,Apple,Jaipur,246.93,2026-05-18
C024,P003,Tomato,Pune,103.24,2026-01-24
C014,P001,Avocado,Ahmedabad,300.87,2026-01-28
C027,P004,Apple,Pune,275.97,2026-03-08
C022,P003,Tomato,Mumbai,113.37,2026-02-02
C032,P003,Tomato,Jaipur,94.1,2026-04-08
C029,P004,Apple,Pune,203.12,2026-02-27
C028,P002,Mango,Ahmedabad,203.98,2026-04-11
C045,P003,Tomato,Pune,53.75,2026-01-24
C020,P003,Tomato,Delhi,60.91,2026-03-26
C044,P001,Avocado,Jaipur,238.2,2026-01-28
C035,P003,Tomato,Jaipur,36.59,2026-05-22
C046,P004,Apple,Delhi,266.93,2026-01-14
C031,P002,Mango,Ahmedabad,124.92,2026-02-11
C021,P002,Mango,Delhi,120.91,2026-04-26
C017,P004,Apple,Delhi,243.58,2026-04-26
C003,P002,Mango,Ahmedabad,108.82,2026-03-14
C026,P001,Avocado,Mumbai,214.75,2026-05-28
C014,P002,Mango,Pune,178.55,2026-03-05
C030,P004,Apple,Mumbai,187.06,2026-01-28
C048,P001,Avocado,Ahmedabad,251.44,2026-05-24
C019,P002,Mango,Jaipur,181.31,2026-06-11
C036,P002,Mango,Delhi,139.24,2026-06-19
C042,P001,Avocado,Mumbai,197.55,2026-05-20
C029,P003,Tomato,Pune,40.92,2026-04-19
C044,P002,Mango,Jaipur,243.95,2026-01-04
C011,P001,Avocado,Pune,264.98,2026-06-23
C050,P002,Mango,Delhi,176.79,2026-04-05
C006,P004,Apple,Pune,221.16,2026-01-17
C012,P004,Apple,Pune,287.97,2026-02-17
C022,P002,Mango,Ahmedabad,125.84,2026-05-20
C010,P003,Tomato,Mumbai,51.54,2026-03-14
C039,P003,Tomato,Jaipur,65.03,2026-06-08
C034,P002,Mango,Jaipur,148.93,2026-03-08
C021,P001,Avocado,Pune,273.84,2026-04-07
C040,P004,Apple,Mumbai,112.8,2026-01-02
C011,P003,Tomato,Jaipur,56.82,2026-02-24
C008,P002,Mango,Mumbai,214.79,2026-06-08
C039,P002,Mango,Ahmedabad,152.54,2026-03-10
C016,P003,Tomato,Jaipur,88.27,2026-05-22
C041,P002,Mango,Pune,91.86,2026-03-23
C036,P004,Apple,Delhi,244.94,2026-01-31
C047,P002,Mango,Delhi,113.54,2026-01-05
C040,P003,Tomato,Delhi,116.12,2026-01-18
C016,P002,Mango,Pune,238.55,2026-02-24
C045,P001,Avocado,Jaipur,285.83,2026-04-08
C029,P002,Mango,Jaipur,187.76,2026-05-16
C030,P004,Apple,Ahmedabad,118.5,2026-05-20
C009,P003,Tomato,Ahmedabad,70.15,2026-04-20
C048,P003,Tomato,Jaipur,97.57,2026-01-28
C012,P004,Apple,Ahmedabad,165.32,2026-02-19
C013,P002,Mango,Mumbai,131.75,2026-04-04
C037,P003,Tomato,Delhi,74.86,2026-06-20
C012,P002,Mango,Mumbai,88.62,2026-02-27
C042,P002,Mango,Jaipur,113.54,2026-05-22
C006,P004,Apple,Jaipur,141.97,2026-02-15
C025,P003,Tomato,Ahmedabad,113.96,2026-04-01
C049,P004,Apple,Ahmedabad,251.66,2026-05-27
C044,P002,Mango,Mumbai,221.63,2026-06-25
C029,P003,Tomato,Delhi,73.71,2026-05-19
C040,P001,Avocado,Mumbai,302.81,2026-02-04
C003,P001,Avocado,Pune,309.05,2026-06-10
C011,P004,Apple,Jaipur,172.36,2026-04-25
C020,P001,Avocado,Pune,281.11,2026-06-08
C040,P004,Apple,Ahmedabad,203.61,2026-05-05
C035,P004,Apple,Mumbai,255.21,2026-03-21
C017,P001,Avocado,Mumbai,215.66,2026-06-07
C033,P002,Mango,Pune,175.49,2026-04-19
C037,P001,Avocado,Ahmedabad,222.57,2026-03-31
C049,P004,Apple,Pune,115.5,2026-03-20
C027,P002,Mango,Pune,210.26,2026-02-02
C044,P001,Avocado,Ahmedabad,287.99,2026-06-07
C040,P001,Avocado,Mumbai,219.21,2026-03-18
C002,P001,Avocado,Delhi,338.4,2026-01-05
C025,P001,Avocado,Ahmedabad,336.77,2026-03-11
C039,P001,Avocado,Jaipur,253.92,2026-03-24
C038,P002,Mango,Ahmedabad,178.17,2026-05-26
C011,P003,Tomato,Jaipur,85.23,2026-05-11
C002,P004,Apple,Delhi,119.87,2026-04-30
C050,P001,Avocado,Pune,218.42,2026-02-12
C015,P003,Tomato,Delhi,111.63,2026-02-02
C020,P002,Mango,Ahmedabad,109.6,2026-04-16
C025,P004,Apple,Pune,128.49,2026-02-25
C033,P003,Tomato,Ahmedabad,71.97,2026-02-09
C012,P004,Apple,Pune,282.87,2026-06-30
C040,P002,Mango,Pune,134.03,2026-02-02
C049,P001,Avocado,Jaipur,155.0,2026-03-11
C047,P002,Mango,Delhi,187.97,2026-05-06
C050,P004,Apple,Pune,117.18,2026-05-14
C047,P001,Avocado,Pune,241.06,2026-04-09
C007,P004,Apple,Ahmedabad,154.66,2026-04-26
C018,P002,Mango,Ahmedabad,86.56,2026-04-06
C040,P003,Tomato,Jaipur,51.36,2026-05-27
C010,P003,Tomato,Delhi,108.61,2026-05-12
C026,P004,Apple,Ahmedabad,115.45,2026-02-16
C045,P003,Tomato,Jaipur,48.16,2026-03-03
C011,P003,Tomato,Ahmedabad,45.77,2026-03-25
C021,P001,Avocado,Pune,276.66,2026-02-14
C049,P003,Tomato,Jaipur,62.1,2026-03-25
C032,P003,Tomato,Ahmedabad,58.71,2026-04-06
C040,P001,Avocado,Mumbai,282.64,2026-01-10
C004,P001,Avocado,Ahmedabad,307.96,2026-04-18
C010,P001,Avocado,Mumbai,209.39,2026-01-25
C029,P003,Tomato,Pune,113.39,2026-04-05
C002,P001,Avocado,Delhi,278.89,2026-02-07
C001,P002,Mango,Mumbai,116.61,2026-01-31
C047,P002,Mango,Jaipur,134.37,2026-02-20
C049,P003,Tomato,Ahmedabad,53.56,2026-05-14
C032,P004,Apple,Jaipur,131.94,2026-04-25
C038,P002,Mango,Delhi,158.39,2026-05-04
C020,P001,Avocado,Delhi,280.01,2026-05-01
C008,P004,Apple,Jaipur,213.22,2026-05-07
C035,P004,Apple,Pune,123.0,2026-04-02
C003,P002,Mango,Jaipur,241.38,2026-04-01
C019,P004,Apple,Ahmedabad,232.19,2026-04-27
C049,P004,Apple,Mumbai,114.5,2026-02-03
C018,P001,Avocado,Jaipur,257.01,2026-05-14
C007,P001,Avocado,Mumbai,321.59,2026-06-11
C002,P003,Tomato,Pune,31.2,2026-03-17
C016,P002,Mango,Mumbai,135.94,2026-03-10
C034,P003,Tomato,Jaipur,73.07,2026-03-23
C018,P003,Tomato,Delhi,77.6,2026-01-20
C012,P001,Avocado,Jaipur,333.75,2026-04-06
C013,P003,Tomato,Ahmedabad,80.97,2026-04-13
C015,P001,Avocado,Jaipur,273.82,2026-06-07
C001,P001,Avocado,Mumbai,348.93,2026-03-28
C005,P002,Mango,Mumbai,123.33,2026-04-08
C049,P001,Avocado,Pune,164.05,2026-04-26
C042,P001,Avocado,Ahmedabad,270.02,2026-02-21
C022,P004,Apple,Delhi,229.07,2026-01-12
C007,P004,Apple,Mumbai,191.94,2026-02-10
C041,P001,Avocado,Mumbai,165.28,2026-02-24
C009,P002,Mango,Ahmedabad,85.33,2026-01-11
C043,P004,Apple,Ahmedabad,113.57,2026-05-11
C016,P003,Tomato,Jaipur,78.46,2026-02-08
C020,P004,Apple,Ahmedabad,222.09,2026-03-30
C013,P004,Apple,Pune,275.16,2026-03-17
C005,P003,Tomato,Mumbai,46.63,2026-03-14
C048,P004,Apple,Delhi,223.31,2026-02-04
C006,P003,Tomato,Ahmedabad,50.62,2026-06-23
C010,P004,Apple,Mumbai,154.56,2026-06-01
C031,P004,Apple,Ahmedabad,253.24,2026-05-08
C023,P003,Tomato,Ahmedabad,109.69,2026-04-10
C030,P001,Avocado,Ahmedabad,231.27,2026-02-26
C046,P002,Mango,Delhi,229.31,2026-06-12
C021,P003,Tomato,Ahmedabad,62.15,2026-02-03
C015,P003,Tomato,Ahmedabad,61.27,2026-05-12
C014,P003,Tomato,Pune,48.4,2026-01-30
C045,P001,Avocado,Jaipur,279.51,2026-06-15
C032,P002,Mango,Delhi,125.35,2026-01-15
C004,P002,Mango,Jaipur,82.12,2026-02-04
C015,P002,Mango,Jaipur,135.39,2026-06-21
C035,P002,Mango,Ahmedabad,237.43,2026-05-01
C041,P003,Tomato,Pune,50.72,2026-01-02
C031,P001,Avocado,Ahmedabad,243.68,2026-05-10
C033,P002,Mango,Ahmedabad,143.22,2026-03-25
C027,P004,Apple,Mumbai,154.39,2026-02-02
C033,P001,Avocado,Ahmedabad,342.08,2026-02-16
C035,P001,Avocado,Pune,200.95,2026-04-04
C005,P004,Apple,Pune,256.15,2026-03-05
C046,P002,Mango,Ahmedabad,172.66,2026-03-15
C050,P001,Avocado,Jaipur,179.2,2026-05-22
C020,P001,Avocado,Mumbai,283.32,2026-06-04
C019,P003,Tomato,Pune,72.15,2026-05-20
C039,P004,Apple,Delhi,281.45,2026-05-13
C006,P001,Avocado,Jaipur,237.88,2026-01-14
C005,P004,Apple,Jaipur,130.86,2026-06-01
C041,P004,Apple,Jaipur,299.83,2026-01-22
C006,P002,Mango,Delhi,127.51,2026-06-20
C038,P003,Tomato,Jaipur,37.86,2026-01-13
C050,P002,Mango,Jaipur,179.71,2026-04-28
C002,P001,Avocado,Jaipur,227.48,2026-02-20
C026,P002,Mango,Mumbai,202.59,2026-05-18
C026,P004,Apple,Mumbai,283.67,2026-05-11
C047,P002,Mango,Jaipur,98.53,2026-01-11
C009,P002,Mango,Jaipur,85.33,2026-01-29
C042,P003,Tomato,Delhi,30.75,2026-02-22
C046,P003,Tomato,Delhi,56.83,2026-03-17
C033,P001,Avocado,Ahmedabad,151.29,2026-03-30
C038,P004,Apple,Pune,170.45,2026-03-04
C011,P002,Mango,Mumbai,203.23,2026-01-01
C026,P002,Mango,Jaipur,194.09,2026-06-08
C003,P003,Tomato,Jaipur,56.36,2026-02-12
C008,P003,Tomato,Ahmedabad,59.51,2026-01-01
C010,P001,Avocado,Delhi,310.88,2026-04-09
C001,P003,Tomato,Mumbai,118.08,2026-05-23
C032,P004,Apple,Pune,168.06,2026-04-08
C013,P003,Tomato,Ahmedabad,87.92,2026-06-02
C014,P003,Tomato,Delhi,85.17,2026-01-13
C032,P002,Mango,Mumbai,180.85,2026-04-23
C006,P001,Avocado,Delhi,251.37,2026-01-21
C038,P001,Avocado,Ahmedabad,291.25,2026-04-09
C008,P002,Mango,Jaipur,91.52,2026-02-23
C035,P002,Mango,Mumbai,148.45,2026-02-25
C040,P003,Tomato,Pune,32.39,2026-01-26
C025,P001,Avocado,Pune,254.08,2026-01-31
C032,P002,Mango,Mumbai,154.12,2026-03-08
C035,P002,Mango,Pune,159.42,2026-04-04
C036,P003,Tomato,Mumbai,37.15,2026-03-28
C034,P003,Tomato,Pune,35.85,2026-01-17
C005,P001,Avocado,Pune,306.78,2026-03-06
C012,P002,Mango,Mumbai,95.9,2026-01-16
C049,P002,Mango,Delhi,84.16,2026-04-06
C025,P001,Avocado,Pune,336.93,2026-05-14
C002,P003,Tomato,Mumbai,101.75,2026-05-29
C009,P002,Mango,Delhi,173.78,2026-01-30
C016,P001,Avocado,Delhi,192.2,2026-03-04
C033,P001,Avocado,Delhi,342.98,2026-03-01
C009,P002,Mango,Mumbai,149.5,2026-06-25
C034,P001,Avocado,Delhi,288.43,2026-02-10
C023,P002,Mango,Delhi,127.6,2026-01-12
C041,P003,Tomato,Jaipur,114.8,2026-01-17
C021,P001,Avocado,Pune,258.41,2026-05-06
C006,P004,Apple,Pune,206.7,2026-05-02
C029,P002,Mango,Ahmedabad,229.37,2026-02-17
C016,P004,Apple,Mumbai,211.95,2026-04-08
C021,P004,Apple,Delhi,210.34,2026-01-16
C005,P002,Mango,Pune,139.18,2026-04-21
C016,P002,Mango,Mumbai,92.3,2026-06-28
C041,P003,Tomato,Pune,55.42,2026-05-05
C010,P004,Apple,Ahmedabad,154.69,2026-01-03
C020,P004,Apple,Pune,224.41,2026-03-23
C043,P003,Tomato,Delhi,71.98,2026-01-16
C007,P003,Tomato,Ahmedabad,77.54,2026-05-16
C013,P002,Mango,Delhi,120.42,2026-02-17
C017,P003,Tomato,Pune,38.81,2026-02-25
C044,P001,Avocado,Pune,241.13,2026-06-10
C042,P004,Apple,Pune,114.13,2026-04-28
C023,P003,Tomato,Jaipur,75.64,2026-01-29
C015,P001,Avocado,Delhi,162.56,2026-04-12
C050,P001,Avocado,Mumbai,330.98,2026-03-30
C016,P004,Apple,Ahmedabad,250.58,2026-06-01
C013,P002,Mango,Mumbai,126.52,2026-02-14
C048,P004,Apple,Pune,159.15,2026-04-03
C009,P001,Avocado,Ahmedabad,328.88,2026-05-14
C010,P002,Mango,Jaipur,115.7,2026-04-13
C036,P004,Apple,Pune,176.6,2026-02-01
C038,P003,Tomato,Delhi,98.55,2026-02-14
C018,P001,Avocado,Pune,247.43,2026-05-15
C004,P001,Avocado,Pune,154.95,2026-02-19
C036,P002,Mango,Jaipur,165.4,2026-01-12
C001,P002,Mango,Jaipur,164.93,2026-03-15
C021,P004,Apple,Pune,166.22,2026-05-23
C015,P003,Tomato,Ahmedabad,71.54,2026-04-17
C050,P002,Mango,Mumbai,142.45,2026-05-09
C043,P002,Mango,Ahmedabad,233.3,2026-05-11
C031,P002,Mango,Ahmedabad,87.74,2026-01-29
C032,P004,Apple,Ahmedabad,263.54,2026-01-18
C030,P002,Mango,Ahmedabad,81.92,2026-04-22
C045,P001,Avocado,Ahmedabad,298.56,2026-06-27
C010,P001,Avocado,Pune,216.0,2026-01-21
C031,P002,Mango,Mumbai,236.27,2026-06-30
C014,P003,Tomato,Jaipur,97.95,2026-01-20
C044,P003,Tomato,Ahmedabad,50.73,2026-04-04
C015,P002,Mango,Pune,180.1,2026-05-03
C042,P001,Avocado,Delhi,328.05,2026-01-28
C001,P001,Avocado,Mumbai,221.01,2026-05-25
C049,P001,Avocado,Pune,204.92,2026-06-04
C012,P004,Apple,Delhi,278.25,2026-04-13
C008,P003,Tomato,Ahmedabad,82.99,2026-04-28
C035,P002,Mango,Mumbai,116.01,2026-04-05
C028,P003,Tomato,Jaipur,87.19,2026-05-13
C043,P002,Mango,Ahmedabad,94.84,2026-04-11
C037,P003,Tomato,Ahmedabad,63.37,2026-05-08
C004,P004,Apple,Ahmedabad,210.04,2026-04-30
C032,P002,Mango,Delhi,141.82,2026-05-05
C033,P004,Apple,Mumbai,248.51,2026-02-22
C010,P003,Tomato,Jaipur,107.36,2026-03-31
C020,P004,Apple,Jaipur,194.96,2026-05-29
C030,P002,Mango,Ahmedabad,100.48,2026-02-24
C019,P004,Apple,Pune,197.03,2026-06-04
C004,P003,Tomato,Mumbai,76.9,2026-01-05
C017,P001,Avocado,Jaipur,174.71,2026-01-11
C021,P002,Mango,Mumbai,109.4,2026-06-15
C035,P003,Tomato,Pune,78.52,2026-03-22
C021,P002,Mango,Pune,100.35,2026-03-07
C028,P004,Apple,Delhi,114.4,2026-04-10
C009,P001,Avocado,Delhi,251.57,2026-02-12
C050,P003,Tomato,Pune,115.49,2026-05-04
C029,P004,Apple,Jaipur,112.91,2026-05-21
C025,P001,Avocado,Pune,214.5,2026-02-22
C031,P001,Avocado,Mumbai,159.5,2026-04-04
C029,P003,Tomato,Delhi,89.14,2026-06-03
C003,P002,Mango,Delhi,235.86,2026-05-05
C006,P001,Avocado,Jaipur,216.8,2026-01-19
C047,P004,Apple,Ahmedabad,138.77,2026-02-25
C004,P001,Avocado,Pune,322.77,2026-02-10
C030,P001,Avocado,Delhi,164.62,2026-03-12
C017,P002,Mango,Jaipur,124.23,2026-03-12
C024,P004,Apple,Mumbai,246.23,2026-03-19
C027,P004,Apple,Mumbai,238.79,2026-04-16
C001,P004,Apple,Jaipur,177.92,2026-04-11
C044,P001,Avocado,Pune,228.17,2026-03-09
C028,P003,Tomato,Pune,93.81,2026-03-29
C049,P002,Mango,Pune,246.26,2026-06-21
C010,P004,Apple,Delhi,251.24,2026-06-27
C033,P003,Tomato,Ahmedabad,111.75,2026-03-31
C047,P003,Tomato,Delhi,64.58,2026-04-27
C004,P004,Apple,Pune,258.86,2026-04-24
C015,P002,Mango,Ahmedabad,81.41,2026-01-05
C011,P002,Mango,Ahmedabad,171.71,2026-05-12
C034,P002,Mango,Pune,101.72,2026-05-04
C049,P001,Avocado,Ahmedabad,349.94,2026-05-01
C043,P001,Avocado,Mumbai,347.85,2026-04-20
C027,P003,Tomato,Mumbai,88.03,2026-01-15
C013,P003,Tomato,Mumbai,60.46,2026-04-01
C025,P001,Avocado,Mumbai,312.37,2026-01-25
C020,P004,Apple,Ahmedabad,271.06,2026-01-16
C035,P002,Mango,Ahmedabad,114.53,2026-02-14
C029,P004,Apple,Jaipur,172.92,2026-05-16
C005,P002,Mango,Pune,237.4,2026-03-20
C033,P004,Apple,Mumbai,298.03,2026-06-30
C003,P003,Tomato,Jaipur,51.44,2026-03-05
C032,P004,Apple,Delhi,176.14,2026-03-30
C048,P001,Avocado,Ahmedabad,343.6,2026-02-27
C011,P001,Avocado,Mumbai,164.53,2026-06-21
C007,P001,Avocado,Ahmedabad,174.9,2026-04-01
C011,P002,Mango,Pune,99.93,2026-02-05
C035,P002,Mango,Ahmedabad,128.36,2026-06-26
C011,P002,Mango,Pune,244.1,2026-06-17
C014,P002,Mango,Delhi,240.67,2026-01-17
C006,P003,Tomato,Pune,98.25,2026-03-03
C002,P002,Mango,Ahmedabad,173.9,2026-01-04
C042,P003,Tomato,Ahmedabad,84.17,2026-01-10
C040,P004,Apple,Pune,257.62,2026-05-01
C045,P004,Apple,Mumbai,175.22,2026-03-08
C044,P002,Mango,Jaipur,156.1,2026-01-20
C036,P001,Avocado,Delhi,164.1,2026-04-12
C033,P004,Apple,Ahmedabad,185.84,2026-02-26
C005,P001,Avocado,Delhi,162.92,2026-03-08
C048,P002,Mango,Pune,125.41,2026-01-24
C041,P001,Avocado,Jaipur,234.23,2026-02-21
C028,P004,Apple,Pune,200.5,2026-02-27
C044,P003,Tomato,Mumbai,81.23,2026-05-18
C045,P002,Mango,Jaipur,215.99,2026-03-30
C045,P003,Tomato,Delhi,75.06,2026-06-28
C022,P003,Tomato,Ahmedabad,84.27,2026-04-09
C046,P003,Tomato,Mumbai,32.59,2026-04-20
C041,P004,Apple,Jaipur,193.01,2026-01-24
C031,P002,Mango,Ahmedabad,122.27,2026-03-24
C015,P003,Tomato,Delhi,117.85,2026-01-20
C005,P003,Tomato,Pune,92.87,2026-01-08
C005,P004,Apple,Pune,219.96,2026-02-14
C035,P002,Mango,Jaipur,229.89,2026-04-22
C011,P003,Tomato,Delhi,62.34,2026-01-19
C020,P002,Mango,Mumbai,174.55,2026-02-13
C002,P004,Apple,Ahmedabad,178.05,2026-04-28
C006,P004,Apple,Ahmedabad,249.45,2026-03-13
C015,P003,Tomato,Jaipur,65.6,2026-06-06
C022,P003,Tomato,Jaipur,33.7,2026-06-23
C029,P003,Tomato,Delhi,57.46,2026-01-23
C001,P002,Mango,Jaipur,165.26,2026-05-25
C017,P001,Avocado,Mumbai,318.86,2026-06-15
C050,P003,Tomato,Ahmedabad,103.78,2026-01-25
C002,P003,Tomato,Jaipur,77.25,2026-04-24
C033,P004,Apple,Ahmedabad,100.24,2026-03-20
C050,P002,Mango,Jaipur,168.66,2026-04-20
C037,P004,Apple,Delhi,137.69,2026-04-13
C045,P002,Mango,Jaipur,212.17,2026-02-25
C010,P003,Tomato,Pune,34.7,2026-01-28
C022,P003,Tomato,Ahmedabad,85.29,2026-01-09
C001,P001,Avocado,Ahmedabad,282.96,2026-01-10
C047,P002,Mango,Jaipur,117.82,2026-06-13
C039,P003,Tomato,Jaipur,67.11,2026-03-25
C012,P001,Avocado,Jaipur,278.49,2026-06-09
C024,P004,Apple,Ahmedabad,262.92,2026-01-12
C023,P001,Avocado,Pune,183.56,2026-03-10
C003,P001,Avocado,Mumbai,190.19,2026-01-03
C034,P001,Avocado,Pune,172.58,2026-04-12
C009,P003,Tomato,Ahmedabad,90.44,2026-03-08
C032,P001,Avocado,Pune,335.89,2026-03-13
C028,P002,Mango,Jaipur,181.17,2026-05-20
C019,P001,Avocado,Delhi,326.69,2026-06-03
C043,P004,Apple,Mumbai,286.9,2026-03-10
C034,P001,Avocado,Ahmedabad,174.42,2026-01-18
C041,P001,Avocado,Pune,349.28,2026-04-01
C013,P002,Mango,Ahmedabad,199.23,2026-01-27
C007,P003,Tomato,Jaipur,118.92,2026-03-25
C026,P002,Mango,Ahmedabad,94.05,2026-06-28
C045,P001,Avocado,Mumbai,286.27,2026-05-29
C009,P003,Tomato,Ahmedabad,43.93,2026-03-14
C025,P003,Tomato,Pune,35.89,2026-02-17
C009,P003,Tomato,Ahmedabad,67.3,2026-02-24
C039,P001,Avocado,Mumbai,289.44,2026-02-08
C015,P001,Avocado,Delhi,229.09,2026-03-29
C030,P004,Apple,Pune,271.01,2026-06-28
C013,P003,Tomato,Jaipur,113.66,2026-02-07
C045,P001,Avocado,Jaipur,321.55,2026-06-17
C014,P004,Apple,Ahmedabad,133.68,2026-01-04
C021,P004,Apple,Jaipur,159.92,2026-01-11
C028,P004,Apple,Mumbai,125.38,2026-03-30
C041,P004,Apple,Pune,191.8,2026-06-02
C016,P004,Apple,Pune,123.57,2026-01-28
C004,P003,Tomato,Pune,107.44,2026-02-19
C015,P001,Avocado,Jaipur,249.9,2026-01-23
C008,P001,Avocado,Ahmedabad,311.96,2026-05-15
C029,P002,Mango,Jaipur,159.06,2026-05-09
C048,P002,Mango,Delhi,171.55,2026-03-03
C008,P002,Mango,Delhi,179.58,2026-04-30
C002,P003,Tomato,Pune,78.62,2026-05-07
C046,P004,Apple,Jaipur,240.42,2026-06-01
C030,P001,Avocado,Delhi,344.53,2026-01-24
C018,P001,Avocado,Delhi,180.14,2026-05-26
C046,P002,Mango,Jaipur,203.87,2026-01-30
C015,P004,Apple,Pune,276.74,2026-03-17
C022,P002,Mango,Ahmedabad,125.61,2026-06-02
C001,P003,Tomato,Jaipur,44.31,2026-03-07
C048,P002,Mango,Delhi,85.09,2026-03-21
C023,P002,Mango,Ahmedabad,91.66,2026-03-19
C010,P003,Tomato,Jaipur,71.52,2026-04-16
C034,P002,Mango,Pune,141.17,2026-03-06
C022,P003,Tomato,Ahmedabad,62.89,2026-02-13
C022,P002,Mango,Jaipur,151.25,2026-06-21
C016,P003,Tomato,Mumbai,52.72,2026-02-06
C039,P002,Mango,Pune,193.24,2026-03-29
C037,P002,Mango,Mumbai,193.71,2026-04-27
C029,P003,Tomato,Jaipur,114.75,2026-04-11
C009,P004,Apple,Mumbai,172.04,2026-06-30
C006,P001,Avocado,Delhi,301.27,2026-05-09
C010,P004,Apple,Pune,166.79,2026-02-11
C049,P001,Avocado,Ahmedabad,197.84,2026-03-12
C010,P004,Apple,Jaipur,194.07,2026-02-14
C049,P003,Tomato,Delhi,76.98,2026-05-17
C044,P004,Apple,Pune,272.25,2026-04-01
C031,P001,Avocado,Jaipur,201.77,2026-03-03
C025,P004,Apple,Delhi,204.17,2026-06-06
C045,P004,Apple,Ahmedabad,211.2,2026-06-02
C024,P003,Tomato,Delhi,51.73,2026-03-30
C016,P004,Apple,Ahmedabad,233.57,2026-01-14
C033,P003,Tomato,Pune,64.46,2026-04-08
C001,P001,Avocado,Jaipur,162.14,2026-04-25
C026,P003,Tomato,Mumbai,39.5,2026-04-24
C039,P002,Mango,Jaipur,90.35,2026-05-16
C048,P004,Apple,Mumbai,148.35,2026-04-18
C043,P002,Mango,Mumbai,140.69,2026-02-19
C003,P004,Apple,Jaipur,227.35,2026-01-06
C036,P004,Apple,Delhi,182.74,2026-06-12
C026,P002,Mango,Ahmedabad,95.52,2026-01-21
C016,P003,Tomato,Ahmedabad,90.44,2026-03-15
C048,P002,Mango,Ahmedabad,117.75,2026-04-06
C038,P004,Apple,Ahmedabad,166.69,2026-05-15
C008,P001,Avocado,Jaipur,272.99,2026-05-15
C011,P003,Tomato,Ahmedabad,82.65,2026-03-01
C049,P004,Apple,Delhi,248.18,2026-03-08
C009,P003,Tomato,Delhi,52.06,2026-04-06
C002,P004,Apple,Ahmedabad,128.89,2026-03-23
C047,P001,Avocado,Ahmedabad,342.03,2026-03-06
C047,P003,Tomato,Ahmedabad,114.42,2026-02-08
C013,P003,Tomato,Mumbai,95.07,2026-04-23
C032,P004,Apple,Delhi,139.06,2026-05-04
C033,P003,Tomato,Ahmedabad,111.97,2026-04-02
C010,P004,Apple,Delhi,202.76,2026-03-03
C006,P003,Tomato,Jaipur,64.75,2026-06-23
C024,P004,Apple,Delhi,218.31,2026-03-04
C028,P001,Avocado,Ahmedabad,197.59,2026-05-10
C034,P003,Tomato,Pune,48.55,2026-06-09
C024,P004,Apple,Ahmedabad,193.22,2026-06-04
C013,P003,Tomato,Delhi,67.78,2026-02-11
C049,P001,Avocado,Pune,291.22,2026-06-30
C010,P004,Apple,Ahmedabad,209.03,2026-03-07
C036,P003,Tomato,Pune,41.51,2026-05-13
C048,P003,Tomato,Ahmedabad,42.63,2026-04-10
C003,P001,Avocado,Mumbai,191.26,2026-04-08
C039,P001,Avocado,Jaipur,163.35,2026-06-09
C006,P002,Mango,Jaipur,157.97,2026-02-12
C011,P001,Avocado,Jaipur,335.71,2026-04-23
C009,P002,Mango,Delhi,180.53,2026-02-21
C025,P004,Apple,Mumbai,217.84,2026-03-13
C008,P002,Mango,Delhi,114.5,2026-06-13
C001,P002,Mango,Delhi,233.25,2026-02-22
C047,P001,Avocado,Pune,216.43,2026-03-11
C037,P002,Mango,Ahmedabad,237.64,2026-02-16
C046,P001,Avocado,Delhi,291.89,2026-03-22
C049,P002,Mango,Pune,178.5,2026-05-08
C019,P003,Tomato,Delhi,116.38,2026-06-07
C001,P002,Mango,Pune,143.6,2026-03-14
C040,P001,Avocado,Mumbai,330.67,2026-01-23
C049,P003,Tomato,Ahmedabad,82.05,2026-03-02
C014,P004,Apple,Pune,162.77,2026-01-09
C014,P002,Mango,Ahmedabad,155.93,2026-04-13
C004,P001,Avocado,Jaipur,340.74,2026-06-05
C002,P001,Avocado,Ahmedabad,322.21,2026-04-25
C050,P004,Apple,Ahmedabad,274.99,2026-06-20
C006,P002,Mango,Jaipur,222.43,2026-03-17
C044,P002,Mango,Pune,149.93,2026-03-20
C022,P001,Avocado,Delhi,337.86,2026-03-24
C035,P003,Tomato,Ahmedabad,46.3,2026-04-20
C046,P004,Apple,Pune,205.48,2026-06-04
C020,P004,Apple,Ahmedabad,208.53,2026-03-12
C020,P004,Apple,Pune,110.78,2026-06-18
C040,P001,Avocado,Ahmedabad,187.09,2026-06-12
C007,P002,Mango,Ahmedabad,220.3,2026-02-19
C018,P001,Avocado,Pune,246.49,2026-03-15
C005,P001,Avocado,Pune,219.94,2026-01-02
C036,P004,Apple,Ahmedabad,194.03,2026-01-23
C017,P004,Apple,Delhi,200.59,2026-05-05
C036,P002,Mango,Delhi,87.29,2026-01-25
C002,P002,Mango,Ahmedabad,95.24,2026-04-23
C044,P001,Avocado,Pune,313.32,2026-05-15
C023,P004,Apple,Mumbai,233.35,2026-04-28
C022,P001,Avocado,Pune,267.9,2026-02-02
C024,P004,Apple,Pune,115.38,2026-01-22
C023,P001,Avocado,Pune,335.61,2026-03-03
C034,P002,Mango,Mumbai,197.46,2026-04-03
C045,P004,Apple,Delhi,189.78,2026-04-21
C035,P003,Tomato,Pune,111.42,2026-03-30
C015,P004,Apple,Jaipur,122.74,2026-05-27
C007,P003,Tomato,Jaipur,113.89,2026-04-08
C032,P002,Mango,Jaipur,145.81,2026-03-15
C022,P004,Apple,Mumbai,184.45,2026-06-23
C035,P003,Tomato,Mumbai,64.69,2026-01-19
C041,P004,Apple,Pune,245.28,2026-01-23
C039,P001,Avocado,Mumbai,324.89,2026-02-22
C031,P003,Tomato,Mumbai,34.59,2026-06-03
C017,P001,Avocado,Mumbai,181.18,2026-02-14
C041,P003,Tomato,Delhi,64.83,2026-02-06
C038,P001,Avocado,Delhi,184.67,2026-01-09
C021,P004,Apple,Mumbai,223.37,2026-06-22
C027,P004,Apple,Jaipur,208.6,2026-03-17
C004,P002,Mango,Jaipur,170.59,2026-04-01
C003,P001,Avocado,Delhi,157.25,2026-06-15
C008,P003,Tomato,Pune,42.54,2026-06-15
C024,P002,Mango,Delhi,128.84,2026-01-05
C040,P003,Tomato,Delhi,40.9,2026-05-12
C002,P001,Avocado,Delhi,214.73,2026-06-25
C034,P002,Mango,Ahmedabad,87.91,2026-06-14
C050,P003,Tomato,Ahmedabad,38.98,2026-01-18
C023,P002,Mango,Pune,211.89,2026-01-06
C046,P003,Tomato,Delhi,94.56,2026-03-16
C050,P003,Tomato,Mumbai,58.99,2026-05-09
C007,P002,Mango,Ahmedabad,193.04,2026-06-09
C008,P002,Mango,Pune,140.98,2026-02-24
C011,P004,Apple,Jaipur,111.12,2026-01-19
C006,P002,Mango,Jaipur,135.84,2026-06-22
C038,P001,Avocado,Pune,321.19,2026-06-15
C039,P003,Tomato,Ahmedabad,56.57,2026-02-06
C047,P004,Apple,Pune,108.28,2026-03-22
C005,P003,Tomato,Ahmedabad,91.81,2026-06-15
C028,P003,Tomato,Mumbai,71.61,2026-01-05
C046,P004,Apple,Delhi,162.85,2026-05-17
C012,P001,Avocado,Mumbai,281.1,2026-05-30
C031,P003,Tomato,Delhi,80.36,2026-03-06
C044,P002,Mango,Jaipur,159.21,2026-04-07
C027,P002,Mango,Jaipur,121.22,2026-06-25
C023,P003,Tomato,Mumbai,41.43,2026-04-16
C022,P002,Mango,Mumbai,120.67,2026-04-08
C019,P001,Avocado,Pune,230.13,2026-02-24
C018,P002,Mango,Pune,182.19,2026-05-17
C007,P001,Avocado,Pune,339.03,2026-06-13
C032,P002,Mango,Pune,95.92,2026-04-04
C017,P003,Tomato,Delhi,114.03,2026-03-20
C031,P003,Tomato,Delhi,58.95,2026-06-27
C044,P002,Mango,Ahmedabad,229.55,2026-01-04
C043,P001,Avocado,Delhi,189.33,2026-04-12
C004,P004,Apple,Ahmedabad,133.31,2026-04-11
C035,P002,Mango,Delhi,84.05,2026-04-12
C049,P004,Apple,Mumbai,137.13,2026-06-20
C035,P001,Avocado,Mumbai,208.35,2026-04-15
C011,P003,Tomato,Jaipur,87.73,2026-06-09
C003,P003,Tomato,Pune,76.48,2026-03-08
C012,P003,Tomato,Ahmedabad,45.15,2026-01-02
C028,P004,Apple,Jaipur,236.08,2026-02-20
C013,P001,Avocado,Jaipur,298.36,2026-02-23
C003,P004,Apple,Jaipur,287.69,2026-05-11
C005,P002,Mango,Delhi,97.65,2026-05-31
C047,P004,Apple,Delhi,233.68,2026-05-10
C005,P004,Apple,Mumbai,165.67,2026-02-24
C008,P002,Mango,Jaipur,131.44,2026-06-29
C010,P001,Avocado,Ahmedabad,225.3,2026-05-12
C050,P004,Apple,Ahmedabad,132.61,2026-02-15
C019,P003,Tomato,Ahmedabad,96.16,2026-03-30
C020,P004,Apple,Jaipur,101.24,2026-03-06
C002,P003,Tomato,Mumbai,34.29,2026-06-29
C006,P004,Apple,Pune,256.46,2026-06-08
C011,P002,Mango,Mumbai,90.89,2026-02-17
C008,P002,Mango,Delhi,132.62,2026-03-04
C025,P001,Avocado,Jaipur,234.94,2026-04-02
C039,P003,Tomato,Ahmedabad,78.58,2026-04-23
C014,P004,Apple,Delhi,114.07,2026-05-28
C004,P001,Avocado,Ahmedabad,203.66,2026-03-03
C028,P003,Tomato,Jaipur,32.35,2026-04-25
C045,P001,Avocado,Pune,321.61,2026-06-28
C020,P004,Apple,Jaipur,203.15,2026-01-04
C049,P004,Apple,Jaipur,146.59,2026-01-09
C035,P003,Tomato,Pune,65.04,2026-03-24
C017,P002,Mango,Jaipur,88.71,2026-02-12
C009,P001,Avocado,Jaipur,185.39,2026-02-23
C023,P001,Avocado,Jaipur,151.23,2026-02-27
C038,P004,Apple,Mumbai,239.9,2026-05-11
C023,P001,Avocado,Ahmedabad,284.82,2026-02-12
C043,P001,Avocado,Mumbai,261.01,2026-05-25
C005,P003,Tomato,Ahmedabad,33.25,2026-06-18
C025,P004,Apple,Ahmedabad,143.83,2026-02-25
C009,P002,Mango,Pune,201.79,2026-06-01
C015,P001,Avocado,Delhi,274.23,2026-04-25
C041,P002,Mango,Mumbai,177.43,2026-05-21
C035,P002,Mango,Pune,186.48,2026-03-07
C027,P001,Avocado,Delhi,246.46,2026-05-24
C014,P004,Apple,Mumbai,119.99,2026-02-05
C037,P002,Mango,Jaipur,101.19,2026-04-02
C008,P001,Avocado,Jaipur,293.03,2026-03-24
C004,P001,Avocado,Jaipur,233.03,2026-03-27
C040,P002,Mango,Pune,177.3,2026-01-01
C031,P002,Mango,Delhi,149.51,2026-02-26
C036,P001,Avocado,Delhi,230.84,2026-04-13
C001,P002,Mango,Ahmedabad,152.65,2026-02-12
C005,P001,Avocado,Delhi,213.08,2026-02-02
C047,P004,Apple,Mumbai,143.05,2026-06-06
C013,P004,Apple,Pune,149.21,2026-01-07
C025,P004,Apple,Pune,178.5,2026-05-11
C011,P004,Apple,Mumbai,269.62,2026-01-22
C011,P003,Tomato,Ahmedabad,53.59,2026-03-27
C035,P001,Avocado,Pune,226.45,2026-04-09
C020,P003,Tomato,Mumbai,56.06,2026-03-29
C043,P002,Mango,Jaipur,175.38,2026-06-07
C035,P003,Tomato,Mumbai,59.64,2026-03-08
C039,P004,Apple,Pune,272.83,2026-03-07
C046,P002,Mango,Mumbai,172.58,2026-06-26
C035,P002,Mango,Mumbai,228.51,2026-04-15
C025,P001,Avocado,Delhi,155.13,2026-01-25
C036,P003,Tomato,Mumbai,71.92,2026-06-17
C016,P004,Apple,Mumbai,191.19,2026-06-08
C034,P002,Mango,Pune,87.27,2026-03-14
C017,P004,Apple,Pune,209.22,2026-05-19
C030,P004,Apple,Jaipur,275.07,2026-06-07
C031,P001,Avocado,Delhi,296.16,2026-02-15
C005,P001,Avocado,Jaipur,260.98,2026-05-30
C018,P003,Tomato,Pune,86.64,2026-06-28
C047,P004,Apple,Jaipur,226.08,2026-01-24
C003,P002,Mango,Ahmedabad,174.88,2026-01-24
C011,P001,Avocado,Pune,165.09,2026-02-04
C006,P004,Apple,Jaipur,178.23,2026-01-30
C015,P002,Mango,Mumbai,227.47,2026-04-16
C013,P002,Mango,Jaipur,152.07,2026-02-15
C042,P001,Avocado,Ahmedabad,246.92,2026-04-25
C032,P004,Apple,Mumbai,218.53,2026-03-31
C001,P002,Mango,Jaipur,158.97,2026-03-27
C013,P002,Mango,Ahmedabad,174.88,2026-01-11
C010,P002,Mango,Ahmedabad,119.6,2026-04-05
C023,P001,Avocado,Pune,308.26,2026-04-01
C021,P004,Apple,Ahmedabad,171.68,2026-03-02
C024,P001,Avocado,Delhi,347.04,2026-04-12
C041,P002,Mango,Ahmedabad,195.92,2026-04-09
C015,P002,Mango,Mumbai,88.58,2026-04-14
C033,P004,Apple,Mumbai,142.22,2026-06-20
C011,P002,Mango,Jaipur,198.8,2026-04-13
C007,P001,Avocado,Pune,159.18,2026-05-03
C045,P003,Tomato,Pune,42.46,2026-03-15
C043,P002,Mango,Ahmedabad,192.74,2026-02-01
C002,P001,Avocado,Ahmedabad,339.06,2026-04-01
C014,P001,Avocado,Ahmedabad,291.57,2026-04-16
C043,P002,Mango,Pune,176.17,2026-06-24
C012,P004,Apple,Pune,263.05,2026-04-21
C030,P004,Apple,Delhi,293.53,2026-02-25
C020,P003,Tomato,Pune,91.8,2026-05-02
C009,P003,Tomato,Delhi,70.41,2026-01-14
C038,P002,Mango,Delhi,93.18,2026-02-12
C035,P001,Avocado,Ahmedabad,313.91,2026-06-17
C005,P003,Tomato,Pune,112.67,2026-03-12
C041,P004,Apple,Mumbai,287.69,2026-03-07
C041,P002,Mango,Delhi,182.41,2026-05-24
C036,P002,Mango,Mumbai,107.84,2026-06-03
C042,P004,Apple,Pune,114.09,2026-03-19
C037,P003,Tomato,Ahmedabad,89.63,2026-01-18
C050,P001,Avocado,Jaipur,243.21,2026-02-13
C043,P002,Mango,Delhi,184.18,2026-05-21
C035,P003,Tomato,Ahmedabad,109.05,2026-06-12
C041,P003,Tomato,Ahmedabad,116.4,2026-04-28
C001,P001,Avocado,Pune,331.37,2026-03-23
C022,P003,Tomato,Ahmedabad,65.43,2026-05-17
C039,P003,Tomato,Mumbai,57.11,2026-04-11
C003,P003,Tomato,Pune,85.79,2026-01-09
C034,P001,Avocado,Ahmedabad,211.49,2026-02-27
C046,P002,Mango,Ahmedabad,101.36,2026-03-21
C046,P001,Avocado,Delhi,206.35,2026-03-03
C008,P002,Mango,Pune,191.75,2026-01-09
C043,P001,Avocado,Jaipur,281.63,2026-06-06
C044,P002,Mango,Ahmedabad,112.55,2026-04-01
C030,P004,Apple,Ahmedabad,131.09,2026-02-18
C025,P001,Avocado,Pune,229.47,2026-01-09
C017,P004,Apple,Delhi,194.67,2026-04-11
C034,P002,Mango,Pune,126.63,2026-02-17
C031,P004,Apple,Ahmedabad,112.25,2026-02-17
C009,P003,Tomato,Mumbai,97.58,2026-02-27
C049,P002,Mango,Mumbai,216.82,2026-02-08
C014,P004,Apple,Ahmedabad,120.91,2026-02-27
C026,P001,Avocado,Mumbai,293.96,2026-04-07
C022,P003,Tomato,Delhi,91.47,2026-03-29
C047,P003,Tomato,Delhi,45.44,2026-06-07
C008,P001,Avocado,Pune,188.87,2026-01-26
C049,P004,Apple,Delhi,292.79,2026-06-18
C021,P001,Avocado,Pune,285.83,2026-06-01
C031,P003,Tomato,Mumbai,67.06,2026-06-02
C047,P001,Avocado,Jaipur,163.29,2026-02-14
C004,P002,Mango,Ahmedabad,91.09,2026-02-22
C015,P003,Tomato,Pune,51.61,2026-02-17
C028,P003,Tomato,Mumbai,60.22,2026-03-18
C042,P003,Tomato,Ahmedabad,91.95,2026-03-09
C029,P001,Avocado,Mumbai,262.34,2026-03-31
C010,P004,Apple,Jaipur,245.65,2026-04-22
C045,P004,Apple,Jaipur,165.39,2026-03-21
C011,P003,Tomato,Delhi,37.61,2026-06-12
C008,P002,Mango,Jaipur,113.46,2026-01-02
C023,P004,Apple,Pune,224.52,2026-05-10
C049,P002,Mango,Mumbai,88.29,2026-04-12
C039,P002,Mango,Pune,235.06,2026-02-17
C027,P001,Avocado,Mumbai,239.25,2026-02-18
C013,P003,Tomato,Ahmedabad,96.54,2026-04-15
C035,P003,Tomato,Pune,110.42,2026-05-19
C021,P004,Apple,Mumbai,280.69,2026-05-22
C025,P004,Apple,Ahmedabad,287.99,2026-03-05
C017,P001,Avocado,Mumbai,155.49,2026-03-28
C003,P004,Apple,Delhi,114.15,2026-06-27
C026,P001,Avocado,Mumbai,316.97,2026-06-30
C050,P003,Tomato,Mumbai,72.57,2026-03-06
C036,P001,Avocado,Jaipur,320.76,2026-05-09
C029,P003,Tomato,Mumbai,59.35,2026-03-20
C024,P003,Tomato,Mumbai,30.53,2026-05-05
C024,P002,Mango,Pune,174.26,2026-05-10
C046,P004,Apple,Mumbai,237.13,2026-01-27
C031,P003,Tomato,Jaipur,77.85,2026-04-16
C031,P001,Avocado,Ahmedabad,194.58,2026-01-03
C050,P004,Apple,Ahmedabad,230.03,2026-02-10
C012,P004,Apple,Pune,123.35,2026-01-30
C038,P001,Avocado,Jaipur,342.74,2026-06-07
C009,P004,Apple,Ahmedabad,211.2,2026-03-24
C013,P003,Tomato,Pune,113.03,2026-06-12
C040,P003,Tomato,Mumbai,36.38,2026-02-21
C043,P001,Avocado,Pune,262.87,2026-02-08
C005,P002,Mango,Pune,174.37,2026-05-22
C024,P002,Mango,Jaipur,132.79,2026-04-27
C043,P001,Avocado,Ahmedabad,208.64,2026-02-14
C049,P003,Tomato,Mumbai,45.01,2026-05-03
C003,P002,Mango,Ahmedabad,232.35,2026-03-13
C050,P002,Mango,Mumbai,148.68,2026-04-14
C036,P002,Mango,Jaipur,219.83,2026-02-07
C047,P004,Apple,Delhi,145.1,2026-01-04
C017,P002,Mango,Delhi,107.71,2026-01-25
C027,P003,Tomato,Ahmedabad,103.84,2026-05-02
C009,P004,Apple,Jaipur,110.41,2026-06-20
C006,P001,Avocado,Ahmedabad,319.38,2026-06-05
C048,P004,Apple,Pune,123.3,2026-02-07
C003,P002,Mango,Jaipur,103.8,2026-04-16
C049,P004,Apple,Jaipur,289.56,2026-05-29
C026,P002,Mango,Delhi,160.77,2026-04-12
C001,P004,Apple,Mumbai,110.51,2026-02-03
C006,P003,Tomato,Pune,62.01,2026-02-02
C016,P001,Avocado,Ahmedabad,293.45,2026-01-11
C011,P004,Apple,Delhi,298.3,2026-03-01
C019,P002,Mango,Mumbai,93.79,2026-04-16
C050,P002,Mango,Delhi,185.27,2026-02-06
C010,P003,Tomato,Pune,31.49,2026-03-02
C048,P001,Avocado,Delhi,210.82,2026-04-11
C028,P002,Mango,Ahmedabad,90.53,2026-05-24
C032,P002,Mango,Ahmedabad,88.79,2026-05-28
C014,P003,Tomato,Mumbai,59.5,2026-05-25
C022,P003,Tomato,Jaipur,104.42,2026-06-25
C048,P004,Apple,Pune,165.49,2026-01-14
C035,P002,Mango,Mumbai,85.91,2026-05-24
C034,P002,Mango,Pune,144.21,2026-01-06
C003,P001,Avocado,Pune,284.3,2026-06-09
C015,P003,Tomato,Jaipur,108.92,2026-05-11
C023,P003,Tomato,Delhi,60.24,2026-02-09
C015,P003,Tomato,Jaipur,104.89,2026-02-26
C002,P001,Avocado,Jaipur,328.02,2026-01-19
C044,P002,Mango,Pune,195.46,2026-06-22
C033,P001,Avocado,Pune,278.1,2026-03-02
C024,P003,Tomato,Pune,90.83,2026-06-06
C012,P003,Tomato,Jaipur,75.32,2026-05-10
C021,P001,Avocado,Jaipur,216.71,2026-04-17
C006,P001,Avocado,Delhi,169.82,2026-06-29
C009,P002,Mango,Jaipur,82.47,2026-04-19
C033,P002,Mango,Delhi,203.52,2026-05-05
C021,P002,Mango,Mumbai,146.26,2026-04-12
C012,P002,Mango,Delhi,148.07,2026-06-19
C035,P001,Avocado,Ahmedabad,329.29,2026-05-11
C038,P001,Avocado,Delhi,220.51,2026-05-07
C009,P002,Mango,Delhi,219.06,2026-03-27
C038,P004,Apple,Jaipur,149.85,2026-04-10
C015,P004,Apple,Mumbai,110.88,2026-01-10
C049,P003,Tomato,Jaipur,45.03,2026-03-19
C047,P002,Mango,Pune,119.93,2026-03-25
C029,P002,Mango,Delhi,205.96,2026-06-12
C036,P001,Avocado,Ahmedabad,320.95,2026-04-08
C004,P002,Mango,Pune,164.95,2026-05-01
C045,P002,Mango,Ahmedabad,213.91,2026-03-11
C041,P004,Apple,Jaipur,226.6,2026-04-18
C031,P002,Mango,Mumbai,243.75,2026-04-07
C024,P001,Avocado,Delhi,171.88,2026-02-20
C039,P003,Tomato,Ahmedabad,114.37,2026-04-14
C009,P004,Apple,Jaipur,220.46,2026-06-05
C012,P003,Tomato,Ahmedabad,37.46,2026-01-24
C040,P004,Apple,Delhi,290.36,2026-03-28
C038,P004,Apple,Mumbai,259.11,2026-06-30
C021,P003,Tomato,Pune,108.46,2026-06-24
C005,P001,Avocado,Jaipur,186.26,2026-01-20
C027,P002,Mango,Mumbai,196.62,2026-03-13
C026,P004,Apple,Ahmedabad,152.74,2026-01-09
C031,P002,Mango,Jaipur,114.28,2026-02-10
C049,P001,Avocado,Delhi,282.73,2026-06-19
C014,P004,Apple,Ahmedabad,263.22,2026-05-25
C013,P003,Tomato,Delhi,45.43,2026-03-19
C008,P004,Apple,Mumbai,277.45,2026-04-05
C003,P001,Avocado,Delhi,226.05,2026-05-03
C012,P002,Mango,Mumbai,218.53,2026-03-19
C043,P004,Apple,Ahmedabad,112.1,2026-01-12
C014,P001,Avocado,Delhi,159.33,2026-02-23
C026,P002,Mango,Ahmedabad,95.69,2026-05-31
C032,P001,Avocado,Delhi,203.6,2026-02-19
C028,P004,Apple,Ahmedabad,293.18,2026-02-16
C015,P002,Mango,Ahmedabad,196.1,2026-06-24
C031,P003,Tomato,Jaipur,118.09,2026-06-22
C044,P001,Avocado,Ahmedabad,267.56,2026-05-22
C024,P003,Tomato,Jaipur,50.76,2026-02-19
C003,P001,Avocado,Delhi,160.18,2026-02-25
C036,P001,Avocado,Mumbai,171.35,2026-03-01
C030,P002,Mango,Ahmedabad,163.93,2026-04-17
C010,P001,Avocado,Jaipur,285.98,2026-03-02
C020,P002,Mango,Jaipur,232.14,2026-05-10
C012,P001,Avocado,Mumbai,244.61,2026-05-06
C002,P002,Mango,Jaipur,188.06,2026-01-14
C002,P004,Apple,Jaipur,215.41,2026-06-07
C037,P003,Tomato,Jaipur,38.91,2026-02-02
C021,P001,Avocado,Ahmedabad,162.76,2026-04-01
C042,P004,Apple,Delhi,237.5,2026-05-03
C041,P002,Mango,Jaipur,233.39,2026-01-28
C016,P004,Apple,Delhi,135.79,2026-03-10
C050,P004,Apple,Delhi,195.74,2026-01-22
C017,P004,Apple,Delhi,235.01,2026-02-15
C004,P004,Apple,Ahmedabad,203.52,2026-02-16
C008,P001,Avocado,Pune,222.54,2026-05-07
C036,P004,Apple,Delhi,208.26,2026-03-02
C039,P004,Apple,Jaipur,270.04,2026-06-30
C036,P002,Mango,Pune,246.43,2026-02-19
C034,P001,Avocado,Pune,193.37,2026-06-19
C050,P003,Tomato,Pune,76.35,2026-02-22
C002,P001,Avocado,Delhi,260.8,2026-04-11
C042,P004,Apple,Mumbai,120.45,2026-04-04
C043,P003,Tomato,Delhi,91.98,2026-04-12
C023,P001,Avocado,Ahmedabad,263.37,2026-05-06
C022,P004,Apple,Pune,193.84,2026-06-16
C022,P003,Tomato,Mumbai,109.43,2026-01-09
C026,P002,Mango,Pune,90.23,2026-02-21
C017,P004,Apple,Mumbai,119.94,2026-04-04
C050,P001,Avocado,Pune,232.37,2026-01-31
C010,P001,Avocado,Ahmedabad,220.77,2026-04-20
C033,P004,Apple,Ahmedabad,168.21,2026-01-30
C012,P001,Avocado,Ahmedabad,237.63,2026-02-15
C001,P001,Avocado,Delhi,194.79,2026-02-20
C006,P002,Mango,Pune,242.58,2026-03-03
C008,P002,Mango,Delhi,122.88,2026-02-05
C038,P003,Tomato,Ahmedabad,45.98,2026-03-17
C008,P001,Avocado,Jaipur,270.08,2026-06-26
C034,P004,Apple,Ahmedabad,193.99,2026-05-07
C048,P003,Tomato,Mumbai,39.8,2026-03-30
C038,P003,Tomato,Jaipur,77.56,2026-01-25
C033,P002,Mango,Delhi,228.58,2026-01-22
C018,P004,Apple,Pune,240.28,2026-02-26
C006,P004,Apple,Ahmedabad,145.56,2026-03-07
C040,P004,Apple,Ahmedabad,217.59,2026-03-09
C031,P001,Avocado,Jaipur,335.38,2026-04-30
C001,P004,Apple,Ahmedabad,175.23,2026-01-02
C049,P003,Tomato,Mumbai,64.22,2026-04-20
C002,P003,Tomato,Jaipur,84.27,2026-06-03
C014,P002,Mango,Jaipur,93.94,2026-04-26
C008,P001,Avocado,Delhi,303.65,2026-03-20
C009,P002,Mango,Mumbai,202.65,2026-02-06
C042,P002,Mango,Pune,196.02,2026-04-23
C040,P002,Mango,Mumbai,122.01,2026-05-27
C022,P001,Avocado,Delhi,330.94,2026-05-18
C031,P004,Apple,Ahmedabad,131.09,2026-06-27
C031,P001,Avocado,Delhi,163.55,2026-05-16
C010,P002,Mango,Ahmedabad,168.59,2026-04-12
C030,P003,Tomato,Delhi,57.57,2026-03-04
C020,P001,Avocado,Delhi,237.14,2026-05-14
C013,P004,Apple,Ahmedabad,256.16,2026-04-27
C040,P001,Avocado,Delhi,214.76,2026-01-31
C034,P004,Apple,Ahmedabad,181.35,2026-04-19
C011,P001,Avocado,Pune,338.39,2026-04-04
C039,P004,Apple,Jaipur,299.62,2026-06-28
C014,P002,Mango,Jaipur,117.75,2026-01-08
C046,P003,Tomato,Pune,67.93,2026-05-08
C010,P002,Mango,Pune,116.27,2026-06-25
C039,P003,Tomato,Pune,40.99,2026-01-24
C016,P004,Apple,Pune,131.27,2026-05-15
C022,P004,Apple,Ahmedabad,261.27,2026-05-25
C038,P003,Tomato,Pune,90.51,2026-04-03
C020,P003,Tomato,Mumbai,55.13,2026-02-28
C008,P001,Avocado,Ahmedabad,246.53,2026-05-07
C044,P004,Apple,Ahmedabad,155.81,2026-02-14
C044,P003,Tomato,Pune,37.59,2026-06-03
C019,P001,Avocado,Mumbai,242.72,2026-01-05
C002,P004,Apple,Mumbai,241.67,2026-05-21
C039,P003,Tomato,Mumbai,45.84,2026-03-17
C036,P003,Tomato,Delhi,58.01,2026-01-12
C003,P003,Tomato,Ahmedabad,89.66,2026-04-17
C030,P002,Mango,Mumbai,154.16,2026-02-21
C015,P001,Avocado,Mumbai,326.78,2026-06-24
C021,P002,Mango,Pune,199.91,2026-06-26
C042,P002,Mango,Delhi,185.2,2026-03-02
C005,P001,Avocado,Delhi,185.52,2026-03-15
C004,P003,Tomato,Mumbai,39.38,2026-06-02
C042,P003,Tomato,Mumbai,37.41,2026-04-30
C001,P003,Tomato,Pune,39.16,2026-06-08
C036,P001,Avocado,Ahmedabad,254.3,2026-02-14
C021,P001,Avocado,Pune,218.7,2026-01-06
C025,P001,Avocado,Jaipur,325.28,2026-02-19
C032,P004,Apple,Delhi,165.03,2026-05-26
C046,P004,Apple,Mumbai,192.78,2026-01-18
C027,P004,Apple,Mumbai,279.98,2026-03-02
C021,P004,Apple,Delhi,293.63,2026-01-25
C031,P003,Tomato,Mumbai,78.34,2026-06-22
C043,P004,Apple,Ahmedabad,225.29,2026-01-11
C019,P001,Avocado,Ahmedabad,201.71,2026-02-20
C014,P002,Mango,Mumbai,143.76,2026-06-06
C033,P003,Tomato,Delhi,102.3,2026-02-12
C012,P003,Tomato,Mumbai,108.54,2026-01-22
C018,P004,Apple,Delhi,187.92,2026-05-31
C030,P001,Avocado,Mumbai,320.66,2026-04-08
C037,P001,Avocado,Jaipur,298.84,2026-05-12
C017,P002,Mango,Ahmedabad,233.17,2026-01-19
C027,P001,Avocado,Delhi,175.65,2026-02-18
C024,P001,Avocado,Delhi,287.09,2026-03-04
C002,P001,Avocado,Pune,296.87,2026-03-19
C031,P001,Avocado,Mumbai,250.63,2026-04-24
C029,P001,Avocado,Pune,311.19,2026-01-23
C024,P001,Avocado,Jaipur,269.76,2026-03-18
C023,P003,Tomato,Ahmedabad,95.52,2026-03-06
C016,P001,Avocado,Delhi,331.09,2026-06-21
C043,P002,Mango,Ahmedabad,158.58,2026-05-18
C021,P004,Apple,Pune,167.26,2026-02-17
C029,P001,Avocado,Pune,324.33,2026-04-05
C045,P003,Tomato,Mumbai,116.79,2026-05-09
C015,P004,Apple,Delhi,280.31,2026-01-21
C024,P001,Avocado,Jaipur,265.65,2026-06-10
C027,P001,Avocado,Jaipur,163.59,2026-01-18
C029,P003,Tomato,Mumbai,105.58,2026-05-08
C026,P004,Apple,Ahmedabad,265.26,2026-05-20
C010,P003,Tomato,Pune,103.96,2026-02-16
C040,P004,Apple,Ahmedabad,263.02,2026-02-27
C050,P003,Tomato,Ahmedabad,87.73,2026-01-03
C003,P001,Avocado,Ahmedabad,280.08,2026-02-06
C037,P004,Apple,Mumbai,122.32,2026-04-07
C050,P002,Mango,Ahmedabad,89.16,2026-05-15
C006,P002,Mango,Mumbai,80.24,2026-03-24
C022,P001,Avocado,Mumbai,258.63,2026-01-10
C009,P004,Apple,Pune,195.09,2026-04-23
C010,P003,Tomato,Pune,71.23,2026-06-25
C046,P004,Apple,Ahmedabad,131.06,2026-06-06
C012,P004,Apple,Ahmedabad,153.68,2026-05-04
C027,P004,Apple,Pune,259.77,2026-03-21
C003,P001,Avocado,Delhi,297.97,2026-01-13
C022,P003,Tomato,Mumbai,45.83,2026-06-05
C019,P001,Avocado,Pune,175.32,2026-01-10
C046,P002,Mango,Delhi,217.78,2026-05-15
C006,P003,Tomato,Delhi,62.24,2026-01-06
C031,P001,Avocado,Ahmedabad,280.52,2026-05-05
C002,P002,Mango,Ahmedabad,104.87,2026-06-29
C047,P004,Apple,Mumbai,180.98,2026-03-21
C041,P001,Avocado,Mumbai,267.15,2026-05-13
C034,P002,Mango,Jaipur,161.81,2026-05-03
C014,P003,Tomato,Mumbai,41.72,2026-03-04
C015,P003,Tomato,Ahmedabad,111.43,2026-06-15
C038,P002,Mango,Jaipur,84.15,2026-06-29
C042,P004,Apple,Mumbai,279.48,2026-04-08
C009,P001,Avocado,Pune,155.22,2026-05-27
C005,P002,Mango,Pune,129.41,2026-03-01
C045,P004,Apple,Pune,286.75,2026-01-11
C048,P001,Avocado,Jaipur,286.66,2026-06-26
C005,P004,Apple,Delhi,137.16,2026-05-13
C042,P004,Apple,Jaipur,143.6,2026-03-08
C002,P003,Tomato,Pune,106.92,2026-06-28
C024,P003,Tomato,Mumbai,47.41,2026-05-22
C043,P001,Avocado,Mumbai,192.28,2026-02-05
C044,P003,Tomato,Mumbai,107.87,2026-06-28
C035,P001,Avocado,Ahmedabad,160.31,2026-01-26
C009,P003,Tomato,Ahmedabad,59.6,2026-05-17
C007,P001,Avocado,Delhi,333.24,2026-02-03
C011,P001,Avocado,Jaipur,187.39,2026-02-19
C031,P001,Avocado,Jaipur,237.34,2026-05-22
C034,P001,Avocado,Pune,198.03,2026-03-04
C023,P004,Apple,Delhi,206.67,2026-01-28
C023,P003,Tomato,Ahmedabad,83.72,2026-06-12
C007,P004,Apple,Pune,263.98,2026-05-20
C009,P001,Avocado,Ahmedabad,156.51,2026-05-13
C025,P004,Apple,Mumbai,107.03,2026-02-23
C030,P002,Mango,Delhi,92.79,2026-03-05
C007,P003,Tomato,Delhi,69.62,2026-04-06
C032,P003,Tomato,Pune,71.19,2026-04-21
C049,P002,Mango,Mumbai,90.76,2026-01-17
C027,P002,Mango,Mumbai,223.49,2026-01-15
C021,P003,Tomato,Delhi,75.53,2026-03-05
C044,P004,Apple,Ahmedabad,295.53,2026-02-04
C011,P004,Apple,Delhi,184.75,2026-04-26
C011,P002,Mango,Delhi,146.3,2026-05-04
C005,P003,Tomato,Jaipur,111.36,2026-06-29
C029,P003,Tomato,Jaipur,58.08,2026-05-22
C044,P001,Avocado,Delhi,248.79,2026-02-04
C007,P004,Apple,Jaipur,125.82,2026-05-21
C035,P004,Apple,Jaipur,250.27,2026-02-10
C009,P003,Tomato,Pune,89.06,2026-01-06
C025,P004,Apple,Delhi,127.81,2026-05-03
C047,P004,Apple,Pune,199.38,2026-01-05
C027,P001,Avocado,Ahmedabad,164.45,2026-04-24
C014,P002,Mango,Jaipur,166.36,2026-06-27
C044,P002,Mango,Delhi,126.38,2026-02-03
C043,P002,Mango,Pune,193.45,2026-04-25
C024,P002,Mango,Mumbai,89.45,2026-03-14
C006,P001,Avocado,Ahmedabad,163.49,2026-05-20
C004,P001,Avocado,Pune,297.13,2026-04-17
C010,P001,Avocado,Delhi,239.13,2026-04-21
C027,P002,Mango,Delhi,206.55,2026-01-07
C046,P003,Tomato,Pune,80.56,2026-04-01
C021,P003,Tomato,Pune,90.94,2026-05-07
C005,P003,Tomato,Pune,98.99,2026-01-01
C036,P001,Avocado,Delhi,241.73,2026-06-15
C044,P002,Mango,Jaipur,183.18,2026-02-19
C016,P003,Tomato,Jaipur,34.9,2026-04-05
C027,P002,Mango,Pune,159.15,2026-02-27
C023,P001,Avocado,Pune,161.31,2026-06-14
C010,P002,Mango,Delhi,241.97,2026-02-18
C003,P003,Tomato,Mumbai,71.47,2026-06-09
C011,P003,Tomato,Pune,65.23,2026-03-06
C014,P001,Avocado,Pune,183.82,2026-03-01
C037,P004,Apple,Jaipur,109.77,2026-03-07
C038,P001,Avocado,Pune,205.14,2026-02-26
C001,P003,Tomato,Mumbai,33.87,2026-04-10
C049,P004,Apple,Mumbai,299.01,2026-04-10
C006,P004,Apple,Delhi,229.1,2026-04-02
C045,P002,Mango,Jaipur,134.35,2026-01-14
C015,P002,Mango,Pune,230.2,2026-02-05
C020,P003,Tomato,Jaipur,32.06,2026-03-12
C009,P001,Avocado,Mumbai,193.32,2026-02-06
C026,P002,Mango,Jaipur,80.99,2026-01-10
C023,P002,Mango,Ahmedabad,211.14,2026-02-18
C020,P003,Tomato,Jaipur,83.63,2026-02-27
C010,P001,Avocado,Delhi,233.96,2026-06-06
C040,P004,Apple,Delhi,216.04,2026-02-23
C033,P001,Avocado,Ahmedabad,332.94,2026-04-01
C021,P001,Avocado,Ahmedabad,220.14,2026-05-13
C019,P002,Mango,Ahmedabad,174.98,2026-06-24
C014,P001,Avocado,Ahmedabad,343.54,2026-02-18
C006,P004,Apple,Mumbai,107.68,2026-05-31
C044,P003,Tomato,Delhi,50.55,2026-06-15
C006,P002,Mango,Ahmedabad,125.32,2026-01-19
C025,P004,Apple,Mumbai,178.32,2026-06-24
C049,P002,Mango,Ahmedabad,193.97,2026-03-17
C035,P003,Tomato,Ahmedabad,51.84,2026-06-06
C033,P002,Mango,Ahmedabad,80.14,2026-05-09
C049,P003,Tomato,Mumbai,87.84,2026-02-15
C040,P002,Mango,Delhi,158.15,2026-01-25
C017,P001,Avocado,Pune,217.43,2026-04-08
C007,P002,Mango,Ahmedabad,211.61,2026-01-10
C037,P004,Apple,Mumbai,167.4,2026-05-26
C011,P002,Mango,Mumbai,133.16,2026-03-22
C013,P001,Avocado,Pune,285.55,2026-03-25
C028,P002,Mango,Mumbai,110.68,2026-02-11
C049,P001,Avocado,Ahmedabad,308.12,2026-05-27
C015,P001,Avocado,Mumbai,317.92,2026-04-29
C007,P001,Avocado,Ahmedabad,315.78,2026-01-21
C044,P003,Tomato,Pune,61.07,2026-03-31
C027,P001,Avocado,Jaipur,318.61,2026-05-21
C044,P004,Apple,Pune,261.45,2026-02-16
C026,P001,Avocado,Jaipur,261.36,2026-03-16
C037,P002,Mango,Mumbai,104.55,2026-05-29
C016,P003,Tomato,Delhi,94.71,2026-01-20
C004,P001,Avocado,Jaipur,298.02,2026-04-27
C017,P001,Avocado,Mumbai,182.43,2026-04-26
C028,P002,Mango,Ahmedabad,187.67,2026-02-07
C029,P003,Tomato,Mumbai,61.26,2026-05-22
C024,P004,Apple,Delhi,138.12,2026-03-07
C019,P001,Avocado,Pune,200.07,2026-04-24
C035,P001,Avocado,Jaipur,264.64,2026-05-26
C026,P001,Avocado,Mumbai,316.07,2026-03-30
C046,P003,Tomato,Jaipur,56.32,2026-02-27
C044,P001,Avocado,Mumbai,283.16,2026-01-01
C029,P002,Mango,Pune,122.51,2026-06-01
C012,P004,Apple,Ahmedabad,227.37,2026-06-25
C015,P002,Mango,Pune,173.13,2026-01-09
C034,P001,Avocado,Mumbai,159.34,2026-04-11
C025,P003,Tomato,Ahmedabad,42.85,2026-02-01
C040,P002,Mango,Jaipur,104.41,2026-01-16
C008,P002,Mango,Jaipur,110.98,2026-02-13
C045,P004,Apple,Delhi,148.87,2026-01-11
C033,P004,Apple,Ahmedabad,237.98,2026-06-14
C042,P003,Tomato,Mumbai,46.02,2026-02-13
C046,P001,Avocado,Mumbai,263.11,2026-03-31
C003,P002,Mango,Pune,230.29,2026-01-18
C021,P004,Apple,Pune,156.66,2026-06-27
C001,P004,Apple,Jaipur,210.64,2026-04-08
C043,P001,Avocado,Mumbai,269.16,2026-05-21
C017,P004,Apple,Mumbai,161.67,2026-01-19
C046,P002,Mango,Delhi,159.41,2026-02-22
C042,P004,Apple,Mumbai,159.16,2026-04-03
C023,P004,Apple,Mumbai,113.8,2026-04-10
C030,P002,Mango,Pune,239.03,2026-06-16
C040,P003,Tomato,Delhi,77.81,2026-01-14
C023,P003,Tomato,Jaipur,99.91,2026-04-04
C042,P003,Tomato,Jaipur,43.45,2026-06-28
C023,P001,Avocado,Mumbai,266.41,2026-05-12
C038,P004,Apple,Ahmedabad,175.19,2026-04-06
C050,P003,Tomato,Pune,53.79,2026-01-09
C018,P004,Apple,Mumbai,150.02,2026-06-08
C045,P001,Avocado,Mumbai,340.81,2026-01-16
C035,P004,Apple,Mumbai,158.05,2026-04-29
C018,P001,Avocado,Mumbai,190.9,2026-01-29
C037,P002,Mango,Ahmedabad,80.94,2026-02-15
C043,P002,Mango,Delhi,226.71,2026-01-09
C005,P003,Tomato,Delhi,35.72,2026-01-01
C043,P002,Mango,Pune,201.65,2026-05-02
C019,P001,Avocado,Jaipur,341.42,2026-06-04
C021,P001,Avocado,Pune,263.58,2026-06-27
C005,P003,Tomato,Ahmedabad,112.2,2026-06-14
C021,P003,Tomato,Mumbai,51.45,2026-02-10
C049,P002,Mango,Ahmedabad,194.61,2026-02-16
C028,P002,Mango,Jaipur,190.01,2026-02-08
C050,P004,Apple,Mumbai,135.8,2026-04-23
C036,P003,Tomato,Delhi,50.38,2026-04-28
C015,P004,Apple,Jaipur,129.85,2026-06-22
C033,P002,Mango,Ahmedabad,94.44,2026-06-10
C002,P002,Mango,Delhi,88.22,2026-06-18
C019,P001,Avocado,Ahmedabad,268.89,2026-06-15
C050,P002,Mango,Mumbai,106.74,2026-03-21
C007,P001,Avocado,Delhi,342.04,2026-06-02
C050,P004,Apple,Ahmedabad,261.4,2026-06-20
C015,P002,Mango,Delhi,125.35,2026-01-12
C039,P001,Avocado,Jaipur,270.64,2026-05-13
C020,P004,Apple,Jaipur,115.34,2026-05-05
C030,P003,Tomato,Jaipur,97.68,2026-01-01
C045,P003,Tomato,Delhi,106.63,2026-05-20
C006,P001,Avocado,Delhi,292.7,2026-03-08
C022,P003,Tomato,Pune,38.98,2026-06-22
C037,P003,Tomato,Delhi,71.35,2026-01-28
C031,P003,Tomato,Ahmedabad,67.04,2026-02-25
C015,P003,Tomato,Delhi,77.21,2026-05-13
C001,P003,Tomato,Pune,83.3,2026-03-18
C041,P003,Tomato,Delhi,81.54,2026-03-20
C030,P004,Apple,Jaipur,107.11,2026-04-01
C004,P003,Tomato,Jaipur,67.43,2026-05-19
C023,P001,Avocado,Mumbai,271.71,2026-05-01
C049,P004,Apple,Ahmedabad,122.86,2026-05-15
C047,P004,Apple,Ahmedabad,107.09,2026-05-18
C018,P003,Tomato,Jaipur,85.96,2026-03-03
C035,P001,Avocado,Ahmedabad,159.32,2026-06-19
C022,P001,Avocado,Mumbai,176.57,2026-06-28
C017,P002,Mango,Ahmedabad,150.17,2026-03-23
C030,P002,Mango,Ahmedabad,124.44,2026-04-14
C016,P002,Mango,Mumbai,173.24,2026-02-27
C048,P004,Apple,Jaipur,189.88,2026-02-06
C037,P002,Mango,Jaipur,195.78,2026-05-11
C023,P001,Avocado,Pune,243.5,2026-02-21
C011,P003,Tomato,Jaipur,42.74,2026-05-16
C021,P003,Tomato,Mumbai,46.88,2026-04-10
C016,P003,Tomato,Pune,55.61,2026-02-20
C031,P001,Avocado,Jaipur,194.28,2026-04-20
C046,P002,Mango,Mumbai,190.64,2026-03-31
C026,P002,Mango,Mumbai,244.76,2026-04-19
C023,P001,Avocado,Pune,286.48,2026-06-27
C006,P003,Tomato,Mumbai,42.97,2026-01-19
C022,P001,Avocado,Jaipur,182.66,2026-03-12
C014,P004,Apple,Delhi,292.01,2026-06-05
C049,P001,Avocado,Jaipur,305.19,2026-04-30
C033,P003,Tomato,Mumbai,45.7,2026-03-02
C016,P001,Avocado,Delhi,265.61,2026-02-03
C012,P002,Mango,Delhi,112.08,2026-06-27
C036,P001,Avocado,Ahmedabad,253.79,2026-05-24
C039,P002,Mango,Delhi,178.34,2026-06-01
C014,P004,Apple,Mumbai,143.83,2026-02-03
C016,P003,Tomato,Mumbai,97.98,2026-02-02
C005,P001,Avocado,Delhi,168.92,2026-03-07
C006,P003,Tomato,Pune,99.28,2026-01-26
C019,P003,Tomato,Ahmedabad,39.51,2026-02-02
C039,P003,Tomato,Pune,53.24,2026-05-13
C036,P004,Apple,Jaipur,154.94,2026-03-12
C027,P004,Apple,Delhi,185.66,2026-02-11
C010,P002,Mango,Pune,99.19,2026-02-17
C031,P003,Tomato,Mumbai,30.12,2026-03-01
C043,P003,Tomato,Jaipur,65.78,2026-02-22
C010,P001,Avocado,Jaipur,150.88,2026-06-11
C036,P004,Apple,Ahmedabad,278.53,2026-01-16
C009,P004,Apple,Delhi,272.66,2026-05-17
C049,P001,Avocado,Pune,188.61,2026-04-20
C012,P001,Avocado,Delhi,181.43,2026-06-13
C005,P002,Mango,Delhi,209.13,2026-04-26
C019,P003,Tomato,Jaipur,115.79,2026-01-15
C025,P001,Avocado,Ahmedabad,172.37,2026-03-29
C029,P003,Tomato,Mumbai,96.04,2026-03-21
C031,P004,Apple,Mumbai,287.51,2026-03-27
C013,P004,Apple,Delhi,175.77,2026-06-23
C020,P003,Tomato,Ahmedabad,31.11,2026-06-14
C018,P004,Apple,Mumbai,167.63,2026-03-27
C015,P001,Avocado,Mumbai,269.2,2026-05-31
C026,P004,Apple,Pune,206.68,2026-05-25
C030,P004,Apple,Pune,154.37,2026-04-24
C025,P001,Avocado,Mumbai,279.26,2026-06-30
C018,P001,Avocado,Ahmedabad,286.48,2026-04-01
C030,P003,Tomato,Pune,103.21,2026-04-26
C026,P002,Mango,Ahmedabad,239.97,2026-06-14
C023,P003,Tomato,Jaipur,118.35,2026-06-08
C009,P004,Apple,Ahmedabad,281.05,2026-05-19
C050,P001,Avocado,Mumbai,195.92,2026-06-02
C039,P004,Apple,Ahmedabad,287.7,2026-06-03
C038,P004,Apple,Delhi,254.15,2026-03-13
C028,P002,Mango,Mumbai,248.56,2026-03-18
C002,P004,Apple,Mumbai,118.4,2026-06-04
C037,P004,Apple,Mumbai,106.74,2026-06-20
C030,P004,Apple,Ahmedabad,273.11,2026-02-12
C003,P004,Apple,Delhi,146.06,2026-02-20
C042,P004,Apple,Mumbai,175.96,2026-02-23
C026,P004,Apple,Delhi,214.07,2026-03-27
C004,P001,Avocado,Pune,317.03,2026-05-26
C026,P002,Mango,Delhi,182.28,2026-05-13
C021,P001,Avocado,Pune,223.31,2026-04-22
C034,P004,Apple,Mumbai,187.09,2026-05-05
C007,P001,Avocado,Ahmedabad,277.61,2026-01-03
C032,P002,Mango,Jaipur,158.63,2026-06-16
C041,P002,Mango,Delhi,166.38,2026-06-03
C026,P002,Mango,Jaipur,112.43,2026-01-25
C006,P001,Avocado,Pune,223.42,2026-04-12
C017,P002,Mango,Pune,104.69,2026-01-01
C018,P003,Tomato,Delhi,94.63,2026-06-25
C008,P004,Apple,Jaipur,191.89,2026-05-15
C030,P004,Apple,Ahmedabad,272.59,2026-02-18
C043,P001,Avocado,Jaipur,281.45,2026-03-23
C008,P002,Mango,Ahmedabad,163.53,2026-06-12
C034,P002,Mango,Jaipur,169.35,2026-02-03
C033,P003,Tomato,Pune,68.06,2026-05-25
C013,P002,Mango,Ahmedabad,240.33,2026-03-15
C007,P004,Apple,Ahmedabad,229.91,2026-04-11
C028,P004,Apple,Ahmedabad,201.44,2026-02-20
C003,P004,Apple,Ahmedabad,250.0,2026-03-11
C013,P002,Mango,Ahmedabad,140.83,2026-01-16
C005,P001,Avocado,Jaipur,246.23,2026-04-07
C038,P001,Avocado,Mumbai,159.82,2026-05-14
C009,P003,Tomato,Pune,72.76,2026-06-24
C009,P004,Apple,Pune,261.65,2026-02-24
C039,P004,Apple,Jaipur,176.9,2026-04-30
C025,P003,Tomato,Jaipur,68.25,2026-04-10
C011,P004,Apple,Jaipur,150.6,2026-01-15
C037,P004,Apple,Delhi,175.49,2026-02-05
C022,P003,Tomato,Mumbai,103.15,2026-05-21
C031,P003,Tomato,Delhi,67.05,2026-06-16
C039,P003,Tomato,Mumbai,116.56,2026-04-21
C001,P002,Mango,Ahmedabad,191.47,2026-02-17
C023,P004,Apple,Delhi,243.76,2026-06-12
C011,P001,Avocado,Ahmedabad,188.29,2026-06-01
C003,P002,Mango,Ahmedabad,175.9,2026-06-14
C029,P004,Apple,Ahmedabad,173.82,2026-05-21
C049,P004,Apple,Delhi,237.93,2026-04-15
C042,P002,Mango,Mumbai,209.45,2026-06-26
C045,P003,Tomato,Ahmedabad,102.08,2026-01-25
C014,P002,Mango,Mumbai,248.82,2026-03-07
C042,P001,Avocado,Delhi,199.92,2026-05-28
C014,P003,Tomato,Mumbai,95.8,2026-03-07
C010,P003,Tomato,Delhi,98.4,2026-02-11
C016,P001,Avocado,Pune,325.69,2026-01-28
C044,P002,Mango,Ahmedabad,163.99,2026-01-05
C048,P001,Avocado,Jaipur,188.18,2026-04-30
C004,P002,Mango,Pune,123.94,2026-05-22
C022,P003,Tomato,Jaipur,41.36,2026-04-21
C015,P003,Tomato,Ahmedabad,81.31,2026-01-24
C023,P002,Mango,Pune,145.95,2026-06-01
C044,P002,Mango,Delhi,99.34,2026-06-10
C010,P001,Avocado,Mumbai,177.32,2026-03-27
C011,P002,Mango,Ahmedabad,167.7,2026-02-04
C018,P004,Apple,Mumbai,112.77,2026-06-13
C034,P004,Apple,Delhi,106.69,2026-06-28
C030,P002,Mango,Delhi,165.92,2026-03-18
C043,P003,Tomato,Mumbai,99.53,2026-03-12
C029,P001,Avocado,Jaipur,194.9,2026-02-20
C035,P002,Mango,Mumbai,188.91,2026-01-22
C033,P004,Apple,Jaipur,266.16,2026-04-20
C018,P003,Tomato,Delhi,50.43,2026-03-21
C014,P004,Apple,Delhi,135.03,2026-03-09
C029,P002,Mango,Mumbai,222.65,2026-06-27
C027,P001,Avocado,Ahmedabad,189.22,2026-02-26
C013,P002,Mango,Mumbai,128.07,2026-05-16
C001,P003,Tomato,Ahmedabad,115.87,2026-05-21
C045,P003,Tomato,Jaipur,62.94,2026-03-04
C027,P002,Mango,Pune,94.13,2026-01-05
C006,P002,Mango,Ahmedabad,204.27,2026-04-24
C032,P001,Avocado,Mumbai,217.74,2026-06-18
C023,P002,Mango,Pune,242.6,2026-05-31
C037,P001,Avocado,Pune,206.29,2026-01-02
C047,P002,Mango,Mumbai,142.44,2026-01-19
C038,P004,Apple,Delhi,216.54,2026-03-15
C043,P001,Avocado,Delhi,328.71,2026-04-06
C049,P003,Tomato,Delhi,94.24,2026-03-25
C041,P004,Apple,Pune,182.13,2026-01-08
C040,P001,Avocado,Mumbai,170.14,2026-02-04
C001,P003,Tomato,Jaipur,59.07,2026-03-15
C017,P002,Mango,Ahmedabad,149.93,2026-01-11
C020,P002,Mango,Mumbai,89.1,2026-04-19
C047,P003,Tomato,Delhi,99.43,2026-01-13
C040,P004,Apple,Ahmedabad,284.93,2026-04-26
C016,P003,Tomato,Delhi,107.37,2026-04-17
C037,P004,Apple,Pune,174.1,2026-06-11
C040,P004,Apple,Pune,260.57,2026-04-05
C001,P004,Apple,Jaipur,166.77,2026-06-05
C008,P001,Avocado,Mumbai,310.83,2026-03-15
C034,P001,Avocado,Delhi,190.85,2026-06-22
C033,P003,Tomato,Delhi,36.98,2026-02-17
C035,P002,Mango,Ahmedabad,99.24,2026-06-17
C004,P001,Avocado,Pune,222.94,2026-01-28
C044,P003,Tomato,Jaipur,104.2,2026-01-10
C005,P003,Tomato,Ahmedabad,115.8,2026-04-12
C008,P001,Avocado,Jaipur,307.02,2026-06-29
C029,P001,Avocado,Delhi,211.35,2026-04-27
C007,P003,Tomato,Ahmedabad,41.87,2026-03-19
C027,P004,Apple,Pune,272.22,2026-01-31
C023,P004,Apple,Jaipur,258.66,2026-02-24
C026,P001,Avocado,Mumbai,303.02,2026-01-05
C031,P004,Apple,Delhi,299.16,2026-03-02
C049,P003,Tomato,Delhi,63.86,2026-01-01
C003,P002,Mango,Delhi,130.54,2026-01-17
C009,P002,Mango,Mumbai,163.46,2026-05-17
C019,P003,Tomato,Mumbai,75.77,2026-06-18
C035,P001,Avocado,Mumbai,338.84,2026-04-02
C034,P004,Apple,Ahmedabad,209.09,2026-05-25
C017,P004,Apple,Jaipur,298.56,2026-01-24
C040,P003,Tomato,Pune,95.42,2026-05-09
C018,P003,Tomato,Jaipur,66.86,2026-01-20
C016,P003,Tomato,Ahmedabad,117.02,2026-01-23
C049,P002,Mango,Ahmedabad,178.06,2026-05-15
C023,P004,Apple,Delhi,186.93,2026-03-20
C046,P001,Avocado,Delhi,165.47,2026-03-26
C011,P001,Avocado,Delhi,200.83,2026-01-28
C030,P002,Mango,Mumbai,127.13,2026-02-09
C011,P002,Mango,Ahmedabad,206.2,2026-03-01
C002,P003,Tomato,Mumbai,116.83,2026-05-03
C006,P003,Tomato,Jaipur,98.22,2026-03-24
C023,P001,Avocado,Mumbai,291.08,2026-05-27
C013,P002,Mango,Delhi,95.25,2026-06-04
C031,P004,Apple,Delhi,221.5,2026-06-19
C049,P001,Avocado,Delhi,349.24,2026-06-16
C049,P002,Mango,Pune,91.1,2026-02-09
C014,P001,Avocado,Ahmedabad,221.85,2026-03-09
C006,P003,Tomato,Pune,59.7,2026-02-22
C047,P002,Mango,Delhi,201.72,2026-01-12
C015,P003,Tomato,Pune,107.94,2026-05-12
C049,P001,Avocado,Mumbai,334.65,2026-01-19
C007,P003,Tomato,Pune,34.19,2026-01-31
C042,P002,Mango,Mumbai,174.92,2026-02-06
C042,P004,Apple,Mumbai,151.06,2026-04-27
C036,P003,Tomato,Ahmedabad,114.83,2026-01-23
C029,P003,Tomato,Ahmedabad,115.77,2026-01-22
C021,P004,Apple,Pune,299.17,2026-04-25
C029,P002,Mango,Mumbai,128.94,2026-04-18
C006,P001,Avocado,Delhi,317.66,2026-01-07
C024,P004,Apple,Jaipur,287.79,2026-03-27
C028,P003,Tomato,Ahmedabad,104.12,2026-05-10
C025,P004,Apple,Jaipur,152.59,2026-05-19
C036,P004,Apple,Jaipur,115.71,2026-03-03
C015,P002,Mango,Jaipur,116.25,2026-01-25
C017,P001,Avocado,Pune,213.53,2026-04-01
C023,P002,Mango,Ahmedabad,81.55,2026-05-18
C039,P003,Tomato,Delhi,31.81,2026-06-29
C010,P001,Avocado,Pune,277.14,2026-01-30
C034,P004,Apple,Ahmedabad,188.2,2026-02-13
C029,P002,Mango,Pune,97.62,2026-06-19
C006,P004,Apple,Mumbai,245.0,2026-01-28
C042,P002,Mango,Mumbai,153.2,2026-02-23
C028,P003,Tomato,Ahmedabad,52.78,2026-01-01
C035,P002,Mango,Ahmedabad,219.03,2026-02-14
C012,P002,Mango,Ahmedabad,240.19,2026-06-20
C031,P002,Mango,Mumbai,92.75,2026-03-19
C047,P004,Apple,Ahmedabad,184.32,2026-06-16
C003,P003,Tomato,Ahmedabad,35.88,2026-05-07
C021,P003,Tomato,Pune,82.54,2026-06-05
C024,P003,Tomato,Delhi,112.1,2026-01-24
C037,P003,Tomato,Pune,49.67,2026-03-31
C022,P003,Tomato,Jaipur,82.44,2026-02-06
C025,P004,Apple,Jaipur,203.62,2026-06-07
C034,P001,Avocado,Delhi,227.33,2026-04-26
C043,P004,Apple,Delhi,175.42,2026-06-27
C001,P001,Avocado,Mumbai,214.05,2026-05-24
C002,P002,Mango,Delhi,104.51,2026-03-17
C018,P002,Mango,Ahmedabad,133.45,2026-05-23
C018,P003,Tomato,Mumbai,98.44,2026-01-19
C015,P004,Apple,Mumbai,118.62,2026-02-13
C029,P002,Mango,Delhi,157.41,2026-01-09
C050,P003,Tomato,Pune,48.7,2026-06-27
C032,P002,Mango,Ahmedabad,207.14,2026-05-18
C035,P004,Apple,Ahmedabad,203.52,2026-01-13
C030,P004,Apple,Jaipur,192.56,2026-02-18
C009,P002,Mango,Delhi,197.23,2026-01-28
C041,P003,Tomato,Pune,117.13,2026-01-22
C034,P003,Tomato,Ahmedabad,47.59,2026-02-09
C036,P003,Tomato,Pune,47.48,2026-04-14
C020,P004,Apple,Delhi,278.51,2026-05-28
C010,P003,Tomato,Delhi,98.5,2026-06-13
C027,P002,Mango,Mumbai,86.74,2026-04-08
C010,P003,Tomato,Pune,68.85,2026-01-31
C010,P002,Mango,Jaipur,133.7,2026-02-25
C031,P001,Avocado,Jaipur,190.87,2026-02-24
C005,P001,Avocado,Pune,345.59,2026-01-21
C048,P003,Tomato,Ahmedabad,40.6,2026-01-24
C020,P004,Apple,Delhi,158.73,2026-06-04
C004,P002,Mango,Ahmedabad,204.33,2026-05-05
C007,P004,Apple,Delhi,262.28,2026-05-07
C017,P001,Avocado,Jaipur,193.8,2026-06-06
C034,P004,Apple,Delhi,146.76,2026-02-07
C001,P002,Mango,Mumbai,210.54,2026-05-15
C013,P004,Apple,Jaipur,237.26,2026-01-02
C042,P004,Apple,Jaipur,179.99,2026-01-24
C024,P001,Avocado,Pune,292.4,2026-05-07
C038,P004,Apple,Ahmedabad,218.47,2026-04-27
C020,P001,Avocado,Mumbai,286.51,2026-03-16
C032,P003,Tomato,Delhi,93.7,2026-02-08
C001,P001,Avocado,Ahmedabad,328.56,2026-06-06
C040,P004,Apple,Jaipur,246.02,2026-05-23
C024,P004,Apple,Jaipur,261.63,2026-03-27
C003,P002,Mango,Delhi,178.47,2026-04-04
C013,P004,Apple,Ahmedabad,143.97,2026-04-27
C045,P002,Mango,Ahmedabad,186.65,2026-03-16
C012,P002,Mango,Jaipur,233.73,2026-04-01
C009,P002,Mango,Jaipur,87.18,2026-01-03
C008,P001,Avocado,Pune,270.22,2026-01-07
C012,P001,Avocado,Delhi,309.25,2026-04-20
C023,P002,Mango,Delhi,202.51,2026-03-24
C024,P004,Apple,Pune,216.82,2026-03-13
C034,P004,Apple,Delhi,148.93,2026-02-21
C015,P001,Avocado,Delhi,286.3,2026-06-19
C046,P001,Avocado,Jaipur,154.23,2026-06-12
C001,P003,Tomato,Ahmedabad,33.61,2026-06-08
C024,P004,Apple,Delhi,103.71,2026-04-19
C040,P003,Tomato,Pune,68.48,2026-05-29
C046,P002,Mango,Mumbai,119.49,2026-02-19
C033,P002,Mango,Mumbai,111.52,2026-01-14
C045,P003,Tomato,Delhi,63.27,2026-02-07
C036,P001,Avocado,Delhi,222.4,2026-04-13
C031,P004,Apple,Mumbai,203.24,2026-04-24
C033,P003,Tomato,Delhi,110.15,2026-04-14
C003,P003,Tomato,Pune,34.59,2026-02-04
C009,P001,Avocado,Pune,309.17,2026-06-05
C019,P004,Apple,Delhi,217.78,2026-04-08
C044,P001,Avocado,Ahmedabad,185.09,2026-04-23
C035,P003,Tomato,Delhi,77.76,2026-05-05
C042,P001,Avocado,Mumbai,266.5,2026-01-01
C018,P004,Apple,Pune,285.1,2026-05-18
C011,P001,Avocado,Mumbai,235.14,2026-05-19
C024,P004,Apple,Jaipur,177.56,2026-03-16
C014,P004,Apple,Delhi,265.91,2026-03-31
C015,P004,Apple,Mumbai,282.89,2026-02-25
C009,P001,Avocado,Jaipur,191.94,2026-04-25
C016,P002,Mango,Ahmedabad,155.02,2026-01-31
C032,P002,Mango,Mumbai,129.48,2026-04-17
C041,P003,Tomato,Mumbai,79.52,2026-06-16
C041,P002,Mango,Ahmedabad,163.94,2026-01-15
C046,P003,Tomato,Pune,56.94,2026-05-07
C020,P004,Apple,Pune,196.4,2026-06-11
C006,P003,Tomato,Ahmedabad,70.28,2026-01-27
C005,P002,Mango,Mumbai,213.65,2026-01-09
C033,P002,Mango,Jaipur,160.59,2026-03-06
C024,P003,Tomato,Jaipur,33.07,2026-04-07
C041,P001,Avocado,Ahmedabad,210.4,2026-04-09
C020,P004,Apple,Pune,249.67,2026-02-15
C021,P002,Mango,Mumbai,95.43,2026-02-22
C018,P002,Mango,Ahmedabad,89.65,2026-03-30
C036,P004,Apple,Mumbai,169.48,2026-02-01
C045,P003,Tomato,Mumbai,71.75,2026-06-18
C039,P002,Mango,Ahmedabad,97.8,2026-06-25
C042,P001,Avocado,Mumbai,248.37,2026-05-26
C011,P001,Avocado,Ahmedabad,328.55,2026-05-01
C005,P002,Mango,Jaipur,104.83,2026-01-11
C005,P003,Tomato,Ahmedabad,69.0,2026-04-14
C042,P003,Tomato,Ahmedabad,118.42,2026-04-30
C039,P001,Avocado,Delhi,157.3,2026-04-16
C013,P004,Apple,Mumbai,286.15,2026-06-09
C042,P002,Mango,Delhi,88.47,2026-06-26
C010,P003,Tomato,Delhi,76.09,2026-06-23
C023,P001,Avocado,Pune,258.27,2026-05-10
C014,P001,Avocado,Pune,266.89,2026-02-27
C033,P004,Apple,Jaipur,299.31,2026-04-08
C048,P001,Avocado,Delhi,273.24,2026-03-28
C018,P004,Apple,Delhi,118.61,2026-02-06
C045,P001,Avocado,Delhi,256.91,2026-06-12
C005,P002,Mango,Ahmedabad,179.09,2026-04-01
C036,P002,Mango,Pune,215.03,2026-05-04
C021,P001,Avocado,Delhi,321.98,2026-05-15
C015,P003,Tomato,Mumbai,82.77,2026-01-07
C028,P002,Mango,Jaipur,145.66,2026-01-11
C010,P002,Mango,Ahmedabad,123.22,2026-06-14
C039,P003,Tomato,Ahmedabad,103.78,2026-01-21
C012,P003,Tomato,Jaipur,101.2,2026-01-17
C045,P003,Tomato,Mumbai,104.19,2026-04-02
C045,P002,Mango,Delhi,249.17,2026-01-12
C029,P001,Avocado,Pune,230.48,2026-05-23
C022,P002,Mango,Delhi,186.33,2026-05-16
C015,P004,Apple,Pune,192.51,2026-04-16
C002,P001,Avocado,Ahmedabad,235.75,2026-04-07
C030,P002,Mango,Mumbai,90.94,2026-05-13
C019,P004,Apple,Pune,161.45,2026-03-05
C010,P001,Avocado,Delhi,184.66,2026-06-02
C001,P001,Avocado,Pune,244.15,2026-04-26
C037,P004,Apple,Ahmedabad,200.2,2026-05-20
C032,P001,Avocado,Delhi,338.32,2026-02-09
C032,P001,Avocado,Ahmedabad,310.74,2026-01-23
C008,P004,Apple,Pune,220.02,2026-04-26
C009,P001,Avocado,Mumbai,235.33,2026-05-21
C016,P004,Apple,Delhi,263.52,2026-04-17
C008,P004,Apple,Delhi,165.65,2026-04-17
C030,P002,Mango,Ahmedabad,230.76,2026-02-01
C028,P004,Apple,Mumbai,196.31,2026-04-23
C043,P001,Avocado,Pune,329.21,2026-01-07
C030,P004,Apple,Ahmedabad,120.43,2026-06-06
C020,P001,Avocado,Pune,314.83,2026-06-30
C041,P001,Avocado,Delhi,226.8,2026-04-19
C049,P003,Tomato,Mumbai,75.05,2026-01-19
C042,P003,Tomato,Pune,79.06,2026-01-20
C033,P004,Apple,Ahmedabad,142.6,2026-02-23
C027,P004,Apple,Delhi,216.12,2026-03-27
C010,P003,Tomato,Mumbai,111.17,2026-05-02
C047,P003,Tomato,Delhi,42.19,2026-06-07
C040,P003,Tomato,Pune,102.48,2026-02-03
C017,P001,Avocado,Pune,230.34,2026-02-07
C018,P003,Tomato,Jaipur,39.27,2026-02-17
C034,P004,Apple,Mumbai,272.4,2026-03-30
C049,P004,Apple,Jaipur,233.7,2026-05-07
C020,P004,Apple,Delhi,252.16,2026-01-04
C009,P002,Mango,Delhi,120.17,2026-02-03
C047,P004,Apple,Ahmedabad,130.98,2026-03-27
C021,P002,Mango,Ahmedabad,119.57,2026-01-25
C042,P001,Avocado,Delhi,321.62,2026-04-19
C022,P002,Mango,Pune,206.81,2026-01-31
C036,P003,Tomato,Jaipur,35.18,2026-02-28
C016,P002,Mango,Mumbai,249.07,2026-01-14
C004,P002,Mango,Jaipur,128.02,2026-03-01
C003,P002,Mango,Mumbai,126.3,2026-02-27
C022,P001,Avocado,Delhi,341.16,2026-06-09
C027,P001,Avocado,Jaipur,172.2,2026-04-20
C003,P004,Apple,Mumbai,189.52,2026-06-01
C044,P001,Avocado,Pune,169.7,2026-04-16
C027,P001,Avocado,Pune,261.0,2026-03-04
C027,P003,Tomato,Mumbai,68.19,2026-02-23
C040,P004,Apple,Ahmedabad,140.41,2026-05-20
C028,P003,Tomato,Delhi,44.65,2026-04-24
C032,P002,Mango,Ahmedabad,218.47,2026-02-21
C002,P001,Avocado,Jaipur,214.81,2026-05-15
C014,P004,Apple,Mumbai,216.64,2026-01-30
C049,P004,Apple,Delhi,138.08,2026-06-22
C013,P001,Avocado,Jaipur,250.03,2026-03-24
C018,P003,Tomato,Ahmedabad,70.85,2026-05-19
C035,P001,Avocado,Jaipur,234.7,2026-01-12
C005,P004,Apple,Ahmedabad,119.28,2026-02-22
C010,P004,Apple,Jaipur,265.04,2026-05-16
C034,P003,Tomato,Mumbai,69.25,2026-04-06
C028,P001,Avocado,Mumbai,238.51,2026-03-18
C044,P003,Tomato,Mumbai,80.53,2026-04-21
C044,P003,Tomato,Ahmedabad,32.67,2026-06-23
C036,P004,Apple,Delhi,107.64,2026-05-17
C045,P001,Avocado,Mumbai,325.94,2026-01-25
C049,P002,Mango,Jaipur,92.73,2026-03-30
C049,P004,Apple,Mumbai,185.27,2026-06-11
C005,P004,Apple,Ahmedabad,144.14,2026-01-02
C007,P002,Mango,Jaipur,234.82,2026-04-05
C020,P004,Apple,Ahmedabad,266.15,2026-04-10
C032,P003,Tomato,Mumbai,38.69,2026-03-29
C020,P001,Avocado,Delhi,290.25,2026-03-11
C005,P001,Avocado,Delhi,192.2,2026-01-02
C026,P003,Tomato,Jaipur,72.64,2026-05-23
C028,P001,Avocado,Delhi,174.68,2026-01-19
C044,P004,Apple,Mumbai,215.7,2026-06-20
C003,P001,Avocado,Ahmedabad,212.02,2026-04-20
C032,P001,Avocado,Delhi,231.06,2026-01-28
C034,P001,Avocado,Ahmedabad,215.62,2026-03-06
C036,P004,Apple,Pune,225.22,2026-04-09
C035,P001,Avocado,Delhi,261.04,2026-04-01
C021,P004,Apple,Mumbai,206.34,2026-03-09
C047,P003,Tomato,Jaipur,32.49,2026-03-05
C027,P002,Mango,Delhi,171.34,2026-02-23
C045,P002,Mango,Pune,172.78,2026-05-15
C048,P002,Mango,Ahmedabad,89.16,2026-06-26
C042,P004,Apple,Ahmedabad,129.1,2026-06-19
C016,P002,Mango,Ahmedabad,160.66,2026-02-26
C036,P002,Mango,Ahmedabad,212.52,2026-04-26
C024,P002,Mango,Pune,214.7,2026-02-24
C046,P001,Avocado,Delhi,157.46,2026-06-22
C010,P002,Mango,Delhi,110.9,2026-05-30
C034,P001,Avocado,Jaipur,240.2,2026-02-28
C041,P004,Apple,Ahmedabad,158.6,2026-03-13
C010,P004,Apple,Pune,266.83,2026-01-27
C039,P004,Apple,Mumbai,252.3,2026-01-24
C001,P002,Mango,Jaipur,202.45,2026-03-19
C036,P004,Apple,Ahmedabad,168.87,2026-05-02
C003,P002,Mango,Mumbai,211.05,2026-03-22
C009,P001,Avocado,Mumbai,155.38,2026-06-19
C018,P003,Tomato,Pune,107.77,2026-03-03
C019,P002,Mango,Pune,102.9,2026-04-13
C015,P004,Apple,Jaipur,295.5,2026-06-19
C039,P003,Tomato,Ahmedabad,56.97,2026-01-10
C017,P003,Tomato,Delhi,85.05,2026-05-01
C029,P001,Avocado,Ahmedabad,271.7,2026-01-10
C025,P004,Apple,Mumbai,136.39,2026-02-08
C010,P001,Avocado,Delhi,164.7,2026-01-09
C035,P001,Avocado,Delhi,316.52,2026-03-19
C006,P001,Avocado,Jaipur,172.29,2026-02-24
C041,P002,Mango,Delhi,103.13,2026-04-14
C016,P002,Mango,Jaipur,134.82,2026-05-21
C038,P001,Avocado,Jaipur,152.18,2026-04-19
C014,P003,Tomato,Delhi,113.89,2026-05-21
C002,P004,Apple,Delhi,253.45,2026-04-20
C049,P002,Mango,Ahmedabad,169.15,2026-02-24
C008,P004,Apple,Delhi,117.93,2026-01-02
C009,P004,Apple,Delhi,136.41,2026-06-30
C004,P003,Tomato,Ahmedabad,117.48,2026-04-01
C023,P002,Mango,Mumbai,120.53,2026-02-06
C026,P002,Mango,Pune,198.99,2026-03-09
C045,P003,Tomato,Ahmedabad,91.54,2026-05-03
C028,P002,Mango,Delhi,102.75,2026-06-30
C005,P003,Tomato,Ahmedabad,88.65,2026-05-04
C026,P004,Apple,Mumbai,167.47,2026-04-23
C032,P003,Tomato,Delhi,107.5,2026-03-26
C015,P001,Avocado,Jaipur,277.27,2026-01-03
C017,P002,Mango,Jaipur,141.06,2026-04-24
C027,P001,Avocado,Mumbai,334.75,2026-04-01
C032,P004,Apple,Mumbai,268.86,2026-02-26
C013,P001,Avocado,Mumbai,273.29,2026-04-11
C010,P001,Avocado,Delhi,345.8,2026-03-14
C041,P003,Tomato,Ahmedabad,117.7,2026-04-26
C036,P001,Avocado,Mumbai,155.82,2026-03-30
C042,P002,Mango,Mumbai,184.92,2026-02-07
C028,P002,Mango,Delhi,101.44,2026-04-26
C022,P001,Avocado,Mumbai,171.32,2026-02-19
C023,P002,Mango,Jaipur,189.83,2026-06-19
C044,P001,Avocado,Mumbai,321.64,2026-01-19
C047,P003,Tomato,Ahmedabad,109.69,2026-04-14
C037,P001,Avocado,Mumbai,187.6,2026-03-27
C012,P002,Mango,Pune,214.75,2026-06-25
C042,P001,Avocado,Ahmedabad,276.07,2026-01-15
C040,P003,Tomato,Ahmedabad,64.38,2026-01-14
C006,P002,Mango,Pune,81.42,2026-02-28
C001,P004,Apple,Ahmedabad,112.4,2026-04-20
C029,P003,Tomato,Delhi,55.68,2026-05-19
C046,P003,Tomato,Delhi,32.46,2026-05-18
C003,P002,Mango,Delhi,151.54,2026-06-05
C046,P004,Apple,Delhi,150.81,2026-03-14
C043,P004,Apple,Delhi,125.11,2026-06-15
C048,P002,Mango,Delhi,126.14,2026-05-14
C021,P001,Avocado,Ahmedabad,152.72,2026-06-20
C001,P002,Mango,Pune,146.51,2026-05-16
C028,P001,Avocado,Mumbai,216.2,2026-04-18
C035,P002,Mango,Delhi,206.83,2026-03-08
C050,P003,Tomato,Jaipur,100.46,2026-03-07
C029,P002,Mango,Ahmedabad,100.39,2026-05-28
C007,P002,Mango,Pune,160.69,2026-02-04
C007,P003,Tomato,Jaipur,86.52,2026-05-24
C043,P001,Avocado,Jaipur,280.36,2026-03-22
C022,P001,Avocado,Mumbai,251.38,2026-04-27
C033,P004,Apple,Pune,258.16,2026-06-24
C017,P001,Avocado,Pune,158.02,2026-05-20
C043,P003,Tomato,Delhi,92.59,2026-03-23
C022,P004,Apple,Ahmedabad,215.94,2026-02-02
C002,P004,Apple,Jaipur,168.52,2026-03-31
C043,P004,Apple,Ahmedabad,139.73,2026-02-16
C037,P002,Mango,Mumbai,195.94,2026-04-05
C033,P004,Apple,Jaipur,172.22,2026-02-28
C017,P002,Mango,Ahmedabad,152.89,2026-03-03
C037,P004,Apple,Delhi,285.18,2026-01-07
C019,P004,Apple,Jaipur,169.29,2026-05-27
C007,P001,Avocado,Ahmedabad,322.38,2026-06-30
C022,P002,Mango,Delhi,200.95,2026-04-13
C031,P001,Avocado,Delhi,297.77,2026-03-21
C025,P001,Avocado,Ahmedabad,171.72,2026-01-16
C049,P001,Avocado,Ahmedabad,341.94,2026-05-29
C044,P003,Tomato,Pune,82.36,2026-02-03
C015,P004,Apple,Ahmedabad,286.97,2026-01-10
C005,P001,Avocado,Delhi,220.05,2026-01-14
C047,P003,Tomato,Jaipur,111.72,2026-05-20
C004,P003,Tomato,Delhi,106.55,2026-03-17
C013,P004,Apple,Delhi,192.34,2026-02-18
C040,P001,Avocado,Pune,182.68,2026-01-29
C035,P001,Avocado,Pune,181.89,2026-04-30
C017,P001,Avocado,Pune,189.52,2026-05-20
C029,P001,Avocado,Delhi,207.03,2026-05-28
C043,P002,Mango,Ahmedabad,146.52,2026-05-14
C021,P002,Mango,Pune,154.8,2026-01-15
C023,P002,Mango,Ahmedabad,159.35,2026-05-15
C011,P001,Avocado,Mumbai,339.96,2026-02-11
C049,P002,Mango,Jaipur,132.95,2026-04-17
C013,P001,Avocado,Ahmedabad,318.21,2026-02-10
C048,P002,Mango,Jaipur,139.11,2026-04-11
C026,P002,Mango,Mumbai,90.86,2026-01-27
C005,P004,Apple,Jaipur,121.82,2026-01-19
C002,P001,Avocado,Mumbai,334.79,2026-04-23
C037,P002,Mango,Jaipur,121.11,2026-04-03
C035,P002,Mango,Mumbai,111.8,2026-02-16
C044,P003,Tomato,Jaipur,70.3,2026-03-12
C050,P002,Mango,Mumbai,95.05,2026-03-14
C031,P001,Avocado,Pune,185.91,2026-03-06
C039,P004,Apple,Ahmedabad,264.02,2026-06-21
C040,P004,Apple,Jaipur,175.48,2026-01-22
C043,P004,Apple,Mumbai,169.76,2026-04-25
C007,P004,Apple,Delhi,148.19,2026-05-04
C010,P002,Mango,Pune,190.85,2026-02-19
C013,P003,Tomato,Mumbai,65.28,2026-05-18
C048,P001,Avocado,Pune,243.79,2026-04-26
C046,P004,Apple,Pune,127.0,2026-01-20
C035,P002,Mango,Ahmedabad,97.79,2026-06-02
C035,P003,Tomato,Mumbai,61.04,2026-06-11
C004,P002,Mango,Mumbai,177.02,2026-04-27
C045,P003,Tomato,Ahmedabad,110.44,2026-01-22
C040,P001,Avocado,Jaipur,280.18,2026-04-21
C010,P004,Apple,Ahmedabad,159.17,2026-06-18
C002,P004,Apple,Jaipur,298.42,2026-01-31
C041,P003,Tomato,Ahmedabad,92.68,2026-01-28
C012,P003,Tomato,Mumbai,50.11,2026-06-19
C004,P002,Mango,Pune,81.64,2026-01-11
C023,P004,Apple,Pune,237.57,2026-02-26
C026,P003,Tomato,Ahmedabad,70.59,2026-03-28
C009,P004,Apple,Pune,226.91,2026-05-18
C013,P002,Mango,Pune,144.64,2026-06-09
C015,P004,Apple,Jaipur,130.94,2026-06-30
C039,P003,Tomato,Delhi,96.03,2026-03-05
C013,P004,Apple,Ahmedabad,276.12,2026-06-25
C047,P003,Tomato,Jaipur,111.31,2026-01-11
C050,P001,Avocado,Jaipur,223.98,2026-05-23
C013,P004,Apple,Pune,242.57,2026-04-21
C018,P002,Mango,Delhi,157.64,2026-06-03
C039,P003,Tomato,Mumbai,102.17,2026-06-03
C028,P003,Tomato,Ahmedabad,46.97,2026-06-18
C027,P001,Avocado,Ahmedabad,309.23,2026-03-04
C019,P004,Apple,Ahmedabad,169.69,2026-04-18
C019,P003,Tomato,Ahmedabad,32.77,2026-02-10
C013,P001,Avocado,Jaipur,321.18,2026-01-10
C027,P004,Apple,Mumbai,214.73,2026-06-22
C037,P003,Tomato,Jaipur,90.76,2026-02-06
C002,P004,Apple,Jaipur,201.92,2026-02-14
C047,P004,Apple,Jaipur,295.99,2026-03-21
C029,P004,Apple,Ahmedabad,245.49,2026-01-22
C008,P001,Avocado,Pune,344.11,2026-01-06
C003,P004,Apple,Jaipur,285.44,2026-03-07
C011,P002,Mango,Mumbai,226.69,2026-04-23
C050,P004,Apple,Pune,139.52,2026-03-19
C042,P003,Tomato,Mumbai,119.17,2026-03-05
C024,P001,Avocado,Delhi,182.4,2026-01-01
C014,P003,Tomato,Mumbai,80.71,2026-01-02
C045,P001,Avocado,Ahmedabad,183.59,2026-03-17
C012,P001,Avocado,Mumbai,215.85,2026-05-22
C037,P003,Tomato,Jaipur,70.34,2026-04-10
C005,P004,Apple,Mumbai,291.98,2026-05-02
C029,P002,Mango,Ahmedabad,127.97,2026-04-19
C034,P001,Avocado,Jaipur,207.49,2026-01-03
C007,P001,Avocado,Jaipur,341.74,2026-06-22
C027,P004,Apple,Jaipur,247.32,2026-04-13
C034,P001,Avocado,Mumbai,280.86,2026-06-15
C005,P001,Avocado,Ahmedabad,209.99,2026-01-08
C048,P001,Avocado,Pune,160.08,2026-03-04
C021,P003,Tomato,Pune,45.7,2026-03-08
C006,P004,Apple,Jaipur,139.88,2026-03-29
C048,P003,Tomato,Pune,44.91,2026-05-15
C003,P001,Avocado,Delhi,293.96,2026-06-12
C007,P001,Avocado,Ahmedabad,193.86,2026-05-30
C037,P001,Avocado,Jaipur,204.81,2026-06-15
C024,P004,Apple,Jaipur,256.17,2026-04-25
C003,P004,Apple,Mumbai,166.01,2026-04-21
C009,P001,Avocado,Jaipur,270.41,2026-02-25
C046,P001,Avocado,Mumbai,198.93,2026-03-16
C026,P003,Tomato,Ahmedabad,101.19,2026-01-21
C015,P001,Avocado,Delhi,316.0,2026-01-01
C024,P002,Mango,Pune,152.63,2026-01-10
C028,P001,Avocado,Ahmedabad,268.86,2026-06-17
C043,P002,Mango,Jaipur,119.78,2026-04-12
C027,P004,Apple,Delhi,166.34,2026-03-08
C014,P002,Mango,Pune,142.78,2026-03-24
C007,P004,Apple,Mumbai,136.01,2026-06-13
C048,P002,Mango,Jaipur,117.13,2026-05-02
C045,P002,Mango,Jaipur,210.29,2026-03-06
C003,P003,Tomato,Jaipur,46.11,2026-02-13
C044,P003,Tomato,Pune,79.42,2026-02-08
C006,P004,Apple,Mumbai,131.85,2026-06-07
C048,P002,Mango,Pune,107.73,2026-05-13
C020,P003,Tomato,Delhi,68.04,2026-02-22
C003,P003,Tomato,Mumbai,79.6,2026-06-09
C012,P001,Avocado,Mumbai,183.43,2026-03-16
C049,P001,Avocado,Jaipur,338.58,2026-06-17
C029,P002,Mango,Delhi,165.1,2026-06-20
C020,P004,Apple,Jaipur,136.87,2026-01-02
C024,P002,Mango,Delhi,205.22,2026-04-20
C048,P001,Avocado,Jaipur,164.99,2026-02-06
C030,P004,Apple,Pune,184.5,2026-01-20
C012,P003,Tomato,Mumbai,93.67,2026-01-02
C006,P002,Mango,Delhi,191.75,2026-01-17
C015,P001,Avocado,Mumbai,239.18,2026-05-17
C004,P001,Avocado,Ahmedabad,262.7,2026-01-02
C016,P002,Mango,Delhi,162.52,2026-02-01
C046,P001,Avocado,Jaipur,250.29,2026-05-05
C013,P002,Mango,Pune,88.57,2026-02-05
C015,P004,Apple,Jaipur,228.73,2026-05-01
C014,P003,Tomato,Pune,32.77,2026-06-03
C032,P004,Apple,Ahmedabad,126.09,2026-03-20
C033,P003,Tomato,Ahmedabad,35.81,2026-01-05
C043,P002,Mango,Mumbai,139.39,2026-02-15
C028,P004,Apple,Jaipur,134.17,2026-05-17
C025,P001,Avocado,Ahmedabad,191.16,2026-05-08
C027,P004,Apple,Jaipur,113.48,2026-02-13
C010,P001,Avocado,Mumbai,325.88,2026-06-05
C042,P002,Mango,Delhi,204.0,2026-02-22
C006,P001,Avocado,Ahmedabad,332.09,2026-04-20
C017,P002,Mango,Delhi,220.41,2026-05-18
C022,P001,Avocado,Delhi,162.18,2026-03-06
C026,P004,Apple,Mumbai,220.89,2026-03-30
C045,P004,Apple,Jaipur,150.65,2026-05-09
C034,P002,Mango,Ahmedabad,107.25,2026-04-01
C042,P004,Apple,Ahmedabad,108.51,2026-05-20
C026,P001,Avocado,Mumbai,245.44,2026-03-25
C001,P002,Mango,Mumbai,176.29,2026-01-23
C027,P004,Apple,Ahmedabad,131.84,2026-03-21
C026,P003,Tomato,Ahmedabad,108.2,2026-06-27
C030,P003,Tomato,Mumbai,54.9,2026-04-30
C017,P002,Mango,Jaipur,217.11,2026-05-08
C045,P002,Mango,Delhi,213.0,2026-05-03
C046,P003,Tomato,Delhi,44.87,2026-04-03
C050,P002,Mango,Ahmedabad,236.44,2026-01-04
C043,P003,Tomato,Ahmedabad,118.25,2026-03-20
C003,P001,Avocado,Delhi,261.96,2026-06-10
C028,P002,Mango,Jaipur,249.61,2026-06-29
C021,P002,Mango,Ahmedabad,208.3,2026-05-29
C012,P001,Avocado,Ahmedabad,170.16,2026-02-11
C001,P002,Mango,Pune,144.79,2026-04-19
C030,P003,Tomato,Delhi,61.52,2026-02-04
C034,P001,Avocado,Jaipur,173.79,2026-06-07
C029,P003,Tomato,Mumbai,81.35,2026-05-20
C008,P004,Apple,Ahmedabad,210.46,2026-05-19
C008,P001,Avocado,Ahmedabad,224.13,2026-06-04
C015,P002,Mango,Mumbai,108.53,2026-02-06
C015,P004,Apple,Mumbai,167.86,2026-03-07
C003,P004,Apple,Mumbai,122.76,2026-05-10
C009,P002,Mango,Jaipur,207.78,2026-05-24
C027,P003,Tomato,Mumbai,100.49,2026-03-02
C048,P002,Mango,Pune,187.07,2026-06-29
C045,P001,Avocado,Pune,266.29,2026-02-20
C041,P003,Tomato,Pune,89.16,2026-04-25
C007,P003,Tomato,Delhi,99.82,2026-03-06
C048,P001,Avocado,Mumbai,157.56,2026-03-26
C026,P002,Mango,Delhi,167.63,2026-05-12
C021,P003,Tomato,Jaipur,73.45,2026-05-13
C005,P004,Apple,Delhi,280.16,2026-03-14
C022,P001,Avocado,Mumbai,313.66,2026-02-11
C015,P002,Mango,Mumbai,95.47,2026-05-25
C026,P003,Tomato,Pune,68.1,2026-04-26
C011,P003,Tomato,Ahmedabad,52.12,2026-01-23
C016,P001,Avocado,Pune,241.43,2026-03-03
C046,P002,Mango,Mumbai,163.39,2026-01-17
C036,P002,Mango,Jaipur,221.59,2026-01-27
C041,P001,Avocado,Jaipur,177.7,2026-04-16
C009,P002,Mango,Delhi,204.84,2026-02-26
C028,P003,Tomato,Delhi,113.67,2026-02-17
C044,P001,Avocado,Ahmedabad,254.79,2026-06-11
C040,P003,Tomato,Jaipur,76.06,2026-04-13
C032,P001,Avocado,Delhi,252.1,2026-01-08
C050,P001,Avocado,Ahmedabad,165.83,2026-06-01
C028,P003,Tomato,Delhi,65.51,2026-02-20
C030,P001,Avocado,Ahmedabad,257.62,2026-02-25
C045,P001,Avocado,Jaipur,259.06,2026-06-19
C030,P003,Tomato,Mumbai,63.03,2026-03-25
C029,P001,Avocado,Pune,225.09,2026-04-08
C015,P004,Apple,Ahmedabad,116.97,2026-01-24
C038,P004,Apple,Mumbai,250.81,2026-04-09
C025,P001,Avocado,Mumbai,222.6,2026-01-28
C028,P003,Tomato,Delhi,94.53,2026-06-01
C010,P003,Tomato,Jaipur,64.56,2026-03-07
C001,P003,Tomato,Delhi,89.93,2026-01-16
C014,P004,Apple,Pune,147.03,2026-01-28
C018,P001,Avocado,Mumbai,166.24,2026-03-25
C046,P001,Avocado,Pune,170.65,2026-01-07
C048,P001,Avocado,Mumbai,334.34,2026-06-01
C050,P002,Mango,Pune,91.7,2026-04-16
C049,P002,Mango,Ahmedabad,156.97,2026-02-03
C050,P004,Apple,Jaipur,228.51,2026-02-12
C047,P001,Avocado,Ahmedabad,327.02,2026-03-24
C032,P003,Tomato,Pune,117.2,2026-06-05
C003,P001,Avocado,Jaipur,274.99,2026-02-09
C016,P004,Apple,Delhi,128.4,2026-01-13
C047,P002,Mango,Mumbai,140.56,2026-06-25
C045,P004,Apple,Mumbai,131.35,2026-01-08
C014,P004,Apple,Jaipur,243.82,2026-01-24
C007,P001,Avocado,Mumbai,206.33,2026-04-03
C026,P002,Mango,Ahmedabad,114.58,2026-02-21
C041,P003,Tomato,Ahmedabad,114.1,2026-06-01
C037,P003,Tomato,Jaipur,88.29,2026-05-16
C008,P003,Tomato,Jaipur,91.14,2026-05-12
C007,P004,Apple,Ahmedabad,264.76,2026-05-20
C003,P004,Apple,Ahmedabad,192.15,2026-03-27
C034,P001,Avocado,Mumbai,217.66,2026-05-05
C045,P001,Avocado,Delhi,236.79,2026-03-27
C005,P002,Mango,Mumbai,163.54,2026-02-28
C039,P003,Tomato,Delhi,74.87,2026-05-11
C009,P002,Mango,Mumbai,181.34,2026-05-10
C014,P004,Apple,Mumbai,295.69,2026-02-05
C029,P004,Apple,Mumbai,252.62,2026-03-08
C017,P001,Avocado,Ahmedabad,217.51,2026-06-09
C033,P003,Tomato,Ahmedabad,39.78,2026-04-05
C005,P001,Avocado,Jaipur,229.94,2026-02-20
C001,P004,Apple,Jaipur,109.67,2026-03-20
C001,P002,Mango,Ahmedabad,101.01,2026-03-04
C003,P002,Mango,Pune,202.64,2026-05-31
C024,P004,Apple,Ahmedabad,178.33,2026-01-03
C042,P004,Apple,Delhi,129.06,2026-05-30
C019,P001,Avocado,Ahmedabad,298.17,2026-06-06
C046,P003,Tomato,Delhi,36.04,2026-03-11
C022,P002,Mango,Pune,115.54,2026-02-09
C003,P001,Avocado,Jaipur,280.91,2026-05-08
C014,P004,Apple,Mumbai,229.22,2026-06-12
C040,P004,Apple,Delhi,151.8,2026-03-16
C025,P004,Apple,Pune,189.18,2026-03-20
C001,P001,Avocado,Jaipur,269.16,2026-01-31
C038,P002,Mango,Pune,176.6,2026-04-15
C038,P002,Mango,Delhi,165.44,2026-03-31
C025,P002,Mango,Ahmedabad,115.58,2026-02-26
C008,P003,Tomato,Delhi,74.55,2026-02-22
C002,P002,Mango,Pune,139.5,2026-03-08
C028,P002,Mango,Pune,147.97,2026-04-08
C046,P002,Mango,Jaipur,198.14,2026-03-02
C049,P002,Mango,Jaipur,169.6,2026-05-25
C032,P001,Avocado,Jaipur,245.09,2026-02-28
C033,P003,Tomato,Mumbai,43.81,2026-05-02
C036,P001,Avocado,Ahmedabad,250.83,2026-05-31
C024,P003,Tomato,Delhi,73.75,2026-06-09
C042,P002,Mango,Mumbai,134.73,2026-06-15
C044,P003,Tomato,Jaipur,83.18,2026-01-10
C001,P004,Apple,Pune,177.16,2026-06-04
C031,P003,Tomato,Delhi,54.06,2026-03-01
C010,P004,Apple,Ahmedabad,282.95,2026-02-26
C002,P004,Apple,Delhi,170.99,2026-04-16
C049,P004,Apple,Delhi,180.68,2026-04-18
C027,P001,Avocado,Ahmedabad,234.0,2026-03-02
C021,P001,Avocado,Pune,300.77,2026-03-20
C021,P004,Apple,Ahmedabad,159.76,2026-05-19
C015,P004,Apple,Jaipur,129.11,2026-05-02
C021,P002,Mango,Jaipur,158.79,2026-03-08
C040,P004,Apple,Delhi,125.23,2026-03-11
C038,P003,Tomato,Ahmedabad,83.44,2026-05-10
C016,P001,Avocado,Ahmedabad,307.38,2026-05-21
C023,P004,Apple,Jaipur,169.65,2026-04-26
C002,P002,Mango,Jaipur,159.54,2026-03-17
C044,P001,Avocado,Delhi,252.42,2026-01-04
C011,P002,Mango,Ahmedabad,229.56,2026-04-29
C004,P004,Apple,Delhi,153.23,2026-02-02
C016,P001,Avocado,Delhi,197.49,2026-04-27
C003,P002,Mango,Jaipur,114.69,2026-02-10
C025,P003,Tomato,Delhi,70.43,2026-05-06
C036,P002,Mango,Jaipur,136.39,2026-06-14
C011,P002,Mango,Delhi,150.32,2026-06-30
C042,P002,Mango,Mumbai,126.69,2026-06-17
C008,P001,Avocado,Jaipur,343.68,2026-04-09
C033,P002,Mango,Mumbai,131.87,2026-01-25
C014,P002,Mango,Ahmedabad,229.39,2026-06-05
C023,P003,Tomato,Pune,44.35,2026-01-27
C033,P002,Mango,Delhi,126.43,2026-04-06
C010,P002,Mango,Jaipur,150.65,2026-01-06
C001,P004,Apple,Ahmedabad,236.04,2026-05-18
C007,P003,Tomato,Delhi,98.84,2026-06-24
C043,P001,Avocado,Pune,289.81,2026-01-30
C007,P004,Apple,Mumbai,267.94,2026-04-17
C044,P001,Avocado,Pune,259.86,2026-05-03
C045,P001,Avocado,Delhi,325.63,2026-01-02
C034,P003,Tomato,Delhi,94.55,2026-03-24
C042,P004,Apple,Delhi,269.1,2026-03-30
C045,P002,Mango,Jaipur,92.38,2026-02-09
C042,P002,Mango,Jaipur,138.42,2026-02-08
C048,P004,Apple,Pune,200.69,2026-03-27
C024,P003,Tomato,Delhi,110.26,2026-05-29
C043,P003,Tomato,Mumbai,82.71,2026-02-28
C027,P001,Avocado,Delhi,285.49,2026-06-09
C046,P004,Apple,Pune,246.74,2026-05-10
C043,P004,Apple,Pune,172.73,2026-03-21
C017,P003,Tomato,Pune,51.88,2026-02-18
C036,P002,Mango,Jaipur,225.87,2026-02-26
C030,P004,Apple,Ahmedabad,223.35,2026-05-17
C039,P003,Tomato,Ahmedabad,47.05,2026-03-27
C016,P004,Apple,Pune,285.67,2026-03-21
C029,P001,Avocado,Delhi,277.91,2026-03-03
C003,P003,Tomato,Delhi,96.65,2026-01-29
C011,P001,Avocado,Pune,152.22,2026-03-31
C001,P003,Tomato,Mumbai,117.56,2026-04-25
C034,P001,Avocado,Delhi,198.22,2026-04-08
C048,P001,Avocado,Jaipur,261.82,2026-05-22
C020,P003,Tomato,Pune,84.05,2026-06-28
C036,P001,Avocado,Pune,181.39,2026-02-05
C042,P003,Tomato,Mumbai,63.43,2026-02-24
C005,P001,Avocado,Delhi,317.41,2026-01-27
C020,P003,Tomato,Jaipur,81.28,2026-06-13
C035,P001,Avocado,Jaipur,301.02,2026-03-27
C048,P002,Mango,Jaipur,146.21,2026-04-23
C031,P001,Avocado,Ahmedabad,276.42,2026-01-31
C014,P002,Mango,Pune,163.14,2026-02-03
C040,P001,Avocado,Jaipur,314.34,2026-05-26
C021,P002,Mango,Jaipur,191.03,2026-04-12
C025,P004,Apple,Mumbai,297.0,2026-05-18
C022,P001,Avocado,Jaipur,281.11,2026-02-02
C019,P004,Apple,Mumbai,267.33,2026-03-24
C020,P003,Tomato,Pune,42.22,2026-02-15
C040,P004,Apple,Mumbai,153.0,2026-06-21
C011,P002,Mango,Ahmedabad,145.41,2026-02-21
C050,P004,Apple,Ahmedabad,177.17,2026-03-03
C029,P001,Avocado,Pune,186.06,2026-04-15
C009,P004,Apple,Mumbai,174.9,2026-06-27
C008,P004,Apple,Delhi,139.97,2026-01-21
C047,P001,Avocado,Jaipur,259.78,2026-06-07
C035,P004,Apple,Delhi,203.17,2026-04-20
C045,P002,Mango,Ahmedabad,129.38,2026-04-15
C028,P002,Mango,Delhi,174.12,2026-06-23
C021,P002,Mango,Ahmedabad,232.35,2026-02-03
C018,P003,Tomato,Pune,97.01,2026-04-03
C034,P004,Apple,Pune,280.57,2026-02-19
C042,P004,Apple,Jaipur,279.23,2026-01-07
C026,P001,Avocado,Mumbai,157.11,2026-03-29
C007,P002,Mango,Mumbai,205.39,2026-02-05
C019,P002,Mango,Mumbai,150.91,2026-01-12
C041,P003,Tomato,Mumbai,112.34,2026-04-12
C010,P002,Mango,Mumbai,185.71,2026-03-10
C041,P004,Apple,Ahmedabad,222.45,2026-06-09
C013,P001,Avocado,Jaipur,155.34,2026-05-27
C024,P004,Apple,Ahmedabad,222.47,2026-03-31
C038,P001,Avocado,Delhi,324.9,2026-06-15
C046,P001,Avocado,Mumbai,207.58,2026-03-02
C024,P004,Apple,Mumbai,274.22,2026-06-30
C021,P002,Mango,Ahmedabad,153.19,2026-06-23
C016,P003,Tomato,Delhi,73.12,2026-05-23
C048,P001,Avocado,Jaipur,328.59,2026-01-16
C040,P001,Avocado,Jaipur,202.04,2026-05-19
C016,P002,Mango,Mumbai,188.04,2026-01-13
C012,P004,Apple,Pune,236.85,2026-04-20
C010,P003,Tomato,Ahmedabad,96.55,2026-02-11
C011,P004,Apple,Ahmedabad,265.08,2026-01-03
C003,P001,Avocado,Ahmedabad,274.76,2026-05-13
C023,P001,Avocado,Jaipur,170.95,2026-05-08
C017,P001,Avocado,Mumbai,182.99,2026-06-15
C035,P003,Tomato,Pune,112.6,2026-03-23
C035,P001,Avocado,Pune,234.25,2026-03-01
C023,P001,Avocado,Delhi,271.97,2026-04-04
C021,P004,Apple,Ahmedabad,108.92,2026-06-17
C027,P004,Apple,Jaipur,291.54,2026-06-23
C020,P001,Avocado,Ahmedabad,165.7,2026-06-02
C024,P003,Tomato,Mumbai,94.88,2026-02-19
C024,P004,Apple,Ahmedabad,216.51,2026-05-14
C019,P003,Tomato,Jaipur,43.89,2026-04-21
C025,P001,Avocado,Pune,245.79,2026-06-20
C049,P001,Avocado,Jaipur,203.88,2026-03-08
C031,P003,Tomato,Pune,107.81,2026-04-27
C027,P001,Avocado,Mumbai,183.54,2026-04-06
C033,P002,Mango,Pune,151.04,2026-05-17
C033,P004,Apple,Delhi,188.24,2026-01-31
C018,P004,Apple,Pune,173.72,2026-04-21
C036,P001,Avocado,Mumbai,303.58,2026-04-21
C011,P003,Tomato,Jaipur,92.89,2026-04-26
C007,P004,Apple,Pune,257.42,2026-03-02
C028,P002,Mango,Ahmedabad,172.93,2026-05-08
C025,P001,Avocado,Mumbai,287.4,2026-03-06
C034,P002,Mango,Jaipur,149.48,2026-06-27
C018,P002,Mango,Ahmedabad,143.31,2026-04-07
C050,P001,Avocado,Ahmedabad,226.81,2026-03-17
C001,P003,Tomato,Delhi,110.77,2026-02-26
C047,P001,Avocado,Ahmedabad,241.88,2026-05-10
C037,P002,Mango,Mumbai,89.7,2026-02-06
C002,P002,Mango,Delhi,192.74,2026-01-10
C019,P003,Tomato,Pune,46.98,2026-05-28
C036,P002,Mango,Pune,238.26,2026-03-19
C046,P002,Mango,Ahmedabad,209.68,2026-02-11
C038,P003,Tomato,Jaipur,65.96,2026-05-04
C037,P002,Mango,Pune,153.11,2026-03-08
C041,P002,Mango,Mumbai,200.09,2026-04-28
C018,P003,Tomato,Delhi,92.65,2026-03-27
C046,P003,Tomato,Ahmedabad,78.92,2026-06-26
C018,P002,Mango,Mumbai,181.69,2026-04-08
C002,P002,Mango,Jaipur,223.85,2026-03-04
C002,P003,Tomato,Pune,48.58,2026-05-28
C024,P004,Apple,Ahmedabad,161.71,2026-04-26
C039,P004,Apple,Pune,208.67,2026-01-31
C031,P003,Tomato,Delhi,98.51,2026-04-13
C003,P003,Tomato,Jaipur,92.3,2026-04-26
C011,P001,Avocado,Jaipur,235.29,2026-02-09
C043,P004,Apple,Ahmedabad,273.99,2026-03-01
C022,P004,Apple,Mumbai,203.41,2026-04-12
C027,P003,Tomato,Pune,104.76,2026-01-20
C028,P002,Mango,Delhi,242.07,2026-06-11
C043,P004,Apple,Mumbai,175.22,2026-05-14
C028,P001,Avocado,Ahmedabad,207.44,2026-04-12
C017,P002,Mango,Delhi,201.32,2026-04-06
C048,P004,Apple,Pune,273.5,2026-02-06
C012,P004,Apple,Ahmedabad,107.43,2026-01-04
C020,P003,Tomato,Pune,46.11,2026-04-24
C042,P001,Avocado,Delhi,236.69,2026-02-18
C004,P003,Tomato,Delhi,64.7,2026-04-01
C018,P003,Tomato,Pune,99.31,2026-01-04
C043,P003,Tomato,Jaipur,76.06,2026-06-04
C044,P001,Avocado,Pune,312.77,2026-01-20
C042,P003,Tomato,Mumbai,39.85,2026-04-16
C008,P004,Apple,Mumbai,173.71,2026-01-26
C050,P004,Apple,Mumbai,191.18,2026-03-25
C025,P004,Apple,Mumbai,180.59,2026-05-29
C043,P003,Tomato,Mumbai,66.11,2026-03-16
C033,P002,Mango,Mumbai,141.67,2026-01-31
C029,P004,Apple,Jaipur,246.47,2026-05-03
C048,P004,Apple,Ahmedabad,136.37,2026-05-23
C027,P003,Tomato,Mumbai,105.03,2026-02-02
C009,P003,Tomato,Pune,83.71,2026-02-19
C008,P002,Mango,Mumbai,206.67,2026-05-24
C006,P004,Apple,Pune,125.65,2026-01-30
C031,P004,Apple,Mumbai,147.38,2026-04-03
C013,P004,Apple,Delhi,115.94,2026-01-28
C043,P001,Avocado,Ahmedabad,166.57,2026-05-16
C037,P002,Mango,Pune,176.15,2026-01-28
C035,P002,Mango,Jaipur,102.91,2026-05-22
C025,P001,Avocado,Pune,342.8,2026-04-15
C011,P002,Mango,Delhi,218.74,2026-06-20
C012,P003,Tomato,Ahmedabad,70.62,2026-05-22
C039,P001,Avocado,Pune,202.52,2026-02-27
C002,P002,Mango,Delhi,136.22,2026-01-18
C010,P001,Avocado,Pune,286.92,2026-02-16
C010,P004,Apple,Delhi,130.21,2026-02-04
C014,P004,Apple,Ahmedabad,112.32,2026-01-13
C012,P004,Apple,Mumbai,219.1,2026-03-29
C009,P003,Tomato,Mumbai,30.18,2026-06-20
C037,P003,Tomato,Ahmedabad,91.07,2026-05-17
C046,P003,Tomato,Mumbai,118.22,2026-01-18
C001,P003,Tomato,Ahmedabad,112.11,2026-05-03
C029,P003,Tomato,Ahmedabad,99.58,2026-03-17
C017,P004,Apple,Ahmedabad,278.66,2026-06-13
C012,P001,Avocado,Delhi,183.9,2026-05-04
C028,P004,Apple,Jaipur,251.09,2026-04-11
C023,P002,Mango,Mumbai,119.96,2026-05-06
C049,P001,Avocado,Pune,173.37,2026-01-13
C009,P003,Tomato,Ahmedabad,56.71,2026-06-21
C001,P004,Apple,Mumbai,133.15,2026-01-18
C002,P004,Apple,Mumbai,199.72,2026-02-05
C019,P001,Avocado,Pune,216.64,2026-02-25
C012,P002,Mango,Ahmedabad,188.73,2026-02-23
C050,P001,Avocado,Pune,280.31,2026-01-22
C027,P003,Tomato,Delhi,112.33,2026-02-06
C017,P004,Apple,Ahmedabad,203.16,2026-02-28
C007,P002,Mango,Pune,105.48,2026-03-17
C034,P004,Apple,Pune,205.94,2026-01-20
C044,P004,Apple,Mumbai,257.15,2026-01-08
C026,P002,Mango,Pune,195.17,2026-05-20
C037,P002,Mango,Mumbai,170.96,2026-06-28
C015,P004,Apple,Ahmedabad,105.12,2026-01-01
C042,P002,Mango,Jaipur,140.61,2026-04-25
C006,P004,Apple,Pune,155.22,2026-03-25
C020,P004,Apple,Delhi,193.37,2026-02-03
C042,P001,Avocado,Ahmedabad,301.48,2026-05-27
C039,P003,Tomato,Delhi,77.99,2026-02-09
C045,P001,Avocado,Jaipur,236.75,2026-03-06
C033,P002,Mango,Ahmedabad,141.75,2026-06-05
C031,P002,Mango,Mumbai,170.17,2026-01-07
C010,P004,Apple,Jaipur,233.88,2026-03-20
C009,P004,Apple,Jaipur,290.13,2026-06-15
C045,P004,Apple,Ahmedabad,156.75,2026-05-21
C018,P004,Apple,Delhi,129.58,2026-02-09
C016,P003,Tomato,Jaipur,42.24,2026-04-11
C036,P001,Avocado,Pune,279.08,2026-06-27
C038,P001,Avocado,Jaipur,194.61,2026-03-06
C014,P002,Mango,Mumbai,222.77,2026-04-26
C044,P003,Tomato,Ahmedabad,118.96,2026-04-10
C013,P002,Mango,Pune,210.86,2026-05-31
C030,P003,Tomato,Mumbai,74.73,2026-05-14
C017,P002,Mango,Ahmedabad,212.6,2026-01-08
C017,P004,Apple,Ahmedabad,207.21,2026-06-29
C017,P004,Apple,Jaipur,291.27,2026-01-26
C028,P003,Tomato,Jaipur,57.48,2026-04-11
C042,P004,Apple,Mumbai,144.84,2026-05-17
C005,P004,Apple,Mumbai,249.57,2026-01-19
C003,P002,Mango,Delhi,129.69,2026-06-23
C009,P001,Avocado,Pune,255.41,2026-05-23
C019,P004,Apple,Jaipur,220.19,2026-01-21
C033,P001,Avocado,Mumbai,252.92,2026-03-16
C034,P001,Avocado,Mumbai,227.12,2026-04-02
C016,P001,Avocado,Ahmedabad,313.34,2026-02-23
C011,P002,Mango,Ahmedabad,161.84,2026-02-18
C031,P003,Tomato,Jaipur,89.23,2026-01-30
C002,P004,Apple,Mumbai,272.75,2026-05-19
C001,P001,Avocado,Ahmedabad,274.54,2026-05-17
C045,P004,Apple,Mumbai,183.67,2026-05-04
C018,P001,Avocado,Pune,191.17,2026-04-15
C039,P003,Tomato,Delhi,48.18,2026-02-25
C005,P003,Tomato,Pune,48.16,2026-02-25
C035,P002,Mango,Jaipur,151.21,2026-01-18
C049,P001,Avocado,Pune,226.73,2026-02-05
C027,P002,Mango,Ahmedabad,244.23,2026-06-08
C018,P002,Mango,Jaipur,91.15,2026-06-09
C020,P002,Mango,Ahmedabad,93.42,2026-06-27
C001,P001,Avocado,Mumbai,253.36,2026-04-22
C015,P003,Tomato,Delhi,89.43,2026-02-26
C032,P002,Mango,Pune,221.7,2026-06-22
C038,P002,Mango,Pune,203.48,2026-06-23
C022,P001,Avocado,Delhi,169.69,2026-06-02
C012,P002,Mango,Ahmedabad,97.13,2026-04-05
C015,P004,Apple,Pune,178.05,2026-02-28
C014,P001,Avocado,Jaipur,333.92,2026-06-23
C002,P001,Avocado,Jaipur,154.71,2026-06-12
C016,P003,Tomato,Delhi,91.87,2026-05-16
C019,P004,Apple,Pune,220.29,2026-05-30
C045,P001,Avocado,Jaipur,152.35,2026-05-20
C034,P001,Avocado,Mumbai,242.85,2026-03-16
C015,P001,Avocado,Ahmedabad,150.91,2026-01-09
C033,P002,Mango,Mumbai,99.69,2026-01-30
C027,P001,Avocado,Delhi,344.45,2026-04-08
C004,P001,Avocado,Ahmedabad,301.02,2026-01-10
C039,P002,Mango,Mumbai,85.61,2026-03-14
C011,P003,Tomato,Pune,83.46,2026-02-14
C031,P001,Avocado,Mumbai,204.17,2026-01-06
C032,P003,Tomato,Ahmedabad,43.09,2026-05-01
C020,P001,Avocado,Jaipur,178.18,2026-04-10
C031,P003,Tomato,Delhi,56.08,2026-05-25
C033,P001,Avocado,Delhi,219.46,2026-05-19
C013,P004,Apple,Jaipur,235.77,2026-04-13
C020,P004,Apple,Delhi,220.02,2026-04-25
C038,P002,Mango,Jaipur,233.7,2026-03-17
C017,P001,Avocado,Delhi,226.04,2026-02-26
C038,P004,Apple,Delhi,197.07,2026-05-26
C042,P002,Mango,Mumbai,140.37,2026-06-24
C043,P003,Tomato,Pune,37.13,2026-02-04
C015,P004,Apple,Mumbai,130.38,2026-04-07
C018,P001,Avocado,Mumbai,260.3,2026-01-27
C007,P003,Tomato,Mumbai,37.95,2026-04-19
C018,P004,Apple,Ahmedabad,270.0,2026-06-30
C011,P004,Apple,Pune,101.8,2026-05-07
C035,P003,Tomato,Jaipur,86.15,2026-04-04
C023,P002,Mango,Delhi,225.83,2026-04-06
C023,P001,Avocado,Jaipur,288.79,2026-03-29
C050,P001,Avocado,Ahmedabad,283.07,2026-04-17
C012,P003,Tomato,Jaipur,86.86,2026-01-19
C016,P003,Tomato,Jaipur,57.74,2026-03-24
C008,P004,Apple,Jaipur,263.5,2026-02-26
C036,P003,Tomato,Ahmedabad,101.39,2026-01-26
C049,P004,Apple,Pune,289.55,2026-06-17
C004,P001,Avocado,Jaipur,244.6,2026-03-28
C033,P002,Mango,Ahmedabad,164.58,2026-05-25
C007,P004,Apple,Mumbai,254.02,2026-02-22
C040,P001,Avocado,Jaipur,316.64,2026-01-17
C030,P002,Mango,Jaipur,189.35,2026-01-26
C031,P001,Avocado,Delhi,240.19,2026-04-02
C007,P003,Tomato,Delhi,104.64,2026-05-03
C017,P001,Avocado,Jaipur,201.32,2026-02-17
C050,P002,Mango,Jaipur,99.62,2026-01-01
C021,P002,Mango,Delhi,104.76,2026-02-07
C029,P004,Apple,Ahmedabad,152.01,2026-01-22
C021,P002,Mango,Mumbai,121.52,2026-02-02
C001,P003,Tomato,Delhi,37.65,2026-02-08
C032,P004,Apple,Pune,293.97,2026-02-17
C036,P004,Apple,Pune,278.64,2026-04-02
C031,P001,Avocado,Jaipur,281.51,2026-06-06
C049,P002,Mango,Jaipur,193.16,2026-04-07
C050,P004,Apple,Jaipur,110.36,2026-02-23
C007,P002,Mango,Delhi,230.44,2026-06-04
C050,P003,Tomato,Mumbai,68.72,2026-03-27
C012,P003,Tomato,Jaipur,84.42,2026-05-13
C014,P004,Apple,Delhi,226.05,2026-01-24
C047,P002,Mango,Jaipur,80.51,2026-06-28
C003,P003,Tomato,Ahmedabad,88.73,2026-02-25
C044,P003,Tomato,Mumbai,93.84,2026-06-24
C016,P003,Tomato,Ahmedabad,90.95,2026-01-16
C002,P004,Apple,Jaipur,234.98,2026-06-20
C014,P004,Apple,Mumbai,290.68,2026-06-28
C025,P001,Avocado,Pune,153.3,2026-06-03
C038,P004,Apple,Mumbai,189.4,2026-04-28
C038,P004,Apple,Pune,206.09,2026-02-12
C026,P002,Mango,Jaipur,246.82,2026-02-01
C049,P002,Mango,Pune,200.46,2026-03-26
C048,P004,Apple,Mumbai,147.63,2026-05-11
C013,P004,Apple,Pune,244.82,2026-02-07
C011,P001,Avocado,Mumbai,315.82,2026-01-07
C005,P004,Apple,Ahmedabad,109.0,2026-04-16
C004,P002,Mango,Pune,232.12,2026-04-16
C014,P002,Mango,Pune,152.64,2026-05-13
C037,P003,Tomato,Mumbai,42.21,2026-06-30
C031,P004,Apple,Ahmedabad,215.74,2026-06-22
C017,P003,Tomato,Ahmedabad,50.36,2026-02-20
C011,P003,Tomato,Ahmedabad,115.47,2026-05-27
C012,P002,Mango,Ahmedabad,117.04,2026-01-13
C028,P003,Tomato,Mumbai,67.38,2026-01-14
C007,P002,Mango,Pune,181.76,2026-03-05
C026,P003,Tomato,Jaipur,100.21,2026-03-12
C019,P001,Avocado,Pune,314.17,2026-04-05
C043,P003,Tomato,Ahmedabad,41.56,2026-02-05
C017,P003,Tomato,Delhi,88.97,2026-06-30
C010,P003,Tomato,Pune,45.77,2026-03-28
C038,P001,Avocado,Mumbai,221.55,2026-05-20
C047,P004,Apple,Pune,183.34,2026-04-01
C007,P003,Tomato,Ahmedabad,56.71,2026-01-29
C001,P002,Mango,Pune,125.0,2026-05-31
C033,P002,Mango,Delhi,156.61,2026-04-08
C003,P003,Tomato,Ahmedabad,118.99,2026-01-16
C047,P003,Tomato,Mumbai,61.59,2026-06-30
C016,P004,Apple,Pune,264.14,2026-03-02
C004,P001,Avocado,Pune,337.83,2026-01-26
C039,P004,Apple,Delhi,126.56,2026-05-13
C029,P001,Avocado,Jaipur,244.32,2026-06-18
C047,P001,Avocado,Pune,166.45,2026-05-25
C027,P004,Apple,Mumbai,234.02,2026-06-27
C009,P004,Apple,Jaipur,280.7,2026-05-27
C037,P002,Mango,Jaipur,211.33,2026-06-11
C050,P001,Avocado,Ahmedabad,272.89,2026-04-15
C048,P002,Mango,Delhi,160.04,2026-04-18
C047,P004,Apple,Pune,163.43,2026-03-01
C022,P001,Avocado,Ahmedabad,279.79,2026-01-12
C006,P004,Apple,Mumbai,210.09,2026-03-21
C048,P001,Avocado,Ahmedabad,193.1,2026-03-14
C050,P004,Apple,Ahmedabad,183.68,2026-06-07
C007,P002,Mango,Jaipur,205.27,2026-04-09
C049,P001,Avocado,Delhi,214.1,2026-04-23
C013,P002,Mango,Ahmedabad,97.76,2026-03-05
C038,P001,Avocado,Jaipur,222.28,2026-01-27
C026,P004,Apple,Ahmedabad,146.02,2026-05-19
C007,P003,Tomato,Jaipur,31.88,2026-04-27
C023,P004,Apple,Jaipur,235.94,2026-06-29
C018,P003,Tomato,Delhi,33.35,2026-03-16
C029,P001,Avocado,Pune,263.3,2026-05-18
C035,P002,Mango,Mumbai,202.44,2026-06-21
C016,P003,Tomato,Mumbai,97.63,2026-05-23
C037,P004,Apple,Ahmedabad,200.7,2026-06-13
C009,P002,Mango,Jaipur,82.6,2026-02-07
C009,P003,Tomato,Delhi,42.05,2026-06-21
C019,P002,Mango,Ahmedabad,97.05,2026-01-04
C009,P001,Avocado,Jaipur,206.88,2026-05-05
C011,P004,Apple,Jaipur,156.14,2026-02-23
C006,P001,Avocado,Delhi,270.32,2026-06-09
C001,P002,Mango,Jaipur,224.49,2026-06-04
C045,P001,Avocado,Mumbai,320.17,2026-04-26
C045,P001,Avocado,Jaipur,297.3,2026-01-11
C021,P002,Mango,Pune,83.7,2026-04-15
C016,P003,Tomato,Mumbai,67.61,2026-06-11
C043,P002,Mango,Jaipur,247.23,2026-06-03
C007,P002,Mango,Jaipur,101.04,2026-02-01
C039,P003,Tomato,Delhi,119.12,2026-02-22
C023,P003,Tomato,Delhi,32.46,2026-04-11
C007,P003,Tomato,Delhi,30.46,2026-04-30
C005,P001,Avocado,Delhi,252.0,2026-02-07
C040,P001,Avocado,Delhi,292.3,2026-01-29
C042,P001,Avocado,Ahmedabad,205.85,2026-02-01
C047,P002,Mango,Delhi,126.08,2026-04-25
C036,P002,Mango,Mumbai,129.55,2026-02-15
C026,P001,Avocado,Delhi,158.28,2026-02-04
C036,P001,Avocado,Pune,348.04,2026-04-18
C019,P004,Apple,Ahmedabad,215.62,2026-06-07
C028,P002,Mango,Ahmedabad,176.75,2026-05-18
C019,P002,Mango,Pune,141.82,2026-05-25
C012,P004,Apple,Pune,211.22,2026-01-29
C009,P004,Apple,Jaipur,274.36,2026-05-19
C016,P003,Tomato,Delhi,105.71,2026-05-05
C019,P003,Tomato,Mumbai,69.08,2026-04-09
C044,P001,Avocado,Ahmedabad,240.72,2026-06-22
C050,P003,Tomato,Ahmedabad,97.2,2026-05-07
C016,P003,Tomato,Delhi,106.4,2026-03-05
C050,P001,Avocado,Pune,184.51,2026-04-07
C011,P001,Avocado,Ahmedabad,158.99,2026-06-19
C021,P001,Avocado,Pune,342.0,2026-06-20
C048,P002,Mango,Delhi,127.22,2026-02-03
C010,P003,Tomato,Ahmedabad,60.02,2026-05-27
C025,P004,Apple,Jaipur,211.07,2026-06-22
C049,P004,Apple,Jaipur,213.03,2026-04-26
C033,P001,Avocado,Pune,290.55,2026-04-19
C017,P004,Apple,Mumbai,199.31,2026-05-17
C015,P004,Apple,Delhi,269.86,2026-05-19
C007,P004,Apple,Ahmedabad,253.84,2026-06-17
C007,P001,Avocado,Pune,286.82,2026-06-04
C016,P002,Mango,Ahmedabad,81.75,2026-06-04
C032,P004,Apple,Mumbai,202.71,2026-04-30
C008,P001,Avocado,Ahmedabad,302.57,2026-05-28
C022,P004,Apple,Mumbai,161.53,2026-04-27
C031,P003,Tomato,Pune,37.69,2026-01-25
C048,P002,Mango,Mumbai,156.48,2026-06-02
C004,P001,Avocado,Ahmedabad,246.74,2026-06-09
C026,P001,Avocado,Mumbai,204.35,2026-05-05
C021,P003,Tomato,Jaipur,52.74,2026-01-17
C018,P004,Apple,Mumbai,197.21,2026-01-14
C014,P002,Mango,Pune,218.74,2026-01-07
C028,P002,Mango,Jaipur,201.05,2026-02-15
C044,P003,Tomato,Jaipur,95.4,2026-02-12
C032,P004,Apple,Mumbai,290.1,2026-06-30
C012,P004,Apple,Pune,169.16,2026-03-03
C036,P001,Avocado,Jaipur,253.57,2026-04-25
C033,P003,Tomato,Pune,105.82,2026-06-15
C027,P002,Mango,Pune,170.05,2026-04-04
C040,P004,Apple,Ahmedabad,161.16,2026-01-25
C005,P001,Avocado,Delhi,293.66,2026-05-09
C033,P003,Tomato,Mumbai,78.16,2026-03-22
C020,P002,Mango,Pune,99.63,2026-01-07
C008,P003,Tomato,Ahmedabad,46.77,2026-06-04
C010,P001,Avocado,Mumbai,287.69,2026-03-29
C014,P002,Mango,Ahmedabad,81.82,2026-02-11
C014,P002,Mango,Ahmedabad,101.77,2026-01-15
C002,P001,Avocado,Delhi,262.97,2026-04-15
C004,P003,Tomato,Jaipur,79.47,2026-06-24
C020,P002,Mango,Delhi,200.85,2026-04-13
C042,P004,Apple,Jaipur,283.05,2026-04-13
C046,P004,Apple,Ahmedabad,295.19,2026-06-07
C012,P004,Apple,Pune,245.0,2026-04-21
C039,P002,Mango,Delhi,182.4,2026-03-01
C017,P004,Apple,Jaipur,232.34,2026-03-26
C006,P001,Avocado,Pune,196.53,2026-02-13
C047,P002,Mango,Ahmedabad,112.6,2026-01-08
C008,P004,Apple,Delhi,275.19,2026-03-06
C018,P002,Mango,Delhi,115.8,2026-05-04
C021,P002,Mango,Ahmedabad,188.98,2026-04-18
C039,P003,Tomato,Delhi,89.4,2026-01-29
C010,P002,Mango,Jaipur,235.12,2026-03-18
C024,P002,Mango,Jaipur,91.46,2026-02-03
C044,P001,Avocado,Pune,303.58,2026-06-20
C010,P004,Apple,Mumbai,135.86,2026-04-12
C041,P003,Tomato,Ahmedabad,85.44,2026-06-03
C024,P002,Mango,Jaipur,166.88,2026-04-12
C044,P003,Tomato,Delhi,57.58,2026-03-09
C013,P003,Tomato,Pune,37.95,2026-02-10
C027,P002,Mango,Mumbai,146.92,2026-04-01
C036,P001,Avocado,Delhi,226.13,2026-02-16
C046,P002,Mango,Mumbai,236.55,2026-02-07
C018,P003,Tomato,Delhi,32.43,2026-01-20
C030,P004,Apple,Pune,206.59,2026-04-29
C044,P002,Mango,Mumbai,101.08,2026-05-01
C044,P002,Mango,Pune,226.26,2026-02-27
C045,P003,Tomato,Delhi,40.53,2026-06-29
C020,P004,Apple,Pune,258.57,2026-01-12
C032,P003,Tomato,Delhi,59.68,2026-05-05
C036,P003,Tomato,Mumbai,65.11,2026-02-19
C024,P003,Tomato,Pune,74.79,2026-05-09
C028,P001,Avocado,Pune,315.62,2026-06-13
C049,P001,Avocado,Delhi,280.57,2026-06-05
C029,P004,Apple,Ahmedabad,266.97,2026-01-12
C032,P001,Avocado,Delhi,328.01,2026-05-06
C017,P002,Mango,Mumbai,147.44,2026-03-27
C020,P002,Mango,Delhi,95.59,2026-05-05
C042,P001,Avocado,Jaipur,290.58,2026-02-24
C032,P001,Avocado,Ahmedabad,344.45,2026-05-23
C026,P001,Avocado,Ahmedabad,215.96,2026-06-27
C013,P001,Avocado,Delhi,277.81,2026-04-23
C039,P002,Mango,Mumbai,150.59,2026-01-29
C026,P002,Mango,Ahmedabad,232.52,2026-04-20
C016,P003,Tomato,Delhi,82.71,2026-05-19
C009,P002,Mango,Pune,121.54,2026-02-15
C047,P004,Apple,Ahmedabad,122.61,2026-03-13
C021,P001,Avocado,Mumbai,152.33,2026-03-27
C004,P004,Apple,Pune,146.21,2026-04-23
C039,P004,Apple,Pune,285.0,2026-06-13
C037,P003,Tomato,Pune,91.03,2026-01-06
C007,P002,Mango,Delhi,165.28,2026-03-18
C007,P001,Avocado,Mumbai,174.25,2026-01-28
C047,P002,Mango,Mumbai,149.0,2026-01-24
C017,P001,Avocado,Delhi,252.87,2026-04-09
C044,P004,Apple,Mumbai,211.75,2026-03-29
C014,P001,Avocado,Delhi,160.44,2026-04-18
C024,P001,Avocado,Ahmedabad,279.27,2026-01-04
C034,P003,Tomato,Ahmedabad,102.99,2026-04-25
C032,P001,Avocado,Delhi,286.27,2026-06-29
C042,P002,Mango,Jaipur,97.28,2026-05-20
C028,P003,Tomato,Delhi,43.85,2026-04-23
C022,P003,Tomato,Ahmedabad,115.94,2026-04-20
C009,P001,Avocado,Ahmedabad,224.1,2026-01-22
C036,P004,Apple,Pune,119.92,2026-01-16
C002,P004,Apple,Mumbai,299.4,2026-03-15
C002,P003,Tomato,Delhi,49.37,2026-04-26
C001,P001,Avocado,Delhi,249.44,2026-06-12
C005,P001,Avocado,Pune,205.49,2026-01-17
C024,P001,Avocado,Mumbai,281.47,2026-01-07
C050,P002,Mango,Ahmedabad,117.1,2026-01-15
C023,P003,Tomato,Pune,116.1,2026-05-09
C045,P003,Tomato,Delhi,81.9,2026-06-25
C003,P004,Apple,Jaipur,141.88,2026-04-25
C036,P004,Apple,Pune,297.7,2026-05-21
C044,P004,Apple,Pune,177.14,2026-05-25
C050,P003,Tomato,Pune,53.39,2026-02-28
C026,P001,Avocado,Jaipur,290.6,2026-03-14
C047,P004,Apple,Jaipur,292.5,2026-01-01
C014,P003,Tomato,Delhi,112.46,2026-02-10
C022,P001,Avocado,Pune,271.96,2026-02-26
C008,P001,Avocado,Mumbai,174.59,2026-03-02
C050,P003,Tomato,Ahmedabad,56.13,2026-06-01
C022,P002,Mango,Pune,84.93,2026-01-31
C007,P001,Avocado,Delhi,185.68,2026-06-02
C027,P002,Mango,Mumbai,82.81,2026-03-17
C047,P001,Avocado,Delhi,253.21,2026-03-13
C006,P003,Tomato,Mumbai,110.18,2026-01-07
C046,P002,Mango,Mumbai,103.87,2026-05-06
C020,P001,Avocado,Mumbai,185.67,2026-04-01
C041,P002,Mango,Delhi,119.94,2026-02-20
C032,P001,Avocado,Jaipur,174.81,2026-03-13
C041,P001,Avocado,Jaipur,306.58,2026-02-17
C019,P002,Mango,Delhi,168.35,2026-02-24
C031,P004,Apple,Pune,212.95,2026-01-30
C008,P004,Apple,Mumbai,233.19,2026-01-14
C043,P001,Avocado,Delhi,292.94,2026-06-05
C003,P001,Avocado,Pune,204.78,2026-06-11
C050,P002,Mango,Mumbai,159.79,2026-05-16
C040,P003,Tomato,Jaipur,109.63,2026-06-25
C005,P001,Avocado,Ahmedabad,258.37,2026-06-30
C005,P002,Mango,Pune,182.98,2026-01-30
C017,P003,Tomato,Delhi,98.15,2026-06-14
C004,P001,Avocado,Ahmedabad,215.2,2026-02-27
C030,P003,Tomato,Ahmedabad,105.39,2026-06-08
C011,P004,Apple,Ahmedabad,115.64,2026-04-22
C047,P003,Tomato,Mumbai,84.12,2026-04-08
C042,P001,Avocado,Jaipur,254.04,2026-01-23
C043,P002,Mango,Jaipur,193.14,2026-01-06
C006,P003,Tomato,Ahmedabad,111.74,2026-03-01
C006,P003,Tomato,Ahmedabad,42.35,2026-03-16
C031,P002,Mango,Mumbai,240.65,2026-03-18
C037,P001,Avocado,Ahmedabad,305.16,2026-01-27
C032,P002,Mango,Delhi,225.38,2026-01-09
C048,P002,Mango,Delhi,183.43,2026-04-07
C024,P001,Avocado,Ahmedabad,346.72,2026-05-16
C033,P003,Tomato,Ahmedabad,31.39,2026-03-25
C039,P001,Avocado,Ahmedabad,198.96,2026-06-16
C019,P001,Avocado,Pune,174.78,2026-06-08
C029,P004,Apple,Ahmedabad,245.09,2026-04-21
C019,P003,Tomato,Jaipur,109.78,2026-06-02
C009,P004,Apple,Ahmedabad,183.17,2026-02-20
C031,P002,Mango,Pune,205.58,2026-01-28
C008,P004,Apple,Jaipur,187.67,2026-06-29
C033,P002,Mango,Pune,233.9,2026-02-28
C024,P001,Avocado,Mumbai,262.53,2026-03-24
C037,P004,Apple,Mumbai,216.72,2026-01-28
C036,P004,Apple,Ahmedabad,207.31,2026-05-20
C023,P002,Mango,Pune,228.62,2026-02-09
C024,P001,Avocado,Pune,174.77,2026-05-20
C016,P001,Avocado,Jaipur,327.75,2026-02-08
C047,P001,Avocado,Delhi,318.14,2026-03-13
C044,P003,Tomato,Ahmedabad,69.25,2026-05-14
C041,P004,Apple,Pune,170.53,2026-03-19
C037,P001,Avocado,Pune,297.72,2026-03-15
C045,P003,Tomato,Ahmedabad,86.29,2026-02-22
C034,P002,Mango,Delhi,174.95,2026-03-29
C003,P001,Avocado,Pune,316.09,2026-06-14
C038,P001,Avocado,Delhi,343.91,2026-02-06
C029,P003,Tomato,Jaipur,97.13,2026-05-22
C038,P003,Tomato,Pune,59.34,2026-03-29
C023,P002,Mango,Mumbai,193.76,2026-05-09
C041,P004,Apple,Ahmedabad,223.42,2026-05-27
C032,P003,Tomato,Delhi,84.64,2026-05-26
C016,P001,Avocado,Delhi,341.19,2026-01-11
C036,P003,Tomato,Pune,35.45,2026-01-22
C048,P003,Tomato,Ahmedabad,92.81,2026-03-19
C016,P003,Tomato,Delhi,46.38,2026-05-26
C018,P002,Mango,Jaipur,149.3,2026-01-28
C038,P004,Apple,Ahmedabad,111.64,2026-06-25
C037,P004,Apple,Jaipur,139.48,2026-03-17
C010,P001,Avocado,Delhi,201.29,2026-04-07
C048,P002,Mango,Delhi,201.62,2026-05-09
C036,P004,Apple,Delhi,169.01,2026-03-15
C026,P003,Tomato,Ahmedabad,37.16,2026-05-04
C050,P002,Mango,Jaipur,117.88,2026-03-25
C033,P003,Tomato,Jaipur,76.19,2026-02-21
C044,P002,Mango,Mumbai,182.21,2026-02-17
C029,P001,Avocado,Ahmedabad,282.66,2026-04-22
C046,P003,Tomato,Mumbai,30.49,2026-02-20
C014,P001,Avocado,Pune,182.17,2026-05-06
C022,P001,Avocado,Pune,180.69,2026-04-14
C031,P004,Apple,Mumbai,234.61,2026-03-07
C004,P001,Avocado,Jaipur,298.01,2026-03-21
C035,P004,Apple,Mumbai,273.26,2026-03-03
C015,P003,Tomato,Pune,109.84,2026-06-04
C015,P002,Mango,Jaipur,177.64,2026-02-28
C035,P004,Apple,Mumbai,193.48,2026-05-14
C010,P004,Apple,Mumbai,293.38,2026-06-27
C016,P004,Apple,Delhi,174.91,2026-01-20
C013,P002,Mango,Delhi,90.29,2026-03-05
C027,P002,Mango,Ahmedabad,235.91,2026-04-05
C022,P001,Avocado,Jaipur,164.8,2026-06-08
C050,P003,Tomato,Jaipur,119.8,2026-02-24
C045,P004,Apple,Delhi,121.42,2026-05-22
C009,P001,Avocado,Jaipur,212.34,2026-03-14
C050,P003,Tomato,Pune,38.48,2026-03-20
C009,P001,Avocado,Delhi,203.68,2026-03-25
C042,P002,Mango,Pune,129.25,2026-02-13
C009,P002,Mango,Delhi,163.77,2026-05-11
C017,P001,Avocado,Mumbai,274.04,2026-02-20
C011,P002,Mango,Delhi,195.18,2026-02-22
C010,P003,Tomato,Delhi,67.94,2026-02-16
C015,P003,Tomato,Pune,78.25,2026-04-25
C004,P003,Tomato,Ahmedabad,62.02,2026-06-20
C017,P001,Avocado,Pune,178.13,2026-05-03
C025,P003,Tomato,Delhi,75.05,2026-01-12
C006,P003,Tomato,Mumbai,69.35,2026-02-03
C024,P003,Tomato,Mumbai,105.72,2026-03-25
C025,P001,Avocado,Mumbai,270.7,2026-05-26
C013,P004,Apple,Delhi,192.21,2026-02-26
C040,P003,Tomato,Jaipur,58.15,2026-01-06
C021,P004,Apple,Pune,286.46,2026-02-16
C031,P003,Tomato,Delhi,52.05,2026-03-22
C013,P002,Mango,Mumbai,90.89,2026-01-21
C023,P002,Mango,Jaipur,143.35,2026-01-04
C015,P002,Mango,Mumbai,147.57,2026-01-08
C042,P001,Avocado,Delhi,349.41,2026-02-26
C046,P004,Apple,Mumbai,146.29,2026-04-16
C044,P001,Avocado,Delhi,226.39,2026-04-03
C008,P002,Mango,Ahmedabad,249.8,2026-03-08
C023,P002,Mango,Jaipur,88.1,2026-03-12
C032,P001,Avocado,Ahmedabad,187.09,2026-02-12
C004,P001,Avocado,Pune,334.49,2026-06-17
C048,P003,Tomato,Pune,47.36,2026-06-02
C022,P002,Mango,Pune,145.25,2026-02-03
C034,P001,Avocado,Ahmedabad,347.56,2026-02-15
C007,P003,Tomato,Delhi,41.27,2026-06-08
C036,P003,Tomato,Mumbai,31.52,2026-01-17
C018,P001,Avocado,Mumbai,285.39,2026-03-31
C011,P004,Apple,Mumbai,182.35,2026-03-17
C025,P002,Mango,Ahmedabad,220.9,2026-05-02
C037,P004,Apple,Mumbai,296.92,2026-05-04
C043,P002,Mango,Delhi,117.88,2026-05-02
C033,P001,Avocado,Ahmedabad,201.6,2026-02-06
C036,P001,Avocado,Jaipur,315.88,2026-02-19
C012,P003,Tomato,Mumbai,32.09,2026-03-25
C007,P003,Tomato,Mumbai,62.54,2026-01-10
C023,P003,Tomato,Ahmedabad,56.06,2026-06-14
C003,P002,Mango,Mumbai,178.38,2026-01-18
C029,P001,Avocado,Mumbai,289.06,2026-01-13
C017,P001,Avocado,Jaipur,223.85,2026-02-11
C025,P001,Avocado,Delhi,172.51,2026-03-03
C041,P001,Avocado,Pune,231.25,2026-03-15
C004,P003,Tomato,Pune,44.13,2026-03-30
C024,P002,Mango,Pune,102.56,2026-02-10
C015,P001,Avocado,Delhi,336.63,2026-06-05
C003,P002,Mango,Jaipur,163.75,2026-06-23
C029,P004,Apple,Mumbai,162.57,2026-03-21
C032,P001,Avocado,Mumbai,165.2,2026-04-04
C006,P004,Apple,Mumbai,175.92,2026-01-28
C021,P004,Apple,Pune,215.16,2026-04-10
C020,P004,Apple,Ahmedabad,158.18,2026-01-28
C020,P001,Avocado,Ahmedabad,165.61,2026-02-14
C035,P002,Mango,Pune,178.39,2026-02-28
C033,P002,Mango,Delhi,164.07,2026-01-26
C014,P002,Mango,Delhi,142.65,2026-06-01
C012,P002,Mango,Mumbai,170.53,2026-04-27
C024,P004,Apple,Pune,117.09,2026-01-17
C040,P004,Apple,Jaipur,197.31,2026-04-10
C013,P002,Mango,Mumbai,92.81,2026-04-04
C032,P002,Mango,Ahmedabad,126.98,2026-02-19
C020,P002,Mango,Jaipur,222.0,2026-06-22
C031,P003,Tomato,Pune,63.27,2026-04-20
C018,P001,Avocado,Mumbai,260.9,2026-06-22
C046,P001,Avocado,Mumbai,159.21,2026-05-17
C036,P004,Apple,Ahmedabad,139.53,2026-03-04
C044,P004,Apple,Delhi,190.87,2026-02-19
C024,P002,Mango,Pune,157.29,2026-03-13
C030,P003,Tomato,Delhi,30.25,2026-02-14
C047,P001,Avocado,Ahmedabad,227.35,2026-02-17
C033,P002,Mango,Mumbai,192.25,2026-03-14
C013,P002,Mango,Pune,117.73,2026-05-20
C029,P004,Apple,Jaipur,201.49,2026-05-20
C010,P002,Mango,Delhi,211.78,2026-05-15
C029,P001,Avocado,Mumbai,221.71,2026-01-19
C009,P003,Tomato,Pune,106.55,2026-05-10
C023,P003,Tomato,Mumbai,70.8,2026-03-17
C039,P003,Tomato,Pune,83.31,2026-03-03
C010,P001,Avocado,Mumbai,300.75,2026-04-12
C040,P002,Mango,Delhi,119.23,2026-05-14
C047,P002,Mango,Ahmedabad,117.43,2026-01-25
C012,P003,Tomato,Delhi,37.86,2026-02-03
C031,P002,Mango,Pune,130.97,2026-02-22
C033,P004,Apple,Ahmedabad,184.26,2026-05-10
C045,P002,Mango,Pune,87.25,2026-05-19
C005,P003,Tomato,Pune,116.05,2026-01-15
C013,P001,Avocado,Mumbai,252.0,2026-01-19
C041,P004,Apple,Mumbai,258.79,2026-02-27
C018,P004,Apple,Pune,196.38,2026-03-05
C035,P001,Avocado,Pune,182.96,2026-02-25
C036,P004,Apple,Jaipur,161.99,2026-05-02
C043,P004,Apple,Mumbai,202.73,2026-03-22
C035,P003,Tomato,Delhi,71.91,2026-06-25
C005,P001,Avocado,Pune,199.23,2026-01-13
C037,P001,Avocado,Jaipur,181.95,2026-04-29
C013,P001,Avocado,Mumbai,314.92,2026-06-17
C018,P004,Apple,Ahmedabad,137.16,2026-04-16
C021,P001,Avocado,Ahmedabad,342.45,2026-04-23
C041,P003,Tomato,Mumbai,106.35,2026-02-19
C013,P001,Avocado,Pune,276.03,2026-05-02
C004,P001,Avocado,Jaipur,280.31,2026-04-04
C046,P001,Avocado,Delhi,227.55,2026-02-28
C001,P004,Apple,Pune,188.33,2026-01-09
C041,P004,Apple,Pune,140.99,2026-04-09
C001,P002,Mango,Ahmedabad,110.2,2026-03-17
C004,P003,Tomato,Pune,52.93,2026-04-23
C050,P003,Tomato,Ahmedabad,50.84,2026-04-11
C018,P003,Tomato,Jaipur,47.51,2026-04-27
C020,P002,Mango,Delhi,249.23,2026-01-22
C016,P004,Apple,Jaipur,227.6,2026-06-29
C006,P001,Avocado,Delhi,322.58,2026-05-11
C028,P003,Tomato,Mumbai,72.7,2026-04-06
C001,P003,Tomato,Delhi,99.05,2026-02-14
C028,P004,Apple,Mumbai,248.1,2026-04-08
C013,P003,Tomato,Jaipur,112.35,2026-01-21
C049,P001,Avocado,Jaipur,282.44,2026-04-20
C033,P004,Apple,Pune,255.21,2026-05-25
C006,P002,Mango,Mumbai,127.68,2026-01-21
C038,P002,Mango,Pune,173.51,2026-04-19
C014,P003,Tomato,Ahmedabad,77.76,2026-02-17
C043,P003,Tomato,Ahmedabad,46.19,2026-06-08
C009,P001,Avocado,Jaipur,253.81,2026-01-01
C043,P001,Avocado,Jaipur,231.96,2026-05-31
C003,P003,Tomato,Jaipur,106.23,2026-01-04
C016,P003,Tomato,Pune,114.75,2026-06-14
C043,P002,Mango,Ahmedabad,172.67,2026-05-31
C027,P004,Apple,Jaipur,203.28,2026-01-16
C020,P001,Avocado,Ahmedabad,197.94,2026-04-24
C021,P001,Avocado,Pune,242.5,2026-01-05
C008,P001,Avocado,Delhi,220.15,2026-02-26
C039,P003,Tomato,Delhi,85.0,2026-01-25
C043,P001,Avocado,Delhi,226.34,2026-03-18
C048,P004,Apple,Jaipur,289.02,2026-01-02
C014,P002,Mango,Mumbai,82.2,2026-01-18
C023,P001,Avocado,Jaipur,276.46,2026-06-11
C031,P001,Avocado,Pune,157.94,2026-02-19
C025,P003,Tomato,Mumbai,108.26,2026-05-11
C049,P001,Avocado,Jaipur,227.21,2026-03-26
C033,P003,Tomato,Jaipur,52.89,2026-06-25
C027,P002,Mango,Ahmedabad,177.35,2026-03-20
C043,P002,Mango,Jaipur,135.1,2026-03-17
C034,P001,Avocado,Mumbai,275.95,2026-05-12
C043,P001,Avocado,Jaipur,168.23,2026-02-15
C017,P002,Mango,Delhi,103.82,2026-05-28
C050,P001,Avocado,Ahmedabad,165.6,2026-05-07
C006,P002,Mango,Jaipur,147.26,2026-04-01
C042,P001,Avocado,Delhi,185.19,2026-01-31
C017,P004,Apple,Ahmedabad,211.26,2026-06-17
C006,P004,Apple,Jaipur,291.28,2026-02-25
C010,P004,Apple,Mumbai,163.12,2026-04-21
C012,P002,Mango,Delhi,189.78,2026-04-07
C016,P004,Apple,Pune,151.37,2026-02-27
C049,P002,Mango,Delhi,146.36,2026-01-12
C035,P002,Mango,Jaipur,84.45,2026-02-11
C033,P003,Tomato,Delhi,107.47,2026-02-08
C017,P002,Mango,Delhi,200.06,2026-06-05
C045,P002,Mango,Pune,159.02,2026-05-19
C037,P002,Mango,Mumbai,173.66,2026-01-09
C029,P001,Avocado,Pune,222.6,2026-06-26
C036,P001,Avocado,Jaipur,246.99,2026-02-15
C036,P002,Mango,Mumbai,168.49,2026-06-02
C046,P001,Avocado,Pune,254.37,2026-01-29
C012,P001,Avocado,Mumbai,282.47,2026-06-05
C026,P002,Mango,Ahmedabad,149.55,2026-02-22
C037,P002,Mango,Pune,236.55,2026-02-17
C018,P004,Apple,Jaipur,192.23,2026-02-25
C035,P003,Tomato,Ahmedabad,89.06,2026-04-16
C045,P002,Mango,Ahmedabad,184.71,2026-02-21
C003,P002,Mango,Delhi,234.67,2026-05-08
C009,P004,Apple,Ahmedabad,265.69,2026-05-10
C006,P004,Apple,Pune,293.29,2026-05-07
C047,P002,Mango,Pune,201.74,2026-04-09
C050,P003,Tomato,Mumbai,66.59,2026-06-15
C036,P004,Apple,Mumbai,146.25,2026-02-04
C040,P004,Apple,Delhi,147.29,2026-05-20
C045,P003,Tomato,Ahmedabad,89.33,2026-06-05
C038,P002,Mango,Ahmedabad,192.69,2026-06-08
C014,P004,Apple,Pune,128.06,2026-04-18
C019,P002,Mango,Ahmedabad,248.19,2026-01-13
C005,P003,Tomato,Mumbai,40.35,2026-01-31
C002,P002,Mango,Jaipur,214.02,2026-06-30
C037,P003,Tomato,Jaipur,76.98,2026-04-16
C041,P001,Avocado,Jaipur,291.13,2026-01-01
C042,P003,Tomato,Delhi,56.67,2026-04-01
C013,P003,Tomato,Ahmedabad,107.9,2026-03-30
C003,P002,Mango,Pune,107.69,2026-04-10
C047,P001,Avocado,Pune,161.65,2026-04-21
C031,P002,Mango,Delhi,108.19,2026-04-08
C032,P001,Avocado,Delhi,327.3,2026-06-30
C003,P003,Tomato,Pune,71.0,2026-06-24
C018,P002,Mango,Jaipur,235.58,2026-04-27
C030,P003,Tomato,Pune,93.22,2026-05-27
C018,P001,Avocado,Jaipur,314.58,2026-03-31
C014,P003,Tomato,Pune,84.44,2026-05-16
C040,P002,Mango,Ahmedabad,106.61,2026-04-16
C022,P004,Apple,Mumbai,290.85,2026-03-14
C016,P002,Mango,Pune,248.79,2026-01-11
C042,P004,Apple,Ahmedabad,129.56,2026-01-08
C009,P004,Apple,Mumbai,170.58,2026-05-04
C010,P001,Avocado,Ahmedabad,221.71,2026-05-03
C040,P001,Avocado,Jaipur,318.3,2026-06-17
C045,P003,Tomato,Pune,52.93,2026-06-26
C009,P002,Mango,Pune,120.42,2026-04-24
C012,P002,Mango,Jaipur,231.2,2026-06-07
C046,P002,Mango,Pune,244.24,2026-04-22
C004,P004,Apple,Pune,250.81,2026-04-04
C028,P004,Apple,Delhi,174.22,2026-04-09
C016,P002,Mango,Jaipur,241.61,2026-04-30
C022,P003,Tomato,Pune,49.07,2026-03-31
C025,P002,Mango,Ahmedabad,96.12,2026-03-01
C016,P003,Tomato,Delhi,93.17,2026-02-20
C049,P004,Apple,Jaipur,245.53,2026-05-22
C014,P003,Tomato,Ahmedabad,46.1,2026-03-19
C047,P004,Apple,Mumbai,197.28,2026-05-12
C002,P004,Apple,Ahmedabad,145.84,2026-02-24
C009,P002,Mango,Mumbai,111.55,2026-01-03
C041,P001,Avocado,Ahmedabad,331.26,2026-02-25
C013,P004,Apple,Jaipur,118.76,2026-03-09
C027,P002,Mango,Mumbai,145.15,2026-04-09
C041,P004,Apple,Mumbai,260.36,2026-01-11
C010,P002,Mango,Ahmedabad,117.76,2026-01-25
C009,P002,Mango,Mumbai,177.88,2026-01-21
C038,P001,Avocado,Pune,261.06,2026-04-21
C018,P001,Avocado,Pune,194.5,2026-03-18
C046,P004,Apple,Pune,100.32,2026-05-10
C012,P002,Mango,Pune,154.08,2026-01-23
C004,P002,Mango,Pune,125.93,2026-04-05
C035,P002,Mango,Ahmedabad,231.33,2026-04-09
C014,P002,Mango,Jaipur,215.56,2026-01-07
C044,P002,Mango,Ahmedabad,193.3,2026-02-16
C048,P004,Apple,Ahmedabad,289.56,2026-02-07
C014,P001,Avocado,Mumbai,255.41,2026-02-07
C048,P002,Mango,Jaipur,128.26,2026-06-25
C041,P003,Tomato,Jaipur,48.93,2026-04-07
C049,P001,Avocado,Mumbai,295.87,2026-03-12
C040,P003,Tomato,Delhi,115.73,2026-05-07
C031,P004,Apple,Jaipur,106.38,2026-05-12
C023,P003,Tomato,Delhi,79.4,2026-01-16
C023,P004,Apple,Mumbai,207.34,2026-04-15
C020,P002,Mango,Mumbai,92.89,2026-04-03
C031,P003,Tomato,Ahmedabad,112.91,2026-05-10
C011,P004,Apple,Mumbai,232.31,2026-03-04
C035,P004,Apple,Mumbai,183.14,2026-05-15
C039,P001,Avocado,Pune,254.6,2026-02-25
C020,P003,Tomato,Delhi,88.68,2026-04-17
C039,P002,Mango,Mumbai,137.9,2026-01-30
C018,P001,Avocado,Delhi,250.94,2026-05-24
C026,P003,Tomato,Delhi,56.88,2026-01-23
C036,P003,Tomato,Pune,99.09,2026-03-19
C019,P002,Mango,Ahmedabad,112.31,2026-06-16
C027,P002,Mango,Pune,210.52,2026-01-31
C028,P002,Mango,Ahmedabad,215.37,2026-06-09
C026,P001,Avocado,Pune,313.34,2026-01-09
C046,P003,Tomato,Jaipur,62.02,2026-03-13
C028,P004,Apple,Mumbai,201.07,2026-06-13
C014,P003,Tomato,Delhi,38.73,2026-05-17
C031,P001,Avocado,Mumbai,159.99,2026-01-23
C007,P003,Tomato,Jaipur,51.9,2026-05-19
C049,P004,Apple,Delhi,176.19,2026-01-25
C011,P002,Mango,Pune,167.15,2026-01-21
C013,P002,Mango,Mumbai,102.16,2026-02-14
C027,P003,Tomato,Delhi,105.2,2026-06-03
C015,P002,Mango,Delhi,101.45,2026-03-27
C014,P001,Avocado,Delhi,176.76,2026-05-19
C011,P003,Tomato,Ahmedabad,65.28,2026-03-18
C005,P003,Tomato,Mumbai,108.36,2026-03-02
C007,P003,Tomato,Pune,77.97,2026-06-18
C023,P002,Mango,Mumbai,192.21,2026-04-01
C013,P001,Avocado,Ahmedabad,204.52,2026-04-09
C026,P001,Avocado,Ahmedabad,264.08,2026-04-24
C027,P001,Avocado,Delhi,252.93,2026-03-27
C047,P002,Mango,Pune,95.63,2026-02-27
C044,P002,Mango,Mumbai,236.67,2026-05-13
C014,P001,Avocado,Delhi,315.9,2026-02-06
C021,P004,Apple,Pune,125.82,2026-01-20
C042,P004,Apple,Mumbai,236.87,2026-01-04
C040,P002,Mango,Delhi,220.3,2026-06-05
C004,P002,Mango,Pune,195.13,2026-03-09
C042,P004,Apple,Mumbai,192.59,2026-01-05
C003,P003,Tomato,Jaipur,109.53,2026-06-08
C029,P004,Apple,Jaipur,158.02,2026-03-23
C024,P003,Tomato,Jaipur,115.57,2026-01-31
C043,P004,Apple,Pune,101.77,2026-06-09
C042,P001,Avocado,Ahmedabad,186.73,2026-04-02
C041,P002,Mango,Pune,201.07,2026-06-19
C004,P004,Apple,Mumbai,103.88,2026-03-08
C016,P002,Mango,Jaipur,213.17,2026-05-01
C033,P001,Avocado,Ahmedabad,204.1,2026-06-04
C002,P002,Mango,Ahmedabad,198.2,2026-04-27
C036,P001,Avocado,Delhi,207.56,2026-03-08
C032,P004,Apple,Mumbai,159.05,2026-03-19
C034,P004,Apple,Jaipur,163.09,2026-06-11
C016,P002,Mango,Ahmedabad,191.57,2026-03-31
C048,P001,Avocado,Pune,192.58,2026-01-25
C040,P002,Mango,Jaipur,208.84,2026-05-22
C004,P002,Mango,Pune,196.12,2026-01-26
C038,P001,Avocado,Pune,341.35,2026-02-13
C048,P003,Tomato,Mumbai,108.48,2026-05-23
C038,P002,Mango,Pune,91.86,2026-04-22
C027,P004,Apple,Mumbai,244.14,2026-05-19
C032,P002,Mango,Pune,161.97,2026-06-13
C016,P003,Tomato,Jaipur,64.01,2026-05-30
C014,P004,Apple,Jaipur,181.26,2026-05-31
C039,P001,Avocado,Mumbai,213.67,2026-02-19
C040,P004,Apple,Pune,171.66,2026-02-09
C034,P003,Tomato,Jaipur,79.11,2026-04-19
C013,P001,Avocado,Pune,189.16,2026-06-26
C035,P003,Tomato,Mumbai,94.05,2026-01-10
C005,P002,Mango,Mumbai,240.02,2026-02-24
C039,P001,Avocado,Mumbai,150.89,2026-01-12
C048,P001,Avocado,Jaipur,288.41,2026-01-15
C004,P001,Avocado,Jaipur,171.6,2026-02-17
C015,P004,Apple,Jaipur,150.45,2026-01-31
C017,P003,Tomato,Delhi,66.65,2026-03-05
C004,P003,Tomato,Pune,33.76,2026-03-09
C049,P002,Mango,Jaipur,119.08,2026-06-17
C028,P004,Apple,Pune,136.61,2026-05-15
C034,P003,Tomato,Mumbai,109.46,2026-01-01
C010,P003,Tomato,Delhi,68.86,2026-06-19
C005,P004,Apple,Mumbai,289.55,2026-02-26
C034,P004,Apple,Pune,174.33,2026-01-20
C029,P003,Tomato,Ahmedabad,62.23,2026-03-19
C020,P001,Avocado,Mumbai,323.19,2026-05-16
C024,P004,Apple,Jaipur,258.88,2026-03-18
C031,P001,Avocado,Jaipur,240.47,2026-01-12
C036,P001,Avocado,Ahmedabad,304.52,2026-02-12
C050,P003,Tomato,Ahmedabad,87.98,2026-01-24
C013,P001,Avocado,Mumbai,342.28,2026-05-20
C047,P003,Tomato,Ahmedabad,67.32,2026-02-24
C014,P002,Mango,Mumbai,106.8,2026-01-28
C040,P001,Avocado,Jaipur,150.91,2026-05-17
C048,P001,Avocado,Ahmedabad,162.23,2026-03-10
C009,P002,Mango,Delhi,94.69,2026-03-17
C037,P002,Mango,Pune,142.89,2026-06-18
C005,P002,Mango,Jaipur,86.23,2026-03-23
C043,P004,Apple,Delhi,293.34,2026-04-30
C043,P003,Tomato,Pune,103.48,2026-01-06
C043,P003,Tomato,Delhi,85.32,2026-04-03
C023,P002,Mango,Ahmedabad,121.77,2026-03-05
C036,P001,Avocado,Ahmedabad,285.72,2026-06-16
C004,P003,Tomato,Ahmedabad,92.21,2026-05-19
C038,P001,Avocado,Ahmedabad,325.61,2026-03-27
C036,P004,Apple,Delhi,291.32,2026-02-07
C005,P004,Apple,Delhi,264.25,2026-01-28
C003,P002,Mango,Ahmedabad,175.71,2026-01-30
C040,P002,Mango,Pune,88.62,2026-06-30
C028,P002,Mango,Delhi,199.3,2026-06-06
C033,P003,Tomato,Pune,62.66,2026-03-23
C025,P001,Avocado,Jaipur,189.93,2026-06-09
C047,P003,Tomato,Mumbai,42.25,2026-02-16
C030,P004,Apple,Ahmedabad,249.8,2026-01-14
C046,P004,Apple,Jaipur,177.46,2026-06-30
C032,P001,Avocado,Mumbai,233.1,2026-05-27
C028,P004,Apple,Jaipur,292.94,2026-06-24
C016,P002,Mango,Delhi,217.5,2026-04-14
C027,P003,Tomato,Delhi,116.97,2026-02-24
C024,P002,Mango,Delhi,206.25,2026-01-07
C012,P003,Tomato,Ahmedabad,58.45,2026-06-14
C020,P003,Tomato,Mumbai,100.0,2026-02-03
C044,P002,Mango,Mumbai,93.87,2026-05-28
C023,P001,Avocado,Jaipur,228.03,2026-01-05
C012,P004,Apple,Ahmedabad,163.44,2026-03-14
C035,P004,Apple,Mumbai,198.35,2026-04-17
C029,P002,Mango,Pune,106.84,2026-04-17
C010,P001,Avocado,Mumbai,177.33,2026-05-12
C033,P001,Avocado,Ahmedabad,166.52,2026-05-25
C038,P004,Apple,Jaipur,286.84,2026-05-28
C013,P003,Tomato,Pune,73.14,2026-03-12
C010,P003,Tomato,Delhi,68.71,2026-01-25
C011,P004,Apple,Ahmedabad,128.15,2026-05-13
C023,P003,Tomato,Jaipur,106.52,2026-03-20
C020,P003,Tomato,Pune,50.67,2026-05-18
C005,P004,Apple,Jaipur,123.8,2026-06-29
C011,P004,Apple,Delhi,207.79,2026-06-18
C003,P001,Avocado,Ahmedabad,298.24,2026-04-06
C003,P001,Avocado,Jaipur,212.55,2026-01-28
C021,P002,Mango,Pune,89.44,2026-03-24
C042,P004,Apple,Pune,236.57,2026-05-15
C016,P002,Mango,Pune,222.32,2026-05-28
C014,P004,Apple,Pune,212.75,2026-03-23
C031,P004,Apple,Jaipur,257.58,2026-04-06
C030,P001,Avocado,Pune,248.36,2026-06-12
C020,P003,Tomato,Pune,36.75,2026-04-03
C038,P003,Tomato,Pune,72.84,2026-02-15
C018,P002,Mango,Pune,83.63,2026-03-13
C026,P003,Tomato,Delhi,98.06,2026-02-10
C049,P002,Mango,Delhi,164.53,2026-05-26
C032,P004,Apple,Delhi,228.74,2026-03-23
C035,P001,Avocado,Jaipur,188.74,2026-04-12
C009,P001,Avocado,Delhi,186.53,2026-03-30
C018,P001,Avocado,Mumbai,305.76,2026-05-16
C019,P001,Avocado,Delhi,200.19,2026-04-26
C033,P004,Apple,Delhi,265.7,2026-06-30
C007,P001,Avocado,Jaipur,153.97,2026-03-19
C013,P002,Mango,Jaipur,163.02,2026-01-14
C021,P004,Apple,Jaipur,203.66,2026-04-06
C027,P001,Avocado,Pune,177.35,2026-04-13
C044,P003,Tomato,Mumbai,119.01,2026-04-10
C011,P004,Apple,Mumbai,140.22,2026-01-31
C048,P002,Mango,Jaipur,192.88,2026-01-11
C037,P004,Apple,Pune,101.25,2026-02-27
C009,P004,Apple,Ahmedabad,290.55,2026-06-06
C033,P002,Mango,Ahmedabad,103.84,2026-06-22
C002,P002,Mango,Ahmedabad,82.76,2026-01-16
C050,P003,Tomato,Jaipur,108.82,2026-05-16
C020,P003,Tomato,Mumbai,109.05,2026-01-19
C018,P002,Mango,Delhi,191.48,2026-03-24
C041,P003,Tomato,Jaipur,105.79,2026-04-06
C018,P003,Tomato,Delhi,100.59,2026-01-14
C018,P004,Apple,Delhi,197.4,2026-03-24
C017,P001,Avocado,Delhi,174.75,2026-01-16
C033,P003,Tomato,Jaipur,53.01,2026-04-13
C039,P002,Mango,Jaipur,225.26,2026-02-28
C022,P003,Tomato,Jaipur,30.28,2026-03-29
C027,P004,Apple,Ahmedabad,192.54,2026-05-16
C006,P002,Mango,Pune,128.31,2026-02-17
C024,P003,Tomato,Mumbai,41.32,2026-03-22
C025,P002,Mango,Jaipur,198.33,2026-02-17
C002,P004,Apple,Jaipur,204.31,2026-01-14
C045,P004,Apple,Mumbai,220.28,2026-02-06
C016,P001,Avocado,Jaipur,280.26,2026-02-26
C027,P001,Avocado,Pune,176.63,2026-01-12
C039,P003,Tomato,Jaipur,87.72,2026-05-06
C030,P001,Avocado,Ahmedabad,207.85,2026-03-20
C019,P001,Avocado,Mumbai,313.01,2026-06-08
C023,P001,Avocado,Pune,321.21,2026-02-20
C003,P002,Mango,Mumbai,157.41,2026-03-19
C027,P004,Apple,Delhi,254.02,2026-01-12
C043,P001,Avocado,Delhi,331.04,2026-04-09
C005,P002,Mango,Jaipur,212.51,2026-02-28
C026,P004,Apple,Ahmedabad,297.0,2026-05-11
C018,P003,Tomato,Jaipur,107.63,2026-05-27
C032,P004,Apple,Ahmedabad,175.16,2026-06-16
C039,P004,Apple,Jaipur,242.37,2026-05-25
C003,P004,Apple,Delhi,232.71,2026-05-14
C041,P002,Mango,Mumbai,206.73,2026-02-11
C025,P001,Avocado,Ahmedabad,229.8,2026-01-19
C022,P003,Tomato,Ahmedabad,106.8,2026-04-09
C023,P002,Mango,Mumbai,181.41,2026-04-26
C038,P004,Apple,Pune,242.45,2026-05-15
C010,P003,Tomato,Delhi,58.76,2026-06-26
C009,P003,Tomato,Delhi,50.27,2026-02-01
C049,P001,Avocado,Delhi,334.72,2026-01-10
C037,P001,Avocado,Ahmedabad,184.45,2026-06-11
C011,P004,Apple,Ahmedabad,116.25,2026-04-01
C033,P003,Tomato,Pune,95.69,2026-05-20
C026,P004,Apple,Ahmedabad,241.17,2026-06-09
C017,P003,Tomato,Delhi,59.58,2026-01-22
C039,P004,Apple,Jaipur,241.63,2026-03-29
C023,P003,Tomato,Mumbai,82.45,2026-02-10
C042,P003,Tomato,Ahmedabad,38.86,2026-01-03
C034,P004,Apple,Ahmedabad,244.16,2026-06-10
C021,P001,Avocado,Jaipur,336.96,2026-03-29
C042,P004,Apple,Jaipur,109.46,2026-06-15
C050,P001,Avocado,Ahmedabad,179.23,2026-02-21
C015,P004,Apple,Jaipur,265.4,2026-06-27
C035,P002,Mango,Jaipur,124.85,2026-02-03
C049,P004,Apple,Ahmedabad,220.75,2026-03-06
C037,P004,Apple,Ahmedabad,280.74,2026-05-06
C024,P002,Mango,Jaipur,211.66,2026-05-02
C017,P003,Tomato,Mumbai,51.52,2026-05-25
C048,P002,Mango,Mumbai,99.59,2026-03-15
C039,P002,Mango,Ahmedabad,198.29,2026-06-17
C047,P003,Tomato,Ahmedabad,112.14,2026-03-01
C020,P002,Mango,Delhi,212.11,2026-06-24
C042,P004,Apple,Mumbai,103.7,2026-06-29
C031,P002,Mango,Jaipur,197.4,2026-02-19
C035,P004,Apple,Jaipur,237.12,2026-03-10
C010,P002,Mango,Mumbai,211.79,2026-02-03
C027,P002,Mango,Delhi,113.78,2026-04-19
C022,P001,Avocado,Delhi,256.2,2026-01-31
C009,P003,Tomato,Pune,44.81,2026-02-07
C023,P003,Tomato,Delhi,88.73,2026-01-12
C015,P002,Mango,Delhi,154.54,2026-01-08
C030,P003,Tomato,Pune,37.67,2026-04-06
C032,P004,Apple,Delhi,279.12,2026-04-27
C043,P002,Mango,Jaipur,124.29,2026-03-30
C016,P003,Tomato,Delhi,81.78,2026-05-07
C031,P004,Apple,Ahmedabad,280.7,2026-05-03
C005,P001,Avocado,Delhi,169.26,2026-01-09
C024,P003,Tomato,Jaipur,48.84,2026-05-10
C023,P002,Mango,Delhi,157.28,2026-04-10
C036,P001,Avocado,Mumbai,153.03,2026-06-22
C017,P002,Mango,Delhi,214.4,2026-02-01
C049,P004,Apple,Ahmedabad,297.37,2026-01-21
C001,P002,Mango,Jaipur,207.6,2026-02-02
C013,P004,Apple,Delhi,104.26,2026-04-17
C002,P001,Avocado,Pune,211.1,2026-06-08
C031,P002,Mango,Ahmedabad,215.03,2026-04-26
C030,P001,Avocado,Mumbai,202.52,2026-04-26
C023,P001,Avocado,Mumbai,335.05,2026-02-13
C031,P003,Tomato,Mumbai,53.21,2026-03-24
C044,P002,Mango,Mumbai,128.14,2026-02-27
C004,P003,Tomato,Jaipur,97.77,2026-02-08
C006,P004,Apple,Pune,132.17,2026-01-01
C044,P004,Apple,Jaipur,166.84,2026-05-22
C003,P004,Apple,Ahmedabad,274.38,2026-04-24
C018,P001,Avocado,Delhi,205.44,2026-04-29
C034,P003,Tomato,Delhi,48.27,2026-04-13
C035,P003,Tomato,Mumbai,68.73,2026-02-07
C030,P004,Apple,Mumbai,276.69,2026-02-07
C042,P004,Apple,Pune,229.63,2026-04-11
C046,P004,Apple,Ahmedabad,259.7,2026-01-15
C005,P004,Apple,Ahmedabad,197.89,2026-03-25
C007,P001,Avocado,Ahmedabad,173.71,2026-01-30
C009,P004,Apple,Pune,102.11,2026-05-07
C033,P003,Tomato,Pune,44.6,2026-02-28
C001,P003,Tomato,Mumbai,64.84,2026-02-10
C029,P004,Apple,Mumbai,190.38,2026-01-19
C013,P004,Apple,Pune,210.45,2026-05-05
C049,P003,Tomato,Delhi,44.23,2026-04-27
C049,P004,Apple,Pune,297.09,2026-03-17
C034,P002,Mango,Ahmedabad,145.56,2026-06-23
C039,P003,Tomato,Mumbai,95.56,2026-01-31
C047,P001,Avocado,Ahmedabad,258.19,2026-01-02
C032,P001,Avocado,Delhi,162.97,2026-03-21
C009,P002,Mango,Delhi,160.79,2026-05-19
C035,P004,Apple,Ahmedabad,282.65,2026-02-18
C002,P003,Tomato,Jaipur,112.78,2026-06-08
C015,P001,Avocado,Ahmedabad,336.38,2026-04-26
C033,P004,Apple,Pune,136.7,2026-02-28
C019,P004,Apple,Mumbai,292.96,2026-06-28
C022,P001,Avocado,Delhi,192.16,2026-01-18
C035,P001,Avocado,Mumbai,318.22,2026-02-14
C025,P001,Avocado,Pune,301.42,2026-06-06
C032,P001,Avocado,Delhi,274.88,2026-03-10
C014,P003,Tomato,Ahmedabad,83.28,2026-02-22
C012,P004,Apple,Jaipur,271.45,2026-04-15
C045,P004,Apple,Ahmedabad,226.91,2026-04-06
C024,P003,Tomato,Ahmedabad,51.48,2026-04-29
C009,P002,Mango,Ahmedabad,186.79,2026-01-11
C017,P003,Tomato,Jaipur,37.71,2026-06-25
C003,P003,Tomato,Ahmedabad,82.07,2026-04-28
C009,P001,Avocado,Ahmedabad,227.16,2026-04-17
C012,P002,Mango,Mumbai,198.97,2026-02-02
C020,P003,Tomato,Jaipur,53.45,2026-04-16
C006,P002,Mango,Mumbai,129.08,2026-05-18
C008,P003,Tomato,Pune,44.67,2026-06-13
C015,P003,Tomato,Delhi,94.0,2026-03-05
C046,P002,Mango,Delhi,136.08,2026-04-15
C001,P003,Tomato,Ahmedabad,61.12,2026-01-21
C039,P004,Apple,Jaipur,275.18,2026-06-14
C022,P003,Tomato,Pune,116.51,2026-05-09
C020,P002,Mango,Delhi,144.5,2026-02-08
C024,P004,Apple,Delhi,199.27,2026-05-11
C017,P004,Apple,Delhi,113.14,2026-03-26
C041,P002,Mango,Delhi,103.83,2026-06-04
C015,P003,Tomato,Mumbai,57.16,2026-02-04
C047,P001,Avocado,Delhi,162.26,2026-01-11
C042,P002,Mango,Jaipur,92.72,2026-05-18
C020,P002,Mango,Ahmedabad,226.15,2026-02-07
C001,P003,Tomato,Pune,102.59,2026-01-29
C006,P002,Mango,Pune,104.86,2026-01-19
C024,P002,Mango,Ahmedabad,143.09,2026-05-03
C039,P003,Tomato,Mumbai,55.7,2026-03-10
C004,P002,Mango,Pune,169.71,2026-01-10
C034,P001,Avocado,Ahmedabad,316.8,2026-02-06
C013,P003,Tomato,Jaipur,84.23,2026-02-11
C004,P003,Tomato,Delhi,85.86,2026-05-08
C024,P001,Avocado,Delhi,336.58,2026-03-31
C024,P003,Tomato,Mumbai,119.85,2026-04-21
C027,P002,Mango,Pune,131.2,2026-04-25
C008,P004,Apple,Mumbai,258.29,2026-01-01
C050,P003,Tomato,Mumbai,89.0,2026-03-16
C031,P004,Apple,Mumbai,256.61,2026-06-20
C008,P001,Avocado,Ahmedabad,256.22,2026-06-27
C043,P004,Apple,Ahmedabad,183.97,2026-03-20
C050,P004,Apple,Delhi,138.17,2026-02-01
C016,P002,Mango,Mumbai,193.29,2026-04-26
C024,P004,Apple,Delhi,291.53,2026-02-24
C036,P002,Mango,Delhi,127.5,2026-02-02
C015,P003,Tomato,Jaipur,106.76,2026-03-01
C026,P001,Avocado,Jaipur,270.74,2026-01-31
C038,P001,Avocado,Pune,247.89,2026-04-17
C041,P003,Tomato,Ahmedabad,44.31,2026-03-20
C045,P003,Tomato,Mumbai,39.78,2026-06-01
C003,P004,Apple,Mumbai,230.46,2026-05-25
C020,P003,Tomato,Mumbai,90.12,2026-01-23
C004,P002,Mango,Jaipur,108.93,2026-01-20
C024,P001,Avocado,Ahmedabad,154.89,2026-06-11
C018,P003,Tomato,Mumbai,56.14,2026-05-06
C020,P002,Mango,Ahmedabad,153.78,2026-05-10
C030,P002,Mango,Ahmedabad,222.56,2026-04-01
C016,P002,Mango,Ahmedabad,158.35,2026-03-19
C017,P001,Avocado,Delhi,201.47,2026-02-10
C048,P004,Apple,Mumbai,117.97,2026-06-13
C034,P004,Apple,Delhi,164.04,2026-05-21
C031,P004,Apple,Pune,189.6,2026-05-20
C019,P001,Avocado,Ahmedabad,341.16,2026-06-13
C012,P004,Apple,Ahmedabad,199.75,2026-04-28
C008,P001,Avocado,Delhi,277.08,2026-02-07
C031,P003,Tomato,Jaipur,56.48,2026-05-08
C036,P004,Apple,Jaipur,199.04,2026-01-08
C028,P003,Tomato,Ahmedabad,87.91,2026-05-29
C049,P004,Apple,Jaipur,212.27,2026-01-14
C020,P002,Mango,Pune,183.99,2026-04-08
C031,P001,Avocado,Mumbai,256.75,2026-05-03
C025,P003,Tomato,Mumbai,42.71,2026-06-29
C037,P002,Mango,Mumbai,94.33,2026-02-14
C022,P004,Apple,Ahmedabad,226.85,2026-04-16
C003,P003,Tomato,Ahmedabad,76.11,2026-03-04
C036,P004,Apple,Ahmedabad,292.19,2026-06-13
C022,P002,Mango,Delhi,97.05,2026-03-14
C022,P003,Tomato,Pune,109.1,2026-02-26
C033,P001,Avocado,Delhi,206.06,2026-06-08
C020,P002,Mango,Mumbai,235.86,2026-01-23
C022,P003,Tomato,Mumbai,32.96,2026-04-08
C033,P003,Tomato,Delhi,48.32,2026-06-06
C046,P004,Apple,Pune,249.91,2026-06-09
C022,P002,Mango,Pune,142.81,2026-04-14
C006,P002,Mango,Ahmedabad,179.1,2026-05-08
C013,P003,Tomato,Mumbai,37.72,2026-06-28
C002,P004,Apple,Ahmedabad,290.95,2026-03-14
C008,P001,Avocado,Delhi,167.2,2026-06-10
C015,P003,Tomato,Mumbai,68.47,2026-05-21
C047,P001,Avocado,Ahmedabad,312.77,2026-01-30
C019,P002,Mango,Mumbai,197.58,2026-02-15
C030,P002,Mango,Jaipur,84.78,2026-06-16
C011,P001,Avocado,Mumbai,253.5,2026-01-25
C034,P004,Apple,Delhi,280.99,2026-02-07
C026,P002,Mango,Ahmedabad,163.5,2026-03-30
C032,P001,Avocado,Pune,197.42,2026-02-12
C008,P001,Avocado,Delhi,320.23,2026-01-29
C026,P004,Apple,Mumbai,163.3,2026-02-07
C035,P001,Avocado,Delhi,331.55,2026-06-20
C033,P001,Avocado,Delhi,346.66,2026-01-28
C011,P001,Avocado,Ahmedabad,218.62,2026-04-20
C034,P002,Mango,Jaipur,123.82,2026-05-26
C042,P003,Tomato,Jaipur,62.77,2026-06-02
C036,P004,Apple,Jaipur,150.72,2026-06-01
C029,P003,Tomato,Delhi,104.69,2026-02-17
C007,P002,Mango,Delhi,238.31,2026-03-22
C015,P001,Avocado,Pune,281.91,2026-03-27
C005,P004,Apple,Pune,215.38,2026-06-11
C027,P004,Apple,Pune,111.84,2026-04-18
C008,P003,Tomato,Jaipur,56.3,2026-03-20
C021,P003,Tomato,Pune,85.68,2026-03-18
C027,P004,Apple,Jaipur,158.4,2026-01-31
C042,P004,Apple,Pune,159.16,2026-03-29
C037,P002,Mango,Ahmedabad,223.6,2026-04-29
C044,P003,Tomato,Delhi,101.55,2026-04-28
C012,P004,Apple,Jaipur,130.39,2026-03-10
C038,P003,Tomato,Jaipur,79.5,2026-02-13
C026,P003,Tomato,Ahmedabad,95.69,2026-01-22
C035,P003,Tomato,Pune,59.88,2026-04-13
C024,P001,Avocado,Ahmedabad,269.08,2026-01-27
C032,P004,Apple,Mumbai,252.75,2026-06-26
C019,P001,Avocado,Jaipur,221.75,2026-04-30
C030,P003,Tomato,Ahmedabad,90.56,2026-03-04
C020,P003,Tomato,Ahmedabad,38.29,2026-06-22
C033,P002,Mango,Delhi,234.59,2026-01-30
C012,P002,Mango,Ahmedabad,244.61,2026-03-09
C027,P002,Mango,Delhi,135.04,2026-01-29
C035,P003,Tomato,Jaipur,37.47,2026-05-05
C047,P001,Avocado,Pune,218.2,2026-04-21
C006,P002,Mango,Delhi,221.06,2026-03-09
C047,P003,Tomato,Pune,48.72,2026-03-22
C005,P002,Mango,Mumbai,212.27,2026-02-17
C029,P004,Apple,Delhi,208.39,2026-05-27
C018,P003,Tomato,Mumbai,97.82,2026-01-05
C027,P001,Avocado,Delhi,165.06,2026-02-01
C012,P001,Avocado,Ahmedabad,150.54,2026-01-12
C017,P004,Apple,Jaipur,186.54,2026-06-03
C040,P004,Apple,Mumbai,262.95,2026-06-14
C047,P004,Apple,Mumbai,163.07,2026-06-12
C050,P001,Avocado,Ahmedabad,341.91,2026-01-02
C014,P003,Tomato,Ahmedabad,64.08,2026-06-16
C043,P004,Apple,Mumbai,284.77,2026-05-29
C023,P004,Apple,Delhi,133.29,2026-04-17
C026,P001,Avocado,Jaipur,333.21,2026-06-23
C038,P003,Tomato,Delhi,35.35,2026-01-29
C036,P001,Avocado,Mumbai,196.76,2026-01-03
C043,P003,Tomato,Jaipur,118.55,2026-03-28
C001,P004,Apple,Mumbai,180.19,2026-04-10
C002,P001,Avocado,Delhi,266.46,2026-01-06
C020,P001,Avocado,Pune,340.35,2026-06-20
C027,P004,Apple,Pune,152.46,2026-04-27
C010,P002,Mango,Jaipur,202.22,2026-01-05
C015,P003,Tomato,Jaipur,56.33,2026-01-29
C007,P004,Apple,Pune,265.15,2026-05-15
C009,P003,Tomato,Pune,58.23,2026-06-17
C027,P002,Mango,Mumbai,206.62,2026-01-23
C037,P001,Avocado,Delhi,296.48,2026-02-14
C019,P003,Tomato,Mumbai,50.13,2026-01-10
C032,P001,Avocado,Mumbai,262.72,2026-06-07
C005,P003,Tomato,Jaipur,62.32,2026-02-26
C028,P003,Tomato,Pune,56.31,2026-06-13
C034,P003,Tomato,Mumbai,103.24,2026-01-09
C003,P001,Avocado,Mumbai,257.18,2026-01-25
C047,P004,Apple,Pune,206.17,2026-06-27
C023,P003,Tomato,Mumbai,34.15,2026-03-12
C016,P003,Tomato,Mumbai,31.66,2026-01-08
C029,P004,Apple,Pune,147.56,2026-03-26
C010,P004,Apple,Pune,270.58,2026-01-19
C007,P002,Mango,Mumbai,181.51,2026-05-28
C039,P002,Mango,Ahmedabad,208.66,2026-05-03
C050,P004,Apple,Delhi,269.65,2026-04-05
C005,P002,Mango,Ahmedabad,81.12,2026-04-21
C003,P002,Mango,Jaipur,183.03,2026-03-03
C016,P004,Apple,Jaipur,111.74,2026-05-27
C027,P004,Apple,Pune,280.36,2026-03-04
C040,P003,Tomato,Jaipur,105.48,2026-04-08
C005,P002,Mango,Pune,196.15,2026-04-14
C008,P004,Apple,Delhi,156.91,2026-03-04
C029,P003,Tomato,Mumbai,40.78,2026-06-18
C017,P004,Apple,Jaipur,115.72,2026-02-02
C041,P003,Tomato,Mumbai,71.48,2026-04-20
C021,P001,Avocado,Mumbai,221.82,2026-06-08
C046,P001,Avocado,Mumbai,290.89,2026-05-18
C019,P003,Tomato,Pune,57.96,2026-01-22
C027,P004,Apple,Ahmedabad,108.91,2026-02-26
C026,P003,Tomato,Mumbai,59.09,2026-05-03
C040,P003,Tomato,Pune,110.27,2026-04-11
C045,P002,Mango,Pune,101.1,2026-04-12
C029,P002,Mango,Mumbai,220.49,2026-06-27
C015,P002,Mango,Mumbai,122.29,2026-01-08
C027,P003,Tomato,Mumbai,92.54,2026-04-22
C019,P001,Avocado,Ahmedabad,302.92,2026-01-15
C014,P003,Tomato,Ahmedabad,91.26,2026-01-02
C024,P001,Avocado,Pune,311.37,2026-05-23
C014,P002,Mango,Jaipur,165.13,2026-01-05
C011,P002,Mango,Pune,130.04,2026-05-03
C039,P003,Tomato,Jaipur,51.79,2026-04-05
C018,P004,Apple,Mumbai,174.43,2026-04-20
C018,P003,Tomato,Jaipur,68.24,2026-06-11
C005,P002,Mango,Mumbai,191.63,2026-01-19
C005,P002,Mango,Pune,182.13,2026-03-23
C039,P003,Tomato,Mumbai,99.96,2026-05-12
C031,P002,Mango,Mumbai,244.85,2026-03-22
C007,P002,Mango,Ahmedabad,185.13,2026-05-09
C003,P003,Tomato,Jaipur,49.8,2026-04-22
C001,P003,Tomato,Jaipur,41.27,2026-01-02
C014,P003,Tomato,Delhi,41.82,2026-02-20
C038,P002,Mango,Delhi,159.59,2026-05-17
C020,P004,Apple,Ahmedabad,111.68,2026-06-21
C046,P001,Avocado,Mumbai,316.03,2026-01-03
C026,P004,Apple,Pune,189.23,2026-01-12
C027,P002,Mango,Delhi,156.08,2026-05-01
C020,P004,Apple,Ahmedabad,141.22,2026-03-01
C013,P001,Avocado,Delhi,332.84,2026-04-06
C044,P001,Avocado,Jaipur,315.1,2026-04-25
C032,P001,Avocado,Jaipur,308.71,2026-05-21
C004,P002,Mango,Mumbai,90.5,2026-06-01
C008,P002,Mango,Ahmedabad,114.32,2026-05-12
C010,P003,Tomato,Ahmedabad,106.54,2026-06-23
C044,P002,Mango,Mumbai,101.38,2026-03-31
C038,P004,Apple,Pune,137.56,2026-04-29
C019,P002,Mango,Ahmedabad,214.79,2026-04-30
C017,P003,Tomato,Delhi,49.73,2026-03-10
C045,P003,Tomato,Delhi,107.78,2026-01-18
C002,P002,Mango,Mumbai,207.16,2026-02-06
C040,P001,Avocado,Pune,162.62,2026-03-19
C047,P003,Tomato,Ahmedabad,115.96,2026-06-06
C028,P002,Mango,Jaipur,176.77,2026-02-12
C003,P003,Tomato,Jaipur,59.72,2026-03-07
C007,P001,Avocado,Pune,327.49,2026-03-07
C047,P003,Tomato,Delhi,30.86,2026-05-09
C040,P001,Avocado,Jaipur,173.11,2026-04-24
C036,P001,Avocado,Delhi,198.96,2026-05-24
C038,P001,Avocado,Ahmedabad,249.63,2026-05-18
C029,P003,Tomato,Delhi,77.24,2026-03-30
C009,P001,Avocado,Mumbai,227.59,2026-04-07
C039,P001,Avocado,Ahmedabad,228.54,2026-03-10
C027,P004,Apple,Pune,130.63,2026-05-27
C033,P003,Tomato,Jaipur,104.07,2026-02-09
C026,P004,Apple,Jaipur,102.52,2026-04-14
C019,P003,Tomato,Pune,74.7,2026-01-06
C041,P003,Tomato,Pune,89.37,2026-06-21
C037,P002,Mango,Pune,94.32,2026-02-07
C038,P002,Mango,Jaipur,112.74,2026-03-17
C007,P002,Mango,Ahmedabad,221.94,2026-03-01
C037,P003,Tomato,Pune,84.43,2026-03-05
C026,P001,Avocado,Mumbai,281.52,2026-04-14
C016,P004,Apple,Delhi,128.62,2026-03-17
C017,P003,Tomato,Jaipur,93.88,2026-03-01
C004,P002,Mango,Ahmedabad,233.89,2026-03-27
C043,P004,Apple,Delhi,132.38,2026-06-09
C019,P003,Tomato,Jaipur,85.11,2026-04-11
C019,P004,Apple,Jaipur,243.29,2026-01-17
C003,P004,Apple,Ahmedabad,166.06,2026-06-12
C039,P002,Mango,Ahmedabad,137.51,2026-02-13
C008,P003,Tomato,Mumbai,53.95,2026-03-01
C043,P002,Mango,Delhi,188.89,2026-06-09
C037,P003,Tomato,Ahmedabad,83.92,2026-02-12
C012,P002,Mango,Delhi,104.23,2026-06-21
C023,P004,Apple,Ahmedabad,127.07,2026-05-05
C003,P001,Avocado,Mumbai,298.24,2026-02-16
C035,P004,Apple,Delhi,237.48,2026-04-01
C041,P002,Mango,Jaipur,143.05,2026-04-05
C001,P004,Apple,Mumbai,177.98,2026-02-12
C008,P002,Mango,Pune,166.38,2026-04-23
C012,P001,Avocado,Jaipur,203.42,2026-04-10
C027,P003,Tomato,Pune,93.96,2026-02-03
C003,P004,Apple,Delhi,216.91,2026-06-15
C036,P002,Mango,Ahmedabad,108.09,2026-06-15
C046,P004,Apple,Jaipur,149.22,2026-02-27
C026,P003,Tomato,Delhi,93.53,2026-05-12
C035,P003,Tomato,Pune,86.71,2026-01-25
C007,P001,Avocado,Ahmedabad,165.14,2026-03-29
C013,P001,Avocado,Pune,235.23,2026-03-24
C011,P001,Avocado,Ahmedabad,268.35,2026-02-20
C030,P004,Apple,Delhi,242.0,2026-05-07
C043,P002,Mango,Ahmedabad,134.85,2026-04-17
C040,P001,Avocado,Jaipur,242.7,2026-04-20
C029,P004,Apple,Pune,125.56,2026-01-04
C031,P003,Tomato,Delhi,108.35,2026-06-14
C044,P002,Mango,Pune,172.74,2026-03-07
C044,P002,Mango,Ahmedabad,107.38,2026-02-27
C030,P001,Avocado,Mumbai,334.83,2026-03-17
C020,P002,Mango,Pune,82.06,2026-03-31
C039,P003,Tomato,Jaipur,99.72,2026-01-05
C026,P002,Mango,Pune,180.76,2026-06-18
C022,P004,Apple,Jaipur,104.6,2026-03-01
C048,P002,Mango,Delhi,113.78,2026-02-22
C015,P003,Tomato,Mumbai,46.72,2026-05-14
C008,P004,Apple,Jaipur,268.47,2026-02-09
C001,P003,Tomato,Delhi,67.42,2026-04-16
C033,P001,Avocado,Pune,309.21,2026-02-04
C030,P002,Mango,Delhi,138.32,2026-05-28
C050,P004,Apple,Mumbai,140.1,2026-04-18
C009,P002,Mango,Pune,100.87,2026-01-02
C036,P004,Apple,Delhi,233.29,2026-04-18
C046,P002,Mango,Mumbai,93.93,2026-06-08
C045,P001,Avocado,Delhi,263.59,2026-04-06
C010,P004,Apple,Pune,106.79,2026-03-19
C025,P003,Tomato,Mumbai,95.76,2026-01-04
C049,P004,Apple,Mumbai,137.98,2026-01-07
C014,P003,Tomato,Delhi,110.79,2026-02-10
C022,P002,Mango,Delhi,227.81,2026-06-01
C035,P003,Tomato,Jaipur,112.13,2026-04-21
C038,P004,Apple,Ahmedabad,166.9,2026-01-31
C024,P001,Avocado,Pune,323.6,2026-01-22
C027,P003,Tomato,Delhi,96.14,2026-06-20
C021,P004,Apple,Jaipur,225.93,2026-05-17
C046,P004,Apple,Delhi,169.02,2026-03-16
C038,P001,Avocado,Pune,172.88,2026-01-11
C029,P003,Tomato,Delhi,41.5,2026-05-13
C009,P003,Tomato,Pune,75.7,2026-03-11
C007,P002,Mango,Pune,245.02,2026-03-04
C024,P003,Tomato,Mumbai,112.41,2026-04-28
C026,P003,Tomato,Mumbai,106.96,2026-04-25
C042,P004,Apple,Ahmedabad,149.34,2026-05-30
C031,P002,Mango,Ahmedabad,177.6,2026-04-05
C016,P001,Avocado,Pune,267.92,2026-04-04
C024,P001,Avocado,Ahmedabad,259.11,2026-05-24
C043,P003,Tomato,Mumbai,58.97,2026-01-07
C004,P002,Mango,Pune,236.77,2026-03-11
C028,P003,Tomato,Mumbai,102.29,2026-01-29
C036,P003,Tomato,Mumbai,105.28,2026-03-16
C007,P002,Mango,Mumbai,249.44,2026-01-27
C032,P004,Apple,Jaipur,201.02,2026-06-05
C046,P001,Avocado,Jaipur,226.44,2026-01-11
C050,P004,Apple,Pune,263.27,2026-06-05
C018,P002,Mango,Jaipur,140.15,2026-06-22
C029,P002,Mango,Ahmedabad,231.35,2026-05-07
C022,P004,Apple,Jaipur,219.67,2026-04-14
C037,P001,Avocado,Mumbai,220.99,2026-01-10
C012,P003,Tomato,Jaipur,103.1,2026-02-24
C019,P002,Mango,Mumbai,161.0,2026-01-31
C031,P001,Avocado,Pune,246.72,2026-04-06
C025,P001,Avocado,Mumbai,230.66,2026-05-25
C038,P001,Avocado,Jaipur,197.66,2026-06-24
C039,P004,Apple,Mumbai,216.32,2026-05-09
C044,P002,Mango,Jaipur,244.47,2026-04-15
C050,P003,Tomato,Delhi,50.06,2026-03-02
C032,P003,Tomato,Ahmedabad,99.99,2026-02-14
C014,P002,Mango,Delhi,146.14,2026-05-03
C018,P003,Tomato,Jaipur,49.22,2026-06-07
C022,P003,Tomato,Ahmedabad,48.37,2026-01-18
C030,P001,Avocado,Jaipur,234.13,2026-03-09
C002,P003,Tomato,Ahmedabad,43.61,2026-03-18
C009,P003,Tomato,Delhi,77.73,2026-02-24
C022,P003,Tomato,Pune,107.21,2026-03-14
C043,P002,Mango,Jaipur,230.04,2026-05-29
C040,P003,Tomato,Ahmedabad,75.81,2026-01-27
C046,P002,Mango,Jaipur,160.16,2026-06-22
C006,P003,Tomato,Delhi,69.12,2026-04-13
C022,P002,Mango,Mumbai,132.07,2026-06-07
C050,P004,Apple,Delhi,257.96,2026-01-06
C018,P004,Apple,Jaipur,209.07,2026-05-14
C043,P003,Tomato,Delhi,119.65,2026-04-04
C032,P001,Avocado,Pune,220.14,2026-02-25
C044,P003,Tomato,Pune,92.82,2026-01-23
C006,P004,Apple,Mumbai,122.82,2026-03-04
C038,P002,Mango,Delhi,216.11,2026-03-28
C026,P002,Mango,Mumbai,190.17,2026-04-03
C010,P001,Avocado,Pune,261.58,2026-04-13
C003,P001,Avocado,Pune,292.39,2026-04-21
C026,P004,Apple,Delhi,278.08,2026-05-29
C045,P002,Mango,Mumbai,197.93,2026-05-29
C011,P001,Avocado,Delhi,281.61,2026-05-19
C016,P004,Apple,Delhi,294.0,2026-02-15
C044,P004,Apple,Ahmedabad,247.72,2026-01-04
C004,P002,Mango,Pune,228.58,2026-05-06
C025,P002,Mango,Mumbai,192.21,2026-03-29
C029,P003,Tomato,Jaipur,63.83,2026-05-03
C039,P003,Tomato,Jaipur,43.69,2026-04-13
C009,P001,Avocado,Ahmedabad,246.3,2026-03-21
C005,P003,Tomato,Ahmedabad,31.76,2026-03-26
C022,P002,Mango,Delhi,216.91,2026-03-04
C023,P003,Tomato,Jaipur,106.54,2026-03-06
C002,P001,Avocado,Mumbai,344.63,2026-02-12
C012,P004,Apple,Ahmedabad,191.43,2026-01-30
C027,P004,Apple,Delhi,218.71,2026-03-23
C034,P004,Apple,Mumbai,274.93,2026-03-09
C001,P001,Avocado,Jaipur,342.78,2026-04-02
C011,P003,Tomato,Ahmedabad,39.17,2026-05-21
C019,P003,Tomato,Pune,50.98,2026-04-08
C007,P003,Tomato,Pune,87.1,2026-03-09
C029,P003,Tomato,Jaipur,49.46,2026-03-20
C027,P002,Mango,Pune,224.5,2026-04-11
C028,P004,Apple,Ahmedabad,156.61,2026-03-06
C009,P004,Apple,Mumbai,104.72,2026-04-08
C010,P002,Mango,Jaipur,101.4,2026-01-16
C036,P001,Avocado,Ahmedabad,204.59,2026-05-01
C047,P002,Mango,Ahmedabad,249.15,2026-04-15
C006,P001,Avocado,Ahmedabad,335.46,2026-01-11
C013,P003,Tomato,Ahmedabad,44.99,2026-02-25
C014,P003,Tomato,Ahmedabad,72.06,2026-04-15
C021,P001,Avocado,Delhi,230.61,2026-02-07
C034,P001,Avocado,Mumbai,258.43,2026-02-23
C017,P003,Tomato,Delhi,95.78,2026-05-19
C026,P003,Tomato,Pune,52.21,2026-01-08
C030,P003,Tomato,Jaipur,46.36,2026-05-27
C031,P003,Tomato,Pune,98.78,2026-03-04
C022,P001,Avocado,Delhi,301.42,2026-06-02
C026,P003,Tomato,Mumbai,57.72,2026-06-19
C044,P004,Apple,Delhi,141.13,2026-04-14
C034,P002,Mango,Mumbai,209.55,2026-01-30
C042,P002,Mango,Jaipur,181.57,2026-02-07
C038,P002,Mango,Pune,203.08,2026-03-17
C040,P001,Avocado,Pune,318.93,2026-06-07
C003,P002,Mango,Delhi,85.05,2026-06-10
C022,P001,Avocado,Ahmedabad,250.9,2026-06-12
C035,P003,Tomato,Ahmedabad,104.35,2026-01-19
C004,P002,Mango,Jaipur,94.86,2026-01-20
C044,P002,Mango,Pune,216.51,2026-02-17
C032,P001,Avocado,Ahmedabad,234.77,2026-06-29
C036,P002,Mango,Jaipur,246.17,2026-02-18
C023,P003,Tomato,Ahmedabad,74.2,2026-03-19
C018,P004,Apple,Mumbai,272.48,2026-03-31
C019,P001,Avocado,Jaipur,301.36,2026-01-14
C019,P001,Avocado,Mumbai,336.47,2026-03-04
C038,P004,Apple,Mumbai,115.07,2026-03-18
C029,P003,Tomato,Delhi,94.21,2026-04-27
C041,P002,Mango,Ahmedabad,149.51,2026-05-25
C027,P002,Mango,Jaipur,107.25,2026-06-30
C009,P004,Apple,Mumbai,298.83,2026-05-22
C018,P004,Apple,Pune,263.12,2026-01-14
C012,P004,Apple,Mumbai,217.51,2026-02-09
C006,P003,Tomato,Jaipur,61.61,2026-06-09
C006,P003,Tomato,Jaipur,74.75,2026-03-16
C014,P003,Tomato,Jaipur,95.21,2026-02-25
C035,P004,Apple,Pune,101.0,2026-02-03
C005,P003,Tomato,Mumbai,105.5,2026-03-20
C038,P002,Mango,Pune,246.45,2026-02-08
C015,P003,Tomato,Pune,98.84,2026-04-16
C028,P002,Mango,Jaipur,175.69,2026-04-06
C014,P002,Mango,Delhi,193.37,2026-06-14
C048,P001,Avocado,Ahmedabad,287.34,2026-01-27
C016,P004,Apple,Mumbai,134.18,2026-06-18
C014,P001,Avocado,Mumbai,189.92,2026-06-21
C004,P001,Avocado,Delhi,282.9,2026-03-22
C028,P002,Mango,Mumbai,190.48,2026-02-08
C040,P002,Mango,Mumbai,233.51,2026-02-08
C036,P002,Mango,Pune,168.47,2026-05-10
C033,P004,Apple,Mumbai,210.88,2026-01-22
C004,P001,Avocado,Pune,296.5,2026-03-22
C026,P001,Avocado,Pune,268.54,2026-06-28
C034,P001,Avocado,Mumbai,331.52,2026-06-21
C039,P002,Mango,Pune,146.83,2026-03-20
C028,P002,Mango,Pune,171.23,2026-05-18
C023,P001,Avocado,Pune,214.14,2026-05-11
C028,P001,Avocado,Delhi,154.7,2026-05-29
C040,P002,Mango,Ahmedabad,112.9,2026-05-14
C015,P002,Mango,Mumbai,166.52,2026-02-27
C036,P004,Apple,Ahmedabad,283.73,2026-02-28
C006,P001,Avocado,Delhi,300.91,2026-01-25
C040,P004,Apple,Mumbai,125.76,2026-03-03
C018,P002,Mango,Pune,125.32,2026-01-14
C041,P003,Tomato,Jaipur,53.9,2026-02-11
C003,P001,Avocado,Delhi,179.49,2026-02-10
C014,P002,Mango,Pune,216.59,2026-04-11
C007,P001,Avocado,Pune,324.45,2026-05-02
C038,P002,Mango,Pune,199.57,2026-01-06
C025,P003,Tomato,Delhi,51.05,2026-05-19
C003,P001,Avocado,Ahmedabad,247.72,2026-06-03
C002,P004,Apple,Mumbai,176.03,2026-01-17
C006,P004,Apple,Mumbai,227.3,2026-04-07
C033,P001,Avocado,Delhi,325.83,2026-01-26
C023,P001,Avocado,Delhi,294.85,2026-04-08
C022,P003,Tomato,Pune,38.98,2026-01-18
C023,P004,Apple,Mumbai,201.38,2026-06-18
C050,P002,Mango,Jaipur,149.3,2026-02-23
C008,P004,Apple,Mumbai,204.49,2026-05-23
C020,P003,Tomato,Jaipur,55.76,2026-02-06
C015,P003,Tomato,Mumbai,82.64,2026-02-16
C004,P004,Apple,Pune,225.3,2026-04-11
C038,P003,Tomato,Ahmedabad,100.57,2026-06-24
C033,P001,Avocado,Mumbai,280.2,2026-02-17
C028,P003,Tomato,Pune,113.76,2026-05-24
C001,P001,Avocado,Jaipur,275.93,2026-05-22
C030,P004,Apple,Jaipur,160.72,2026-04-08
C028,P004,Apple,Ahmedabad,102.72,2026-05-02
C021,P004,Apple,Delhi,240.6,2026-06-20
C015,P004,Apple,Mumbai,173.45,2026-06-26
C029,P002,Mango,Delhi,244.76,2026-06-05
C009,P001,Avocado,Delhi,310.32,2026-02-15
C023,P001,Avocado,Ahmedabad,150.09,2026-05-25
C002,P003,Tomato,Mumbai,104.91,2026-03-23
C046,P003,Tomato,Mumbai,58.3,2026-02-14
C042,P002,Mango,Ahmedabad,208.68,2026-03-28
C048,P004,Apple,Delhi,265.14,2026-05-06
C050,P002,Mango,Mumbai,234.22,2026-05-03
C006,P004,Apple,Pune,189.97,2026-01-25
C020,P003,Tomato,Jaipur,64.96,2026-03-13
C023,P002,Mango,Ahmedabad,80.9,2026-01-07
C019,P003,Tomato,Pune,77.69,2026-01-02
C011,P004,Apple,Jaipur,157.77,2026-05-05
C042,P001,Avocado,Pune,202.64,2026-03-10
C042,P001,Avocado,Mumbai,177.78,2026-03-23
C026,P004,Apple,Mumbai,245.1,2026-03-01
C031,P001,Avocado,Delhi,266.2,2026-04-26
C022,P002,Mango,Mumbai,89.1,2026-06-18
C037,P002,Mango,Ahmedabad,163.9,2026-03-04
C031,P001,Avocado,Ahmedabad,236.27,2026-04-17
C012,P004,Apple,Jaipur,205.51,2026-02-27
C024,P001,Avocado,Delhi,193.59,2026-04-14
C010,P001,Avocado,Pune,252.45,2026-06-29
C004,P003,Tomato,Pune,41.7,2026-01-10
C003,P004,Apple,Ahmedabad,252.38,2026-04-08
C035,P003,Tomato,Mumbai,57.17,2026-05-27
C032,P003,Tomato,Pune,108.75,2026-04-25
C030,P002,Mango,Pune,171.7,2026-06-22
C005,P004,Apple,Jaipur,294.81,2026-01-18
C009,P004,Apple,Pune,140.77,2026-03-06
C009,P004,Apple,Pune,266.07,2026-02-21
C047,P003,Tomato,Jaipur,110.04,2026-02-04
C042,P004,Apple,Mumbai,278.17,2026-06-03
C043,P004,Apple,Pune,194.95,2026-01-12
C025,P004,Apple,Pune,181.48,2026-04-21
C040,P002,Mango,Mumbai,146.2,2026-04-02
C030,P002,Mango,Pune,148.41,2026-04-08
C038,P003,Tomato,Delhi,105.7,2026-05-26
C014,P004,Apple,Pune,237.94,2026-04-12
C007,P001,Avocado,Jaipur,333.42,2026-06-08
C038,P001,Avocado,Jaipur,306.05,2026-02-16
C042,P003,Tomato,Pune,72.16,2026-03-13
C033,P001,Avocado,Jaipur,343.87,2026-02-27
C040,P002,Mango,Pune,233.68,2026-05-21
C017,P003,Tomato,Jaipur,110.1,2026-06-05
C003,P002,Mango,Ahmedabad,140.71,2026-04-12
C005,P003,Tomato,Mumbai,62.0,2026-05-13
C028,P003,Tomato,Ahmedabad,54.49,2026-02-20
C048,P003,Tomato,Pune,44.03,2026-06-15
C043,P004,Apple,Jaipur,204.09,2026-01-30
C003,P002,Mango,Ahmedabad,187.4,2026-01-11
C003,P001,Avocado,Pune,333.8,2026-06-30
C033,P002,Mango,Jaipur,244.76,2026-06-13
C030,P003,Tomato,Delhi,100.98,2026-06-23
C009,P004,Apple,Pune,131.8,2026-02-08
C017,P004,Apple,Mumbai,103.76,2026-04-10
C004,P004,Apple,Delhi,215.22,2026-02-04
C027,P001,Avocado,Ahmedabad,259.71,2026-01-30
C017,P002,Mango,Pune,117.55,2026-01-28
C014,P004,Apple,Jaipur,291.84,2026-03-30
C015,P004,Apple,Pune,187.89,2026-05-25
C004,P001,Avocado,Pune,158.04,2026-02-25
C036,P003,Tomato,Pune,101.5,2026-06-30
C022,P003,Tomato,Pune,107.53,2026-01-03
C023,P004,Apple,Pune,258.71,2026-02-01
C028,P001,Avocado,Jaipur,296.65,2026-03-19
C050,P004,Apple,Ahmedabad,190.05,2026-02-25
C002,P001,Avocado,Mumbai,337.01,2026-03-06
C044,P001,Avocado,Jaipur,319.72,2026-04-11
C029,P001,Avocado,Mumbai,255.28,2026-02-01
C049,P002,Mango,Mumbai,221.53,2026-01-05
C009,P003,Tomato,Pune,53.07,2026-06-24
C021,P001,Avocado,Pune,331.59,2026-01-07
C004,P004,Apple,Jaipur,116.58,2026-05-13
C032,P004,Apple,Pune,260.58,2026-06-20
C034,P001,Avocado,Delhi,268.55,2026-05-07
C001,P004,Apple,Mumbai,279.01,2026-05-31
C006,P003,Tomato,Delhi,119.36,2026-02-03
C005,P003,Tomato,Jaipur,84.02,2026-01-06
C018,P003,Tomato,Delhi,82.93,2026-04-20
C011,P001,Avocado,Mumbai,190.78,2026-01-23
C046,P002,Mango,Mumbai,112.63,2026-03-11
C034,P002,Mango,Pune,97.5,2026-03-05
C030,P004,Apple,Mumbai,202.49,2026-01-20
C010,P004,Apple,Mumbai,283.89,2026-05-07
C012,P003,Tomato,Mumbai,110.98,2026-01-16
C030,P004,Apple,Pune,103.57,2026-06-03
C037,P004,Apple,Delhi,219.44,2026-01-29
C025,P001,Avocado,Delhi,187.9,2026-05-05
C010,P002,Mango,Pune,137.44,2026-05-06
C024,P004,Apple,Mumbai,106.01,2026-04-21
C001,P003,Tomato,Jaipur,97.87,2026-05-21
C013,P004,Apple,Pune,121.34,2026-05-12
C032,P001,Avocado,Pune,151.46,2026-05-30
C028,P002,Mango,Mumbai,221.53,2026-06-15
C047,P001,Avocado,Delhi,203.95,2026-04-01
C009,P003,Tomato,Pune,88.66,2026-02-14
C005,P001,Avocado,Delhi,323.13,2026-05-07
C048,P004,Apple,Ahmedabad,177.68,2026-03-20
C037,P002,Mango,Pune,163.32,2026-01-15
C013,P004,Apple,Ahmedabad,118.84,2026-06-03
C036,P002,Mango,Ahmedabad,128.59,2026-06-06
C001,P002,Mango,Mumbai,85.32,2026-01-01
C040,P003,Tomato,Mumbai,99.2,2026-06-18
C022,P004,Apple,Pune,174.96,2026-06-23
C006,P003,Tomato,Delhi,67.39,2026-03-29
C031,P003,Tomato,Mumbai,111.15,2026-03-06
C007,P003,Tomato,Delhi,119.93,2026-06-21
C032,P004,Apple,Delhi,126.05,2026-06-01
C025,P003,Tomato,Pune,95.55,2026-02-27
C008,P002,Mango,Mumbai,233.73,2026-03-17
C022,P003,Tomato,Jaipur,31.16,2026-04-13
C047,P002,Mango,Ahmedabad,224.97,2026-01-10
C003,P002,Mango,Delhi,231.21,2026-04-17
C042,P001,Avocado,Mumbai,228.28,2026-06-01
C049,P002,Mango,Mumbai,148.11,2026-06-11
C028,P002,Mango,Delhi,241.59,2026-02-23
C033,P001,Avocado,Ahmedabad,261.46,2026-03-04
C038,P002,Mango,Mumbai,203.39,2026-02-01
C042,P001,Avocado,Ahmedabad,172.67,2026-03-10
C033,P002,Mango,Jaipur,239.25,2026-05-08
C002,P003,Tomato,Mumbai,96.98,2026-01-03
C039,P002,Mango,Ahmedabad,213.11,2026-06-04
C024,P004,Apple,Jaipur,272.23,2026-03-21
C049,P001,Avocado,Pune,174.74,2026-03-29
C048,P002,Mango,Jaipur,235.68,2026-02-05
C021,P004,Apple,Pune,287.45,2026-05-30
C027,P001,Avocado,Mumbai,183.29,2026-03-13
C014,P002,Mango,Jaipur,243.12,2026-06-21
C024,P004,Apple,Jaipur,172.87,2026-05-16
C048,P004,Apple,Jaipur,253.9,2026-04-24
C045,P002,Mango,Delhi,111.57,2026-05-24
C017,P001,Avocado,Jaipur,264.83,2026-05-18
C039,P003,Tomato,Delhi,30.11,2026-01-11
C047,P004,Apple,Jaipur,146.12,2026-04-10
C005,P002,Mango,Jaipur,235.36,2026-01-28
C015,P003,Tomato,Delhi,110.74,2026-05-12
C045,P003,Tomato,Delhi,48.68,2026-06-27
C011,P001,Avocado,Delhi,213.72,2026-05-01
C019,P004,Apple,Pune,247.88,2026-06-17
C035,P002,Mango,Pune,113.61,2026-05-26
C021,P002,Mango,Ahmedabad,110.45,2026-05-11
C030,P001,Avocado,Pune,287.59,2026-03-04
C044,P001,Avocado,Mumbai,180.95,2026-02-11
C019,P001,Avocado,Delhi,156.82,2026-03-09
C004,P003,Tomato,Ahmedabad,63.77,2026-02-11
C037,P004,Apple,Mumbai,175.48,2026-05-20
C006,P003,Tomato,Delhi,108.04,2026-01-02
C044,P003,Tomato,Delhi,31.79,2026-06-29
C034,P002,Mango,Ahmedabad,153.65,2026-06-14
C046,P001,Avocado,Mumbai,239.52,2026-05-08
C024,P001,Avocado,Mumbai,308.92,2026-02-28
C022,P001,Avocado,Mumbai,159.68,2026-03-11
C038,P004,Apple,Delhi,257.82,2026-03-06
C004,P003,Tomato,Mumbai,116.59,2026-04-29
C031,P002,Mango,Delhi,225.14,2026-05-07
C025,P003,Tomato,Ahmedabad,45.35,2026-06-18
C044,P003,Tomato,Ahmedabad,110.24,2026-06-06
C015,P001,Avocado,Jaipur,279.8,2026-03-17
C040,P003,Tomato,Pune,35.58,2026-04-15
C036,P002,Mango,Delhi,161.9,2026-03-10
C020,P004,Apple,Delhi,242.79,2026-01-06
C009,P004,Apple,Delhi,277.4,2026-03-28
C048,P003,Tomato,Delhi,107.47,2026-04-25
C032,P004,Apple,Mumbai,216.85,2026-06-01
C025,P001,Avocado,Pune,249.26,2026-01-21
C046,P004,Apple,Ahmedabad,126.27,2026-02-02
C018,P003,Tomato,Ahmedabad,103.52,2026-05-02
C044,P003,Tomato,Delhi,96.25,2026-01-15
C009,P002,Mango,Mumbai,208.3,2026-04-12
C032,P003,Tomato,Pune,91.94,2026-02-01
C023,P004,Apple,Delhi,166.15,2026-04-28
C032,P002,Mango,Ahmedabad,176.6,2026-06-25
C049,P004,Apple,Mumbai,216.33,2026-05-12
C006,P003,Tomato,Ahmedabad,46.79,2026-01-08
C035,P002,Mango,Pune,161.33,2026-04-25
C031,P004,Apple,Mumbai,154.4,2026-05-31
C038,P003,Tomato,Jaipur,35.9,2026-05-12
C004,P001,Avocado,Mumbai,323.41,2026-01-30
C001,P004,Apple,Mumbai,239.39,2026-04-05
C040,P003,Tomato,Jaipur,48.21,2026-04-19
C033,P004,Apple,Delhi,151.35,2026-04-06
C012,P003,Tomato,Mumbai,114.06,2026-02-12
C020,P004,Apple,Pune,238.99,2026-03-09
C048,P003,Tomato,Pune,100.68,2026-01-17
C034,P002,Mango,Jaipur,205.62,2026-04-30
C048,P003,Tomato,Pune,95.88,2026-06-02
C001,P002,Mango,Pune,90.32,2026-03-20
C016,P003,Tomato,Mumbai,79.01,2026-05-31
C037,P004,Apple,Delhi,147.87,2026-03-03
C025,P002,Mango,Mumbai,188.67,2026-03-13
C023,P004,Apple,Ahmedabad,259.3,2026-01-18
C044,P001,Avocado,Mumbai,279.68,2026-06-24
C048,P003,Tomato,Delhi,81.01,2026-04-27
C043,P002,Mango,Mumbai,232.16,2026-05-25
C048,P002,Mango,Mumbai,226.57,2026-04-29
C049,P002,Mango,Mumbai,172.08,2026-04-07
C024,P004,Apple,Delhi,297.03,2026-02-28
C040,P003,Tomato,Delhi,50.56,2026-03-12
C013,P003,Tomato,Jaipur,107.93,2026-03-06
C018,P003,Tomato,Delhi,74.5,2026-01-05
C026,P002,Mango,Jaipur,140.1,2026-02-23
C044,P001,Avocado,Ahmedabad,335.06,2026-02-28
C035,P003,Tomato,Delhi,101.13,2026-06-30
C024,P001,Avocado,Ahmedabad,244.99,2026-01-17
C025,P003,Tomato,Jaipur,75.84,2026-04-01
C033,P002,Mango,Mumbai,146.68,2026-02-06
C037,P004,Apple,Pune,165.09,2026-05-12
C019,P003,Tomato,Delhi,96.38,2026-05-05
C003,P003,Tomato,Pune,60.36,2026-04-05
C049,P001,Avocado,Pune,217.68,2026-02-14
C009,P002,Mango,Pune,160.97,2026-02-07
C019,P001,Avocado,Pune,242.43,2026-02-07
C047,P001,Avocado,Jaipur,170.75,2026-06-23
C022,P002,Mango,Jaipur,172.57,2026-04-25
C035,P002,Mango,Ahmedabad,128.52,2026-06-11
C017,P001,Avocado,Ahmedabad,277.21,2026-03-04
C013,P003,Tomato,Mumbai,102.57,2026-01-28
C045,P004,Apple,Ahmedabad,132.63,2026-01-19
C027,P001,Avocado,Jaipur,246.71,2026-04-18
C029,P001,Avocado,Ahmedabad,307.39,2026-06-24
C044,P002,Mango,Ahmedabad,143.3,2026-05-04
C008,P002,Mango,Jaipur,228.13,2026-04-24
C012,P003,Tomato,Delhi,34.92,2026-06-23
C047,P003,Tomato,Pune,53.58,2026-02-10
C032,P004,Apple,Delhi,213.46,2026-06-03
C001,P001,Avocado,Jaipur,233.65,2026-03-25
C042,P002,Mango,Jaipur,237.6,2026-05-09
C033,P004,Apple,Mumbai,263.3,2026-04-02
C033,P003,Tomato,Jaipur,64.62,2026-04-23
C046,P004,Apple,Ahmedabad,186.89,2026-06-01
C010,P003,Tomato,Jaipur,105.62,2026-03-26
C038,P002,Mango,Ahmedabad,151.7,2026-05-27
C033,P002,Mango,Mumbai,98.12,2026-01-29
C007,P003,Tomato,Jaipur,78.32,2026-01-26
C013,P001,Avocado,Ahmedabad,300.62,2026-03-31
C042,P002,Mango,Pune,201.45,2026-06-05
C021,P002,Mango,Pune,116.69,2026-04-14
C003,P004,Apple,Pune,224.05,2026-04-10
C049,P004,Apple,Pune,229.28,2026-04-17
C043,P003,Tomato,Delhi,80.04,2026-02-20
C025,P003,Tomato,Mumbai,87.25,2026-03-07
C036,P004,Apple,Ahmedabad,206.84,2026-03-05
C045,P002,Mango,Jaipur,99.15,2026-05-30
C042,P001,Avocado,Mumbai,261.6,2026-05-21
C046,P003,Tomato,Delhi,45.54,2026-02-23
C019,P004,Apple,Delhi,192.55,2026-02-24
C006,P002,Mango,Jaipur,208.26,2026-02-03
C038,P004,Apple,Mumbai,246.57,2026-03-20
C047,P002,Mango,Ahmedabad,104.5,2026-05-05
C015,P004,Apple,Ahmedabad,275.04,2026-04-08
C002,P003,Tomato,Jaipur,116.39,2026-01-07
C042,P004,Apple,Mumbai,129.31,2026-04-19
C001,P001,Avocado,Jaipur,235.38,2026-03-22
C031,P002,Mango,Pune,128.87,2026-04-26
C005,P001,Avocado,Mumbai,339.66,2026-01-22
C043,P003,Tomato,Delhi,79.56,2026-05-14
C020,P004,Apple,Jaipur,169.79,2026-06-18
C022,P002,Mango,Jaipur,216.38,2026-04-29
C003,P004,Apple,Delhi,204.09,2026-06-06
C023,P004,Apple,Delhi,271.87,2026-01-29
C035,P002,Mango,Mumbai,211.51,2026-04-15
C037,P003,Tomato,Jaipur,89.89,2026-04-20
C047,P002,Mango,Jaipur,108.75,2026-06-23
C039,P004,Apple,Ahmedabad,101.43,2026-05-16
C040,P001,Avocado,Jaipur,313.9,2026-01-17
C003,P002,Mango,Delhi,185.4,2026-01-25
C021,P001,Avocado,Ahmedabad,333.61,2026-04-19
C005,P001,Avocado,Jaipur,184.78,2026-06-02
C025,P001,Avocado,Ahmedabad,325.37,2026-05-20
C027,P002,Mango,Mumbai,238.18,2026-03-16
C028,P004,Apple,Jaipur,108.47,2026-04-09
C003,P004,Apple,Ahmedabad,144.2,2026-01-03
C036,P001,Avocado,Mumbai,258.63,2026-01-23
C036,P003,Tomato,Jaipur,63.87,2026-03-03
C048,P004,Apple,Jaipur,114.01,2026-03-19
C009,P002,Mango,Mumbai,165.1,2026-05-16
C017,P004,Apple,Delhi,152.56,2026-03-07
C029,P002,Mango,Delhi,193.38,2026-02-03
C050,P004,Apple,Jaipur,158.61,2026-05-13
C047,P004,Apple,Jaipur,244.27,2026-03-23
C022,P003,Tomato,Mumbai,79.17,2026-02-04
C038,P003,Tomato,Ahmedabad,78.32,2026-01-14
C035,P003,Tomato,Ahmedabad,74.31,2026-04-10
C012,P004,Apple,Mumbai,116.08,2026-04-30
C040,P004,Apple,Jaipur,215.86,2026-02-22
C037,P001,Avocado,Mumbai,165.24,2026-03-25
C010,P001,Avocado,Mumbai,222.03,2026-06-16
C003,P004,Apple,Jaipur,149.58,2026-05-23
C038,P003,Tomato,Pune,99.61,2026-06-21
C009,P003,Tomato,Jaipur,45.32,2026-06-14
C010,P003,Tomato,Mumbai,104.22,2026-03-05
C020,P001,Avocado,Mumbai,171.34,2026-05-22
C045,P001,Avocado,Delhi,227.41,2026-04-16
C022,P003,Tomato,Mumbai,77.5,2026-05-11
C047,P002,Mango,Pune,228.38,2026-06-28
C010,P003,Tomato,Pune,75.2,2026-02-08
C048,P001,Avocado,Delhi,259.32,2026-05-14
C041,P001,Avocado,Mumbai,295.48,2026-02-13
C030,P004,Apple,Pune,275.37,2026-01-16
C004,P002,Mango,Mumbai,153.81,2026-03-08
C043,P004,Apple,Pune,119.73,2026-05-15
C010,P001,Avocado,Jaipur,218.23,2026-06-25
C023,P004,Apple,Pune,286.39,2026-02-02
C010,P003,Tomato,Mumbai,69.17,2026-05-11
C019,P002,Mango,Mumbai,203.99,2026-02-19
C047,P002,Mango,Jaipur,88.93,2026-03-05
C029,P001,Avocado,Mumbai,172.87,2026-04-06
C016,P004,Apple,Ahmedabad,197.03,2026-06-29
C025,P004,Apple,Pune,183.57,2026-06-07
C008,P002,Mango,Mumbai,132.28,2026-05-05
C003,P002,Mango,Ahmedabad,110.84,2026-03-11
C036,P001,Avocado,Pune,295.41,2026-03-27
C050,P003,Tomato,Mumbai,37.41,2026-05-30
C027,P002,Mango,Delhi,163.79,2026-06-23
C035,P003,Tomato,Jaipur,46.06,2026-04-15
C045,P004,Apple,Delhi,247.21,2026-03-15
C041,P001,Avocado,Mumbai,281.37,2026-02-06
C020,P002,Mango,Mumbai,139.31,2026-05-23
C018,P001,Avocado,Ahmedabad,342.85,2026-05-14
C017,P003,Tomato,Delhi,59.13,2026-04-17
C045,P004,Apple,Delhi,253.87,2026-02-09
C014,P001,Avocado,Jaipur,170.55,2026-02-28
C027,P004,Apple,Delhi,188.29,2026-05-18
C001,P003,Tomato,Delhi,67.12,2026-06-15
C023,P003,Tomato,Jaipur,68.58,2026-05-04
C026,P003,Tomato,Mumbai,75.85,2026-05-18
C038,P002,Mango,Mumbai,240.94,2026-02-15
C040,P003,Tomato,Jaipur,37.5,2026-01-30
C034,P004,Apple,Ahmedabad,250.89,2026-01-04
C017,P004,Apple,Delhi,152.24,2026-03-08
C006,P004,Apple,Delhi,181.01,2026-04-24
C012,P001,Avocado,Ahmedabad,236.66,2026-05-27
C001,P002,Mango,Ahmedabad,155.31,2026-03-25
C017,P002,Mango,Jaipur,149.27,2026-04-03
C009,P001,Avocado,Pune,161.77,2026-01-08
C004,P002,Mango,Pune,225.3,2026-05-27
C039,P004,Apple,Ahmedabad,188.8,2026-01-03
C008,P004,Apple,Mumbai,275.01,2026-06-03
C049,P002,Mango,Jaipur,97.85,2026-06-13
C024,P004,Apple,Mumbai,200.27,2026-04-14
C044,P003,Tomato,Mumbai,114.67,2026-05-02
C017,P002,Mango,Pune,115.69,2026-01-09
C026,P004,Apple,Mumbai,200.32,2026-03-19
C038,P002,Mango,Pune,204.06,2026-02-18
C045,P004,Apple,Ahmedabad,287.43,2026-02-02
C035,P001,Avocado,Pune,242.22,2026-04-24
C024,P002,Mango,Mumbai,187.7,2026-01-25
C046,P004,Apple,Delhi,173.62,2026-01-17
C022,P004,Apple,Ahmedabad,157.22,2026-05-02
C046,P002,Mango,Jaipur,212.65,2026-05-27
C007,P004,Apple,Delhi,150.68,2026-03-27
C024,P001,Avocado,Ahmedabad,338.28,2026-01-02
C029,P001,Avocado,Jaipur,229.45,2026-06-17
C019,P003,Tomato,Pune,116.79,2026-03-08
C023,P003,Tomato,Delhi,96.88,2026-06-29
C045,P001,Avocado,Pune,208.94,2026-04-02
C049,P003,Tomato,Ahmedabad,90.38,2026-06-27
C006,P004,Apple,Pune,230.26,2026-05-09
C024,P003,Tomato,Mumbai,99.66,2026-02-06
C007,P001,Avocado,Mumbai,198.48,2026-06-13
C034,P004,Apple,Jaipur,205.06,2026-03-03
C044,P002,Mango,Pune,243.75,2026-06-24
C019,P002,Mango,Pune,191.72,2026-06-26
C034,P004,Apple,Jaipur,143.63,2026-05-08
C019,P001,Avocado,Delhi,295.68,2026-06-15
C040,P002,Mango,Delhi,187.74,2026-03-16
C019,P004,Apple,Delhi,270.9,2026-03-12
C042,P004,Apple,Ahmedabad,241.09,2026-02-01
C035,P001,Avocado,Ahmedabad,304.4,2026-03-20
C011,P001,Avocado,Jaipur,196.97,2026-02-03
C007,P003,Tomato,Delhi,79.39,2026-04-28
C008,P001,Avocado,Jaipur,174.56,2026-03-27
C023,P003,Tomato,Delhi,31.84,2026-03-03
C005,P003,Tomato,Delhi,38.24,2026-06-15
C031,P003,Tomato,Delhi,48.1,2026-06-15
C019,P002,Mango,Delhi,241.59,2026-04-30
C023,P001,Avocado,Jaipur,267.24,2026-06-01
C003,P003,Tomato,Pune,69.48,2026-03-31
C039,P001,Avocado,Jaipur,306.91,2026-06-11
C020,P002,Mango,Delhi,90.7,2026-03-30
C018,P002,Mango,Ahmedabad,185.62,2026-06-08
C001,P004,Apple,Pune,164.12,2026-03-06
C028,P001,Avocado,Jaipur,347.97,2026-02-04
C049,P003,Tomato,Mumbai,48.78,2026-06-09
C046,P002,Mango,Jaipur,126.12,2026-06-22
C020,P003,Tomato,Jaipur,74.77,2026-02-26
C007,P001,Avocado,Pune,273.46,2026-01-22
C019,P003,Tomato,Ahmedabad,85.73,2026-01-09
C046,P001,Avocado,Mumbai,337.53,2026-03-11
C010,P004,Apple,Jaipur,271.28,2026-05-02
C014,P004,Apple,Delhi,133.71,2026-01-06
C014,P004,Apple,Jaipur,144.12,2026-03-25
C021,P002,Mango,Pune,118.12,2026-02-02
C030,P003,Tomato,Ahmedabad,68.12,2026-05-14
C009,P002,Mango,Pune,174.15,2026-05-21
C047,P004,Apple,Ahmedabad,203.62,2026-02-05
C014,P004,Apple,Mumbai,103.04,2026-06-03
C031,P001,Avocado,Pune,175.89,2026-03-02
C048,P004,Apple,Delhi,268.27,2026-03-01
C023,P003,Tomato,Mumbai,110.19,2026-01-05
C022,P003,Tomato,Delhi,112.49,2026-01-01
C004,P002,Mango,Delhi,121.82,2026-04-04
C039,P003,Tomato,Pune,53.22,2026-05-17
C022,P002,Mango,Pune,179.54,2026-01-14
C050,P004,Apple,Pune,292.14,2026-01-04
C011,P004,Apple,Delhi,292.19,2026-02-21
C033,P002,Mango,Delhi,88.61,2026-02-11
C008,P004,Apple,Delhi,268.4,2026-06-14
C014,P003,Tomato,Pune,93.47,2026-05-01
C004,P002,Mango,Mumbai,248.26,2026-04-21
C005,P001,Avocado,Ahmedabad,175.74,2026-05-27
C016,P001,Avocado,Delhi,185.87,2026-03-19
C005,P001,Avocado,Jaipur,300.4,2026-02-22
C029,P003,Tomato,Pune,96.89,2026-04-28
C010,P002,Mango,Pune,133.42,2026-02-02
C013,P003,Tomato,Delhi,30.75,2026-05-13
C028,P004,Apple,Ahmedabad,238.2,2026-02-16
C045,P003,Tomato,Jaipur,95.16,2026-05-10
C015,P003,Tomato,Pune,91.62,2026-06-04
C023,P001,Avocado,Pune,166.61,2026-04-24
C026,P004,Apple,Ahmedabad,128.74,2026-04-25
C014,P002,Mango,Pune,99.74,2026-04-10
C044,P003,Tomato,Mumbai,107.26,2026-06-08
C001,P001,Avocado,Jaipur,273.09,2026-05-16
C042,P003,Tomato,Mumbai,35.72,2026-01-04
C027,P002,Mango,Jaipur,149.24,2026-05-11
C027,P004,Apple,Mumbai,274.36,2026-01-17
C042,P001,Avocado,Delhi,195.87,2026-03-14
C007,P004,Apple,Delhi,289.77,2026-03-13
C033,P004,Apple,Mumbai,228.12,2026-03-08
C043,P001,Avocado,Pune,186.67,2026-05-28
C049,P003,Tomato,Ahmedabad,46.67,2026-05-17
C047,P003,Tomato,Pune,62.53,2026-02-16
C043,P004,Apple,Mumbai,174.57,2026-01-30
C006,P001,Avocado,Mumbai,216.74,2026-03-22
C010,P002,Mango,Jaipur,122.42,2026-06-28
C045,P003,Tomato,Jaipur,46.9,2026-03-05
C025,P003,Tomato,Mumbai,55.68,2026-04-28
C017,P001,Avocado,Delhi,234.4,2026-01-25
C047,P003,Tomato,Delhi,48.13,2026-04-06
C001,P003,Tomato,Pune,93.96,2026-03-06
C007,P002,Mango,Jaipur,139.26,2026-03-22
C009,P003,Tomato,Ahmedabad,113.62,2026-05-22
C048,P002,Mango,Jaipur,123.22,2026-01-27
C030,P001,Avocado,Pune,300.69,2026-04-23
C036,P004,Apple,Delhi,138.22,2026-06-28
C024,P001,Avocado,Pune,330.26,2026-04-05
C044,P003,Tomato,Delhi,114.11,2026-02-11
C016,P003,Tomato,Delhi,48.4,2026-05-14
C047,P004,Apple,Pune,211.01,2026-01-22
C049,P002,Mango,Delhi,106.41,2026-01-12
C030,P004,Apple,Ahmedabad,226.81,2026-03-01
C013,P001,Avocado,Ahmedabad,293.33,2026-02-23
C005,P004,Apple,Mumbai,159.49,2026-05-18
C003,P002,Mango,Delhi,213.78,2026-02-04
C022,P002,Mango,Pune,110.19,2026-05-03
C020,P004,Apple,Ahmedabad,215.24,2026-04-08
C027,P001,Avocado,Delhi,238.88,2026-04-18
C040,P002,Mango,Ahmedabad,239.53,2026-03-19
C028,P004,Apple,Ahmedabad,278.57,2026-04-12
C001,P004,Apple,Ahmedabad,123.0,2026-06-15
C016,P004,Apple,Jaipur,209.73,2026-05-31
C016,P001,Avocado,Ahmedabad,314.02,2026-02-16
C021,P002,Mango,Mumbai,122.51,2026-02-02
C001,P004,Apple,Mumbai,240.35,2026-05-05
C001,P002,Mango,Pune,104.69,2026-01-27
C023,P001,Avocado,Ahmedabad,282.9,2026-02-01
C002,P003,Tomato,Delhi,104.04,2026-06-14
C002,P004,Apple,Pune,170.62,2026-04-07
C048,P001,Avocado,Jaipur,209.17,2026-01-28
C032,P002,Mango,Ahmedabad,105.19,2026-05-19
C048,P001,Avocado,Ahmedabad,337.61,2026-03-17
C020,P004,Apple,Ahmedabad,121.61,2026-05-04
C011,P001,Avocado,Pune,164.95,2026-02-24
C021,P004,Apple,Ahmedabad,249.88,2026-01-25
C024,P004,Apple,Delhi,222.19,2026-02-05
C006,P001,Avocado,Jaipur,228.78,2026-01-27
C012,P001,Avocado,Jaipur,229.2,2026-02-15
C001,P002,Mango,Pune,89.12,2026-04-26
C002,P004,Apple,Delhi,269.74,2026-03-12
C028,P004,Apple,Ahmedabad,168.43,2026-05-02
C019,P002,Mango,Ahmedabad,134.49,2026-01-08
C012,P002,Mango,Ahmedabad,187.57,2026-05-05
C015,P003,Tomato,Ahmedabad,36.93,2026-03-31
C033,P004,Apple,Pune,129.75,2026-01-22
C014,P001,Avocado,Ahmedabad,207.27,2026-03-27
C045,P004,Apple,Ahmedabad,199.15,2026-04-05
C040,P001,Avocado,Delhi,300.58,2026-05-05
C018,P002,Mango,Pune,224.34,2026-01-08
C025,P003,Tomato,Delhi,93.32,2026-01-23
C027,P001,Avocado,Ahmedabad,178.04,2026-05-04
C001,P003,Tomato,Mumbai,70.39,2026-04-18
C043,P003,Tomato,Jaipur,117.85,2026-03-22
C008,P001,Avocado,Pune,179.97,2026-03-15
C028,P004,Apple,Jaipur,178.93,2026-06-10
C004,P003,Tomato,Jaipur,74.81,2026-02-28
C024,P002,Mango,Mumbai,147.26,2026-03-16
C014,P001,Avocado,Pune,318.03,2026-04-18
C017,P002,Mango,Ahmedabad,245.09,2026-06-16
C007,P003,Tomato,Jaipur,65.56,2026-04-23
C042,P003,Tomato,Ahmedabad,49.35,2026-06-24
C037,P001,Avocado,Mumbai,341.74,2026-01-24
C023,P002,Mango,Delhi,107.64,2026-02-26
C013,P003,Tomato,Ahmedabad,70.59,2026-04-29
C021,P003,Tomato,Ahmedabad,101.44,2026-03-14
C027,P003,Tomato,Mumbai,76.41,2026-03-16
C047,P004,Apple,Ahmedabad,288.91,2026-03-20
C045,P004,Apple,Mumbai,160.18,2026-04-14
C010,P004,Apple,Delhi,225.55,2026-04-02
C002,P003,Tomato,Delhi,85.41,2026-04-20
C015,P003,Tomato,Jaipur,69.68,2026-05-14
C014,P003,Tomato,Mumbai,50.19,2026-01-25
C040,P002,Mango,Jaipur,171.3,2026-01-16
C004,P002,Mango,Pune,180.01,2026-06-11
C039,P004,Apple,Pune,248.67,2026-03-27
C039,P004,Apple,Jaipur,285.53,2026-06-13
C044,P001,Avocado,Jaipur,330.88,2026-06-21
C012,P003,Tomato,Delhi,96.13,2026-03-20
C038,P004,Apple,Delhi,119.82,2026-04-02
C044,P001,Avocado,Mumbai,288.77,2026-02-14
C004,P001,Avocado,Delhi,312.24,2026-03-04
C050,P002,Mango,Ahmedabad,198.77,2026-01-16
C022,P003,Tomato,Pune,72.15,2026-03-21
C035,P001,Avocado,Ahmedabad,246.14,2026-03-19
C049,P003,Tomato,Ahmedabad,84.24,2026-05-15
C042,P002,Mango,Jaipur,172.06,2026-04-11
C030,P002,Mango,Pune,128.42,2026-03-28
C027,P003,Tomato,Delhi,103.63,2026-04-15
C037,P003,Tomato,Jaipur,71.35,2026-01-29
C037,P004,Apple,Ahmedabad,265.53,2026-02-01
C009,P001,Avocado,Pune,330.7,2026-05-21
C029,P002,Mango,Delhi,159.28,2026-06-11
C001,P003,Tomato,Ahmedabad,75.31,2026-06-14
C049,P001,Avocado,Mumbai,325.99,2026-02-11
C015,P002,Mango,Pune,138.32,2026-03-07
C018,P004,Apple,Mumbai,122.5,2026-05-26
C021,P003,Tomato,Pune,64.58,2026-05-11
C034,P001,Avocado,Pune,225.68,2026-03-08
C039,P003,Tomato,Delhi,93.52,2026-02-01
C029,P001,Avocado,Mumbai,264.45,2026-06-28
C016,P003,Tomato,Pune,52.93,2026-01-23
C018,P003,Tomato,Jaipur,115.9,2026-02-09
C011,P001,Avocado,Delhi,162.89,2026-06-08
C006,P002,Mango,Delhi,220.6,2026-02-04
C038,P004,Apple,Delhi,276.68,2026-06-14
C034,P002,Mango,Mumbai,143.32,2026-06-06
C016,P003,Tomato,Ahmedabad,37.4,2026-01-05
C027,P003,Tomato,Mumbai,52.44,2026-04-24
C029,P004,Apple,Pune,135.64,2026-06-06
C019,P002,Mango,Delhi,163.1,2026-04-18
C019,P004,Apple,Jaipur,165.75,2026-04-09
C017,P001,Avocado,Pune,174.34,2026-03-13
C019,P003,Tomato,Pune,38.06,2026-06-01
C046,P001,Avocado,Pune,304.88,2026-01-20
C034,P004,Apple,Pune,214.44,2026-03-16
C023,P002,Mango,Pune,199.9,2026-03-22
C009,P001,Avocado,Delhi,236.99,2026-03-06
C019,P004,Apple,Mumbai,272.44,2026-03-20
C034,P004,Apple,Jaipur,156.15,2026-01-25
C035,P003,Tomato,Delhi,106.45,2026-01-22
C003,P004,Apple,Mumbai,173.7,2026-01-29
C049,P004,Apple,Ahmedabad,244.65,2026-06-09
C041,P001,Avocado,Delhi,295.83,2026-05-02
C041,P003,Tomato,Mumbai,79.14,2026-06-14
C027,P001,Avocado,Mumbai,315.93,2026-01-06
C025,P002,Mango,Mumbai,164.55,2026-02-24
C049,P001,Avocado,Delhi,334.34,2026-05-18
C003,P003,Tomato,Ahmedabad,106.04,2026-06-17
C048,P002,Mango,Jaipur,148.0,2026-02-18
C028,P004,Apple,Pune,156.66,2026-04-27
C044,P001,Avocado,Delhi,188.58,2026-03-29
C036,P001,Avocado,Mumbai,246.5,2026-03-25
C045,P003,Tomato,Ahmedabad,34.73,2026-02-22
C002,P002,Mango,Jaipur,204.45,2026-06-30
C038,P003,Tomato,Jaipur,110.23,2026-01-28
C004,P004,Apple,Delhi,196.7,2026-04-17
C026,P003,Tomato,Pune,114.37,2026-02-18
C002,P004,Apple,Jaipur,230.96,2026-06-04
C009,P003,Tomato,Pune,40.77,2026-04-04
C015,P004,Apple,Jaipur,154.52,2026-03-01
C002,P002,Mango,Jaipur,101.92,2026-04-12
C012,P002,Mango,Delhi,147.95,2026-02-09
C038,P002,Mango,Jaipur,98.93,2026-02-23
C026,P001,Avocado,Mumbai,303.0,2026-01-12
C042,P004,Apple,Ahmedabad,180.74,2026-05-06
C020,P002,Mango,Delhi,191.66,2026-02-24
C013,P002,Mango,Delhi,171.76,2026-04-08
C005,P002,Mango,Pune,180.09,2026-03-21
C025,P001,Avocado,Pune,169.62,2026-05-13
C038,P003,Tomato,Pune,52.79,2026-04-30
C041,P001,Avocado,Jaipur,187.69,2026-03-05
C010,P003,Tomato,Ahmedabad,101.69,2026-02-16
C031,P004,Apple,Mumbai,150.12,2026-02-18
C003,P001,Avocado,Mumbai,323.61,2026-06-28
C019,P003,Tomato,Ahmedabad,52.76,2026-05-12
C023,P002,Mango,Delhi,105.81,2026-06-29
C023,P002,Mango,Delhi,211.45,2026-01-27
C015,P003,Tomato,Delhi,98.82,2026-01-15
C014,P002,Mango,Ahmedabad,231.28,2026-06-06
C007,P004,Apple,Delhi,192.06,2026-02-14
C047,P003,Tomato,Pune,75.99,2026-02-13
C015,P001,Avocado,Delhi,247.47,2026-02-22
C026,P001,Avocado,Jaipur,215.03,2026-01-26
C049,P002,Mango,Mumbai,116.57,2026-03-18
C011,P003,Tomato,Mumbai,112.87,2026-02-02
C011,P004,Apple,Ahmedabad,156.43,2026-01-29
C048,P003,Tomato,Mumbai,63.27,2026-01-28
C026,P002,Mango,Jaipur,165.87,2026-01-05
C014,P003,Tomato,Ahmedabad,113.07,2026-05-02
C034,P003,Tomato,Delhi,82.41,2026-01-31
C013,P004,Apple,Delhi,122.41,2026-02-28
C031,P003,Tomato,Jaipur,38.44,2026-04-21
C018,P001,Avocado,Ahmedabad,285.33,2026-06-15
C001,P002,Mango,Ahmedabad,178.69,2026-04-11
C016,P004,Apple,Jaipur,110.43,2026-02-09
C018,P003,Tomato,Ahmedabad,52.9,2026-01-27
C004,P004,Apple,Ahmedabad,122.87,2026-06-01
C023,P003,Tomato,Delhi,107.87,2026-06-11
C013,P001,Avocado,Ahmedabad,239.03,2026-02-14
C031,P003,Tomato,Pune,85.17,2026-06-22
C038,P003,Tomato,Mumbai,51.46,2026-02-25
C031,P003,Tomato,Ahmedabad,60.53,2026-05-20
C023,P001,Avocado,Ahmedabad,262.41,2026-02-24
C025,P001,Avocado,Jaipur,310.59,2026-05-31
C006,P003,Tomato,Mumbai,66.56,2026-05-15
C001,P004,Apple,Pune,174.82,2026-01-24
C027,P002,Mango,Mumbai,234.48,2026-04-12
C038,P001,Avocado,Ahmedabad,220.16,2026-04-08
C043,P003,Tomato,Jaipur,100.63,2026-03-01
C032,P003,Tomato,Mumbai,60.19,2026-05-23
C027,P004,Apple,Mumbai,288.15,2026-05-16
C010,P001,Avocado,Delhi,219.17,2026-01-28
C041,P002,Mango,Pune,170.43,2026-03-26
C019,P001,Avocado,Pune,150.42,2026-05-06
C033,P001,Avocado,Delhi,324.56,2026-03-31
C018,P001,Avocado,Mumbai,332.89,2026-02-08
C047,P004,Apple,Ahmedabad,111.61,2026-01-30
C025,P004,Apple,Ahmedabad,253.09,2026-01-01
C034,P003,Tomato,Jaipur,108.2,2026-01-18
C006,P003,Tomato,Ahmedabad,66.39,2026-01-28
C030,P004,Apple,Ahmedabad,263.3,2026-04-03
C034,P002,Mango,Mumbai,233.1,2026-01-29
C015,P003,Tomato,Pune,36.09,2026-02-17
C014,P004,Apple,Delhi,290.47,2026-05-18
C037,P002,Mango,Mumbai,191.45,2026-05-17
C015,P004,Apple,Pune,144.01,2026-01-15
C009,P002,Mango,Mumbai,198.9,2026-03-15
C018,P001,Avocado,Delhi,178.18,2026-02-06
C007,P003,Tomato,Mumbai,114.84,2026-01-21
C026,P004,Apple,Ahmedabad,139.82,2026-04-02
C020,P001,Avocado,Ahmedabad,241.4,2026-01-30
C048,P004,Apple,Jaipur,238.4,2026-02-18
C014,P004,Apple,Pune,161.69,2026-04-05
C015,P004,Apple,Jaipur,263.03,2026-05-06
C013,P004,Apple,Jaipur,216.79,2026-05-26
C025,P004,Apple,Delhi,191.13,2026-02-03
C040,P004,Apple,Ahmedabad,281.72,2026-01-17
C009,P004,Apple,Ahmedabad,170.39,2026-03-08
C010,P004,Apple,Jaipur,114.09,2026-05-13
C015,P002,Mango,Pune,236.18,2026-04-24
C037,P002,Mango,Jaipur,113.82,2026-04-27
C022,P002,Mango,Jaipur,91.6,2026-01-30
C027,P002,Mango,Pune,129.09,2026-04-28
C046,P001,Avocado,Jaipur,181.45,2026-05-17
C040,P001,Avocado,Ahmedabad,250.98,2026-04-14
C042,P001,Avocado,Jaipur,348.03,2026-03-29
C029,P002,Mango,Ahmedabad,98.12,2026-06-23
C010,P004,Apple,Pune,177.58,2026-01-24
C024,P001,Avocado,Ahmedabad,276.75,2026-02-22
C001,P004,Apple,Jaipur,108.91,2026-05-22
C001,P002,Mango,Delhi,85.1,2026-01-27
C040,P004,Apple,Delhi,201.6,2026-01-13
C018,P002,Mango,Mumbai,81.81,2026-04-07
C010,P003,Tomato,Jaipur,101.49,2026-04-06
C017,P003,Tomato,Delhi,30.24,2026-02-02
C019,P003,Tomato,Delhi,48.68,2026-01-10
C005,P003,Tomato,Pune,103.6,2026-01-17
C040,P003,Tomato,Delhi,69.39,2026-05-26
C012,P003,Tomato,Pune,116.85,2026-03-26
C024,P003,Tomato,Delhi,57.74,2026-02-21
C009,P003,Tomato,Pune,77.36,2026-03-29
C043,P003,Tomato,Mumbai,75.56,2026-03-17
C024,P004,Apple,Ahmedabad,202.04,2026-04-02
C043,P004,Apple,Jaipur,130.25,2026-01-15
C040,P004,Apple,Mumbai,242.08,2026-04-26
C035,P003,Tomato,Pune,84.59,2026-05-15
C050,P002,Mango,Mumbai,169.36,2026-02-20
C031,P003,Tomato,Ahmedabad,83.13,2026-05-10
C030,P001,Avocado,Mumbai,159.82,2026-04-20
C033,P002,Mango,Pune,143.83,2026-01-08
C024,P003,Tomato,Ahmedabad,78.2,2026-06-25
C024,P001,Avocado,Delhi,320.76,2026-02-20
C045,P002,Mango,Pune,187.7,2026-02-11
C010,P002,Mango,Mumbai,82.07,2026-05-09
C024,P003,Tomato,Ahmedabad,73.64,2026-05-21
C004,P002,Mango,Delhi,153.68,2026-03-25
C040,P003,Tomato,Delhi,86.7,2026-05-20
C050,P001,Avocado,Ahmedabad,167.75,2026-01-17
C041,P002,Mango,Delhi,169.49,2026-06-29
C046,P002,Mango,Mumbai,122.19,2026-02-17
C032,P001,Avocado,Pune,217.35,2026-04-19
C023,P004,Apple,Mumbai,155.99,2026-05-18
C010,P003,Tomato,Ahmedabad,35.4,2026-05-31
C011,P003,Tomato,Jaipur,92.38,2026-06-05
C013,P002,Mango,Jaipur,172.35,2026-06-29
C032,P001,Avocado,Ahmedabad,322.47,2026-05-08
C049,P001,Avocado,Delhi,313.92,2026-05-08
C050,P004,Apple,Delhi,225.5,2026-03-13
C032,P002,Mango,Mumbai,238.4,2026-05-17
C015,P004,Apple,Jaipur,211.08,2026-05-30
C034,P001,Avocado,Pune,195.87,2026-05-28
C016,P001,Avocado,Delhi,303.37,2026-04-07
C039,P004,Apple,Ahmedabad,235.31,2026-03-09
C041,P001,Avocado,Mumbai,234.33,2026-02-12
C011,P004,Apple,Pune,214.15,2026-02-10
C045,P002,Mango,Jaipur,113.05,2026-04-26
C012,P003,Tomato,Mumbai,79.66,2026-05-02
C048,P003,Tomato,Jaipur,86.2,2026-06-22
C008,P001,Avocado,Delhi,241.57,2026-01-11
C014,P003,Tomato,Jaipur,41.45,2026-04-19
C050,P003,Tomato,Jaipur,41.19,2026-04-27
C014,P001,Avocado,Mumbai,330.61,2026-03-16
C045,P002,Mango,Delhi,223.1,2026-06-03
C028,P001,Avocado,Delhi,346.31,2026-06-22
C042,P002,Mango,Pune,190.58,2026-06-23
C049,P001,Avocado,Delhi,281.22,2026-01-20
C016,P001,Avocado,Delhi,256.2,2026-03-13
C040,P004,Apple,Jaipur,249.97,2026-01-21
C011,P004,Apple,Pune,265.42,2026-05-30
C019,P002,Mango,Pune,239.91,2026-02-20
C007,P002,Mango,Delhi,205.61,2026-05-16
C017,P002,Mango,Mumbai,209.55,2026-01-07
C010,P003,Tomato,Mumbai,114.26,2026-03-23
C041,P001,Avocado,Pune,230.91,2026-05-21
C020,P004,Apple,Pune,166.32,2026-05-30
C021,P002,Mango,Pune,240.06,2026-05-13
C032,P001,Avocado,Jaipur,255.13,2026-02-07
C038,P004,Apple,Mumbai,104.34,2026-01-16
C009,P002,Mango,Ahmedabad,212.87,2026-03-28
C002,P002,Mango,Pune,237.28,2026-06-07
C016,P004,Apple,Pune,245.16,2026-05-27
C019,P003,Tomato,Jaipur,59.54,2026-04-01
C040,P002,Mango,Ahmedabad,235.49,2026-05-01
C009,P003,Tomato,Pune,103.28,2026-04-12
C036,P002,Mango,Jaipur,140.79,2026-04-12
C025,P001,Avocado,Pune,248.43,2026-02-03
C032,P004,Apple,Jaipur,236.34,2026-03-06
C043,P003,Tomato,Mumbai,78.34,2026-04-21
C016,P002,Mango,Ahmedabad,183.25,2026-02-16
C043,P002,Mango,Ahmedabad,136.61,2026-03-05
C011,P004,Apple,Ahmedabad,187.17,2026-03-26
C021,P004,Apple,Jaipur,128.25,2026-04-01
C008,P002,Mango,Delhi,139.34,2026-01-24
C021,P002,Mango,Ahmedabad,179.17,2026-03-26
C026,P003,Tomato,Ahmedabad,111.0,2026-03-21
C038,P003,Tomato,Pune,53.28,2026-06-11
C027,P002,Mango,Pune,155.27,2026-03-07
C013,P004,Apple,Jaipur,234.64,2026-01-07
C044,P002,Mango,Ahmedabad,131.85,2026-05-04
C005,P003,Tomato,Pune,113.71,2026-01-11
C013,P004,Apple,Jaipur,227.5,2026-06-28
C037,P003,Tomato,Ahmedabad,65.06,2026-04-14
C019,P004,Apple,Jaipur,236.87,2026-04-10
C007,P001,Avocado,Pune,196.09,2026-05-20
C028,P003,Tomato,Delhi,41.29,2026-05-07
C043,P003,Tomato,Pune,60.43,2026-05-05
C034,P003,Tomato,Delhi,92.83,2026-06-01
C036,P003,Tomato,Mumbai,77.46,2026-02-19
C020,P001,Avocado,Pune,269.21,2026-06-01
C039,P003,Tomato,Mumbai,76.69,2026-01-24
C015,P001,Avocado,Mumbai,255.88,2026-04-25
C043,P003,Tomato,Pune,70.94,2026-04-23
C029,P003,Tomato,Pune,84.67,2026-05-25
C026,P003,Tomato,Delhi,44.49,2026-06-17
C049,P002,Mango,Delhi,113.78,2026-04-21
C031,P002,Mango,Jaipur,98.67,2026-05-04
C014,P002,Mango,Delhi,240.76,2026-01-08
C008,P003,Tomato,Delhi,107.15,2026-06-17
C036,P004,Apple,Delhi,162.41,2026-01-04
C017,P003,Tomato,Mumbai,98.49,2026-01-30
C034,P003,Tomato,Jaipur,71.81,2026-05-15
C022,P004,Apple,Delhi,260.23,2026-05-08
C026,P004,Apple,Pune,241.36,2026-03-02
C050,P004,Apple,Mumbai,242.55,2026-01-11
C014,P003,Tomato,Ahmedabad,75.96,2026-05-03
C029,P003,Tomato,Mumbai,94.12,2026-02-17
C042,P003,Tomato,Pune,50.15,2026-06-23
C034,P001,Avocado,Mumbai,222.99,2026-03-08
C038,P004,Apple,Jaipur,164.26,2026-01-16
C009,P002,Mango,Delhi,180.97,2026-04-04
C045,P001,Avocado,Jaipur,291.89,2026-01-28
C045,P004,Apple,Ahmedabad,260.56,2026-05-02
C023,P004,Apple,Ahmedabad,147.83,2026-02-20
C042,P003,Tomato,Delhi,105.36,2026-04-23
C001,P002,Mango,Jaipur,103.75,2026-01-16
C041,P003,Tomato,Pune,62.36,2026-04-18
C049,P003,Tomato,Ahmedabad,61.05,2026-01-10
C036,P003,Tomato,Mumbai,68.4,2026-03-10
C030,P002,Mango,Delhi,248.17,2026-02-06
C046,P002,Mango,Jaipur,187.59,2026-04-17
C047,P001,Avocado,Jaipur,313.77,2026-01-25
C008,P004,Apple,Pune,271.5,2026-04-14
C042,P002,Mango,Ahmedabad,127.07,2026-03-31
C044,P002,Mango,Delhi,192.37,2026-03-15
C033,P004,Apple,Pune,173.88,2026-03-15
C039,P002,Mango,Pune,162.35,2026-06-16
C015,P002,Mango,Jaipur,150.22,2026-05-22
C043,P004,Apple,Jaipur,175.77,2026-03-17
C024,P002,Mango,Mumbai,217.38,2026-03-01
C003,P001,Avocado,Mumbai,294.6,2026-02-20
C048,P004,Apple,Ahmedabad,251.9,2026-02-11
C042,P002,Mango,Pune,222.28,2026-03-31
C048,P001,Avocado,Mumbai,200.66,2026-03-09
C047,P003,Tomato,Jaipur,72.44,2026-06-14
C027,P001,Avocado,Jaipur,176.92,2026-01-02
C046,P003,Tomato,Pune,94.98,2026-06-27
C019,P001,Avocado,Pune,206.3,2026-02-26
C029,P002,Mango,Jaipur,144.31,2026-01-19
C012,P003,Tomato,Pune,71.54,2026-06-14
C021,P003,Tomato,Delhi,51.58,2026-03-07
C022,P004,Apple,Delhi,235.7,2026-05-08
C004,P001,Avocado,Ahmedabad,210.58,2026-05-16
C005,P001,Avocado,Pune,156.07,2026-06-18
C050,P003,Tomato,Jaipur,118.58,2026-06-22
C040,P004,Apple,Jaipur,134.0,2026-06-18
C009,P003,Tomato,Jaipur,35.57,2026-05-07
C030,P001,Avocado,Delhi,164.7,2026-06-12
C012,P004,Apple,Delhi,152.09,2026-06-18
C002,P002,Mango,Mumbai,191.47,2026-03-08
C020,P002,Mango,Ahmedabad,83.39,2026-05-17
C011,P004,Apple,Pune,282.07,2026-01-14
C008,P001,Avocado,Delhi,212.05,2026-02-11
C034,P002,Mango,Mumbai,109.23,2026-04-05
C038,P001,Avocado,Mumbai,234.83,2026-05-05
C034,P002,Mango,Ahmedabad,162.81,2026-05-03
C005,P004,Apple,Ahmedabad,252.65,2026-06-29
C042,P001,Avocado,Mumbai,159.85,2026-02-04
C006,P003,Tomato,Ahmedabad,76.52,2026-06-27
C047,P004,Apple,Mumbai,294.24,2026-04-30
C013,P001,Avocado,Mumbai,229.89,2026-03-01
C029,P004,Apple,Ahmedabad,120.77,2026-05-23
C006,P004,Apple,Ahmedabad,141.94,2026-02-06
C034,P002,Mango,Mumbai,233.85,2026-03-10
C022,P003,Tomato,Pune,106.25,2026-05-10
C011,P001,Avocado,Jaipur,314.21,2026-06-11
C020,P002,Mango,Ahmedabad,90.72,2026-02-24
C029,P004,Apple,Mumbai,228.81,2026-05-02
C039,P001,Avocado,Ahmedabad,172.76,2026-06-24
C039,P003,Tomato,Ahmedabad,104.72,2026-04-06
C042,P002,Mango,Ahmedabad,226.31,2026-05-03
C025,P002,Mango,Jaipur,184.2,2026-02-03
C021,P002,Mango,Delhi,186.62,2026-01-28
C033,P003,Tomato,Pune,113.07,2026-06-23
C005,P004,Apple,Mumbai,210.99,2026-02-04
C001,P003,Tomato,Delhi,102.34,2026-01-22
C038,P004,Apple,Pune,155.7,2026-03-30
C012,P002,Mango,Jaipur,238.19,2026-05-31
C043,P003,Tomato,Mumbai,81.49,2026-01-11
C022,P002,Mango,Pune,173.25,2026-03-29
C048,P002,Mango,Ahmedabad,241.73,2026-03-09
C021,P002,Mango,Ahmedabad,90.54,2026-04-13
C011,P002,Mango,Mumbai,112.85,2026-03-07
C014,P004,Apple,Pune,170.61,2026-05-05
C041,P004,Apple,Jaipur,237.4,2026-05-27
C031,P002,Mango,Delhi,99.94,2026-04-27
C030,P004,Apple,Pune,275.23,2026-04-25
C018,P004,Apple,Delhi,293.53,2026-05-29
C044,P004,Apple,Ahmedabad,105.69,2026-04-18
C019,P001,Avocado,Ahmedabad,298.88,2026-03-23
C026,P003,Tomato,Jaipur,49.36,2026-03-19
C034,P002,Mango,Delhi,191.88,2026-03-07
C035,P004,Apple,Delhi,102.56,2026-05-24
C013,P003,Tomato,Pune,112.14,2026-06-18
C036,P002,Mango,Delhi,194.31,2026-05-11
C014,P002,Mango,Delhi,220.77,2026-06-29
C043,P004,Apple,Pune,124.06,2026-02-12
C031,P002,Mango,Mumbai,98.53,2026-06-16
C008,P002,Mango,Jaipur,179.66,2026-05-01
C014,P003,Tomato,Mumbai,114.46,2026-05-30
C028,P004,Apple,Mumbai,128.63,2026-02-09
C020,P004,Apple,Ahmedabad,162.24,2026-01-21
C009,P001,Avocado,Delhi,231.44,2026-05-02
C027,P004,Apple,Delhi,175.16,2026-03-03
C040,P003,Tomato,Pune,32.12,2026-01-13
C006,P001,Avocado,Ahmedabad,165.0,2026-03-28
C032,P002,Mango,Jaipur,230.66,2026-02-16
C017,P003,Tomato,Pune,69.26,2026-06-13
C031,P002,Mango,Mumbai,153.34,2026-01-14
C018,P003,Tomato,Mumbai,99.04,2026-06-06
C047,P004,Apple,Mumbai,219.24,2026-05-16
C047,P001,Avocado,Pune,287.34,2026-02-23
C022,P002,Mango,Pune,142.71,2026-02-28
C041,P003,Tomato,Delhi,117.55,2026-05-17
C016,P002,Mango,Mumbai,130.68,2026-02-14
C041,P002,Mango,Mumbai,103.57,2026-06-27
C036,P004,Apple,Mumbai,148.24,2026-04-13
C023,P002,Mango,Delhi,235.05,2026-05-20
C037,P002,Mango,Jaipur,160.27,2026-01-26
C047,P002,Mango,Pune,199.85,2026-01-10
C036,P003,Tomato,Mumbai,98.07,2026-04-16
C019,P004,Apple,Delhi,125.1,2026-04-06
C048,P004,Apple,Mumbai,242.18,2026-04-02
C001,P001,Avocado,Jaipur,342.54,2026-05-26
C038,P002,Mango,Mumbai,129.81,2026-02-14
C045,P003,Tomato,Delhi,106.83,2026-05-24
C029,P004,Apple,Delhi,145.18,2026-04-04
C022,P004,Apple,Delhi,143.81,2026-03-26
C014,P002,Mango,Jaipur,240.23,2026-02-04
C018,P001,Avocado,Mumbai,270.78,2026-04-26
C034,P004,Apple,Mumbai,180.9,2026-02-08
C015,P002,Mango,Jaipur,130.78,2026-01-07
C027,P003,Tomato,Mumbai,100.33,2026-05-11
C017,P002,Mango,Jaipur,141.46,2026-05-18
C017,P001,Avocado,Jaipur,324.87,2026-05-17
C019,P004,Apple,Mumbai,215.52,2026-01-21
C004,P003,Tomato,Ahmedabad,93.58,2026-04-22
C023,P001,Avocado,Pune,196.45,2026-05-07
C042,P002,Mango,Ahmedabad,132.58,2026-05-02
C009,P004,Apple,Pune,134.57,2026-06-08
C037,P004,Apple,Jaipur,157.51,2026-05-05
C036,P001,Avocado,Pune,296.06,2026-06-05
C045,P001,Avocado,Mumbai,268.83,2026-01-04
C011,P002,Mango,Jaipur,86.01,2026-05-07
C039,P003,Tomato,Ahmedabad,36.0,2026-02-04
C002,P001,Avocado,Ahmedabad,209.09,2026-02-01
C028,P003,Tomato,Delhi,85.91,2026-01-15
C040,P002,Mango,Mumbai,118.19,2026-04-30
C047,P003,Tomato,Delhi,74.45,2026-04-09
C031,P001,Avocado,Delhi,338.36,2026-05-18
C016,P001,Avocado,Ahmedabad,168.27,2026-02-14
C049,P002,Mango,Mumbai,148.43,2026-02-20
C046,P003,Tomato,Jaipur,51.81,2026-02-22
C017,P002,Mango,Mumbai,170.57,2026-06-27
C009,P004,Apple,Jaipur,226.77,2026-03-30
C040,P003,Tomato,Ahmedabad,96.59,2026-04-27
C011,P001,Avocado,Jaipur,328.74,2026-03-16
C038,P003,Tomato,Pune,35.44,2026-05-21
C043,P003,Tomato,Jaipur,31.04,2026-06-03
C048,P003,Tomato,Mumbai,102.8,2026-01-17
C034,P003,Tomato,Jaipur,64.45,2026-03-23
C045,P004,Apple,Pune,209.91,2026-03-18
C040,P004,Apple,Mumbai,206.65,2026-05-06
C009,P002,Mango,Ahmedabad,249.4,2026-01-04
C010,P004,Apple,Pune,128.44,2026-01-16
C016,P004,Apple,Delhi,295.21,2026-02-25
C036,P004,Apple,Mumbai,171.81,2026-04-01
C002,P002,Mango,Jaipur,231.77,2026-03-05
C001,P002,Mango,Pune,190.49,2026-05-29
C022,P003,Tomato,Mumbai,54.41,2026-02-07
C050,P003,Tomato,Jaipur,90.9,2026-06-08
C026,P003,Tomato,Mumbai,94.45,2026-04-23
C005,P001,Avocado,Pune,234.75,2026-06-03
C007,P004,Apple,Ahmedabad,171.23,2026-03-30
C026,P001,Avocado,Delhi,164.97,2026-01-07
C023,P003,Tomato,Delhi,63.65,2026-01-22
C021,P002,Mango,Pune,144.59,2026-02-24
C022,P004,Apple,Delhi,157.27,2026-04-15
C043,P002,Mango,Delhi,171.45,2026-02-24
C005,P004,Apple,Ahmedabad,149.04,2026-03-12
C040,P004,Apple,Ahmedabad,288.36,2026-01-06
C039,P004,Apple,Jaipur,140.31,2026-01-31
C037,P002,Mango,Jaipur,220.66,2026-06-07
C049,P003,Tomato,Delhi,55.58,2026-02-02
C036,P003,Tomato,Pune,47.89,2026-01-30
C023,P003,Tomato,Pune,74.61,2026-03-01
C020,P004,Apple,Pune,182.11,2026-01-20
C016,P004,Apple,Pune,186.46,2026-02-04
C047,P002,Mango,Jaipur,185.15,2026-04-17
C038,P004,Apple,Ahmedabad,176.88,2026-05-30
C018,P004,Apple,Mumbai,294.55,2026-05-25
C049,P002,Mango,Ahmedabad,205.62,2026-01-16
C027,P004,Apple,Mumbai,183.56,2026-06-03
C006,P001,Avocado,Pune,297.81,2026-03-05
C035,P003,Tomato,Jaipur,49.36,2026-05-30
C043,P001,Avocado,Delhi,175.39,2026-06-10
C037,P004,Apple,Delhi,163.0,2026-01-24
C033,P003,Tomato,Pune,101.86,2026-02-23
C016,P003,Tomato,Delhi,95.82,2026-01-03
C033,P003,Tomato,Ahmedabad,113.39,2026-05-26
C027,P003,Tomato,Mumbai,83.58,2026-03-01
C018,P001,Avocado,Jaipur,222.18,2026-01-04
C022,P003,Tomato,Jaipur,81.35,2026-06-03
C027,P001,Avocado,Jaipur,349.38,2026-03-24
C044,P004,Apple,Delhi,299.86,2026-06-09
C009,P003,Tomato,Ahmedabad,57.82,2026-04-16
C025,P002,Mango,Ahmedabad,130.49,2026-01-02
C029,P001,Avocado,Delhi,323.63,2026-05-23
C029,P003,Tomato,Jaipur,89.7,2026-02-19
C010,P002,Mango,Pune,81.4,2026-05-27
C022,P003,Tomato,Mumbai,102.69,2026-02-26
C047,P004,Apple,Ahmedabad,164.3,2026-02-23
C035,P004,Apple,Jaipur,151.24,2026-04-16
C007,P001,Avocado,Mumbai,202.52,2026-01-25
C002,P004,Apple,Jaipur,106.03,2026-06-02
C035,P001,Avocado,Pune,178.77,2026-01-30
C014,P004,Apple,Mumbai,273.14,2026-06-12
C034,P001,Avocado,Jaipur,348.7,2026-06-23
C005,P002,Mango,Delhi,134.26,2026-05-30
C048,P002,Mango,Pune,152.2,2026-06-23
C012,P004,Apple,Mumbai,245.31,2026-04-01
C018,P003,Tomato,Delhi,78.09,2026-03-02
C014,P003,Tomato,Mumbai,30.88,2026-01-10
C034,P001,Avocado,Delhi,154.89,2026-05-24
C045,P001,Avocado,Mumbai,256.07,2026-04-14
C023,P001,Avocado,Delhi,250.25,2026-06-24
C034,P004,Apple,Jaipur,239.22,2026-04-03
C044,P003,Tomato,Ahmedabad,41.95,2026-04-04
C001,P004,Apple,Pune,244.67,2026-06-17
C019,P004,Apple,Delhi,195.7,2026-03-26
C003,P003,Tomato,Delhi,106.59,2026-04-04
C025,P001,Avocado,Mumbai,197.6,2026-04-07
C018,P002,Mango,Mumbai,197.46,2026-03-30
C009,P001,Avocado,Ahmedabad,180.85,2026-04-06
C001,P003,Tomato,Pune,60.23,2026-05-23
C004,P002,Mango,Mumbai,217.88,2026-01-03
C022,P003,Tomato,Ahmedabad,46.4,2026-03-10
C022,P002,Mango,Jaipur,175.43,2026-06-20
C004,P004,Apple,Mumbai,254.56,2026-04-03
C015,P004,Apple,Mumbai,292.4,2026-02-27
C049,P002,Mango,Mumbai,96.97,2026-03-28
C049,P003,Tomato,Mumbai,33.26,2026-06-15
C044,P003,Tomato,Ahmedabad,43.01,2026-01-21
C032,P004,Apple,Delhi,231.02,2026-06-25
C005,P003,Tomato,Delhi,98.42,2026-04-23
C009,P003,Tomato,Mumbai,70.73,2026-01-19
C025,P004,Apple,Ahmedabad,237.45,2026-02-23
C048,P004,Apple,Jaipur,266.91,2026-02-21
C046,P003,Tomato,Mumbai,113.39,2026-03-24
C002,P001,Avocado,Jaipur,261.33,2026-01-19
C034,P002,Mango,Delhi,241.06,2026-04-18
C033,P002,Mango,Pune,165.05,2026-01-21
C002,P004,Apple,Delhi,290.21,2026-04-29
C024,P001,Avocado,Jaipur,233.76,2026-06-19
C031,P001,Avocado,Pune,195.1,2026-01-20
C032,P001,Avocado,Jaipur,196.34,2026-01-18
C040,P004,Apple,Jaipur,120.21,2026-03-14
C042,P002,Mango,Ahmedabad,168.6,2026-04-23
C011,P003,Tomato,Jaipur,91.07,2026-06-19
C021,P001,Avocado,Ahmedabad,243.97,2026-06-25
C004,P002,Mango,Delhi,140.89,2026-02-12
C002,P001,Avocado,Mumbai,258.85,2026-01-24
C009,P001,Avocado,Delhi,274.46,2026-05-05
C028,P001,Avocado,Delhi,229.05,2026-01-26
C044,P003,Tomato,Ahmedabad,78.19,2026-04-16
C022,P003,Tomato,Delhi,58.05,2026-06-24
C033,P001,Avocado,Jaipur,334.83,2026-01-16
C046,P003,Tomato,Jaipur,59.8,2026-06-14
C009,P003,Tomato,Mumbai,72.11,2026-04-11
C018,P003,Tomato,Mumbai,107.79,2026-02-13
C039,P003,Tomato,Ahmedabad,89.19,2026-02-26
C037,P004,Apple,Ahmedabad,226.69,2026-02-12
C009,P002,Mango,Mumbai,142.01,2026-05-20
C011,P001,Avocado,Mumbai,335.99,2026-04-08
C030,P002,Mango,Delhi,81.08,2026-06-30
C021,P001,Avocado,Mumbai,285.43,2026-03-06
C031,P002,Mango,Delhi,196.27,2026-06-24
C034,P003,Tomato,Jaipur,92.04,2026-01-07
C001,P001,Avocado,Pune,314.07,2026-02-17
C011,P001,Avocado,Mumbai,328.19,2026-06-17
C050,P003,Tomato,Mumbai,32.9,2026-03-02
C041,P001,Avocado,Mumbai,192.96,2026-01-21
C011,P003,Tomato,Delhi,65.04,2026-05-10
C023,P004,Apple,Jaipur,209.58,2026-06-30
C009,P003,Tomato,Ahmedabad,101.7,2026-03-31
C041,P003,Tomato,Mumbai,116.03,2026-03-09
C032,P003,Tomato,Ahmedabad,43.87,2026-06-12
C025,P003,Tomato,Delhi,70.65,2026-03-02
C009,P002,Mango,Pune,176.52,2026-05-03
C037,P003,Tomato,Jaipur,108.57,2026-01-30
C024,P004,Apple,Pune,289.79,2026-04-28
C038,P003,Tomato,Pune,63.93,2026-05-27
C046,P003,Tomato,Ahmedabad,112.49,2026-02-14
C043,P003,Tomato,Jaipur,62.0,2026-05-20
C005,P004,Apple,Ahmedabad,186.04,2026-06-24
C026,P003,Tomato,Delhi,62.81,2026-01-10
C037,P001,Avocado,Ahmedabad,223.04,2026-06-09
C042,P002,Mango,Ahmedabad,171.88,2026-05-14
C036,P001,Avocado,Pune,333.03,2026-01-18
C005,P004,Apple,Pune,251.23,2026-05-18
C024,P002,Mango,Delhi,161.07,2026-02-24
C039,P004,Apple,Ahmedabad,165.91,2026-06-28
C002,P001,Avocado,Delhi,278.25,2026-06-25
C023,P001,Avocado,Ahmedabad,260.46,2026-06-05
C031,P001,Avocado,Delhi,240.71,2026-06-10
C012,P004,Apple,Pune,297.36,2026-01-13
C014,P004,Apple,Pune,217.79,2026-06-29
C025,P004,Apple,Ahmedabad,129.19,2026-03-09
C011,P003,Tomato,Ahmedabad,100.67,2026-05-20
C012,P001,Avocado,Pune,169.6,2026-03-11
C008,P001,Avocado,Pune,214.76,2026-01-17
C038,P001,Avocado,Mumbai,153.63,2026-03-21
C018,P003,Tomato,Delhi,45.72,2026-04-15
C025,P001,Avocado,Ahmedabad,270.86,2026-01-06
C038,P004,Apple,Jaipur,267.13,2026-01-06
C034,P002,Mango,Ahmedabad,245.15,2026-02-20
C005,P003,Tomato,Delhi,36.71,2026-06-01
C028,P001,Avocado,Jaipur,170.95,2026-02-08
C020,P003,Tomato,Mumbai,51.6,2026-05-02
C010,P002,Mango,Jaipur,139.76,2026-03-02
C003,P003,Tomato,Ahmedabad,39.71,2026-04-23
C010,P001,Avocado,Ahmedabad,223.3,2026-01-03
C022,P003,Tomato,Delhi,80.64,2026-06-26
C027,P004,Apple,Ahmedabad,212.1,2026-03-18
C047,P003,Tomato,Ahmedabad,103.56,2026-05-14
C009,P002,Mango,Delhi,239.07,2026-01-09
C048,P002,Mango,Ahmedabad,80.34,2026-05-10
C050,P004,Apple,Ahmedabad,120.4,2026-03-04
C023,P001,Avocado,Pune,344.46,2026-02-25
C009,P002,Mango,Mumbai,87.76,2026-03-03
C013,P004,Apple,Ahmedabad,242.82,2026-02-04
C044,P002,Mango,Delhi,219.08,2026-05-09
C042,P003,Tomato,Pune,66.61,2026-03-30
C002,P001,Avocado,Ahmedabad,271.63,2026-03-26
C023,P001,Avocado,Delhi,264.47,2026-06-10
C016,P002,Mango,Ahmedabad,102.58,2026-05-30
C038,P004,Apple,Ahmedabad,110.02,2026-06-02
C009,P004,Apple,Pune,128.37,2026-05-01
C046,P003,Tomato,Mumbai,52.75,2026-06-17
C049,P002,Mango,Pune,153.62,2026-05-19
C011,P004,Apple,Delhi,112.75,2026-02-23
C024,P003,Tomato,Pune,54.99,2026-01-16
C045,P004,Apple,Ahmedabad,148.61,2026-02-07
C039,P003,Tomato,Jaipur,99.04,2026-06-13
C021,P002,Mango,Ahmedabad,210.44,2026-03-02
C007,P004,Apple,Jaipur,195.33,2026-04-21
C039,P004,Apple,Mumbai,172.05,2026-01-06
C018,P002,Mango,Jaipur,145.29,2026-01-08
C030,P002,Mango,Mumbai,179.27,2026-04-01
C010,P001,Avocado,Mumbai,180.39,2026-01-08
C030,P002,Mango,Mumbai,108.59,2026-06-04
C014,P002,Mango,Delhi,105.87,2026-02-12
C004,P002,Mango,Pune,123.01,2026-02-20
C013,P002,Mango,Pune,186.11,2026-02-24
C040,P003,Tomato,Delhi,51.55,2026-01-01
C007,P001,Avocado,Delhi,343.45,2026-04-24
C040,P001,Avocado,Ahmedabad,321.59,2026-01-05
C032,P003,Tomato,Delhi,71.11,2026-04-06
C021,P001,Avocado,Mumbai,271.57,2026-04-07
C044,P003,Tomato,Delhi,115.65,2026-01-14
C047,P003,Tomato,Ahmedabad,65.47,2026-03-16
C027,P003,Tomato,Pune,96.62,2026-06-13
C021,P001,Avocado,Ahmedabad,244.01,2026-04-09
C024,P001,Avocado,Ahmedabad,248.05,2026-03-12
C022,P003,Tomato,Jaipur,54.08,2026-04-12
C023,P001,Avocado,Pune,150.9,2026-01-22
C042,P004,Apple,Jaipur,116.02,2026-02-17
C038,P004,Apple,Delhi,247.67,2026-06-10
C036,P004,Apple,Ahmedabad,277.03,2026-03-31
C012,P002,Mango,Pune,87.53,2026-03-12
C017,P004,Apple,Jaipur,181.8,2026-01-18
C045,P002,Mango,Pune,232.47,2026-02-18
C010,P001,Avocado,Jaipur,276.58,2026-06-18
C020,P003,Tomato,Mumbai,63.8,2026-03-30
C009,P003,Tomato,Delhi,119.58,2026-04-05
C023,P002,Mango,Ahmedabad,229.62,2026-05-19
C047,P001,Avocado,Pune,251.71,2026-02-15
C027,P004,Apple,Jaipur,152.74,2026-01-22
C037,P001,Avocado,Jaipur,349.87,2026-03-14
C045,P004,Apple,Mumbai,157.68,2026-06-21
C049,P001,Avocado,Pune,162.5,2026-02-21
C033,P003,Tomato,Ahmedabad,37.55,2026-05-17
C012,P002,Mango,Ahmedabad,227.97,2026-06-11
C002,P001,Avocado,Jaipur,286.99,2026-05-23
C042,P001,Avocado,Delhi,162.65,2026-01-13
C010,P004,Apple,Delhi,116.41,2026-06-16
C035,P003,Tomato,Mumbai,111.77,2026-06-07
C034,P002,Mango,Jaipur,177.39,2026-02-25
C035,P002,Mango,Jaipur,82.21,2026-01-24
C004,P004,Apple,Mumbai,154.52,2026-02-15
C024,P001,Avocado,Mumbai,316.83,2026-05-26
C014,P001,Avocado,Mumbai,157.58,2026-03-25
C004,P002,Mango,Ahmedabad,176.75,2026-03-15
C036,P001,Avocado,Pune,294.7,2026-01-03
C007,P004,Apple,Delhi,252.15,2026-01-01
C046,P002,Mango,Jaipur,139.58,2026-04-03
C002,P004,Apple,Delhi,228.39,2026-05-14
C006,P001,Avocado,Pune,316.21,2026-06-25
C015,P004,Apple,Ahmedabad,221.21,2026-03-29
C034,P002,Mango,Delhi,94.72,2026-06-27
C001,P002,Mango,Pune,151.74,2026-05-31
C041,P004,Apple,Delhi,226.53,2026-01-28
C031,P002,Mango,Delhi,152.79,2026-02-10
C003,P002,Mango,Mumbai,176.08,2026-03-01
C038,P004,Apple,Ahmedabad,132.31,2026-03-02
C048,P002,Mango,Pune,135.15,2026-02-26
C050,P003,Tomato,Ahmedabad,100.13,2026-03-28
C038,P001,Avocado,Mumbai,172.28,2026-02-28
C003,P004,Apple,Pune,262.34,2026-04-10
C048,P003,Tomato,Ahmedabad,76.77,2026-06-04
C003,P004,Apple,Delhi,232.82,2026-06-13
C028,P003,Tomato,Mumbai,48.04,2026-02-19
C012,P003,Tomato,Delhi,111.24,2026-05-30
C037,P001,Avocado,Mumbai,307.58,2026-05-05
C029,P003,Tomato,Jaipur,64.8,2026-03-30
C030,P002,Mango,Pune,201.73,2026-05-12
C026,P002,Mango,Mumbai,173.22,2026-06-07
C038,P001,Avocado,Pune,187.94,2026-05-27
C022,P004,Apple,Delhi,264.57,2026-01-16
C004,P004,Apple,Jaipur,100.52,2026-01-05
C003,P003,Tomato,Ahmedabad,85.55,2026-03-11
C029,P003,Tomato,Ahmedabad,40.46,2026-01-24
C036,P001,Avocado,Delhi,331.3,2026-06-27
C011,P003,Tomato,Jaipur,42.45,2026-05-03
C022,P001,Avocado,Delhi,157.84,2026-05-09
C039,P001,Avocado,Delhi,318.93,2026-01-14
C013,P003,Tomato,Ahmedabad,59.8,2026-01-01
C049,P004,Apple,Mumbai,282.68,2026-03-26
C027,P001,Avocado,Ahmedabad,205.72,2026-04-01
C044,P004,Apple,Jaipur,220.63,2026-05-19
C019,P003,Tomato,Ahmedabad,113.95,2026-02-12
C005,P003,Tomato,Delhi,33.25,2026-05-21
C016,P004,Apple,Jaipur,207.24,2026-04-08
C012,P004,Apple,Mumbai,165.27,2026-04-23
C039,P003,Tomato,Delhi,95.77,2026-03-01
C023,P003,Tomato,Mumbai,68.39,2026-05-13
C035,P002,Mango,Mumbai,171.49,2026-01-24
C012,P002,Mango,Pune,154.79,2026-06-15
C050,P002,Mango,Mumbai,148.34,2026-03-21
C008,P004,Apple,Pune,143.87,2026-01-16
C042,P002,Mango,Pune,110.72,2026-01-05
C019,P004,Apple,Pune,214.59,2026-06-22
C012,P001,Avocado,Pune,345.23,2026-02-06
C009,P004,Apple,Mumbai,185.31,2026-05-27
C037,P004,Apple,Delhi,266.7,2026-02-20
C028,P002,Mango,Pune,134.23,2026-05-18
C042,P001,Avocado,Delhi,291.99,2026-06-15
C007,P001,Avocado,Jaipur,291.6,2026-05-15
C031,P003,Tomato,Mumbai,75.7,2026-02-21
C027,P004,Apple,Mumbai,222.12,2026-06-16
C031,P004,Apple,Pune,140.32,2026-05-15
C028,P001,Avocado,Delhi,164.15,2026-01-19
C017,P001,Avocado,Delhi,183.17,2026-05-03
C008,P002,Mango,Jaipur,204.75,2026-03-03
C017,P001,Avocado,Ahmedabad,273.39,2026-05-01
C029,P004,Apple,Delhi,156.79,2026-05-28
C015,P001,Avocado,Jaipur,303.73,2026-02-05
C002,P004,Apple,Pune,107.92,2026-01-04
C005,P002,Mango,Ahmedabad,225.8,2026-04-29
C031,P002,Mango,Delhi,138.85,2026-03-01
C007,P003,Tomato,Pune,118.19,2026-06-03
C044,P004,Apple,Pune,170.2,2026-06-23
C021,P001,Avocado,Delhi,252.88,2026-04-01
C002,P003,Tomato,Mumbai,110.77,2026-06-09
C030,P001,Avocado,Mumbai,330.4,2026-04-30
C030,P004,Apple,Mumbai,216.05,2026-05-06
C023,P004,Apple,Ahmedabad,162.88,2026-05-28
C041,P001,Avocado,Mumbai,312.06,2026-01-09
C003,P003,Tomato,Ahmedabad,44.51,2026-03-07
C031,P001,Avocado,Jaipur,214.24,2026-06-17
C012,P004,Apple,Mumbai,210.01,2026-02-23
C027,P001,Avocado,Pune,242.34,2026-03-23
C014,P004,Apple,Pune,269.19,2026-02-25
C026,P001,Avocado,Mumbai,286.57,2026-02-14
C029,P003,Tomato,Mumbai,75.64,2026-06-24
C013,P002,Mango,Mumbai,174.18,2026-02-04
C014,P003,Tomato,Jaipur,60.85,2026-05-14
C036,P004,Apple,Jaipur,166.74,2026-04-05
C031,P003,Tomato,Ahmedabad,44.35,2026-05-03
C008,P003,Tomato,Pune,90.23,2026-02-15
C011,P004,Apple,Pune,211.4,2026-02-23
C003,P003,Tomato,Ahmedabad,106.18,2026-01-26
C027,P004,Apple,Mumbai,285.32,2026-02-10
C001,P003,Tomato,Delhi,82.35,2026-03-05
C014,P001,Avocado,Delhi,297.79,2026-05-27
C031,P004,Apple,Ahmedabad,199.91,2026-04-19
C036,P002,Mango,Ahmedabad,213.75,2026-02-08
C046,P002,Mango,Pune,222.84,2026-03-12
C009,P003,Tomato,Pune,80.64,2026-05-25
C034,P004,Apple,Jaipur,146.84,2026-05-14
C034,P003,Tomato,Delhi,46.21,2026-05-08
C003,P001,Avocado,Ahmedabad,307.75,2026-04-19
C030,P004,Apple,Mumbai,191.5,2026-02-17
C001,P004,Apple,Mumbai,148.99,2026-04-19
C045,P004,Apple,Jaipur,120.4,2026-03-24
C025,P001,Avocado,Jaipur,193.97,2026-02-02
C022,P003,Tomato,Mumbai,73.93,2026-05-31
C042,P001,Avocado,Delhi,269.9,2026-03-10
C009,P003,Tomato,Pune,41.08,2026-03-20
C016,P003,Tomato,Jaipur,115.41,2026-05-14
C012,P002,Mango,Jaipur,178.32,2026-03-02
C032,P004,Apple,Pune,151.13,2026-06-05
C012,P001,Avocado,Mumbai,180.56,2026-04-27
C025,P003,Tomato,Delhi,101.2,2026-03-03
C020,P002,Mango,Delhi,220.67,2026-03-19
C017,P003,Tomato,Mumbai,31.93,2026-03-19
C039,P002,Mango,Pune,218.45,2026-04-02
C034,P004,Apple,Jaipur,195.75,2026-03-02
C021,P002,Mango,Delhi,153.72,2026-03-17
C028,P001,Avocado,Pune,153.44,2026-03-27
C007,P004,Apple,Mumbai,245.82,2026-06-27
C016,P004,Apple,Pune,215.63,2026-02-07
C016,P003,Tomato,Pune,104.68,2026-01-21
C038,P002,Mango,Pune,203.13,2026-01-18
C045,P002,Mango,Mumbai,192.73,2026-04-17
C050,P003,Tomato,Pune,78.14,2026-01-29
C004,P004,Apple,Ahmedabad,178.57,2026-02-19
C049,P001,Avocado,Ahmedabad,347.63,2026-01-12
C018,P002,Mango,Pune,85.33,2026-01-04
C047,P003,Tomato,Delhi,78.34,2026-02-18
C038,P003,Tomato,Mumbai,31.9,2026-03-16
C040,P003,Tomato,Jaipur,119.34,2026-02-08
C021,P003,Tomato,Pune,48.42,2026-01-15
C030,P001,Avocado,Ahmedabad,278.59,2026-06-25
C026,P001,Avocado,Ahmedabad,336.9,2026-04-09
C031,P002,Mango,Delhi,171.7,2026-01-20
C006,P004,Apple,Ahmedabad,266.46,2026-04-10
C031,P004,Apple,Pune,150.85,2026-02-23
C010,P002,Mango,Ahmedabad,188.2,2026-03-23
C010,P002,Mango,Pune,89.57,2026-05-08
C022,P004,Apple,Ahmedabad,279.36,2026-01-18
C030,P004,Apple,Ahmedabad,195.83,2026-04-28
C038,P002,Mango,Mumbai,120.68,2026-05-02
C005,P004,Apple,Delhi,252.84,2026-03-24
C028,P002,Mango,Mumbai,81.04,2026-01-23
C026,P001,Avocado,Delhi,335.49,2026-05-19
C005,P001,Avocado,Jaipur,283.71,2026-06-25
C044,P001,Avocado,Ahmedabad,160.06,2026-06-12
C037,P003,Tomato,Mumbai,75.44,2026-04-27
C005,P001,Avocado,Delhi,227.68,2026-02-10
C032,P002,Mango,Ahmedabad,90.19,2026-03-03
C008,P004,Apple,Pune,168.56,2026-01-25
C010,P004,Apple,Pune,160.12,2026-01-12
C015,P003,Tomato,Mumbai,103.26,2026-05-20
C050,P002,Mango,Mumbai,165.51,2026-03-29
C005,P001,Avocado,Ahmedabad,202.96,2026-02-17
C002,P002,Mango,Delhi,102.23,2026-01-04
C042,P003,Tomato,Jaipur,77.86,2026-03-20
C046,P003,Tomato,Pune,106.24,2026-03-17
C008,P001,Avocado,Ahmedabad,158.04,2026-01-31
C050,P004,Apple,Mumbai,177.66,2026-01-14
C012,P004,Apple,Delhi,288.37,2026-06-22
C024,P004,Apple,Jaipur,243.13,2026-04-09
C047,P003,Tomato,Mumbai,50.58,2026-05-04
C011,P003,Tomato,Jaipur,51.28,2026-04-06
C016,P001,Avocado,Mumbai,203.21,2026-01-09
C015,P003,Tomato,Pune,70.67,2026-02-06
C046,P002,Mango,Pune,230.9,2026-02-21
C040,P001,Avocado,Delhi,159.82,2026-03-21
C013,P002,Mango,Jaipur,134.36,2026-01-06
C038,P001,Avocado,Mumbai,271.89,2026-06-13
C039,P001,Avocado,Mumbai,214.3,2026-06-08
C003,P003,Tomato,Jaipur,53.28,2026-06-29
C001,P003,Tomato,Ahmedabad,40.61,2026-03-01
C031,P001,Avocado,Jaipur,317.65,2026-03-13
C047,P001,Avocado,Mumbai,179.58,2026-01-10
C040,P004,Apple,Pune,285.03,2026-03-07
C029,P003,Tomato,Pune,67.07,2026-04-27
C005,P002,Mango,Delhi,171.07,2026-04-10
C033,P004,Apple,Jaipur,114.99,2026-04-20
C019,P001,Avocado,Pune,199.05,2026-02-08
C021,P003,Tomato,Pune,60.96,2026-01-02
C029,P001,Avocado,Delhi,150.72,2026-04-28
C046,P004,Apple,Mumbai,111.33,2026-04-30
C031,P004,Apple,Pune,134.88,2026-02-28
C046,P004,Apple,Delhi,135.3,2026-05-14
C023,P003,Tomato,Ahmedabad,91.66,2026-04-26
C009,P003,Tomato,Ahmedabad,93.82,2026-01-25
C044,P003,Tomato,Ahmedabad,54.85,2026-04-02
C016,P001,Avocado,Mumbai,321.76,2026-03-31
C023,P002,Mango,Delhi,111.31,2026-05-25
C022,P001,Avocado,Pune,339.49,2026-01-10
C004,P002,Mango,Jaipur,241.25,2026-01-31
C020,P003,Tomato,Pune,43.31,2026-05-08
C027,P003,Tomato,Mumbai,76.57,2026-04-01
C050,P001,Avocado,Jaipur,249.48,2026-01-26
C027,P001,Avocado,Pune,246.71,2026-02-02
C011,P001,Avocado,Jaipur,259.61,2026-06-19
C027,P004,Apple,Jaipur,225.04,2026-04-01
C027,P001,Avocado,Jaipur,274.78,2026-05-01
C026,P001,Avocado,Jaipur,307.05,2026-05-18
C043,P004,Apple,Jaipur,174.04,2026-02-28
C016,P001,Avocado,Pune,164.16,2026-05-04
C035,P004,Apple,Jaipur,155.61,2026-02-16
C048,P004,Apple,Jaipur,162.46,2026-05-01
C009,P001,Avocado,Mumbai,298.17,2026-06-02
C033,P001,Avocado,Delhi,169.55,2026-03-05
C033,P004,Apple,Delhi,231.12,2026-04-19
C032,P004,Apple,Mumbai,224.47,2026-03-18
C003,P001,Avocado,Jaipur,256.37,2026-03-21
C016,P001,Avocado,Delhi,319.77,2026-06-19
C046,P004,Apple,Delhi,195.57,2026-06-12
C008,P002,Mango,Ahmedabad,242.61,2026-06-04
C009,P004,Apple,Ahmedabad,298.92,2026-06-30
C045,P003,Tomato,Mumbai,102.91,2026-04-01
C033,P001,Avocado,Delhi,166.27,2026-03-14
C008,P002,Mango,Ahmedabad,129.55,2026-01-30
C044,P003,Tomato,Delhi,80.74,2026-01-14
C011,P002,Mango,Jaipur,131.63,2026-06-01
C014,P004,Apple,Delhi,270.06,2026-03-03
C050,P001,Avocado,Jaipur,221.52,2026-06-02
C039,P001,Avocado,Pune,331.97,2026-05-16
C001,P002,Mango,Mumbai,247.68,2026-03-01
C025,P004,Apple,Ahmedabad,266.17,2026-03-25
C008,P003,Tomato,Mumbai,49.74,2026-05-24
C039,P002,Mango,Delhi,233.42,2026-04-24
C020,P001,Avocado,Delhi,213.69,2026-02-05
C019,P002,Mango,Delhi,121.38,2026-01-03
C012,P004,Apple,Delhi,188.18,2026-04-26
C023,P003,Tomato,Pune,38.83,2026-03-10
C046,P001,Avocado,Ahmedabad,344.46,2026-05-15
C009,P002,Mango,Delhi,232.3,2026-04-05
C017,P004,Apple,Jaipur,222.2,2026-03-28
C016,P004,Apple,Jaipur,294.3,2026-01-04
C034,P003,Tomato,Jaipur,66.84,2026-02-01
C031,P003,Tomato,Jaipur,95.13,2026-05-18
C003,P003,Tomato,Mumbai,112.55,2026-01-31
C023,P003,Tomato,Delhi,113.48,2026-02-27
C021,P004,Apple,Ahmedabad,229.1,2026-04-05
C050,P003,Tomato,Jaipur,112.57,2026-02-09
C003,P002,Mango,Pune,84.13,2026-04-08
C004,P002,Mango,Mumbai,130.37,2026-06-29
C022,P003,Tomato,Ahmedabad,105.57,2026-02-12
C022,P001,Avocado,Pune,269.0,2026-03-01
C009,P001,Avocado,Ahmedabad,327.24,2026-02-14
C017,P002,Mango,Delhi,153.29,2026-02-15
C028,P001,Avocado,Mumbai,252.67,2026-04-12
C015,P002,Mango,Ahmedabad,120.23,2026-06-01
C027,P001,Avocado,Pune,224.48,2026-04-02
C013,P003,Tomato,Delhi,97.61,2026-02-11
C006,P004,Apple,Ahmedabad,155.7,2026-06-09
C023,P002,Mango,Pune,180.19,2026-02-17
C045,P003,Tomato,Jaipur,99.13,2026-05-22
C009,P004,Apple,Mumbai,282.33,2026-06-26
C017,P004,Apple,Mumbai,132.2,2026-05-06
C041,P004,Apple,Ahmedabad,192.05,2026-02-23
C042,P004,Apple,Mumbai,274.4,2026-02-16
C031,P002,Mango,Ahmedabad,240.52,2026-01-15
C032,P004,Apple,Delhi,228.06,2026-05-24
C049,P003,Tomato,Jaipur,38.87,2026-02-04
C036,P003,Tomato,Pune,84.69,2026-03-18
C014,P003,Tomato,Mumbai,102.62,2026-05-28
C012,P003,Tomato,Delhi,80.81,2026-01-05
C011,P001,Avocado,Ahmedabad,290.85,2026-03-14
C042,P002,Mango,Jaipur,233.14,2026-03-01
C021,P004,Apple,Delhi,232.74,2026-05-22
C002,P004,Apple,Mumbai,147.69,2026-04-25
C047,P001,Avocado,Pune,249.95,2026-04-02
C001,P002,Mango,Pune,186.8,2026-01-17
C005,P003,Tomato,Mumbai,77.8,2026-06-29
C016,P004,Apple,Delhi,257.89,2026-02-19
C038,P002,Mango,Jaipur,161.14,2026-05-02
C034,P002,Mango,Ahmedabad,83.01,2026-05-07
C042,P002,Mango,Delhi,113.14,2026-04-06
C020,P002,Mango,Pune,188.45,2026-06-24
C009,P004,Apple,Jaipur,211.21,2026-02-18
C037,P001,Avocado,Pune,164.65,2026-03-05
C029,P002,Mango,Jaipur,138.1,2026-04-02
C016,P003,Tomato,Ahmedabad,32.61,2026-06-10
C017,P003,Tomato,Pune,83.04,2026-04-10
C030,P001,Avocado,Delhi,333.96,2026-05-27
C025,P003,Tomato,Mumbai,67.15,2026-04-09
C005,P001,Avocado,Mumbai,287.61,2026-01-21
C043,P002,Mango,Jaipur,143.88,2026-05-01
C035,P003,Tomato,Mumbai,85.71,2026-04-06
C005,P003,Tomato,Ahmedabad,82.45,2026-04-23
C011,P001,Avocado,Pune,275.89,2026-03-13
C041,P003,Tomato,Jaipur,72.13,2026-03-30
C004,P002,Mango,Jaipur,239.48,2026-03-13
C031,P002,Mango,Ahmedabad,139.44,2026-04-11
C037,P004,Apple,Pune,285.26,2026-06-15
C041,P001,Avocado,Jaipur,308.01,2026-03-07
C035,P002,Mango,Delhi,97.55,2026-04-19
C015,P004,Apple,Ahmedabad,178.45,2026-03-27
C006,P003,Tomato,Ahmedabad,103.81,2026-04-16
C002,P003,Tomato,Jaipur,104.93,2026-01-10
C046,P004,Apple,Mumbai,118.83,2026-01-28
C026,P001,Avocado,Delhi,181.36,2026-06-15
C001,P001,Avocado,Pune,345.37,2026-04-11
C020,P002,Mango,Ahmedabad,203.44,2026-01-22
C013,P002,Mango,Ahmedabad,85.9,2026-02-19
C035,P003,Tomato,Ahmedabad,108.97,2026-01-14
C044,P003,Tomato,Delhi,105.93,2026-05-12
C024,P004,Apple,Ahmedabad,240.3,2026-03-09
C006,P001,Avocado,Mumbai,289.35,2026-05-25
C009,P001,Avocado,Jaipur,234.81,2026-05-27
C049,P004,Apple,Mumbai,215.09,2026-02-18
C011,P001,Avocado,Pune,240.41,2026-03-14
C008,P002,Mango,Jaipur,117.43,2026-04-14
C040,P004,Apple,Delhi,185.86,2026-01-15
C029,P004,Apple,Pune,260.23,2026-03-06
C021,P002,Mango,Ahmedabad,156.81,2026-06-02
C046,P001,Avocado,Ahmedabad,219.97,2026-06-04
C003,P001,Avocado,Pune,187.13,2026-03-27
C048,P003,Tomato,Ahmedabad,118.7,2026-05-04
C026,P004,Apple,Pune,158.11,2026-02-15
C016,P004,Apple,Ahmedabad,267.0,2026-01-04
C013,P003,Tomato,Mumbai,80.47,2026-02-25
C041,P001,Avocado,Ahmedabad,324.75,2026-04-04
C046,P002,Mango,Delhi,163.57,2026-06-15
C019,P002,Mango,Ahmedabad,148.87,2026-06-06
C026,P002,Mango,Ahmedabad,83.11,2026-04-20
C030,P004,Apple,Delhi,171.65,2026-02-12
C015,P001,Avocado,Pune,288.39,2026-05-15
C049,P003,Tomato,Jaipur,59.93,2026-03-15
C007,P001,Avocado,Mumbai,183.48,2026-01-11
C027,P002,Mango,Pune,163.6,2026-05-10
C009,P003,Tomato,Pune,30.96,2026-06-17
C020,P003,Tomato,Ahmedabad,98.29,2026-04-04
C018,P001,Avocado,Mumbai,233.15,2026-02-05
C036,P003,Tomato,Delhi,65.87,2026-03-25
C001,P003,Tomato,Mumbai,114.88,2026-06-26
C049,P004,Apple,Jaipur,174.61,2026-04-15
C036,P002,Mango,Ahmedabad,211.42,2026-01-07
C031,P001,Avocado,Pune,159.36,2026-02-10
C049,P003,Tomato,Ahmedabad,99.76,2026-06-02
C007,P001,Avocado,Mumbai,192.46,2026-02-28
C014,P002,Mango,Ahmedabad,230.41,2026-03-23
C002,P001,Avocado,Pune,270.87,2026-04-22
C028,P002,Mango,Ahmedabad,152.04,2026-01-14
C019,P002,Mango,Delhi,108.17,2026-03-15
C021,P004,Apple,Pune,286.65,2026-01-16
C009,P003,Tomato,Jaipur,84.76,2026-01-27
C007,P004,Apple,Delhi,290.57,2026-05-25
C011,P003,Tomato,Mumbai,52.66,2026-02-20
C037,P002,Mango,Pune,241.53,2026-04-15
C015,P003,Tomato,Ahmedabad,119.76,2026-03-28
C037,P001,Avocado,Pune,157.31,2026-04-26
C008,P004,Apple,Jaipur,158.12,2026-03-14
C009,P002,Mango,Mumbai,192.51,2026-02-11
C031,P004,Apple,Mumbai,236.51,2026-06-24
C039,P002,Mango,Jaipur,232.52,2026-01-20
C037,P003,Tomato,Jaipur,40.36,2026-03-03
C015,P002,Mango,Jaipur,159.73,2026-02-05
C008,P001,Avocado,Delhi,290.56,2026-05-01
C033,P002,Mango,Delhi,98.8,2026-02-03
C020,P001,Avocado,Mumbai,174.5,2026-02-02
C030,P004,Apple,Delhi,195.14,2026-05-17
C004,P001,Avocado,Mumbai,213.16,2026-04-10
C034,P003,Tomato,Mumbai,99.21,2026-06-12
C040,P001,Avocado,Ahmedabad,181.94,2026-05-15
C002,P001,Avocado,Mumbai,249.73,2026-06-27
C016,P001,Avocado,Jaipur,330.64,2026-05-10
C043,P003,Tomato,Mumbai,59.64,2026-04-24
C039,P001,Avocado,Jaipur,185.82,2026-01-28
C043,P004,Apple,Jaipur,159.24,2026-05-06
C024,P004,Apple,Jaipur,212.01,2026-06-04
C017,P004,Apple,Delhi,195.69,2026-05-30
C027,P003,Tomato,Jaipur,99.14,2026-01-03
C018,P004,Apple,Pune,117.04,2026-02-26
C009,P003,Tomato,Pune,107.01,2026-05-16
C030,P004,Apple,Ahmedabad,222.6,2026-02-06
C034,P004,Apple,Delhi,194.97,2026-01-27
C005,P002,Mango,Pune,93.11,2026-01-16
C009,P004,Apple,Jaipur,295.25,2026-06-13
C019,P004,Apple,Pune,112.7,2026-04-12
C022,P003,Tomato,Jaipur,67.64,2026-04-18
C019,P001,Avocado,Pune,232.85,2026-05-16
C048,P002,Mango,Mumbai,125.01,2026-06-18
C026,P001,Avocado,Jaipur,238.94,2026-05-01
C041,P003,Tomato,Delhi,118.81,2026-06-20
C014,P001,Avocado,Jaipur,322.06,2026-01-29
C002,P004,Apple,Ahmedabad,236.16,2026-03-30
C035,P004,Apple,Mumbai,267.71,2026-06-24
C017,P002,Mango,Delhi,92.76,2026-04-26
C007,P002,Mango,Mumbai,105.62,2026-05-04
C018,P003,Tomato,Jaipur,79.9,2026-01-11
C025,P001,Avocado,Jaipur,204.05,2026-05-03
C024,P004,Apple,Mumbai,254.71,2026-02-17
C036,P002,Mango,Delhi,181.12,2026-04-12
C024,P001,Avocado,Jaipur,168.43,2026-05-24
C026,P001,Avocado,Mumbai,296.19,2026-02-12
C021,P002,Mango,Pune,103.62,2026-04-12
C050,P002,Mango,Ahmedabad,174.92,2026-04-17
C026,P003,Tomato,Ahmedabad,46.51,2026-02-12
C044,P004,Apple,Delhi,180.23,2026-01-05
C049,P003,Tomato,Mumbai,38.29,2026-04-14
C019,P004,Apple,Mumbai,232.86,2026-03-02
C019,P002,Mango,Ahmedabad,134.68,2026-01-25
C023,P003,Tomato,Jaipur,118.37,2026-02-02
C041,P004,Apple,Pune,109.84,2026-03-01
C003,P003,Tomato,Pune,35.53,2026-02-08
C040,P001,Avocado,Ahmedabad,321.1,2026-04-10
C008,P002,Mango,Mumbai,123.16,2026-06-11
C030,P003,Tomato,Pune,98.62,2026-04-30
C012,P003,Tomato,Jaipur,45.36,2026-01-27
C035,P003,Tomato,Pune,94.73,2026-03-19
C033,P004,Apple,Jaipur,172.2,2026-04-13
C034,P001,Avocado,Mumbai,230.31,2026-05-15
C050,P001,Avocado,Mumbai,325.29,2026-02-14
C025,P002,Mango,Pune,94.58,2026-05-10
C016,P002,Mango,Ahmedabad,222.93,2026-01-07
C039,P002,Mango,Pune,192.56,2026-04-17
C046,P003,Tomato,Delhi,64.57,2026-02-08
C008,P001,Avocado,Ahmedabad,289.27,2026-06-20
C044,P002,Mango,Pune,130.22,2026-03-28
C024,P003,Tomato,Jaipur,36.89,2026-05-14
C042,P001,Avocado,Mumbai,195.96,2026-04-26
C028,P003,Tomato,Ahmedabad,30.01,2026-06-18
C015,P004,Apple,Jaipur,189.39,2026-04-06
C048,P004,Apple,Jaipur,271.45,2026-01-09
C011,P003,Tomato,Pune,36.87,2026-06-10
C034,P004,Apple,Ahmedabad,252.08,2026-04-19
C028,P002,Mango,Mumbai,108.4,2026-06-28
C048,P004,Apple,Pune,198.48,2026-02-18
C026,P004,Apple,Delhi,135.84,2026-02-14
C036,P001,Avocado,Mumbai,334.96,2026-01-25
C033,P001,Avocado,Ahmedabad,343.75,2026-02-21
C026,P003,Tomato,Mumbai,92.48,2026-01-12
C024,P002,Mango,Pune,130.47,2026-04-04
C002,P004,Apple,Pune,153.79,2026-04-25
C013,P002,Mango,Mumbai,203.44,2026-05-08
C048,P002,Mango,Jaipur,176.92,2026-05-14
C035,P002,Mango,Pune,166.01,2026-04-10
C027,P002,Mango,Ahmedabad,99.43,2026-05-31
C008,P003,Tomato,Jaipur,77.11,2026-02-04
C011,P002,Mango,Mumbai,223.99,2026-01-22
C042,P001,Avocado,Delhi,162.87,2026-03-05
C014,P002,Mango,Ahmedabad,190.97,2026-01-22
C028,P001,Avocado,Delhi,307.08,2026-01-18
C006,P003,Tomato,Delhi,35.73,2026-02-05
C016,P002,Mango,Ahmedabad,241.12,2026-06-09
C032,P003,Tomato,Delhi,80.61,2026-04-05
C003,P004,Apple,Ahmedabad,116.82,2026-03-04
C028,P001,Avocado,Delhi,349.15,2026-06-18
C043,P002,Mango,Pune,207.33,2026-03-29
C030,P001,Avocado,Pune,333.03,2026-03-21
C001,P003,Tomato,Pune,101.11,2026-02-21
C010,P002,Mango,Delhi,177.25,2026-05-15
C036,P002,Mango,Mumbai,155.81,2026-01-05
C042,P003,Tomato,Pune,106.73,2026-02-23
C046,P002,Mango,Pune,142.48,2026-04-20
C012,P002,Mango,Mumbai,248.11,2026-03-21
C025,P003,Tomato,Jaipur,85.93,2026-02-19
C011,P002,Mango,Mumbai,112.99,2026-03-04
C033,P001,Avocado,Delhi,314.01,2026-05-28
C047,P002,Mango,Jaipur,159.11,2026-05-02
C021,P004,Apple,Jaipur,178.35,2026-05-22
C003,P002,Mango,Pune,138.71,2026-04-01
C029,P003,Tomato,Delhi,62.69,2026-02-02
C027,P004,Apple,Pune,142.72,2026-01-13
C006,P004,Apple,Pune,126.59,2026-02-12
C015,P003,Tomato,Pune,107.84,2026-02-17
C044,P001,Avocado,Delhi,256.34,2026-02-28
C047,P004,Apple,Delhi,146.47,2026-03-17
C005,P004,Apple,Jaipur,150.65,2026-01-05
C047,P001,Avocado,Jaipur,288.94,2026-03-21
C013,P002,Mango,Jaipur,108.17,2026-06-26
C046,P002,Mango,Delhi,131.85,2026-03-21
C043,P004,Apple,Delhi,270.93,2026-02-26
C024,P002,Mango,Jaipur,132.05,2026-01-11
C041,P004,Apple,Mumbai,296.13,2026-03-10
C028,P001,Avocado,Delhi,315.87,2026-01-13
C016,P002,Mango,Delhi,91.94,2026-01-05
C019,P004,Apple,Pune,172.5,2026-06-24
C045,P003,Tomato,Jaipur,91.55,2026-04-15
C027,P002,Mango,Jaipur,227.1,2026-04-26
C012,P004,Apple,Ahmedabad,176.75,2026-01-14
C003,P004,Apple,Pune,150.39,2026-05-23
C019,P002,Mango,Mumbai,201.86,2026-03-27
C007,P003,Tomato,Ahmedabad,35.44,2026-04-01
C049,P002,Mango,Jaipur,210.2,2026-06-07
C035,P001,Avocado,Pune,303.84,2026-01-05
C046,P001,Avocado,Pune,349.72,2026-05-19
C030,P003,Tomato,Pune,68.17,2026-06-01
C045,P002,Mango,Jaipur,187.96,2026-06-14
C037,P004,Apple,Pune,212.75,2026-06-15
C003,P001,Avocado,Pune,156.24,2026-04-03
C050,P001,Avocado,Delhi,283.49,2026-06-11
C002,P003,Tomato,Jaipur,98.88,2026-04-18
C047,P003,Tomato,Ahmedabad,59.37,2026-06-13
C018,P003,Tomato,Mumbai,101.17,2026-04-19
C012,P004,Apple,Ahmedabad,233.44,2026-06-11
C041,P001,Avocado,Jaipur,213.48,2026-04-30
C032,P003,Tomato,Ahmedabad,50.52,2026-01-01
C014,P001,Avocado,Pune,195.59,2026-04-28
C049,P002,Mango,Jaipur,158.39,2026-01-23
C021,P001,Avocado,Jaipur,341.59,2026-02-25
C009,P004,Apple,Mumbai,187.93,2026-03-14
C001,P003,Tomato,Jaipur,79.35,2026-03-23
C014,P001,Avocado,Mumbai,226.62,2026-02-06
C028,P003,Tomato,Ahmedabad,53.47,2026-06-09
C006,P002,Mango,Ahmedabad,204.29,2026-05-13
C020,P002,Mango,Delhi,203.6,2026-02-18
C027,P003,Tomato,Pune,115.53,2026-02-01
C015,P004,Apple,Ahmedabad,187.44,2026-05-06
C028,P001,Avocado,Delhi,191.61,2026-03-17
C033,P002,Mango,Jaipur,228.6,2026-02-22
C047,P002,Mango,Mumbai,174.97,2026-06-17
C044,P001,Avocado,Pune,297.1,2026-03-26
C002,P004,Apple,Jaipur,183.11,2026-01-13
C050,P001,Avocado,Jaipur,310.8,2026-05-03
C022,P001,Avocado,Ahmedabad,285.24,2026-01-27
C032,P003,Tomato,Mumbai,70.38,2026-06-17
C004,P003,Tomato,Jaipur,96.29,2026-06-11
C044,P004,Apple,Jaipur,241.48,2026-04-04
C009,P003,Tomato,Jaipur,78.81,2026-06-13
C050,P004,Apple,Delhi,284.3,2026-04-08
C018,P004,Apple,Ahmedabad,135.26,2026-01-25
C001,P003,Tomato,Pune,30.18,2026-04-21
C027,P003,Tomato,Ahmedabad,113.48,2026-03-07
C041,P001,Avocado,Mumbai,199.47,2026-04-25
C002,P003,Tomato,Mumbai,103.91,2026-01-19
C039,P001,Avocado,Mumbai,168.73,2026-06-01
C011,P003,Tomato,Delhi,81.27,2026-05-22
C024,P003,Tomato,Jaipur,74.44,2026-01-22
C025,P001,Avocado,Pune,161.64,2026-03-25
C015,P003,Tomato,Jaipur,63.05,2026-04-27
C028,P004,Apple,Ahmedabad,264.88,2026-03-24
C043,P002,Mango,Ahmedabad,118.14,2026-06-30
C027,P001,Avocado,Ahmedabad,240.84,2026-06-23
C019,P004,Apple,Pune,282.97,2026-01-05
C006,P001,Avocado,Ahmedabad,322.9,2026-05-02
C006,P002,Mango,Jaipur,201.74,2026-03-01
C025,P001,Avocado,Mumbai,177.83,2026-06-12
C009,P003,Tomato,Mumbai,56.97,2026-03-18
C031,P004,Apple,Mumbai,106.6,2026-03-26
C030,P001,Avocado,Mumbai,201.09,2026-01-15
C014,P002,Mango,Jaipur,132.39,2026-01-03
C005,P003,Tomato,Jaipur,116.62,2026-04-27
C050,P003,Tomato,Ahmedabad,89.02,2026-02-25
C007,P001,Avocado,Pune,349.29,2026-02-14
C002,P003,Tomato,Mumbai,50.54,2026-06-13
C004,P004,Apple,Mumbai,255.24,2026-02-07
C026,P003,Tomato,Jaipur,74.71,2026-01-15
C004,P003,Tomato,Pune,43.59,2026-04-19
C030,P003,Tomato,Delhi,48.58,2026-04-30
C029,P003,Tomato,Pune,74.57,2026-02-01
C039,P002,Mango,Ahmedabad,147.07,2026-05-02
C023,P001,Avocado,Mumbai,298.2,2026-02-28
C043,P003,Tomato,Ahmedabad,95.41,2026-01-05
C016,P003,Tomato,Ahmedabad,64.89,2026-06-05
C022,P001,Avocado,Mumbai,238.38,2026-01-27
C022,P001,Avocado,Ahmedabad,311.21,2026-03-31
C039,P002,Mango,Mumbai,224.0,2026-03-13
C041,P001,Avocado,Mumbai,212.92,2026-05-13
C042,P003,Tomato,Delhi,70.79,2026-03-06
C047,P001,Avocado,Pune,306.19,2026-01-28
C013,P003,Tomato,Mumbai,108.18,2026-01-14
C008,P003,Tomato,Ahmedabad,99.89,2026-02-04
C029,P004,Apple,Delhi,120.58,2026-05-18
C046,P001,Avocado,Delhi,242.62,2026-02-22
C037,P002,Mango,Delhi,121.76,2026-03-22
C039,P002,Mango,Mumbai,131.1,2026-05-12
C020,P002,Mango,Pune,192.18,2026-02-02
C016,P004,Apple,Mumbai,178.69,2026-06-11
C028,P001,Avocado,Jaipur,295.52,2026-06-13
C013,P003,Tomato,Delhi,44.63,2026-05-13
C037,P004,Apple,Ahmedabad,179.2,2026-01-04
C017,P002,Mango,Mumbai,203.49,2026-05-10
C002,P004,Apple,Mumbai,166.99,2026-04-27
C044,P001,Avocado,Mumbai,334.84,2026-02-03
C048,P001,Avocado,Ahmedabad,171.63,2026-01-03
C018,P002,Mango,Mumbai,246.42,2026-06-30
C002,P003,Tomato,Ahmedabad,112.57,2026-02-15
C011,P004,Apple,Mumbai,250.57,2026-05-04
C029,P003,Tomato,Pune,68.07,2026-02-12
C035,P001,Avocado,Mumbai,336.01,2026-04-19
C034,P003,Tomato,Jaipur,91.53,2026-03-04
C009,P002,Mango,Pune,249.06,2026-03-22
C010,P001,Avocado,Delhi,192.13,2026-05-14
C029,P004,Apple,Ahmedabad,107.88,2026-01-13
C032,P003,Tomato,Delhi,75.9,2026-04-13
C035,P003,Tomato,Pune,105.75,2026-05-02
C036,P002,Mango,Delhi,193.49,2026-01-22
C017,P001,Avocado,Jaipur,186.75,2026-04-17
C033,P001,Avocado,Jaipur,240.54,2026-05-06
C033,P004,Apple,Ahmedabad,266.21,2026-03-13
C019,P003,Tomato,Ahmedabad,52.18,2026-05-14
C009,P001,Avocado,Jaipur,255.4,2026-04-19
C022,P002,Mango,Delhi,128.24,2026-04-22
C045,P003,Tomato,Delhi,49.96,2026-04-18
C048,P001,Avocado,Mumbai,150.63,2026-02-02
C032,P004,Apple,Mumbai,183.2,2026-04-21
C047,P002,Mango,Mumbai,123.76,2026-05-13
C039,P003,Tomato,Mumbai,73.74,2026-01-10
C041,P004,Apple,Ahmedabad,245.85,2026-02-18
C017,P003,Tomato,Jaipur,94.98,2026-02-09
C008,P003,Tomato,Jaipur,61.96,2026-01-11
C031,P003,Tomato,Ahmedabad,52.74,2026-05-07
C046,P002,Mango,Delhi,118.33,2026-02-14
C001,P001,Avocado,Ahmedabad,228.39,2026-04-23
C011,P004,Apple,Delhi,175.54,2026-05-05
C049,P002,Mango,Mumbai,158.47,2026-02-24
C020,P003,Tomato,Jaipur,56.15,2026-03-19
C013,P001,Avocado,Mumbai,229.52,2026-05-29
C034,P003,Tomato,Pune,81.88,2026-06-28
C003,P003,Tomato,Pune,104.76,2026-01-21
C004,P003,Tomato,Pune,101.78,2026-04-12
C011,P004,Apple,Jaipur,190.16,2026-01-04
C046,P003,Tomato,Pune,91.89,2026-04-04
C031,P002,Mango,Jaipur,197.42,2026-06-02
C037,P002,Mango,Ahmedabad,124.43,2026-03-25
C034,P002,Mango,Pune,211.15,2026-06-23
C017,P002,Mango,Jaipur,87.13,2026-03-29
C043,P002,Mango,Mumbai,152.62,2026-05-12
C033,P003,Tomato,Jaipur,106.21,2026-01-10
C005,P002,Mango,Pune,209.54,2026-05-18
C013,P004,Apple,Ahmedabad,250.94,2026-02-14
C021,P003,Tomato,Pune,99.29,2026-03-27
C019,P004,Apple,Pune,227.52,2026-03-27
C020,P004,Apple,Ahmedabad,180.88,2026-03-11
C022,P001,Avocado,Ahmedabad,209.65,2026-01-08
C001,P001,Avocado,Jaipur,252.65,2026-06-06
C010,P002,Mango,Ahmedabad,173.19,2026-01-22
C036,P003,Tomato,Pune,103.86,2026-05-31
C019,P003,Tomato,Jaipur,73.57,2026-03-25
C023,P004,Apple,Delhi,254.82,2026-05-26
C044,P001,Avocado,Delhi,217.76,2026-06-14
C003,P003,Tomato,Jaipur,110.55,2026-05-07
C029,P002,Mango,Jaipur,141.87,2026-05-12
C016,P004,Apple,Ahmedabad,178.68,2026-05-13
C010,P004,Apple,Delhi,143.1,2026-01-01
C025,P004,Apple,Ahmedabad,251.13,2026-03-23
C021,P003,Tomato,Ahmedabad,82.03,2026-02-06
C012,P001,Avocado,Pune,235.83,2026-04-12
C013,P004,Apple,Jaipur,225.89,2026-05-08
C002,P004,Apple,Delhi,293.55,2026-03-31
C014,P003,Tomato,Delhi,59.46,2026-04-09
C050,P003,Tomato,Delhi,73.06,2026-05-11
C012,P003,Tomato,Jaipur,64.99,2026-01-28
C030,P002,Mango,Jaipur,128.43,2026-02-28
C047,P001,Avocado,Jaipur,319.54,2026-04-22
C002,P003,Tomato,Jaipur,111.98,2026-04-26
C003,P003,Tomato,Ahmedabad,85.55,2026-06-14
C030,P002,Mango,Ahmedabad,130.73,2026-06-08
C036,P003,Tomato,Ahmedabad,33.04,2026-04-24
C032,P002,Mango,Delhi,111.84,2026-05-04
C027,P001,Avocado,Mumbai,238.43,2026-05-05
C028,P003,Tomato,Jaipur,83.31,2026-04-15
C002,P004,Apple,Mumbai,231.85,2026-01-07
C034,P001,Avocado,Mumbai,309.09,2026-06-06
C008,P002,Mango,Mumbai,247.95,2026-03-30
C041,P002,Mango,Pune,108.58,2026-02-08
C029,P004,Apple,Pune,137.28,2026-06-22
C008,P001,Avocado,Mumbai,188.12,2026-04-24
C004,P003,Tomato,Ahmedabad,86.57,2026-01-08
C039,P002,Mango,Jaipur,89.17,2026-01-10
C027,P004,Apple,Mumbai,152.62,2026-03-27
C011,P002,Mango,Jaipur,204.21,2026-03-09
C005,P003,Tomato,Pune,102.61,2026-03-20
C048,P002,Mango,Delhi,93.48,2026-02-16
C044,P002,Mango,Mumbai,197.57,2026-03-10
C025,P004,Apple,Jaipur,276.7,2026-02-24
C036,P002,Mango,Mumbai,134.74,2026-01-30
C039,P003,Tomato,Mumbai,75.76,2026-05-02
C027,P001,Avocado,Delhi,178.41,2026-03-29
C001,P004,Apple,Mumbai,214.41,2026-05-05
C024,P004,Apple,Mumbai,166.6,2026-01-15
C011,P003,Tomato,Delhi,65.91,2026-02-16
C033,P003,Tomato,Ahmedabad,79.67,2026-06-22
C029,P003,Tomato,Pune,89.03,2026-05-23
C028,P003,Tomato,Ahmedabad,104.32,2026-06-24
C041,P001,Avocado,Ahmedabad,190.49,2026-06-26
C026,P002,Mango,Ahmedabad,144.91,2026-05-06
C033,P004,Apple,Ahmedabad,227.01,2026-05-12
C028,P003,Tomato,Jaipur,119.0,2026-04-05
C034,P004,Apple,Ahmedabad,291.26,2026-06-06
C013,P003,Tomato,Mumbai,73.85,2026-03-08
C036,P002,Mango,Jaipur,157.63,2026-03-23
C036,P003,Tomato,Jaipur,80.77,2026-06-09
C019,P002,Mango,Ahmedabad,106.79,2026-06-15
C009,P001,Avocado,Delhi,161.26,2026-03-18
C006,P003,Tomato,Delhi,81.29,2026-05-12
C041,P001,Avocado,Jaipur,335.11,2026-05-11
C040,P003,Tomato,Delhi,81.72,2026-02-07
C037,P002,Mango,Pune,81.87,2026-01-24
C041,P004,Apple,Pune,129.79,2026-06-30
C026,P003,Tomato,Pune,93.28,2026-03-14
C015,P004,Apple,Mumbai,110.6,2026-02-16
C048,P003,Tomato,Delhi,117.4,2026-06-26
C025,P003,Tomato,Pune,55.04,2026-04-25
C004,P003,Tomato,Delhi,50.76,2026-01-26
C014,P002,Mango,Ahmedabad,198.46,2026-05-23
C034,P003,Tomato,Jaipur,76.45,2026-05-21
C004,P002,Mango,Mumbai,123.5,2026-06-17
C038,P001,Avocado,Delhi,272.84,2026-06-10
C014,P002,Mango,Mumbai,213.35,2026-04-22
C042,P003,Tomato,Ahmedabad,82.76,2026-06-16
C037,P001,Avocado,Mumbai,284.18,2026-04-23
C044,P003,Tomato,Ahmedabad,37.12,2026-05-30
C031,P003,Tomato,Ahmedabad,37.92,2026-06-23
C020,P003,Tomato,Jaipur,68.51,2026-03-16
C013,P001,Avocado,Pune,338.75,2026-04-12
C040,P004,Apple,Mumbai,180.6,2026-02-16
C033,P001,Avocado,Ahmedabad,244.04,2026-06-01
C040,P002,Mango,Ahmedabad,155.79,2026-04-06
C005,P001,Avocado,Delhi,154.87,2026-05-08
C012,P001,Avocado,Ahmedabad,228.91,2026-06-20
C015,P002,Mango,Delhi,244.41,2026-04-28
C007,P002,Mango,Pune,123.6,2026-04-23
C044,P001,Avocado,Ahmedabad,272.74,2026-03-02
C048,P004,Apple,Mumbai,173.69,2026-06-09
C048,P004,Apple,Pune,109.54,2026-02-11
C043,P002,Mango,Mumbai,110.08,2026-03-25
C015,P001,Avocado,Delhi,168.48,2026-02-15
C043,P003,Tomato,Jaipur,95.7,2026-06-05
C039,P001,Avocado,Mumbai,236.98,2026-03-26
C033,P004,Apple,Pune,110.5,2026-04-15
C045,P002,Mango,Jaipur,233.68,2026-05-19
C017,P002,Mango,Mumbai,102.93,2026-03-28
C004,P004,Apple,Pune,201.69,2026-06-29
C037,P004,Apple,Ahmedabad,135.31,2026-02-03
C017,P003,Tomato,Mumbai,45.89,2026-05-03
C022,P004,Apple,Delhi,178.28,2026-03-28
C046,P001,Avocado,Mumbai,185.12,2026-04-03
C047,P003,Tomato,Ahmedabad,38.33,2026-05-16
C015,P002,Mango,Mumbai,245.87,2026-03-24
C022,P003,Tomato,Pune,33.09,2026-05-28
C032,P002,Mango,Mumbai,88.96,2026-01-24
C024,P002,Mango,Pune,91.81,2026-05-21
C040,P004,Apple,Ahmedabad,273.14,2026-06-27
C026,P001,Avocado,Jaipur,263.29,2026-03-30
C007,P004,Apple,Mumbai,217.36,2026-05-06
C043,P001,Avocado,Mumbai,271.52,2026-04-18
C047,P001,Avocado,Ahmedabad,157.77,2026-03-06
C029,P004,Apple,Jaipur,150.71,2026-04-26
C027,P001,Avocado,Ahmedabad,319.48,2026-05-10
C039,P002,Mango,Jaipur,100.99,2026-06-03
C037,P002,Mango,Ahmedabad,153.34,2026-02-05
C009,P001,Avocado,Pune,167.85,2026-05-01
C029,P004,Apple,Ahmedabad,135.66,2026-03-02
C022,P001,Avocado,Ahmedabad,234.75,2026-02-28
C016,P002,Mango,Jaipur,114.93,2026-03-09
C035,P002,Mango,Jaipur,100.78,2026-05-16
C043,P003,Tomato,Jaipur,54.98,2026-03-30
C009,P003,Tomato,Mumbai,37.54,2026-01-25
C042,P004,Apple,Delhi,107.46,2026-03-01
C043,P001,Avocado,Ahmedabad,336.97,2026-03-01
C041,P001,Avocado,Mumbai,189.02,2026-03-13
C034,P001,Avocado,Delhi,157.86,2026-04-11
C041,P001,Avocado,Jaipur,252.06,2026-02-03
C039,P004,Apple,Jaipur,232.8,2026-01-04
C007,P004,Apple,Jaipur,162.16,2026-06-11
C022,P001,Avocado,Delhi,279.52,2026-02-12
C020,P001,Avocado,Mumbai,211.43,2026-06-01
C015,P002,Mango,Mumbai,207.9,2026-01-04
C020,P001,Avocado,Delhi,164.27,2026-02-26
C009,P001,Avocado,Jaipur,288.64,2026-01-10
C039,P002,Mango,Pune,188.47,2026-03-20
C012,P002,Mango,Mumbai,118.09,2026-03-26
C036,P002,Mango,Pune,204.0,2026-03-13
C003,P003,Tomato,Pune,114.82,2026-06-22
C039,P003,Tomato,Ahmedabad,105.09,2026-01-06
C031,P004,Apple,Mumbai,264.06,2026-03-26
C018,P002,Mango,Mumbai,95.81,2026-06-08
C045,P002,Mango,Mumbai,206.41,2026-02-06
C017,P002,Mango,Mumbai,247.95,2026-04-04
C033,P003,Tomato,Jaipur,118.28,2026-01-26
C033,P004,Apple,Delhi,250.42,2026-02-01
C012,P002,Mango,Mumbai,130.21,2026-04-16
C050,P003,Tomato,Mumbai,84.94,2026-06-22
C018,P002,Mango,Mumbai,142.05,2026-01-07
C021,P003,Tomato,Pune,65.29,2026-06-04
C009,P003,Tomato,Mumbai,109.74,2026-01-17
C048,P002,Mango,Delhi,134.88,2026-05-08
C002,P003,Tomato,Pune,98.02,2026-01-19
C008,P004,Apple,Mumbai,162.36,2026-03-01
C030,P004,Apple,Jaipur,108.01,2026-03-29
C026,P004,Apple,Ahmedabad,131.76,2026-06-07
C026,P002,Mango,Mumbai,154.86,2026-06-11
C027,P003,Tomato,Delhi,62.97,2026-04-23
C009,P001,Avocado,Pune,212.05,2026-01-17
C010,P002,Mango,Jaipur,186.6,2026-04-21
C032,P004,Apple,Delhi,245.63,2026-01-02
C001,P001,Avocado,Delhi,246.6,2026-06-07
C046,P004,Apple,Ahmedabad,235.68,2026-05-13
C014,P003,Tomato,Delhi,72.32,2026-04-25
C020,P002,Mango,Delhi,151.24,2026-02-28
C011,P004,Apple,Jaipur,276.53,2026-04-18
C006,P003,Tomato,Pune,48.25,2026-02-17
C033,P003,Tomato,Jaipur,43.93,2026-04-24
C023,P002,Mango,Jaipur,165.83,2026-06-12
C050,P004,Apple,Ahmedabad,299.08,2026-03-22
C045,P004,Apple,Ahmedabad,231.01,2026-02-08
C040,P002,Mango,Pune,162.86,2026-06-12
C022,P004,Apple,Jaipur,286.82,2026-04-17
C025,P002,Mango,Delhi,233.55,2026-04-28
C033,P004,Apple,Delhi,274.64,2026-04-01
C019,P004,Apple,Pune,259.18,2026-06-27
C041,P004,Apple,Mumbai,240.46,2026-05-25
C047,P004,Apple,Pune,152.97,2026-03-20
C019,P002,Mango,Pune,212.19,2026-03-23
C024,P003,Tomato,Mumbai,86.07,2026-01-24
C047,P002,Mango,Delhi,149.0,2026-04-27
C008,P004,Apple,Jaipur,181.48,2026-01-15
C044,P001,Avocado,Pune,298.82,2026-02-15
C014,P002,Mango,Jaipur,120.88,2026-01-24
C047,P003,Tomato,Ahmedabad,115.43,2026-05-07
C020,P002,Mango,Jaipur,97.68,2026-04-05
C011,P004,Apple,Delhi,257.28,2026-03-10
C031,P001,Avocado,Ahmedabad,162.88,2026-04-16
C032,P003,Tomato,Delhi,36.91,2026-02-25
C025,P001,Avocado,Mumbai,162.56,2026-02-01
C039,P004,Apple,Pune,132.64,2026-04-23
C035,P001,Avocado,Ahmedabad,194.0,2026-02-14
C028,P004,Apple,Ahmedabad,162.94,2026-04-18
C048,P002,Mango,Delhi,112.04,2026-03-10
C047,P002,Mango,Mumbai,209.49,2026-05-20
C013,P003,Tomato,Jaipur,79.41,2026-01-06
C033,P001,Avocado,Delhi,231.61,2026-02-01
C008,P003,Tomato,Ahmedabad,30.68,2026-03-22
C010,P004,Apple,Pune,268.66,2026-06-15
C050,P004,Apple,Delhi,253.3,2026-04-10
C046,P003,Tomato,Ahmedabad,97.18,2026-05-09
C043,P004,Apple,Pune,291.36,2026-02-18
C026,P004,Apple,Pune,234.36,2026-02-22
C007,P001,Avocado,Mumbai,232.25,2026-03-21
C032,P001,Avocado,Jaipur,271.04,2026-01-23
C046,P002,Mango,Mumbai,186.22,2026-04-03
C032,P004,Apple,Ahmedabad,197.02,2026-01-09
C037,P001,Avocado,Jaipur,321.08,2026-03-04
C011,P004,Apple,Mumbai,275.59,2026-01-10
C037,P004,Apple,Pune,209.24,2026-05-21
C031,P002,Mango,Delhi,206.58,2026-05-13
C012,P003,Tomato,Jaipur,50.56,2026-02-16
C042,P001,Avocado,Ahmedabad,191.79,2026-04-18
C037,P004,Apple,Pune,119.28,2026-02-12
C011,P001,Avocado,Mumbai,224.18,2026-06-02
C018,P001,Avocado,Delhi,349.41,2026-05-30
C002,P004,Apple,Pune,156.33,2026-01-01
C031,P001,Avocado,Delhi,197.42,2026-02-05
C023,P001,Avocado,Pune,250.61,2026-06-29
C016,P001,Avocado,Pune,176.87,2026-01-29
C028,P002,Mango,Delhi,106.24,2026-04-25
C012,P003,Tomato,Jaipur,106.37,2026-02-12
C026,P004,Apple,Delhi,247.28,2026-03-07
C018,P002,Mango,Ahmedabad,126.66,2026-02-19
C033,P001,Avocado,Jaipur,159.04,2026-06-16
C045,P004,Apple,Pune,250.52,2026-02-21
C015,P001,Avocado,Ahmedabad,340.41,2026-06-04
C011,P001,Avocado,Mumbai,198.85,2026-01-22
C050,P004,Apple,Mumbai,289.11,2026-05-03
C028,P003,Tomato,Mumbai,97.54,2026-05-27
C046,P001,Avocado,Delhi,251.48,2026-01-31
C002,P003,Tomato,Delhi,67.51,2026-05-29
C015,P002,Mango,Mumbai,216.52,2026-05-11
C026,P004,Apple,Delhi,111.0,2026-05-09
C008,P003,Tomato,Mumbai,93.48,2026-06-21
C028,P002,Mango,Delhi,225.5,2026-06-24
C033,P001,Avocado,Delhi,293.43,2026-06-17
C003,P001,Avocado,Mumbai,305.76,2026-04-20
C030,P004,Apple,Mumbai,116.33,2026-06-15
C046,P001,Avocado,Ahmedabad,209.81,2026-06-16
C020,P003,Tomato,Delhi,100.02,2026-05-24
C040,P001,Avocado,Mumbai,219.99,2026-03-06
C007,P003,Tomato,Jaipur,94.02,2026-03-14
C018,P003,Tomato,Ahmedabad,30.62,2026-03-13
C009,P004,Apple,Pune,257.98,2026-05-18
C040,P001,Avocado,Pune,300.68,2026-02-03
C001,P002,Mango,Delhi,183.8,2026-03-16
C014,P002,Mango,Mumbai,201.69,2026-01-28
C041,P001,Avocado,Pune,266.69,2026-04-24
C027,P004,Apple,Delhi,284.34,2026-06-09
C040,P004,Apple,Ahmedabad,227.22,2026-05-04
C021,P002,Mango,Delhi,178.5,2026-05-27
C035,P004,Apple,Ahmedabad,164.42,2026-01-09
C009,P004,Apple,Pune,197.22,2026-04-18
C041,P002,Mango,Jaipur,245.47,2026-06-19
C008,P003,Tomato,Jaipur,98.9,2026-06-16
C022,P001,Avocado,Ahmedabad,173.12,2026-01-31
C047,P002,Mango,Delhi,132.7,2026-05-25
C049,P003,Tomato,Jaipur,79.39,2026-04-18
C002,P003,Tomato,Delhi,106.32,2026-01-14
C001,P001,Avocado,Pune,339.99,2026-06-19
C003,P001,Avocado,Delhi,306.88,2026-02-02
C008,P001,Avocado,Jaipur,342.32,2026-04-22
C024,P004,Apple,Mumbai,270.53,2026-01-05
C041,P002,Mango,Mumbai,146.15,2026-03-30
C026,P004,Apple,Jaipur,171.83,2026-01-03
C029,P002,Mango,Delhi,203.02,2026-04-11
C028,P004,Apple,Jaipur,202.08,2026-04-25
C031,P003,Tomato,Pune,35.45,2026-02-02
C048,P001,Avocado,Jaipur,171.19,2026-01-13
C021,P001,Avocado,Mumbai,310.42,2026-05-23
C039,P002,Mango,Delhi,146.7,2026-04-24
C031,P002,Mango,Mumbai,206.12,2026-06-21
C028,P003,Tomato,Mumbai,109.7,2026-02-19
C010,P001,Avocado,Jaipur,177.67,2026-05-31
C021,P004,Apple,Ahmedabad,195.63,2026-03-23
C050,P004,Apple,Delhi,217.91,2026-06-25
C037,P001,Avocado,Jaipur,175.47,2026-06-18
C003,P002,Mango,Mumbai,234.28,2026-02-15
C025,P001,Avocado,Jaipur,158.16,2026-03-31
C049,P002,Mango,Ahmedabad,241.84,2026-03-01
C041,P003,Tomato,Ahmedabad,117.58,2026-03-11
C031,P004,Apple,Ahmedabad,133.62,2026-01-02
C044,P003,Tomato,Jaipur,38.89,2026-04-13
C032,P004,Apple,Mumbai,170.53,2026-02-28
C028,P001,Avocado,Jaipur,153.54,2026-05-01
C013,P003,Tomato,Ahmedabad,116.13,2026-02-23
C036,P003,Tomato,Ahmedabad,77.64,2026-06-06
C035,P003,Tomato,Jaipur,50.07,2026-01-31
C029,P004,Apple,Delhi,209.08,2026-06-25
C045,P003,Tomato,Ahmedabad,51.89,2026-06-14
C016,P003,Tomato,Delhi,97.72,2026-02-20
C015,P004,Apple,Ahmedabad,220.25,2026-06-22
C023,P003,Tomato,Delhi,33.34,2026-02-04
C021,P002,Mango,Jaipur,222.2,2026-06-06
C042,P003,Tomato,Delhi,86.78,2026-04-18
C040,P002,Mango,Ahmedabad,237.75,2026-03-05
C034,P004,Apple,Pune,263.98,2026-03-16
C037,P002,Mango,Mumbai,219.29,2026-01-07
C048,P002,Mango,Jaipur,177.22,2026-06-14
C015,P001,Avocado,Ahmedabad,297.39,2026-05-16
C006,P002,Mango,Delhi,140.32,2026-04-28
C039,P003,Tomato,Jaipur,91.41,2026-06-21
C045,P003,Tomato,Ahmedabad,78.27,2026-04-08
C045,P003,Tomato,Jaipur,69.52,2026-06-07
C037,P001,Avocado,Ahmedabad,200.8,2026-06-26
C023,P004,Apple,Ahmedabad,152.73,2026-02-26
C044,P004,Apple,Pune,133.5,2026-04-09
C005,P001,Avocado,Delhi,227.94,2026-02-28
C003,P004,Apple,Pune,259.64,2026-04-12
C026,P003,Tomato,Delhi,77.17,2026-05-13
C033,P003,Tomato,Jaipur,105.8,2026-03-08
C013,P003,Tomato,Ahmedabad,107.42,2026-05-10
C043,P001,Avocado,Mumbai,315.69,2026-02-21
C037,P002,Mango,Pune,193.22,2026-02-27
C001,P002,Mango,Ahmedabad,170.27,2026-06-14
C025,P003,Tomato,Delhi,75.44,2026-03-03
C012,P003,Tomato,Jaipur,60.83,2026-02-20
C017,P004,Apple,Delhi,252.03,2026-01-30
C007,P004,Apple,Ahmedabad,265.72,2026-01-29
C001,P004,Apple,Jaipur,114.94,2026-04-01
C006,P003,Tomato,Jaipur,66.77,2026-06-07
C041,P002,Mango,Ahmedabad,235.91,2026-03-03
C028,P004,Apple,Ahmedabad,102.35,2026-01-11
C031,P004,Apple,Ahmedabad,153.09,2026-04-30
C013,P004,Apple,Mumbai,175.79,2026-03-22
C008,P003,Tomato,Mumbai,33.73,2026-02-27
C011,P002,Mango,Delhi,87.64,2026-04-10
C017,P001,Avocado,Ahmedabad,169.9,2026-05-16
C031,P002,Mango,Pune,229.02,2026-04-10
C037,P003,Tomato,Mumbai,41.18,2026-04-13
C004,P001,Avocado,Pune,260.01,2026-04-22
C017,P001,Avocado,Delhi,271.41,2026-03-01
C038,P002,Mango,Delhi,234.03,2026-01-25
C017,P003,Tomato,Pune,55.21,2026-06-11
C002,P001,Avocado,Mumbai,327.25,2026-05-07
C031,P002,Mango,Jaipur,89.01,2026-02-23
C040,P003,Tomato,Pune,119.45,2026-03-23
C001,P002,Mango,Delhi,181.84,2026-01-28
C008,P002,Mango,Ahmedabad,128.39,2026-03-21
C041,P001,Avocado,Ahmedabad,284.53,2026-01-24
C018,P002,Mango,Jaipur,239.94,2026-03-15
C010,P003,Tomato,Pune,44.75,2026-02-28
C003,P001,Avocado,Delhi,342.08,2026-06-25
C015,P002,Mango,Jaipur,186.65,2026-02-22
C019,P001,Avocado,Mumbai,276.23,2026-01-17
C043,P001,Avocado,Jaipur,163.71,2026-04-26
C032,P004,Apple,Ahmedabad,111.37,2026-05-12
C003,P001,Avocado,Jaipur,232.41,2026-05-11
C041,P001,Avocado,Mumbai,322.78,2026-03-17
C034,P002,Mango,Delhi,219.61,2026-04-28
C004,P001,Avocado,Ahmedabad,274.39,2026-02-02
C018,P003,Tomato,Jaipur,67.11,2026-03-01
C046,P002,Mango,Jaipur,147.55,2026-02-15
C020,P004,Apple,Pune,222.39,2026-06-06
C038,P001,Avocado,Pune,192.67,2026-05-31
C041,P004,Apple,Delhi,181.94,2026-02-16
C001,P003,Tomato,Jaipur,70.92,2026-05-30
C002,P003,Tomato,Mumbai,49.33,2026-01-13
C044,P002,Mango,Delhi,244.86,2026-06-02
C039,P002,Mango,Ahmedabad,154.39,2026-03-13
C038,P003,Tomato,Delhi,111.05,2026-03-31
C037,P004,Apple,Delhi,256.87,2026-01-01
C023,P001,Avocado,Mumbai,265.86,2026-03-23
C043,P001,Avocado,Delhi,213.9,2026-06-20
C027,P002,Mango,Jaipur,216.35,2026-01-01
C039,P003,Tomato,Ahmedabad,100.49,2026-05-18
C044,P003,Tomato,Ahmedabad,36.12,2026-03-02
C037,P001,Avocado,Ahmedabad,313.18,2026-04-17
C047,P004,Apple,Jaipur,236.51,2026-03-04
C016,P001,Avocado,Ahmedabad,312.39,2026-02-18
C015,P003,Tomato,Pune,37.17,2026-05-18
C011,P002,Mango,Mumbai,214.93,2026-04-10
C034,P001,Avocado,Mumbai,193.73,2026-01-17
C017,P003,Tomato,Delhi,36.09,2026-02-08
C003,P002,Mango,Pune,94.69,2026-06-16
C030,P004,Apple,Delhi,275.7,2026-06-08
C040,P003,Tomato,Mumbai,54.31,2026-01-08
C043,P003,Tomato,Delhi,41.18,2026-05-11
C022,P004,Apple,Ahmedabad,243.68,2026-04-07
C013,P003,Tomato,Ahmedabad,37.35,2026-04-16
C030,P004,Apple,Mumbai,185.66,2026-02-23
C037,P003,Tomato,Delhi,42.41,2026-03-01
C004,P003,Tomato,Mumbai,63.4,2026-04-24
C001,P004,Apple,Delhi,225.08,2026-02-28
C017,P001,Avocado,Ahmedabad,264.22,2026-05-01
C040,P001,Avocado,Jaipur,297.51,2026-04-29
C014,P001,Avocado,Mumbai,253.66,2026-03-30
C007,P004,Apple,Delhi,168.56,2026-06-23
C032,P001,Avocado,Jaipur,296.58,2026-01-03
C041,P004,Apple,Jaipur,285.69,2026-04-15
C033,P002,Mango,Pune,183.05,2026-05-16
C049,P004,Apple,Ahmedabad,224.5,2026-03-21
C003,P003,Tomato,Mumbai,41.12,2026-04-03
C008,P002,Mango,Ahmedabad,166.32,2026-03-07
C009,P001,Avocado,Delhi,346.59,2026-01-27
C001,P004,Apple,Ahmedabad,118.5,2026-04-16
C032,P004,Apple,Pune,280.89,2026-03-12
C041,P004,Apple,Jaipur,127.16,2026-04-22
C007,P004,Apple,Ahmedabad,129.62,2026-01-22
C039,P001,Avocado,Jaipur,296.46,2026-03-06
C029,P003,Tomato,Jaipur,40.42,2026-04-28
C008,P004,Apple,Jaipur,206.56,2026-01-19
C018,P004,Apple,Mumbai,240.65,2026-06-18
C020,P004,Apple,Delhi,220.93,2026-06-30
C026,P001,Avocado,Delhi,224.18,2026-03-19
C026,P004,Apple,Delhi,234.14,2026-04-04
C042,P002,Mango,Jaipur,156.94,2026-02-24
C004,P002,Mango,Delhi,234.98,2026-04-06
C015,P003,Tomato,Ahmedabad,61.9,2026-04-12
C006,P004,Apple,Delhi,171.72,2026-04-23
C030,P001,Avocado,Mumbai,239.04,2026-06-10
C021,P003,Tomato,Ahmedabad,33.33,2026-02-03
C032,P004,Apple,Delhi,133.5,2026-03-10
C017,P001,Avocado,Delhi,183.03,2026-01-17
C036,P001,Avocado,Jaipur,203.58,2026-05-22
C019,P003,Tomato,Mumbai,96.73,2026-03-24
C044,P001,Avocado,Delhi,316.91,2026-05-30
C015,P004,Apple,Jaipur,126.89,2026-02-07
C036,P001,Avocado,Delhi,200.07,2026-03-05
C013,P003,Tomato,Jaipur,51.28,2026-01-07
C026,P002,Mango,Pune,86.22,2026-06-22
C039,P001,Avocado,Pune,214.12,2026-01-09
C032,P003,Tomato,Pune,75.33,2026-06-13
C050,P002,Mango,Pune,159.63,2026-01-09
C015,P004,Apple,Mumbai,160.15,2026-03-25
C034,P003,Tomato,Mumbai,114.8,2026-05-14
C003,P001,Avocado,Mumbai,317.86,2026-03-11
C033,P004,Apple,Pune,147.52,2026-04-10
C006,P004,Apple,Delhi,117.62,2026-03-11
C022,P002,Mango,Jaipur,227.02,2026-05-28
C034,P004,Apple,Pune,119.88,2026-05-31
C031,P004,Apple,Delhi,220.19,2026-01-24
C020,P004,Apple,Pune,210.2,2026-02-24
C019,P003,Tomato,Delhi,88.43,2026-02-13
C029,P002,Mango,Delhi,137.82,2026-01-18
C022,P001,Avocado,Ahmedabad,163.48,2026-04-13
C014,P004,Apple,Delhi,129.49,2026-01-31
C015,P002,Mango,Jaipur,207.14,2026-03-04
C021,P002,Mango,Pune,200.88,2026-03-10
C048,P001,Avocado,Delhi,242.07,2026-06-20
C008,P003,Tomato,Mumbai,87.35,2026-02-16
C027,P002,Mango,Pune,190.88,2026-01-05
C047,P001,Avocado,Mumbai,262.38,2026-05-06
C038,P003,Tomato,Ahmedabad,93.91,2026-05-31
C008,P001,Avocado,Mumbai,280.41,2026-04-03
C033,P002,Mango,Pune,80.43,2026-06-06
C025,P002,Mango,Pune,167.74,2026-04-30
C018,P004,Apple,Ahmedabad,104.37,2026-06-26
C031,P002,Mango,Delhi,112.44,2026-02-01
C033,P003,Tomato,Ahmedabad,57.83,2026-03-18
C032,P001,Avocado,Jaipur,334.06,2026-01-01
C034,P001,Avocado,Delhi,152.87,2026-06-04
C008,P004,Apple,Delhi,284.28,2026-03-02
C032,P002,Mango,Jaipur,225.97,2026-02-23
C043,P004,Apple,Pune,153.32,2026-06-08
C011,P002,Mango,Delhi,195.9,2026-06-22
C050,P003,Tomato,Ahmedabad,79.71,2026-05-13
C028,P002,Mango,Delhi,107.2,2026-03-25
C003,P004,Apple,Jaipur,169.88,2026-04-09
C011,P003,Tomato,Mumbai,58.64,2026-06-19
C028,P004,Apple,Jaipur,142.17,2026-01-30
C037,P003,Tomato,Pune,48.2,2026-03-10
C004,P002,Mango,Ahmedabad,221.92,2026-04-26
C047,P003,Tomato,Delhi,57.61,2026-04-08
C050,P003,Tomato,Mumbai,98.76,2026-05-10
C028,P004,Apple,Ahmedabad,240.69,2026-01-11
C037,P003,Tomato,Mumbai,108.22,2026-06-30
C022,P001,Avocado,Mumbai,228.82,2026-02-07
C032,P003,Tomato,Mumbai,84.76,2026-03-30
C044,P001,Avocado,Pune,200.44,2026-06-04
C027,P001,Avocado,Pune,179.95,2026-04-27
C001,P003,Tomato,Ahmedabad,83.71,2026-06-09
C046,P002,Mango,Jaipur,200.46,2026-06-22
C019,P004,Apple,Ahmedabad,190.7,2026-04-11
C003,P003,Tomato,Jaipur,61.85,2026-05-19
C042,P001,Avocado,Ahmedabad,255.52,2026-05-28
C048,P003,Tomato,Pune,52.41,2026-02-07
C015,P003,Tomato,Ahmedabad,36.33,2026-06-15
C022,P004,Apple,Pune,240.07,2026-06-25
C024,P003,Tomato,Delhi,60.78,2026-06-04
C044,P002,Mango,Jaipur,186.65,2026-05-09
C023,P004,Apple,Mumbai,254.2,2026-04-06
C025,P002,Mango,Jaipur,127.9,2026-05-26
C016,P003,Tomato,Ahmedabad,31.19,2026-03-17
C017,P002,Mango,Delhi,176.28,2026-04-01
C027,P001,Avocado,Jaipur,158.73,2026-02-25
C043,P002,Mango,Pune,200.08,2026-02-28
C029,P001,Avocado,Mumbai,343.76,2026-02-04
C014,P003,Tomato,Jaipur,63.72,2026-05-29
C033,P004,Apple,Delhi,211.0,2026-03-16
C050,P001,Avocado,Delhi,168.49,2026-06-29
C027,P002,Mango,Mumbai,233.85,2026-05-10
C024,P002,Mango,Mumbai,131.25,2026-05-09
C043,P001,Avocado,Jaipur,254.62,2026-01-10
C040,P004,Apple,Mumbai,107.09,2026-06-26
C002,P002,Mango,Ahmedabad,132.24,2026-01-03
C043,P004,Apple,Pune,231.36,2026-01-18
C012,P004,Apple,Pune,274.2,2026-04-02
C015,P001,Avocado,Delhi,342.7,2026-04-12
C049,P002,Mango,Delhi,86.02,2026-03-07
C009,P004,Apple,Delhi,235.08,2026-05-04
C008,P004,Apple,Jaipur,144.28,2026-04-15
C010,P001,Avocado,Delhi,240.09,2026-03-15
C049,P001,Avocado,Ahmedabad,216.73,2026-06-04
C032,P001,Avocado,Ahmedabad,248.1,2026-03-29
C026,P004,Apple,Pune,230.35,2026-04-29
C013,P002,Mango,Mumbai,153.99,2026-06-07
C022,P002,Mango,Jaipur,227.72,2026-04-13
C033,P004,Apple,Mumbai,176.69,2026-06-18
C023,P002,Mango,Ahmedabad,125.59,2026-05-30
C028,P004,Apple,Mumbai,165.78,2026-04-26
C049,P002,Mango,Delhi,98.76,2026-01-13
C038,P002,Mango,Jaipur,161.78,2026-06-04
C021,P004,Apple,Delhi,197.21,2026-02-05
C031,P002,Mango,Jaipur,170.23,2026-03-28
C048,P002,Mango,Delhi,222.33,2026-02-20
C033,P004,Apple,Delhi,194.73,2026-05-09
C025,P003,Tomato,Ahmedabad,110.04,2026-04-05
C028,P001,Avocado,Mumbai,282.44,2026-02-07
C049,P003,Tomato,Jaipur,98.65,2026-03-11
C030,P004,Apple,Mumbai,231.3,2026-04-05
C009,P002,Mango,Jaipur,242.16,2026-04-19
C001,P002,Mango,Ahmedabad,206.63,2026-02-24
C041,P003,Tomato,Ahmedabad,96.06,2026-04-14
C029,P002,Mango,Delhi,145.46,2026-04-03
C006,P003,Tomato,Ahmedabad,58.62,2026-05-11
C037,P002,Mango,Ahmedabad,186.11,2026-03-29
C021,P001,Avocado,Mumbai,313.22,2026-04-06
C011,P002,Mango,Delhi,80.98,2026-01-03
C017,P003,Tomato,Delhi,68.8,2026-03-11
C008,P003,Tomato,Jaipur,44.41,2026-01-25
C003,P003,Tomato,Pune,32.36,2026-01-31
C010,P004,Apple,Ahmedabad,224.45,2026-01-17
C042,P004,Apple,Pune,248.31,2026-02-05
C015,P003,Tomato,Mumbai,72.21,2026-04-05
C014,P003,Tomato,Delhi,38.15,2026-04-11
C027,P001,Avocado,Jaipur,264.34,2026-02-06
C016,P004,Apple,Pune,180.89,2026-04-25
C045,P004,Apple,Mumbai,205.68,2026-05-07
C026,P004,Apple,Pune,109.07,2026-02-23
C014,P004,Apple,Delhi,127.52,2026-01-22
C022,P004,Apple,Ahmedabad,287.78,2026-03-21
C021,P003,Tomato,Jaipur,67.46,2026-05-16
C018,P003,Tomato,Delhi,93.16,2026-01-15
C029,P004,Apple,Ahmedabad,260.09,2026-03-20
C018,P002,Mango,Delhi,133.5,2026-05-14
C014,P001,Avocado,Jaipur,328.04,2026-01-05
C028,P002,Mango,Delhi,92.23,2026-06-17
C011,P003,Tomato,Mumbai,57.12,2026-03-15
C006,P003,Tomato,Ahmedabad,42.05,2026-01-14
C003,P002,Mango,Ahmedabad,151.22,2026-01-31
C044,P002,Mango,Delhi,128.87,2026-02-11
C001,P001,Avocado,Jaipur,326.96,2026-05-24
C035,P001,Avocado,Ahmedabad,194.33,2026-01-16
C015,P002,Mango,Pune,241.09,2026-02-04
C030,P004,Apple,Delhi,145.78,2026-01-13
C015,P004,Apple,Delhi,184.88,2026-06-08
C006,P001,Avocado,Mumbai,267.37,2026-01-13
C036,P002,Mango,Ahmedabad,204.35,2026-01-08
C013,P004,Apple,Pune,272.19,2026-04-28
C038,P002,Mango,Mumbai,102.93,2026-03-04
C002,P002,Mango,Delhi,234.15,2026-05-29
C006,P002,Mango,Delhi,234.44,2026-01-14
C026,P002,Mango,Delhi,144.71,2026-02-10
C027,P001,Avocado,Pune,293.66,2026-01-18
C026,P002,Mango,Pune,175.85,2026-05-11
C034,P003,Tomato,Pune,46.03,2026-02-09
C016,P002,Mango,Jaipur,179.57,2026-04-19
C037,P003,Tomato,Pune,100.14,2026-03-05
C010,P002,Mango,Jaipur,83.95,2026-02-28
C045,P001,Avocado,Ahmedabad,229.63,2026-05-11
C015,P004,Apple,Pune,188.05,2026-01-18
C048,P003,Tomato,Delhi,60.92,2026-06-02
C028,P001,Avocado,Jaipur,291.51,2026-05-13
C039,P001,Avocado,Ahmedabad,169.56,2026-02-22
C036,P001,Avocado,Jaipur,168.18,2026-05-03
C018,P002,Mango,Jaipur,142.06,2026-04-27
C038,P003,Tomato,Jaipur,61.18,2026-04-12
C016,P004,Apple,Ahmedabad,222.98,2026-06-03
C040,P004,Apple,Ahmedabad,182.72,2026-02-23
C046,P002,Mango,Pune,201.68,2026-02-24
C035,P003,Tomato,Jaipur,115.97,2026-01-28
C002,P002,Mango,Delhi,139.72,2026-03-28
C005,P004,Apple,Jaipur,189.19,2026-03-05
C016,P004,Apple,Ahmedabad,183.68,2026-03-05
C011,P003,Tomato,Ahmedabad,44.92,2026-06-19
C029,P002,Mango,Delhi,110.03,2026-01-23
C038,P003,Tomato,Mumbai,72.33,2026-01-23
C036,P003,Tomato,Mumbai,86.35,2026-04-26
C024,P002,Mango,Jaipur,223.6,2026-02-11
C034,P004,Apple,Delhi,106.67,2026-02-16
C019,P003,Tomato,Pune,42.07,2026-03-23
C023,P002,Mango,Pune,97.81,2026-04-24
C035,P003,Tomato,Mumbai,48.96,2026-05-28
C001,P004,Apple,Mumbai,263.59,2026-05-27
C017,P002,Mango,Mumbai,91.92,2026-02-23
C037,P003,Tomato,Jaipur,98.42,2026-01-27
C032,P002,Mango,Mumbai,225.23,2026-06-18
C024,P003,Tomato,Pune,75.29,2026-01-10
C033,P003,Tomato,Jaipur,88.17,2026-05-07
C050,P004,Apple,Pune,129.92,2026-01-27
C039,P004,Apple,Pune,240.56,2026-05-27
C011,P001,Avocado,Pune,300.86,2026-04-28
C040,P004,Apple,Pune,105.71,2026-04-28
C023,P003,Tomato,Mumbai,40.93,2026-03-21
C018,P001,Avocado,Ahmedabad,157.84,2026-02-25
C036,P002,Mango,Delhi,151.82,2026-05-27
C025,P002,Mango,Pune,143.74,2026-02-15
C035,P003,Tomato,Mumbai,111.23,2026-05-25
C022,P003,Tomato,Mumbai,100.24,2026-02-28
C028,P003,Tomato,Mumbai,47.11,2026-05-30
C034,P002,Mango,Delhi,183.77,2026-04-18
C026,P004,Apple,Mumbai,244.18,2026-06-30
C015,P003,Tomato,Mumbai,86.34,2026-04-05
C012,P002,Mango,Mumbai,127.9,2026-02-16
C041,P004,Apple,Delhi,271.13,2026-04-05
C007,P003,Tomato,Delhi,31.88,2026-06-24
C008,P002,Mango,Ahmedabad,193.06,2026-06-24
C012,P002,Mango,Ahmedabad,100.48,2026-02-13
C033,P002,Mango,Mumbai,188.86,2026-06-01
C011,P001,Avocado,Mumbai,158.38,2026-05-28
C050,P002,Mango,Jaipur,116.26,2026-03-11
C006,P004,Apple,Ahmedabad,130.67,2026-05-21
C031,P002,Mango,Mumbai,208.27,2026-06-02
C008,P004,Apple,Ahmedabad,276.32,2026-01-10
C028,P002,Mango,Delhi,100.35,2026-06-21
C020,P002,Mango,Jaipur,198.83,2026-05-23
C050,P004,Apple,Mumbai,257.69,2026-04-11
C040,P004,Apple,Jaipur,111.73,2026-01-21
C037,P004,Apple,Ahmedabad,256.18,2026-06-30
C039,P001,Avocado,Mumbai,331.4,2026-04-09
C015,P004,Apple,Ahmedabad,224.55,2026-04-19
C013,P001,Avocado,Ahmedabad,161.08,2026-02-16
C049,P001,Avocado,Jaipur,212.29,2026-06-09
C047,P003,Tomato,Mumbai,39.88,2026-05-17
C037,P002,Mango,Mumbai,173.05,2026-03-15
C025,P001,Avocado,Mumbai,279.98,2026-03-03
C038,P001,Avocado,Delhi,343.3,2026-06-07
C021,P002,Mango,Jaipur,244.38,2026-05-31
C012,P002,Mango,Mumbai,136.12,2026-04-26
C012,P001,Avocado,Ahmedabad,272.42,2026-05-21
C009,P004,Apple,Delhi,176.72,2026-04-01
C025,P002,Mango,Pune,202.83,2026-02-10
C013,P003,Tomato,Pune,30.67,2026-06-16
C049,P004,Apple,Delhi,149.21,2026-06-27
C048,P003,Tomato,Delhi,37.31,2026-02-03
C034,P004,Apple,Pune,262.67,2026-04-08
C050,P001,Avocado,Pune,290.24,2026-04-27
C033,P001,Avocado,Jaipur,220.11,2026-04-19
C012,P003,Tomato,Jaipur,101.59,2026-05-06
C035,P001,Avocado,Pune,161.28,2026-06-02
C049,P003,Tomato,Delhi,100.74,2026-03-13
C011,P004,Apple,Jaipur,251.61,2026-01-19
C039,P002,Mango,Delhi,187.93,2026-02-17
C011,P001,Avocado,Pune,262.13,2026-05-31
C023,P004,Apple,Ahmedabad,227.4,2026-03-13
C004,P004,Apple,Ahmedabad,280.52,2026-04-18
C040,P003,Tomato,Jaipur,62.14,2026-03-13
C010,P002,Mango,Ahmedabad,153.78,2026-06-25
C017,P002,Mango,Delhi,163.4,2026-04-07
C012,P004,Apple,Delhi,225.99,2026-02-18
C017,P003,Tomato,Mumbai,80.67,2026-06-10
C036,P004,Apple,Delhi,211.75,2026-03-25
C029,P001,Avocado,Ahmedabad,241.79,2026-06-17
C029,P002,Mango,Mumbai,243.03,2026-02-18
C023,P003,Tomato,Pune,92.65,2026-04-09
C030,P002,Mango,Delhi,177.37,2026-05-06
C048,P001,Avocado,Mumbai,195.62,2026-06-26
C006,P002,Mango,Jaipur,205.31,2026-03-18
C007,P001,Avocado,Delhi,295.82,2026-06-17
C037,P001,Avocado,Pune,274.72,2026-04-06
C042,P002,Mango,Pune,207.18,2026-01-22
C044,P002,Mango,Jaipur,177.74,2026-02-19
C012,P001,Avocado,Jaipur,337.01,2026-01-13
C012,P001,Avocado,Mumbai,309.28,2026-05-12
C045,P001,Avocado,Mumbai,191.97,2026-01-05
C038,P004,Apple,Ahmedabad,245.35,2026-02-08
C044,P002,Mango,Ahmedabad,212.58,2026-02-15
C014,P004,Apple,Mumbai,222.19,2026-01-07
C034,P003,Tomato,Mumbai,99.4,2026-04-16
C026,P002,Mango,Ahmedabad,240.73,2026-02-26
C049,P004,Apple,Pune,236.5,2026-01-20
C045,P002,Mango,Delhi,114.94,2026-02-28
C018,P003,Tomato,Pune,93.8,2026-06-11
C009,P003,Tomato,Delhi,102.54,2026-06-14
C041,P001,Avocado,Jaipur,254.51,2026-01-27
C022,P003,Tomato,Pune,39.82,2026-02-02
C039,P003,Tomato,Ahmedabad,108.03,2026-06-08
C029,P001,Avocado,Pune,261.67,2026-02-10
C011,P003,Tomato,Mumbai,108.56,2026-05-11
C039,P001,Avocado,Pune,185.12,2026-06-17
C018,P002,Mango,Delhi,180.41,2026-03-13
C004,P002,Mango,Pune,170.59,2026-01-19
C036,P002,Mango,Ahmedabad,165.28,2026-02-18
C014,P003,Tomato,Ahmedabad,61.45,2026-02-08
C010,P002,Mango,Mumbai,116.04,2026-02-19
C039,P003,Tomato,Mumbai,66.45,2026-04-18
C007,P002,Mango,Jaipur,219.32,2026-02-07
C024,P003,Tomato,Jaipur,91.3,2026-05-27
C044,P004,Apple,Jaipur,142.71,2026-05-04
C043,P001,Avocado,Delhi,255.87,2026-05-31
C015,P004,Apple,Mumbai,249.36,2026-01-28
C024,P001,Avocado,Pune,157.98,2026-03-17
C021,P003,Tomato,Ahmedabad,114.64,2026-05-29
C034,P004,Apple,Delhi,229.89,2026-03-10
C017,P001,Avocado,Ahmedabad,320.69,2026-04-11
C006,P001,Avocado,Ahmedabad,200.53,2026-01-22
C009,P003,Tomato,Ahmedabad,59.57,2026-01-01
C025,P002,Mango,Pune,122.54,2026-03-01
C018,P001,Avocado,Jaipur,315.84,2026-06-19
C044,P001,Avocado,Ahmedabad,300.52,2026-04-27
C046,P002,Mango,Jaipur,160.35,2026-06-23
C023,P003,Tomato,Pune,89.86,2026-01-23
C019,P002,Mango,Jaipur,101.73,2026-04-11
C042,P004,Apple,Jaipur,158.59,2026-06-22
C045,P001,Avocado,Jaipur,188.45,2026-05-18
C036,P003,Tomato,Ahmedabad,50.74,2026-05-15
C037,P003,Tomato,Mumbai,50.94,2026-01-31
C006,P002,Mango,Jaipur,212.34,2026-02-14
C035,P004,Apple,Pune,132.3,2026-05-25
C034,P003,Tomato,Mumbai,68.14,2026-03-25
C002,P004,Apple,Delhi,259.73,2026-02-05
C034,P001,Avocado,Ahmedabad,217.78,2026-05-02
C035,P003,Tomato,Pune,86.92,2026-06-12
C018,P004,Apple,Jaipur,293.55,2026-03-24
C008,P002,Mango,Ahmedabad,131.74,2026-03-31
C050,P003,Tomato,Delhi,119.73,2026-05-18
C030,P004,Apple,Pune,250.11,2026-03-01
C046,P001,Avocado,Delhi,243.74,2026-03-31
C020,P001,Avocado,Mumbai,333.45,2026-03-09
C020,P004,Apple,Mumbai,279.15,2026-06-26
C017,P004,Apple,Pune,295.52,2026-03-02
C042,P003,Tomato,Pune,57.91,2026-02-13
C043,P001,Avocado,Ahmedabad,191.8,2026-06-19
C039,P003,Tomato,Ahmedabad,90.33,2026-01-02
C005,P001,Avocado,Delhi,164.0,2026-03-12
C022,P001,Avocado,Delhi,343.21,2026-06-19
C039,P002,Mango,Delhi,177.05,2026-02-20
C035,P001,Avocado,Jaipur,199.06,2026-04-13
C007,P002,Mango,Mumbai,165.08,2026-05-28
C024,P003,Tomato,Mumbai,44.21,2026-04-10
C024,P003,Tomato,Mumbai,119.53,2026-02-17
C037,P003,Tomato,Delhi,73.91,2026-05-13
C044,P001,Avocado,Pune,330.26,2026-03-06
C009,P001,Avocado,Jaipur,264.91,2026-05-17
C012,P001,Avocado,Jaipur,273.73,2026-02-20
C023,P001,Avocado,Pune,171.73,2026-06-20
C003,P001,Avocado,Jaipur,186.72,2026-05-18
C015,P003,Tomato,Jaipur,92.51,2026-01-13
C027,P004,Apple,Mumbai,206.56,2026-04-27
C042,P004,Apple,Mumbai,113.93,2026-01-15
C043,P003,Tomato,Jaipur,66.94,2026-06-19
C038,P004,Apple,Mumbai,181.18,2026-04-30
C029,P003,Tomato,Mumbai,79.82,2026-02-08
C038,P001,Avocado,Mumbai,311.59,2026-06-21
C010,P002,Mango,Pune,133.0,2026-03-12
C029,P003,Tomato,Ahmedabad,53.1,2026-04-04
C008,P002,Mango,Jaipur,164.92,2026-05-31
C001,P001,Avocado,Pune,327.76,2026-03-04
C043,P002,Mango,Mumbai,154.09,2026-02-28
C021,P004,Apple,Delhi,103.63,2026-03-16
C030,P003,Tomato,Delhi,88.37,2026-05-09
C017,P002,Mango,Jaipur,189.03,2026-05-10
C006,P002,Mango,Pune,153.29,2026-06-23
C037,P004,Apple,Ahmedabad,205.37,2026-04-05
C045,P004,Apple,Ahmedabad,297.46,2026-04-09
C038,P001,Avocado,Delhi,189.75,2026-01-29
C023,P004,Apple,Delhi,188.12,2026-05-05
C050,P003,Tomato,Jaipur,100.87,2026-02-21
C020,P004,Apple,Mumbai,222.38,2026-04-27
C043,P004,Apple,Delhi,296.1,2026-03-06
C041,P001,Avocado,Pune,208.76,2026-04-30
C044,P002,Mango,Jaipur,124.31,2026-02-08
C035,P001,Avocado,Delhi,321.86,2026-01-05
C039,P002,Mango,Ahmedabad,245.37,2026-03-01
C044,P001,Avocado,Pune,164.5,2026-01-05
C004,P001,Avocado,Pune,157.9,2026-06-20
C007,P002,Mango,Ahmedabad,133.72,2026-04-28
C041,P002,Mango,Mumbai,210.17,2026-04-20
C025,P002,Mango,Jaipur,160.49,2026-05-28
C003,P001,Avocado,Ahmedabad,255.65,2026-01-19
C050,P001,Avocado,Delhi,298.48,2026-03-02
C027,P001,Avocado,Jaipur,297.54,2026-02-16
C023,P001,Avocado,Delhi,307.03,2026-02-04
C041,P004,Apple,Mumbai,130.52,2026-06-19
C041,P004,Apple,Jaipur,176.84,2026-02-14
C044,P002,Mango,Ahmedabad,87.95,2026-01-06
C035,P001,Avocado,Ahmedabad,157.41,2026-01-18
C025,P002,Mango,Delhi,211.92,2026-06-13
C012,P002,Mango,Mumbai,214.54,2026-06-22
C023,P002,Mango,Ahmedabad,217.04,2026-01-24
C002,P001,Avocado,Ahmedabad,261.69,2026-05-28
C035,P003,Tomato,Jaipur,58.45,2026-04-24
C048,P003,Tomato,Pune,36.37,2026-05-14
C005,P004,Apple,Mumbai,290.37,2026-02-01
C010,P003,Tomato,Pune,89.89,2026-01-28
C028,P003,Tomato,Mumbai,63.89,2026-06-20
C014,P004,Apple,Delhi,101.39,2026-03-11
C030,P001,Avocado,Jaipur,174.9,2026-06-18
C002,P003,Tomato,Mumbai,87.12,2026-03-27
C015,P002,Mango,Pune,128.69,2026-06-27
C021,P004,Apple,Pune,228.28,2026-03-31
C048,P004,Apple,Delhi,183.31,2026-01-20
C025,P001,Avocado,Ahmedabad,262.65,2026-02-12
C043,P001,Avocado,Mumbai,172.62,2026-04-02
C021,P002,Mango,Pune,204.67,2026-04-09
C017,P003,Tomato,Ahmedabad,108.94,2026-02-21
C047,P002,Mango,Ahmedabad,84.33,2026-05-18
C030,P002,Mango,Ahmedabad,183.33,2026-05-06
C032,P004,Apple,Ahmedabad,266.92,2026-01-17
C030,P001,Avocado,Jaipur,317.44,2026-02-24
C043,P002,Mango,Ahmedabad,152.93,2026-06-07
C021,P001,Avocado,Delhi,276.45,2026-04-16
C025,P002,Mango,Pune,159.05,2026-04-28
C007,P002,Mango,Delhi,160.49,2026-06-16
C019,P001,Avocado,Mumbai,320.12,2026-04-14
C029,P002,Mango,Delhi,155.38,2026-02-25
C025,P002,Mango,Mumbai,88.62,2026-06-11
C023,P001,Avocado,Jaipur,268.1,2026-02-24
C014,P004,Apple,Ahmedabad,178.1,2026-01-01
C023,P001,Avocado,Pune,186.78,2026-04-04
C043,P003,Tomato,Ahmedabad,76.0,2026-01-27
C019,P004,Apple,Mumbai,156.02,2026-06-22
C027,P003,Tomato,Jaipur,80.31,2026-01-18
C041,P002,Mango,Jaipur,122.1,2026-03-21
C042,P004,Apple,Mumbai,250.66,2026-05-24
C014,P002,Mango,Pune,82.03,2026-01-25
C036,P002,Mango,Jaipur,222.98,2026-04-15
C042,P001,Avocado,Mumbai,284.65,2026-06-28
C017,P003,Tomato,Mumbai,87.07,2026-03-24
C044,P004,Apple,Delhi,144.85,2026-02-20
C040,P004,Apple,Ahmedabad,277.93,2026-03-29
C003,P004,Apple,Jaipur,228.26,2026-03-06
C046,P003,Tomato,Ahmedabad,73.13,2026-06-10
C021,P001,Avocado,Ahmedabad,311.37,2026-01-21
C046,P004,Apple,Delhi,141.38,2026-06-21
C023,P001,Avocado,Delhi,154.08,2026-02-23
C043,P004,Apple,Delhi,114.04,2026-02-07
C043,P004,Apple,Mumbai,298.35,2026-04-07
C041,P004,Apple,Pune,276.36,2026-06-02
C047,P004,Apple,Delhi,219.52,2026-03-29
C004,P002,Mango,Pune,207.74,2026-05-21
C008,P002,Mango,Jaipur,207.59,2026-05-25
C029,P001,Avocado,Delhi,271.22,2026-05-19
C009,P004,Apple,Ahmedabad,165.71,2026-03-23
C037,P003,Tomato,Mumbai,52.56,2026-04-04
C024,P001,Avocado,Delhi,242.52,2026-04-24
C038,P002,Mango,Jaipur,196.57,2026-05-31
C013,P003,Tomato,Jaipur,64.53,2026-04-14
C010,P003,Tomato,Jaipur,60.84,2026-03-26
C001,P001,Avocado,Ahmedabad,260.91,2026-04-01
C045,P004,Apple,Jaipur,290.58,2026-03-11
C044,P003,Tomato,Delhi,84.24,2026-04-02
C021,P001,Avocado,Delhi,342.46,2026-03-10
C033,P001,Avocado,Pune,194.64,2026-03-07
C034,P003,Tomato,Pune,59.22,2026-06-15
C001,P003,Tomato,Mumbai,97.61,2026-01-27
C009,P001,Avocado,Pune,275.46,2026-03-19
C021,P001,Avocado,Delhi,260.32,2026-05-29
C034,P003,Tomato,Ahmedabad,64.75,2026-05-27
C016,P001,Avocado,Ahmedabad,307.4,2026-04-01
C048,P002,Mango,Jaipur,81.36,2026-01-04
C015,P001,Avocado,Jaipur,238.91,2026-03-02
C004,P001,Avocado,Delhi,250.65,2026-02-28
C045,P003,Tomato,Mumbai,68.42,2026-01-07
C008,P001,Avocado,Jaipur,275.61,2026-02-09
C005,P004,Apple,Ahmedabad,193.47,2026-04-24
C043,P003,Tomato,Mumbai,107.49,2026-02-06
C024,P002,Mango,Mumbai,131.46,2026-02-14
C045,P002,Mango,Pune,87.82,2026-05-19
C040,P001,Avocado,Delhi,259.39,2026-03-06
C013,P001,Avocado,Ahmedabad,234.42,2026-06-16
C030,P003,Tomato,Jaipur,45.59,2026-02-15
C041,P001,Avocado,Delhi,241.7,2026-02-19
C037,P001,Avocado,Jaipur,173.1,2026-05-29
C026,P001,Avocado,Ahmedabad,288.57,2026-06-29
C050,P004,Apple,Jaipur,230.84,2026-03-22
C027,P004,Apple,Ahmedabad,102.92,2026-03-23
C031,P003,Tomato,Delhi,75.78,2026-05-13
C030,P001,Avocado,Pune,169.36,2026-03-18
C047,P003,Tomato,Pune,68.5,2026-06-09
C012,P001,Avocado,Mumbai,169.74,2026-02-20
C038,P004,Apple,Pune,186.66,2026-04-18
C041,P004,Apple,Mumbai,122.77,2026-05-20
C024,P002,Mango,Mumbai,182.17,2026-03-11
C046,P004,Apple,Pune,200.44,2026-01-05
C043,P002,Mango,Jaipur,247.92,2026-01-02
C035,P004,Apple,Ahmedabad,228.86,2026-04-24
C035,P003,Tomato,Jaipur,119.3,2026-05-26
C048,P004,Apple,Mumbai,154.63,2026-03-20
C011,P004,Apple,Ahmedabad,276.88,2026-06-27
C041,P002,Mango,Mumbai,171.33,2026-03-11
C021,P003,Tomato,Mumbai,78.82,2026-05-24
C026,P003,Tomato,Delhi,42.05,2026-03-16
C019,P003,Tomato,Pune,100.91,2026-01-06
C029,P004,Apple,Mumbai,291.83,2026-06-05
C041,P003,Tomato,Jaipur,108.55,2026-05-04
C043,P004,Apple,Mumbai,158.59,2026-02-11
C023,P001,Avocado,Delhi,240.91,2026-05-13
C028,P004,Apple,Ahmedabad,291.58,2026-05-15
C014,P001,Avocado,Jaipur,247.64,2026-01-18
C004,P003,Tomato,Jaipur,74.34,2026-06-05
C013,P004,Apple,Jaipur,259.91,2026-02-18
C023,P002,Mango,Delhi,159.35,2026-02-24
C012,P004,Apple,Jaipur,199.93,2026-04-16
C033,P003,Tomato,Pune,85.78,2026-02-05
C044,P001,Avocado,Mumbai,170.24,2026-03-09
C005,P002,Mango,Jaipur,180.39,2026-06-30
C009,P001,Avocado,Jaipur,280.57,2026-01-19
C014,P003,Tomato,Mumbai,31.04,2026-02-03
C031,P002,Mango,Ahmedabad,205.7,2026-01-21
C041,P001,Avocado,Jaipur,224.76,2026-01-01
C018,P003,Tomato,Mumbai,41.03,2026-05-24
C041,P002,Mango,Ahmedabad,216.23,2026-05-23
C034,P001,Avocado,Ahmedabad,165.38,2026-03-24
C037,P002,Mango,Mumbai,147.51,2026-05-06
C006,P003,Tomato,Jaipur,40.9,2026-05-12
C003,P004,Apple,Pune,206.03,2026-03-12
C030,P002,Mango,Mumbai,247.14,2026-02-19
C025,P004,Apple,Ahmedabad,190.51,2026-01-09
C021,P003,Tomato,Pune,67.76,2026-04-11
C034,P004,Apple,Delhi,255.9,2026-05-05
C016,P004,Apple,Ahmedabad,241.24,2026-06-20
C013,P001,Avocado,Ahmedabad,257.2,2026-06-09
C038,P001,Avocado,Jaipur,243.52,2026-02-15
C045,P003,Tomato,Jaipur,101.39,2026-02-09
C009,P001,Avocado,Jaipur,315.65,2026-01-18
C002,P001,Avocado,Jaipur,344.9,2026-03-18
C011,P004,Apple,Delhi,219.46,2026-03-25
C014,P003,Tomato,Mumbai,75.82,2026-05-16
C013,P002,Mango,Mumbai,219.52,2026-01-01
C036,P004,Apple,Mumbai,188.26,2026-04-05
C033,P002,Mango,Pune,170.19,2026-06-06
C044,P002,Mango,Ahmedabad,180.77,2026-04-07
C027,P004,Apple,Mumbai,203.5,2026-01-03
C004,P002,Mango,Jaipur,207.95,2026-01-31
C026,P001,Avocado,Mumbai,249.99,2026-03-11
C025,P001,Avocado,Ahmedabad,288.47,2026-06-29
C025,P001,Avocado,Delhi,256.14,2026-05-07
C019,P002,Mango,Pune,172.32,2026-05-31
C046,P003,Tomato,Jaipur,97.02,2026-01-01
C015,P002,Mango,Mumbai,151.31,2026-01-11
C030,P004,Apple,Pune,104.75,2026-02-24
C037,P002,Mango,Jaipur,173.12,2026-02-14
C050,P001,Avocado,Ahmedabad,160.04,2026-04-27
C024,P004,Apple,Mumbai,193.19,2026-06-03
C032,P001,Avocado,Jaipur,337.43,2026-01-19
C030,P001,Avocado,Delhi,258.18,2026-06-30
C023,P002,Mango,Pune,160.61,2026-05-04
C034,P004,Apple,Ahmedabad,165.77,2026-04-15
C048,P004,Apple,Mumbai,150.12,2026-01-28
C019,P002,Mango,Pune,101.84,2026-03-06
C001,P001,Avocado,Mumbai,196.16,2026-02-15
C012,P004,Apple,Pune,228.1,2026-04-07
C018,P002,Mango,Ahmedabad,150.26,2026-04-04
C001,P004,Apple,Pune,190.04,2026-05-11
C044,P001,Avocado,Ahmedabad,349.98,2026-05-06
C003,P004,Apple,Ahmedabad,272.8,2026-03-09
C011,P002,Mango,Pune,197.85,2026-02-12
C032,P004,Apple,Jaipur,176.87,2026-04-17
C029,P001,Avocado,Mumbai,208.9,2026-02-03
C026,P001,Avocado,Mumbai,276.7,2026-04-07
C003,P003,Tomato,Ahmedabad,94.91,2026-06-10
C023,P004,Apple,Pune,178.37,2026-04-04
C026,P003,Tomato,Ahmedabad,39.55,2026-06-07
C036,P004,Apple,Mumbai,257.96,2026-04-01
C002,P003,Tomato,Pune,59.77,2026-05-03
C018,P004,Apple,Mumbai,225.88,2026-04-13
C022,P003,Tomato,Ahmedabad,113.43,2026-04-24
C020,P004,Apple,Pune,168.18,2026-06-11
C038,P004,Apple,Mumbai,214.42,2026-03-09
C026,P004,Apple,Jaipur,148.44,2026-03-09
C022,P003,Tomato,Jaipur,67.57,2026-03-26
C017,P004,Apple,Ahmedabad,244.65,2026-02-26
C025,P001,Avocado,Pune,194.04,2026-03-27
C004,P003,Tomato,Mumbai,105.14,2026-01-06
C027,P003,Tomato,Mumbai,71.08,2026-05-27
C008,P003,Tomato,Delhi,49.63,2026-02-27
C019,P002,Mango,Pune,184.48,2026-05-19
C019,P003,Tomato,Delhi,31.67,2026-02-21
C007,P002,Mango,Pune,82.49,2026-03-16
C045,P003,Tomato,Mumbai,34.68,2026-04-04
C035,P002,Mango,Delhi,138.45,2026-06-20
C037,P002,Mango,Mumbai,206.63,2026-01-10
C011,P003,Tomato,Pune,80.11,2026-01-09
C010,P004,Apple,Mumbai,193.12,2026-02-19
C050,P004,Apple,Pune,282.43,2026-06-23
C016,P003,Tomato,Mumbai,111.78,2026-04-22
C044,P003,Tomato,Delhi,33.78,2026-06-21
C050,P003,Tomato,Mumbai,111.41,2026-04-09
C004,P002,Mango,Mumbai,140.6,2026-05-14
C030,P003,Tomato,Jaipur,112.89,2026-04-14
C002,P002,Mango,Mumbai,228.35,2026-04-29
C002,P004,Apple,Pune,232.59,2026-01-21
C035,P001,Avocado,Ahmedabad,331.92,2026-01-03
C011,P004,Apple,Jaipur,262.38,2026-04-13
C047,P003,Tomato,Delhi,65.36,2026-01-11
C017,P004,Apple,Jaipur,272.73,2026-01-27
C017,P003,Tomato,Delhi,62.99,2026-03-30
C011,P002,Mango,Jaipur,214.47,2026-01-04
C041,P002,Mango,Jaipur,223.73,2026-03-23
C012,P001,Avocado,Pune,206.47,2026-03-29
C043,P001,Avocado,Ahmedabad,245.7,2026-06-29
C027,P004,Apple,Ahmedabad,137.19,2026-01-11
C020,P001,Avocado,Delhi,270.21,2026-06-22
C018,P004,Apple,Jaipur,206.09,2026-03-04
C042,P002,Mango,Delhi,81.7,2026-05-19
C018,P003,Tomato,Pune,43.51,2026-01-22
C050,P001,Avocado,Jaipur,268.87,2026-05-29
C039,P001,Avocado,Mumbai,343.5,2026-05-24
C008,P003,Tomato,Ahmedabad,80.48,2026-01-10
C043,P003,Tomato,Mumbai,94.71,2026-03-12
C044,P001,Avocado,Pune,254.6,2026-04-27
C031,P004,Apple,Mumbai,294.34,2026-01-22
C038,P003,Tomato,Mumbai,72.5,2026-01-31
C037,P003,Tomato,Pune,44.41,2026-02-07
C001,P001,Avocado,Jaipur,296.06,2026-06-11
C003,P002,Mango,Ahmedabad,87.8,2026-01-30
C041,P004,Apple,Ahmedabad,191.68,2026-03-28
C001,P002,Mango,Jaipur,212.48,2026-06-15
C006,P004,Apple,Jaipur,190.68,2026-06-15
C050,P003,Tomato,Pune,103.57,2026-05-17
C017,P002,Mango,Mumbai,133.14,2026-05-26
C044,P003,Tomato,Pune,59.2,2026-05-05
C036,P003,Tomato,Pune,63.1,2026-06-27
C048,P003,Tomato,Mumbai,35.75,2026-04-02
C048,P004,Apple,Pune,258.29,2026-01-22
C017,P004,Apple,Ahmedabad,276.32,2026-02-04
C047,P002,Mango,Ahmedabad,204.79,2026-03-29
C050,P003,Tomato,Delhi,46.87,2026-01-29
C002,P003,Tomato,Pune,48.77,2026-03-05
C024,P004,Apple,Pune,251.28,2026-02-04
C026,P001,Avocado,Ahmedabad,286.81,2026-03-02
C039,P002,Mango,Mumbai,234.72,2026-05-09
C023,P003,Tomato,Pune,83.47,2026-06-11
C035,P002,Mango,Ahmedabad,198.71,2026-06-18
C043,P004,Apple,Jaipur,137.83,2026-04-04
C023,P001,Avocado,Delhi,156.74,2026-06-11
C014,P001,Avocado,Jaipur,151.74,2026-05-28
C047,P002,Mango,Mumbai,155.33,2026-03-11
C034,P003,Tomato,Jaipur,65.2,2026-04-13
C029,P002,Mango,Jaipur,229.71,2026-02-19
C040,P001,Avocado,Ahmedabad,186.63,2026-02-12
C016,P001,Avocado,Jaipur,258.2,2026-04-12
C012,P003,Tomato,Ahmedabad,75.69,2026-03-16
C010,P003,Tomato,Pune,112.42,2026-03-04
C046,P001,Avocado,Jaipur,307.59,2026-01-04
C026,P003,Tomato,Ahmedabad,118.65,2026-02-08
C042,P004,Apple,Mumbai,242.84,2026-04-12
C040,P002,Mango,Jaipur,118.22,2026-02-20
C005,P002,Mango,Pune,145.48,2026-04-08
C002,P004,Apple,Ahmedabad,199.25,2026-06-03
C020,P002,Mango,Ahmedabad,174.59,2026-06-25
C034,P001,Avocado,Pune,344.5,2026-05-15
C035,P003,Tomato,Mumbai,97.04,2026-01-02
C001,P002,Mango,Jaipur,150.99,2026-05-23
C005,P001,Avocado,Delhi,320.1,2026-04-05
C031,P001,Avocado,Pune,244.18,2026-03-28
C035,P003,Tomato,Jaipur,85.56,2026-05-02
C032,P002,Mango,Jaipur,94.75,2026-06-21
C006,P003,Tomato,Delhi,104.49,2026-02-22
C049,P001,Avocado,Pune,257.16,2026-01-23
C049,P004,Apple,Ahmedabad,126.41,2026-03-31
C027,P003,Tomato,Mumbai,76.54,2026-01-10
C032,P003,Tomato,Mumbai,73.64,2026-01-12
C025,P003,Tomato,Jaipur,73.36,2026-06-27
C045,P004,Apple,Ahmedabad,188.47,2026-06-11
C018,P004,Apple,Jaipur,174.36,2026-03-11
C033,P004,Apple,Delhi,220.14,2026-01-07
C039,P004,Apple,Pune,112.2,2026-02-10
C004,P002,Mango,Pune,239.07,2026-03-23
C037,P003,Tomato,Ahmedabad,45.39,2026-04-25
C040,P003,Tomato,Pune,77.85,2026-06-03
C042,P001,Avocado,Ahmedabad,244.97,2026-03-31
C015,P003,Tomato,Mumbai,41.65,2026-03-01
C001,P004,Apple,Delhi,239.63,2026-05-30
C015,P001,Avocado,Ahmedabad,297.73,2026-04-25
C042,P004,Apple,Jaipur,102.37,2026-03-28
C010,P001,Avocado,Mumbai,191.12,2026-01-29
C023,P002,Mango,Ahmedabad,99.19,2026-06-07
C040,P003,Tomato,Delhi,62.43,2026-02-26
C026,P003,Tomato,Delhi,114.3,2026-06-17
C014,P003,Tomato,Delhi,60.08,2026-05-19
C003,P003,Tomato,Delhi,77.2,2026-06-11
C042,P001,Avocado,Mumbai,339.87,2026-05-24
C017,P003,Tomato,Jaipur,50.62,2026-04-02
C028,P004,Apple,Ahmedabad,115.27,2026-03-22
C018,P001,Avocado,Delhi,304.01,2026-03-23
C003,P004,Apple,Mumbai,196.02,2026-05-27
C016,P004,Apple,Jaipur,106.66,2026-05-19
C020,P003,Tomato,Delhi,70.0,2026-05-29
C002,P001,Avocado,Pune,165.82,2026-02-26
C024,P004,Apple,Delhi,182.13,2026-06-14
C030,P001,Avocado,Delhi,304.7,2026-04-26
C044,P001,Avocado,Pune,280.24,2026-06-06
C013,P002,Mango,Ahmedabad,184.97,2026-03-13
C025,P003,Tomato,Jaipur,95.72,2026-02-03
C041,P003,Tomato,Jaipur,91.89,2026-06-18
C046,P001,Avocado,Pune,271.59,2026-03-14
C013,P004,Apple,Jaipur,132.68,2026-06-25
C035,P004,Apple,Mumbai,253.65,2026-03-31
C021,P003,Tomato,Jaipur,108.43,2026-04-25
C001,P003,Tomato,Jaipur,42.97,2026-06-20
C015,P003,Tomato,Delhi,46.83,2026-03-25
C023,P004,Apple,Pune,173.33,2026-06-15
C040,P003,Tomato,Mumbai,49.75,2026-01-08
C028,P004,Apple,Pune,109.1,2026-04-09
C005,P003,Tomato,Jaipur,40.15,2026-05-24
C014,P003,Tomato,Mumbai,80.76,2026-06-22
C014,P004,Apple,Mumbai,292.47,2026-01-01
C037,P002,Mango,Jaipur,154.56,2026-01-06
C036,P001,Avocado,Jaipur,181.04,2026-03-29
C027,P001,Avocado,Pune,187.38,2026-03-30
C030,P001,Avocado,Jaipur,333.63,2026-02-18
C041,P001,Avocado,Jaipur,291.41,2026-05-05
C041,P002,Mango,Pune,180.51,2026-02-26
C050,P001,Avocado,Delhi,272.41,2026-02-06
C015,P002,Mango,Mumbai,159.46,2026-05-20
C022,P002,Mango,Delhi,186.78,2026-04-15
C018,P002,Mango,Pune,163.53,2026-01-22
C014,P004,Apple,Jaipur,222.54,2026-06-22
C049,P002,Mango,Ahmedabad,82.65,2026-03-06
C034,P004,Apple,Ahmedabad,104.75,2026-04-18
C024,P004,Apple,Jaipur,241.04,2026-01-25
C044,P001,Avocado,Mumbai,238.62,2026-04-17
C001,P001,Avocado,Jaipur,233.69,2026-04-18
C014,P003,Tomato,Jaipur,66.63,2026-05-01
C026,P002,Mango,Pune,113.98,2026-03-22
C015,P001,Avocado,Mumbai,307.77,2026-04-01
C012,P002,Mango,Mumbai,118.53,2026-06-24
C018,P004,Apple,Ahmedabad,109.06,2026-01-04
C046,P001,Avocado,Ahmedabad,255.54,2026-02-06
C032,P003,Tomato,Jaipur,102.32,2026-04-11
C042,P004,Apple,Ahmedabad,247.1,2026-01-17
C017,P004,Apple,Ahmedabad,271.83,2026-06-24
C017,P001,Avocado,Delhi,251.9,2026-01-08
C019,P003,Tomato,Jaipur,108.78,2026-04-15
C025,P003,Tomato,Ahmedabad,83.87,2026-01-23
C041,P001,Avocado,Jaipur,340.37,2026-03-22
C029,P004,Apple,Delhi,250.88,2026-04-28
C043,P004,Apple,Ahmedabad,240.07,2026-01-14
C040,P003,Tomato,Mumbai,35.7,2026-04-03
C042,P003,Tomato,Pune,60.52,2026-02-02
C014,P001,Avocado,Mumbai,169.45,2026-06-12
C039,P004,Apple,Ahmedabad,279.87,2026-05-28
C003,P003,Tomato,Delhi,114.51,2026-05-25
C022,P001,Avocado,Pune,301.79,2026-02-08
C008,P001,Avocado,Jaipur,280.28,2026-06-17
C041,P003,Tomato,Delhi,105.57,2026-06-17
C037,P003,Tomato,Jaipur,55.86,2026-03-16
C017,P003,Tomato,Delhi,99.03,2026-02-04
C012,P003,Tomato,Delhi,81.65,2026-03-04
C015,P003,Tomato,Ahmedabad,66.93,2026-03-16
C008,P002,Mango,Ahmedabad,105.68,2026-05-13
C024,P002,Mango,Jaipur,228.79,2026-02-02
C040,P001,Avocado,Ahmedabad,195.71,2026-06-21
C019,P003,Tomato,Pune,69.4,2026-02-13
C033,P002,Mango,Jaipur,236.72,2026-05-12
C001,P002,Mango,Mumbai,174.88,2026-01-08
C011,P003,Tomato,Jaipur,115.61,2026-03-13
C035,P001,Avocado,Jaipur,198.81,2026-06-01
C022,P001,Avocado,Ahmedabad,187.78,2026-01-03
C041,P003,Tomato,Delhi,91.05,2026-03-15
C005,P001,Avocado,Jaipur,284.31,2026-05-25
C016,P004,Apple,Jaipur,207.69,2026-03-02
C029,P001,Avocado,Mumbai,198.55,2026-01-05
C008,P004,Apple,Mumbai,223.04,2026-05-31
C008,P001,Avocado,Pune,216.46,2026-03-05
C013,P002,Mango,Pune,153.51,2026-03-07
C042,P004,Apple,Delhi,294.16,2026-03-26
C037,P004,Apple,Jaipur,129.08,2026-05-02
C024,P004,Apple,Jaipur,296.38,2026-05-24
C003,P003,Tomato,Ahmedabad,73.65,2026-04-11
C019,P002,Mango,Pune,239.93,2026-01-03
C012,P003,Tomato,Delhi,107.75,2026-05-08
C002,P003,Tomato,Jaipur,107.47,2026-03-30
C031,P004,Apple,Mumbai,257.32,2026-05-18
C011,P001,Avocado,Pune,330.49,2026-01-26
C024,P001,Avocado,Ahmedabad,246.18,2026-03-26
C015,P004,Apple,Ahmedabad,244.44,2026-06-23
C010,P004,Apple,Jaipur,131.26,2026-01-20
C010,P002,Mango,Pune,153.5,2026-05-10
C014,P001,Avocado,Delhi,335.9,2026-06-30
C018,P004,Apple,Ahmedabad,139.28,2026-05-12
C001,P004,Apple,Jaipur,211.89,2026-02-03
C013,P002,Mango,Pune,183.32,2026-01-11
C026,P001,Avocado,Ahmedabad,217.46,2026-04-23
C019,P003,Tomato,Ahmedabad,80.13,2026-02-08
C006,P002,Mango,Ahmedabad,166.49,2026-02-21
C009,P002,Mango,Jaipur,189.79,2026-02-23
C040,P003,Tomato,Mumbai,90.58,2026-02-28
C002,P002,Mango,Jaipur,222.01,2026-01-30
C024,P003,Tomato,Delhi,99.44,2026-04-05
C045,P003,Tomato,Jaipur,64.08,2026-01-16
C030,P002,Mango,Pune,245.24,2026-05-04
C044,P001,Avocado,Delhi,245.24,2026-05-19
C011,P001,Avocado,Mumbai,275.79,2026-04-27
C017,P002,Mango,Pune,245.9,2026-06-28
C016,P002,Mango,Jaipur,180.37,2026-02-22
C039,P004,Apple,Delhi,133.05,2026-02-05
C004,P001,Avocado,Delhi,171.0,2026-06-26
C046,P003,Tomato,Ahmedabad,72.25,2026-06-19
C050,P002,Mango,Delhi,95.66,2026-04-15
C050,P003,Tomato,Pune,35.92,2026-02-11
C049,P003,Tomato,Pune,96.52,2026-03-27
C022,P001,Avocado,Ahmedabad,300.47,2026-01-16
C040,P002,Mango,Pune,208.32,2026-05-26
C011,P004,Apple,Jaipur,193.16,2026-01-07
C024,P003,Tomato,Pune,68.47,2026-04-26
C027,P002,Mango,Ahmedabad,142.99,2026-06-11
C015,P004,Apple,Ahmedabad,120.46,2026-02-22
C047,P001,Avocado,Delhi,163.37,2026-06-27
C014,P002,Mango,Mumbai,213.35,2026-01-14
C039,P001,Avocado,Pune,208.61,2026-03-23
C007,P001,Avocado,Ahmedabad,234.91,2026-05-31
C007,P002,Mango,Delhi,154.79,2026-02-12
C027,P003,Tomato,Delhi,64.87,2026-02-02
C013,P003,Tomato,Mumbai,56.24,2026-02-22
C040,P004,Apple,Mumbai,120.22,2026-05-11
C043,P003,Tomato,Pune,45.65,2026-06-29
C020,P003,Tomato,Jaipur,96.65,2026-02-13
C046,P004,Apple,Pune,114.11,2026-06-13
C032,P004,Apple,Delhi,252.9,2026-02-19
C013,P003,Tomato,Delhi,80.02,2026-01-01
C045,P003,Tomato,Ahmedabad,112.88,2026-05-27
C024,P002,Mango,Jaipur,219.28,2026-02-18
C019,P001,Avocado,Mumbai,322.77,2026-01-10
C029,P001,Avocado,Delhi,298.36,2026-01-28
C032,P004,Apple,Jaipur,153.29,2026-05-08
C012,P003,Tomato,Pune,31.72,2026-04-04
C036,P002,Mango,Pune,227.74,2026-03-28
C003,P003,Tomato,Delhi,32.44,2026-06-18
C021,P001,Avocado,Ahmedabad,306.98,2026-01-18
C033,P004,Apple,Delhi,274.8,2026-02-16
C021,P001,Avocado,Pune,315.31,2026-03-09
C016,P004,Apple,Delhi,216.56,2026-06-20
C028,P003,Tomato,Delhi,42.89,2026-05-30
C021,P001,Avocado,Mumbai,152.28,2026-04-12
C039,P002,Mango,Jaipur,189.85,2026-01-09
C048,P003,Tomato,Mumbai,35.8,2026-05-20
C007,P001,Avocado,Delhi,213.26,2026-02-24
C034,P001,Avocado,Pune,269.32,2026-03-14
C046,P004,Apple,Mumbai,219.97,2026-06-27
C027,P002,Mango,Pune,244.69,2026-03-02
C032,P002,Mango,Pune,248.82,2026-01-26
C006,P001,Avocado,Ahmedabad,335.64,2026-06-04
C016,P003,Tomato,Jaipur,114.91,2026-05-08
C027,P002,Mango,Pune,220.92,2026-05-24
C013,P004,Apple,Pune,205.08,2026-06-30
C006,P001,Avocado,Pune,348.01,2026-05-27
C048,P002,Mango,Pune,209.89,2026-03-28
C014,P001,Avocado,Mumbai,187.76,2026-04-03
C033,P003,Tomato,Mumbai,41.68,2026-02-19
C029,P003,Tomato,Pune,82.01,2026-06-28
C003,P001,Avocado,Ahmedabad,324.36,2026-06-17
C013,P004,Apple,Jaipur,221.38,2026-06-12
C044,P004,Apple,Delhi,155.87,2026-05-03
C032,P003,Tomato,Delhi,32.44,2026-04-06
C014,P003,Tomato,Pune,74.0,2026-06-26
C004,P002,Mango,Ahmedabad,223.32,2026-04-17
C019,P002,Mango,Pune,168.64,2026-02-12
C050,P002,Mango,Pune,148.88,2026-05-11
C027,P001,Avocado,Ahmedabad,294.81,2026-06-09
C043,P002,Mango,Delhi,198.66,2026-03-01
C035,P003,Tomato,Pune,58.94,2026-06-09
C004,P003,Tomato,Jaipur,109.36,2026-05-03
C047,P001,Avocado,Ahmedabad,176.31,2026-02-27
C023,P004,Apple,Mumbai,173.3,2026-04-16
C047,P002,Mango,Jaipur,115.57,2026-01-15
C031,P004,Apple,Ahmedabad,178.64,2026-02-27
C014,P003,Tomato,Delhi,83.85,2026-02-19
C005,P003,Tomato,Ahmedabad,39.7,2026-02-25
C009,P003,Tomato,Delhi,43.49,2026-01-04
C007,P004,Apple,Delhi,198.09,2026-04-07
C024,P003,Tomato,Jaipur,87.22,2026-03-28
C041,P003,Tomato,Pune,59.98,2026-01-08
C041,P002,Mango,Jaipur,170.25,2026-05-21
C047,P003,Tomato,Pune,109.04,2026-06-13
C004,P004,Apple,Delhi,269.42,2026-06-30
C047,P003,Tomato,Pune,117.49,2026-06-26
C005,P004,Apple,Ahmedabad,216.09,2026-06-19
C013,P002,Mango,Jaipur,211.32,2026-04-19
C037,P003,Tomato,Jaipur,43.43,2026-04-02
C047,P004,Apple,Mumbai,270.7,2026-03-25
C013,P004,Apple,Pune,135.4,2026-05-13
C034,P003,Tomato,Ahmedabad,41.79,2026-04-21
C028,P004,Apple,Mumbai,198.13,2026-05-16
C022,P002,Mango,Mumbai,91.8,2026-04-04
C047,P003,Tomato,Ahmedabad,60.25,2026-02-07
C042,P001,Avocado,Mumbai,343.6,2026-03-28
C046,P003,Tomato,Jaipur,68.88,2026-04-14
C049,P002,Mango,Ahmedabad,236.51,2026-01-24
C024,P004,Apple,Pune,227.54,2026-01-11
C007,P002,Mango,Ahmedabad,135.13,2026-02-25
C008,P004,Apple,Jaipur,205.51,2026-06-18
C016,P003,Tomato,Delhi,65.18,2026-05-07
C011,P002,Mango,Delhi,156.32,2026-06-14
C049,P002,Mango,Jaipur,132.5,2026-05-23
C044,P001,Avocado,Pune,283.44,2026-05-10
C011,P003,Tomato,Pune,108.89,2026-04-14
C046,P004,Apple,Delhi,251.17,2026-02-13
C048,P003,Tomato,Delhi,65.29,2026-01-04
C041,P002,Mango,Mumbai,93.37,2026-04-19
C039,P003,Tomato,Pune,79.09,2026-01-22
C026,P002,Mango,Pune,124.94,2026-06-22
C035,P004,Apple,Mumbai,248.92,2026-06-08
C030,P002,Mango,Jaipur,171.48,2026-03-01
C045,P004,Apple,Mumbai,241.22,2026-01-29
C032,P003,Tomato,Pune,46.39,2026-04-23
C044,P002,Mango,Ahmedabad,153.76,2026-01-25
C010,P002,Mango,Mumbai,112.7,2026-04-17
C005,P001,Avocado,Delhi,219.59,2026-02-13
C019,P004,Apple,Ahmedabad,178.81,2026-01-06
C045,P004,Apple,Delhi,298.27,2026-05-20
C033,P001,Avocado,Ahmedabad,152.01,2026-02-21
C019,P002,Mango,Pune,249.59,2026-05-29
C044,P002,Mango,Ahmedabad,130.18,2026-02-22
C022,P003,Tomato,Mumbai,58.64,2026-04-29
C018,P003,Tomato,Delhi,83.41,2026-03-19
C039,P001,Avocado,Delhi,287.72,2026-03-25
C029,P003,Tomato,Mumbai,71.56,2026-03-10
C002,P003,Tomato,Delhi,36.58,2026-06-05
C025,P004,Apple,Jaipur,197.21,2026-03-09
C027,P001,Avocado,Delhi,222.74,2026-03-01
C020,P003,Tomato,Mumbai,46.7,2026-05-06
C044,P001,Avocado,Pune,289.07,2026-04-30
C002,P001,Avocado,Pune,288.5,2026-05-20
C029,P003,Tomato,Delhi,76.28,2026-01-04
C010,P004,Apple,Jaipur,224.81,2026-06-08
C043,P003,Tomato,Mumbai,36.56,2026-06-15
C040,P001,Avocado,Pune,174.06,2026-01-28
C038,P004,Apple,Delhi,197.14,2026-04-24
C024,P001,Avocado,Jaipur,307.72,2026-04-21
C032,P001,Avocado,Jaipur,218.11,2026-01-07
C036,P002,Mango,Ahmedabad,179.52,2026-03-07
C027,P004,Apple,Delhi,155.34,2026-01-19
C022,P004,Apple,Jaipur,132.95,2026-05-30
C046,P002,Mango,Jaipur,246.57,2026-02-12
C020,P003,Tomato,Mumbai,50.24,2026-01-23
C004,P002,Mango,Jaipur,143.44,2026-03-14
C042,P001,Avocado,Jaipur,172.43,2026-04-21
C048,P001,Avocado,Mumbai,189.02,2026-05-18
C026,P003,Tomato,Jaipur,34.71,2026-05-08
C036,P001,Avocado,Jaipur,330.99,2026-03-04
C009,P001,Avocado,Mumbai,255.64,2026-01-11
C024,P004,Apple,Delhi,214.65,2026-05-14
C012,P002,Mango,Ahmedabad,123.34,2026-04-30
C032,P001,Avocado,Jaipur,253.5,2026-03-15
C048,P002,Mango,Delhi,108.83,2026-05-16
C020,P003,Tomato,Delhi,77.82,2026-03-10
C034,P003,Tomato,Pune,38.17,2026-01-15
C002,P003,Tomato,Pune,47.35,2026-03-26
C029,P004,Apple,Jaipur,140.92,2026-02-14
C004,P004,Apple,Jaipur,252.66,2026-01-15
C004,P001,Avocado,Delhi,204.73,2026-02-10
C012,P002,Mango,Ahmedabad,199.03,2026-06-01
C030,P004,Apple,Jaipur,199.91,2026-06-13
C014,P003,Tomato,Ahmedabad,30.57,2026-05-05
C001,P003,Tomato,Ahmedabad,63.84,2026-02-12
C038,P003,Tomato,Mumbai,78.65,2026-01-31
C028,P002,Mango,Delhi,224.47,2026-05-05
C014,P004,Apple,Ahmedabad,198.48,2026-04-21
C025,P004,Apple,Delhi,233.86,2026-01-06
C017,P003,Tomato,Delhi,103.32,2026-05-22
C008,P004,Apple,Pune,173.66,2026-02-20
C006,P002,Mango,Ahmedabad,214.06,2026-03-31
C046,P001,Avocado,Delhi,201.31,2026-02-20
C013,P004,Apple,Delhi,110.62,2026-03-19
C028,P002,Mango,Mumbai,166.47,2026-04-22
C045,P004,Apple,Mumbai,293.28,2026-02-20
C010,P003,Tomato,Delhi,55.7,2026-03-02
C034,P001,Avocado,Pune,346.94,2026-04-10
C024,P004,Apple,Delhi,265.62,2026-03-28
C042,P002,Mango,Delhi,111.76,2026-02-08
C030,P003,Tomato,Jaipur,68.35,2026-06-01
C048,P003,Tomato,Pune,105.65,2026-06-25
C014,P004,Apple,Pune,253.3,2026-04-02
C011,P003,Tomato,Delhi,101.84,2026-03-22
C014,P004,Apple,Ahmedabad,296.48,2026-04-18
C037,P001,Avocado,Pune,179.38,2026-03-31
C039,P002,Mango,Ahmedabad,124.33,2026-06-23
C028,P002,Mango,Delhi,200.0,2026-04-24
C025,P004,Apple,Ahmedabad,194.38,2026-01-15
C021,P004,Apple,Ahmedabad,119.65,2026-03-12
C009,P003,Tomato,Jaipur,45.6,2026-01-09
C022,P003,Tomato,Ahmedabad,103.27,2026-01-31
C021,P003,Tomato,Ahmedabad,75.68,2026-06-19
C021,P001,Avocado,Ahmedabad,235.92,2026-02-12
C009,P002,Mango,Jaipur,206.64,2026-03-18
C045,P002,Mango,Delhi,211.99,2026-06-07
C038,P001,Avocado,Jaipur,203.33,2026-04-06
C029,P001,Avocado,Pune,174.87,2026-06-06
C031,P001,Avocado,Mumbai,333.55,2026-01-27
C017,P002,Mango,Ahmedabad,166.2,2026-04-04
C019,P002,Mango,Pune,126.93,2026-01-15
C023,P004,Apple,Ahmedabad,135.29,2026-01-25
C047,P001,Avocado,Jaipur,240.98,2026-06-07
C016,P004,Apple,Delhi,166.81,2026-04-26
C029,P001,Avocado,Mumbai,203.38,2026-01-15
C041,P003,Tomato,Pune,58.44,2026-06-17
C017,P002,Mango,Mumbai,237.7,2026-03-17
C012,P003,Tomato,Delhi,47.13,2026-01-08
C026,P001,Avocado,Pune,266.92,2026-01-10
C042,P003,Tomato,Ahmedabad,77.02,2026-03-16
C027,P004,Apple,Jaipur,186.94,2026-02-13
C001,P004,Apple,Ahmedabad,115.67,2026-06-12
C012,P003,Tomato,Delhi,70.21,2026-04-04
C015,P002,Mango,Mumbai,223.31,2026-03-15
C005,P004,Apple,Delhi,115.5,2026-05-18
C024,P002,Mango,Jaipur,93.97,2026-05-18
C025,P001,Avocado,Mumbai,288.82,2026-02-25
C025,P002,Mango,Jaipur,210.45,2026-05-30
C024,P004,Apple,Pune,206.29,2026-04-20
C042,P001,Avocado,Jaipur,152.2,2026-04-01
C022,P003,Tomato,Mumbai,61.17,2026-01-30
C015,P004,Apple,Ahmedabad,107.39,2026-06-21
C040,P002,Mango,Delhi,145.63,2026-06-13
C016,P002,Mango,Mumbai,152.76,2026-06-16
C045,P001,Avocado,Delhi,263.79,2026-06-04
C048,P004,Apple,Jaipur,142.76,2026-03-24
C045,P001,Avocado,Mumbai,344.31,2026-03-10
C015,P003,Tomato,Delhi,99.28,2026-03-29
C026,P002,Mango,Mumbai,140.23,2026-01-23
C014,P003,Tomato,Ahmedabad,57.0,2026-01-13
C043,P002,Mango,Ahmedabad,82.72,2026-06-12
C026,P001,Avocado,Delhi,320.64,2026-01-12
C047,P002,Mango,Jaipur,162.68,2026-02-17
C003,P001,Avocado,Ahmedabad,151.13,2026-06-16
C037,P004,Apple,Ahmedabad,154.58,2026-01-10
C043,P003,Tomato,Pune,100.22,2026-06-19
C001,P004,Apple,Jaipur,244.16,2026-03-03
C002,P003,Tomato,Mumbai,98.69,2026-05-29
C019,P002,Mango,Ahmedabad,128.18,2026-01-06
C033,P002,Mango,Pune,91.24,2026-04-16
C038,P003,Tomato,Mumbai,70.5,2026-05-18
C038,P001,Avocado,Jaipur,153.49,2026-01-22
C022,P001,Avocado,Mumbai,342.31,2026-01-03
C050,P001,Avocado,Mumbai,167.64,2026-03-25
C024,P002,Mango,Ahmedabad,221.49,2026-02-03
C048,P002,Mango,Delhi,84.72,2026-03-10
C023,P001,Avocado,Jaipur,346.86,2026-03-07
C033,P003,Tomato,Delhi,86.25,2026-05-06
C040,P002,Mango,Mumbai,104.86,2026-06-01
C002,P004,Apple,Pune,257.16,2026-03-23
C005,P003,Tomato,Pune,36.6,2026-03-14
C032,P002,Mango,Jaipur,87.16,2026-03-07
C032,P002,Mango,Pune,92.59,2026-06-18
C004,P001,Avocado,Pune,253.56,2026-04-13
C025,P004,Apple,Delhi,102.07,2026-05-02
C028,P002,Mango,Pune,125.38,2026-06-01
C003,P001,Avocado,Pune,314.96,2026-04-25
C011,P001,Avocado,Ahmedabad,217.62,2026-04-11
C038,P003,Tomato,Delhi,52.12,2026-02-25
C026,P002,Mango,Delhi,142.78,2026-05-20
C048,P001,Avocado,Pune,274.24,2026-05-21
C039,P004,Apple,Ahmedabad,113.43,2026-01-18
C027,P001,Avocado,Mumbai,261.98,2026-03-09
C014,P003,Tomato,Ahmedabad,94.6,2026-06-16
C028,P001,Avocado,Delhi,324.89,2026-04-28
C018,P002,Mango,Ahmedabad,209.5,2026-05-05
C035,P003,Tomato,Delhi,31.64,2026-01-04
C020,P004,Apple,Pune,248.15,2026-05-05
C022,P002,Mango,Jaipur,233.84,2026-02-22
C007,P002,Mango,Ahmedabad,188.9,2026-03-11
C018,P003,Tomato,Ahmedabad,49.29,2026-03-15
C044,P004,Apple,Jaipur,185.73,2026-03-30
C003,P004,Apple,Ahmedabad,255.08,2026-04-20
C042,P001,Avocado,Jaipur,193.86,2026-05-04
C035,P003,Tomato,Delhi,42.21,2026-05-08
C044,P002,Mango,Mumbai,111.44,2026-02-15
C027,P002,Mango,Delhi,198.01,2026-03-15
C013,P002,Mango,Ahmedabad,84.75,2026-01-14
C003,P002,Mango,Pune,247.45,2026-02-23
C025,P003,Tomato,Jaipur,60.67,2026-02-16
C035,P004,Apple,Delhi,107.24,2026-01-24
C050,P001,Avocado,Jaipur,218.63,2026-02-13
C040,P002,Mango,Pune,104.0,2026-04-26
C029,P001,Avocado,Ahmedabad,214.25,2026-01-06
C034,P004,Apple,Ahmedabad,156.33,2026-04-27
C009,P002,Mango,Mumbai,149.77,2026-02-12
C028,P003,Tomato,Delhi,104.55,2026-01-14
C047,P003,Tomato,Jaipur,39.53,2026-02-06
C045,P003,Tomato,Pune,32.65,2026-02-01
C040,P001,Avocado,Ahmedabad,187.58,2026-04-27
C044,P003,Tomato,Mumbai,60.24,2026-01-23
C035,P001,Avocado,Delhi,176.23,2026-02-14
C043,P004,Apple,Pune,274.35,2026-01-18
C001,P004,Apple,Pune,167.69,2026-04-07
C025,P002,Mango,Delhi,228.37,2026-02-08
C025,P004,Apple,Mumbai,243.46,2026-06-20
C013,P001,Avocado,Pune,274.17,2026-04-25
C008,P003,Tomato,Mumbai,114.44,2026-01-21
C030,P004,Apple,Mumbai,130.6,2026-04-03
C009,P003,Tomato,Ahmedabad,53.41,2026-04-18
C027,P004,Apple,Ahmedabad,282.44,2026-02-08
C028,P003,Tomato,Jaipur,62.19,2026-02-16
C021,P001,Avocado,Ahmedabad,349.2,2026-06-10
C023,P003,Tomato,Mumbai,116.31,2026-06-20
C005,P001,Avocado,Pune,218.57,2026-03-11
C012,P002,Mango,Pune,243.22,2026-04-19
C048,P003,Tomato,Delhi,59.91,2026-01-06
C023,P003,Tomato,Ahmedabad,63.64,2026-02-22
C029,P002,Mango,Pune,121.29,2026-02-17
C033,P001,Avocado,Jaipur,153.83,2026-03-01
C039,P003,Tomato,Ahmedabad,85.72,2026-03-01
C027,P002,Mango,Mumbai,208.68,2026-06-02
C035,P002,Mango,Pune,87.0,2026-04-17
C032,P003,Tomato,Pune,83.45,2026-06-25
C007,P004,Apple,Ahmedabad,122.01,2026-06-08
C022,P001,Avocado,Jaipur,220.62,2026-05-10
C016,P004,Apple,Pune,224.49,2026-03-31
C008,P003,Tomato,Mumbai,58.58,2026-02-08
C004,P003,Tomato,Mumbai,96.14,2026-04-03
C012,P004,Apple,Ahmedabad,161.31,2026-04-04
C010,P003,Tomato,Ahmedabad,35.97,2026-02-26
C049,P003,Tomato,Delhi,90.59,2026-03-21
C044,P002,Mango,Delhi,143.19,2026-01-18
C046,P004,Apple,Ahmedabad,151.08,2026-06-12
C026,P001,Avocado,Ahmedabad,335.98,2026-03-13
C008,P001,Avocado,Delhi,210.17,2026-03-23
C013,P004,Apple,Pune,232.79,2026-02-14
C008,P004,Apple,Jaipur,109.98,2026-06-19
C049,P001,Avocado,Jaipur,310.22,2026-03-31
C007,P003,Tomato,Ahmedabad,69.79,2026-03-06
C040,P001,Avocado,Jaipur,208.05,2026-05-17
C019,P002,Mango,Delhi,135.09,2026-06-27
C009,P002,Mango,Ahmedabad,194.16,2026-04-01
C020,P003,Tomato,Jaipur,48.5,2026-01-27
C004,P003,Tomato,Delhi,95.51,2026-02-24
C009,P001,Avocado,Ahmedabad,174.25,2026-05-27
C031,P004,Apple,Delhi,179.38,2026-05-24
C008,P002,Mango,Jaipur,198.94,2026-02-20
C047,P002,Mango,Jaipur,174.55,2026-01-08
C033,P002,Mango,Pune,222.19,2026-01-08
C025,P004,Apple,Mumbai,266.55,2026-02-19
C009,P004,Apple,Pune,197.21,2026-03-04
C032,P001,Avocado,Mumbai,340.39,2026-06-11
C023,P002,Mango,Jaipur,137.52,2026-06-20
C044,P001,Avocado,Mumbai,250.0,2026-04-11
C027,P003,Tomato,Jaipur,70.5,2026-05-27
C037,P001,Avocado,Delhi,281.24,2026-05-15
C024,P004,Apple,Jaipur,131.67,2026-01-31
C044,P002,Mango,Delhi,244.23,2026-06-17
C036,P004,Apple,Mumbai,214.46,2026-06-21
C043,P004,Apple,Mumbai,170.9,2026-06-17
C043,P002,Mango,Ahmedabad,158.07,2026-03-03
C007,P004,Apple,Jaipur,151.24,2026-06-01
C007,P001,Avocado,Delhi,237.66,2026-02-02
C001,P003,Tomato,Mumbai,68.65,2026-06-08
C003,P002,Mango,Pune,221.22,2026-03-03
C020,P001,Avocado,Pune,245.8,2026-03-21
C029,P001,Avocado,Jaipur,239.54,2026-01-19
C029,P001,Avocado,Jaipur,199.62,2026-04-13
C049,P001,Avocado,Delhi,204.58,2026-04-21
C001,P004,Apple,Pune,159.35,2026-02-19
C050,P003,Tomato,Jaipur,102.92,2026-06-19
C031,P004,Apple,Ahmedabad,267.18,2026-01-18
C006,P002,Mango,Ahmedabad,137.92,2026-05-19
C003,P003,Tomato,Delhi,102.66,2026-04-11
C048,P003,Tomato,Mumbai,56.02,2026-06-24
C044,P003,Tomato,Ahmedabad,71.88,2026-04-21
C023,P002,Mango,Ahmedabad,196.04,2026-03-18
C010,P004,Apple,Delhi,295.78,2026-04-24
C024,P002,Mango,Delhi,123.84,2026-03-12
C050,P001,Avocado,Jaipur,298.65,2026-06-24
C023,P003,Tomato,Ahmedabad,61.84,2026-06-28
C039,P003,Tomato,Jaipur,53.95,2026-03-05
C044,P003,Tomato,Delhi,72.0,2026-03-28
C004,P002,Mango,Delhi,201.61,2026-05-20
C041,P001,Avocado,Mumbai,310.9,2026-06-06
C001,P003,Tomato,Delhi,59.22,2026-01-19
C011,P003,Tomato,Pune,68.69,2026-05-17
C001,P003,Tomato,Pune,86.18,2026-01-11
C030,P004,Apple,Delhi,126.53,2026-03-18
C017,P004,Apple,Jaipur,122.35,2026-05-01
C037,P002,Mango,Mumbai,190.5,2026-03-20
C019,P002,Mango,Jaipur,170.26,2026-03-13
C040,P004,Apple,Ahmedabad,118.21,2026-06-23
C035,P003,Tomato,Delhi,37.91,2026-06-06
C050,P001,Avocado,Mumbai,193.08,2026-05-10
C041,P001,Avocado,Ahmedabad,253.52,2026-01-16
C036,P001,Avocado,Jaipur,319.18,2026-06-01
C031,P002,Mango,Jaipur,177.85,2026-03-02
C004,P001,Avocado,Jaipur,259.48,2026-02-15
C020,P004,Apple,Jaipur,150.26,2026-03-23
C018,P003,Tomato,Ahmedabad,79.89,2026-01-10
C014,P002,Mango,Pune,89.03,2026-04-14
C008,P002,Mango,Jaipur,85.72,2026-03-20
C029,P002,Mango,Pune,127.06,2026-06-04
C035,P001,Avocado,Ahmedabad,178.44,2026-02-08
C040,P001,Avocado,Mumbai,299.56,2026-03-26
C043,P003,Tomato,Pune,110.04,2026-04-16
C003,P003,Tomato,Jaipur,72.18,2026-06-30
C016,P002,Mango,Ahmedabad,217.44,2026-04-02
C049,P003,Tomato,Ahmedabad,105.24,2026-05-31
C040,P003,Tomato,Ahmedabad,48.36,2026-05-17
C042,P002,Mango,Jaipur,218.57,2026-02-03
C001,P001,Avocado,Jaipur,328.72,2026-02-18
C043,P003,Tomato,Ahmedabad,87.91,2026-04-13
C017,P004,Apple,Delhi,207.34,2026-02-12
C005,P002,Mango,Mumbai,215.42,2026-02-19
C019,P003,Tomato,Mumbai,57.8,2026-05-23
C036,P001,Avocado,Jaipur,345.34,2026-02-26
C043,P003,Tomato,Jaipur,68.46,2026-05-08
C043,P001,Avocado,Pune,295.0,2026-01-25
C005,P001,Avocado,Jaipur,305.98,2026-05-11
C033,P002,Mango,Delhi,207.68,2026-05-14
C050,P001,Avocado,Mumbai,170.7,2026-01-19
C046,P003,Tomato,Jaipur,100.91,2026-01-03
C012,P004,Apple,Delhi,247.84,2026-06-18
C005,P003,Tomato,Ahmedabad,44.96,2026-02-08
C026,P004,Apple,Jaipur,229.0,2026-02-01
C022,P001,Avocado,Delhi,307.91,2026-01-11
C002,P002,Mango,Pune,196.72,2026-06-18
C048,P002,Mango,Mumbai,107.04,2026-03-04
C009,P001,Avocado,Mumbai,175.14,2026-05-01
C036,P004,Apple,Pune,224.43,2026-06-01
C040,P004,Apple,Pune,130.78,2026-01-10
C004,P004,Apple,Mumbai,298.83,2026-06-09
C008,P004,Apple,Mumbai,258.8,2026-03-12
C003,P004,Apple,Pune,261.39,2026-02-09
C024,P002,Mango,Ahmedabad,205.37,2026-01-27
C003,P001,Avocado,Mumbai,318.34,2026-04-22
C022,P004,Apple,Ahmedabad,181.56,2026-03-27
C007,P003,Tomato,Delhi,52.47,2026-03-03
C010,P001,Avocado,Mumbai,280.61,2026-06-20
C041,P002,Mango,Pune,91.66,2026-01-06
C015,P001,Avocado,Delhi,168.59,2026-04-08
C007,P004,Apple,Jaipur,280.97,2026-05-03
C021,P003,Tomato,Delhi,92.98,2026-06-08
C017,P003,Tomato,Pune,75.59,2026-04-16
C010,P003,Tomato,Mumbai,88.33,2026-04-20
C032,P002,Mango,Ahmedabad,82.67,2026-02-04
C013,P002,Mango,Jaipur,198.22,2026-04-13
C019,P003,Tomato,Delhi,88.19,2026-01-08
C045,P001,Avocado,Jaipur,301.14,2026-06-07
C042,P003,Tomato,Pune,82.32,2026-03-28
C008,P002,Mango,Pune,203.41,2026-03-07
C007,P002,Mango,Delhi,158.67,2026-06-18
C027,P001,Avocado,Mumbai,171.15,2026-02-11
C013,P004,Apple,Pune,173.82,2026-04-12
C030,P001,Avocado,Pune,150.09,2026-04-09
C023,P004,Apple,Jaipur,252.36,2026-05-29
C037,P002,Mango,Jaipur,110.99,2026-04-03
C034,P001,Avocado,Mumbai,349.75,2026-05-26
C034,P001,Avocado,Ahmedabad,274.94,2026-01-16
C011,P001,Avocado,Pune,154.03,2026-03-02
C023,P003,Tomato,Pune,81.97,2026-04-21
C007,P003,Tomato,Pune,93.27,2026-03-05
C014,P004,Apple,Mumbai,247.39,2026-05-20
C014,P003,Tomato,Ahmedabad,70.37,2026-02-02
C004,P003,Tomato,Ahmedabad,66.89,2026-05-09
C028,P003,Tomato,Ahmedabad,113.75,2026-05-26
C045,P002,Mango,Ahmedabad,161.86,2026-02-11
C035,P003,Tomato,Pune,63.36,2026-05-29
C016,P001,Avocado,Delhi,219.66,2026-06-16
C025,P002,Mango,Pune,233.51,2026-02-27
C026,P003,Tomato,Pune,78.27,2026-01-04
C014,P004,Apple,Mumbai,199.63,2026-06-17
C044,P001,Avocado,Delhi,297.44,2026-04-03
C006,P001,Avocado,Jaipur,330.64,2026-01-19
C041,P001,Avocado,Ahmedabad,162.16,2026-01-17
C035,P001,Avocado,Ahmedabad,167.9,2026-05-02
C023,P004,Apple,Mumbai,268.43,2026-04-18
C041,P004,Apple,Mumbai,281.99,2026-02-25
C014,P004,Apple,Ahmedabad,219.31,2026-06-29
C038,P001,Avocado,Pune,151.16,2026-03-04
C021,P004,Apple,Pune,175.43,2026-05-24
C012,P002,Mango,Ahmedabad,172.54,2026-05-19
C026,P001,Avocado,Ahmedabad,175.18,2026-01-27
C039,P003,Tomato,Mumbai,40.53,2026-06-03
C018,P001,Avocado,Pune,278.77,2026-06-28
C046,P001,Avocado,Mumbai,209.44,2026-01-03
C043,P002,Mango,Delhi,169.52,2026-01-14
C047,P004,Apple,Pune,275.9,2026-02-07
C020,P004,Apple,Mumbai,226.48,2026-04-26
C037,P001,Avocado,Ahmedabad,306.04,2026-01-02
C018,P002,Mango,Jaipur,212.15,2026-02-14
C002,P004,Apple,Pune,193.53,2026-05-10
C037,P002,Mango,Jaipur,166.1,2026-01-31
C004,P001,Avocado,Jaipur,241.96,2026-04-15
C001,P002,Mango,Delhi,234.84,2026-02-20
C030,P002,Mango,Ahmedabad,209.35,2026-04-17
C004,P003,Tomato,Pune,90.49,2026-06-23
C031,P003,Tomato,Pune,90.68,2026-06-13
C008,P004,Apple,Mumbai,147.98,2026-03-13
C049,P001,Avocado,Mumbai,221.44,2026-04-23
C004,P004,Apple,Pune,165.22,2026-06-05
C032,P001,Avocado,Ahmedabad,336.69,2026-05-02
C046,P003,Tomato,Mumbai,115.73,2026-06-29
C034,P001,Avocado,Ahmedabad,205.39,2026-06-06
C010,P004,Apple,Ahmedabad,232.97,2026-05-29
C046,P001,Avocado,Ahmedabad,188.36,2026-05-05
C047,P003,Tomato,Jaipur,51.8,2026-05-04
C025,P003,Tomato,Mumbai,55.63,2026-01-27
C019,P002,Mango,Delhi,139.6,2026-01-09
C017,P001,Avocado,Mumbai,216.6,2026-03-24
C035,P003,Tomato,Jaipur,66.56,2026-05-29
C013,P003,Tomato,Mumbai,66.07,2026-06-17
C020,P004,Apple,Mumbai,108.93,2026-01-05
C024,P001,Avocado,Jaipur,228.23,2026-03-27
C005,P001,Avocado,Pune,236.84,2026-05-01
C017,P003,Tomato,Pune,59.32,2026-05-10
C019,P001,Avocado,Jaipur,307.7,2026-03-12
C022,P003,Tomato,Delhi,101.78,2026-02-23
C040,P001,Avocado,Delhi,346.87,2026-05-10
C048,P001,Avocado,Mumbai,311.95,2026-03-13
C006,P001,Avocado,Delhi,338.43,2026-04-20
C035,P001,Avocado,Jaipur,243.79,2026-05-06
C033,P004,Apple,Mumbai,132.16,2026-03-20
C022,P003,Tomato,Pune,102.48,2026-04-17
C006,P003,Tomato,Pune,107.35,2026-05-25
C037,P002,Mango,Mumbai,118.17,2026-05-20
C032,P001,Avocado,Delhi,329.74,2026-03-12
C009,P002,Mango,Delhi,233.41,2026-05-28
C031,P002,Mango,Mumbai,235.51,2026-05-23
C023,P004,Apple,Pune,174.42,2026-02-08
C036,P004,Apple,Mumbai,270.5,2026-02-27
C002,P002,Mango,Mumbai,118.02,2026-04-22
C023,P002,Mango,Jaipur,98.39,2026-05-25
C049,P001,Avocado,Mumbai,339.07,2026-03-08
C021,P003,Tomato,Ahmedabad,93.02,2026-05-19
C025,P003,Tomato,Ahmedabad,82.53,2026-05-14
C040,P003,Tomato,Ahmedabad,73.25,2026-05-12
C027,P002,Mango,Ahmedabad,82.96,2026-02-20
C031,P004,Apple,Pune,139.34,2026-01-18
C044,P002,Mango,Ahmedabad,98.08,2026-03-26
C019,P001,Avocado,Delhi,175.73,2026-04-30
C030,P003,Tomato,Mumbai,77.97,2026-03-16
C031,P003,Tomato,Ahmedabad,89.12,2026-04-28
C006,P001,Avocado,Jaipur,267.42,2026-06-05
C037,P004,Apple,Delhi,245.93,2026-06-26
C043,P002,Mango,Pune,174.69,2026-01-13
C004,P004,Apple,Pune,210.88,2026-06-15
C016,P001,Avocado,Jaipur,309.94,2026-01-04
C046,P004,Apple,Jaipur,134.87,2026-02-23
C021,P002,Mango,Pune,195.22,2026-04-03
C050,P002,Mango,Jaipur,227.53,2026-03-17
C002,P001,Avocado,Delhi,244.74,2026-02-21
C027,P002,Mango,Mumbai,123.62,2026-04-05
C047,P002,Mango,Delhi,240.44,2026-06-23
C026,P003,Tomato,Pune,81.55,2026-03-11
C039,P004,Apple,Mumbai,138.59,2026-03-07
C017,P001,Avocado,Pune,282.41,2026-04-03
C005,P002,Mango,Mumbai,115.53,2026-06-09
C028,P001,Avocado,Delhi,289.24,2026-05-23
C020,P004,Apple,Jaipur,105.24,2026-04-30
C001,P004,Apple,Mumbai,169.91,2026-03-14
C042,P004,Apple,Delhi,288.55,2026-03-14
C049,P004,Apple,Delhi,147.37,2026-01-16
C005,P003,Tomato,Mumbai,117.35,2026-06-04
C019,P004,Apple,Ahmedabad,103.13,2026-02-17
C041,P002,Mango,Pune,194.2,2026-05-06
C032,P004,Apple,Ahmedabad,130.91,2026-01-03
C010,P004,Apple,Delhi,117.45,2026-06-05
C032,P001,Avocado,Jaipur,309.86,2026-01-31
C025,P001,Avocado,Mumbai,259.98,2026-05-18
C009,P002,Mango,Pune,201.19,2026-05-18
C026,P001,Avocado,Delhi,335.35,2026-05-14
C046,P004,Apple,Delhi,242.34,2026-06-08
C034,P001,Avocado,Mumbai,325.03,2026-05-10
C007,P001,Avocado,Mumbai,227.45,2026-06-20
C028,P001,Avocado,Jaipur,246.33,2026-04-02
C027,P001,Avocado,Mumbai,326.76,2026-03-17
C033,P001,Avocado,Ahmedabad,203.64,2026-01-26
C002,P004,Apple,Ahmedabad,285.95,2026-02-21
C019,P004,Apple,Mumbai,253.61,2026-06-07
C006,P001,Avocado,Mumbai,302.82,2026-04-04
C009,P004,Apple,Pune,152.34,2026-04-03
C003,P004,Apple,Delhi,167.75,2026-06-24
C024,P001,Avocado,Pune,344.05,2026-04-02
C032,P002,Mango,Delhi,176.02,2026-06-23
C007,P004,Apple,Delhi,185.81,2026-04-27
C007,P004,Apple,Jaipur,283.22,2026-05-20
C039,P003,Tomato,Pune,59.68,2026-06-07
C047,P002,Mango,Pune,187.75,2026-04-01
C019,P004,Apple,Jaipur,255.63,2026-06-08
C013,P002,Mango,Ahmedabad,236.43,2026-05-06
C032,P004,Apple,Pune,192.35,2026-01-13
C040,P004,Apple,Ahmedabad,141.03,2026-04-16
C018,P002,Mango,Jaipur,89.98,2026-03-21
C011,P003,Tomato,Pune,63.44,2026-01-27
C030,P002,Mango,Jaipur,130.22,2026-02-09
C032,P003,Tomato,Ahmedabad,48.8,2026-01-04
C004,P002,Mango,Pune,199.94,2026-06-23
C034,P002,Mango,Mumbai,185.58,2026-02-20
C016,P002,Mango,Jaipur,101.65,2026-06-12
C021,P004,Apple,Mumbai,191.32,2026-01-31
C042,P004,Apple,Delhi,278.6,2026-06-09
C047,P004,Apple,Mumbai,204.29,2026-04-26
C034,P004,Apple,Delhi,273.87,2026-03-04
C042,P004,Apple,Jaipur,134.59,2026-06-13
C018,P001,Avocado,Mumbai,297.33,2026-04-10
C026,P001,Avocado,Pune,240.65,2026-04-14
C037,P002,Mango,Mumbai,241.62,2026-05-23
C002,P003,Tomato,Mumbai,91.79,2026-05-19
C025,P004,Apple,Jaipur,276.41,2026-01-14
C042,P004,Apple,Pune,244.76,2026-03-21
C036,P004,Apple,Pune,223.56,2026-01-26
C007,P003,Tomato,Delhi,90.46,2026-02-01
C014,P003,Tomato,Mumbai,107.95,2026-05-07
C023,P002,Mango,Jaipur,157.37,2026-04-09
C036,P001,Avocado,Jaipur,258.5,2026-01-15
C028,P003,Tomato,Ahmedabad,111.94,2026-04-07
C042,P003,Tomato,Jaipur,46.76,2026-05-19
C028,P002,Mango,Jaipur,186.19,2026-03-05
C025,P002,Mango,Jaipur,210.79,2026-06-18
C020,P001,Avocado,Jaipur,268.25,2026-05-24
C050,P001,Avocado,Mumbai,264.54,2026-06-23
C017,P002,Mango,Pune,93.03,2026-02-09
C027,P001,Avocado,Ahmedabad,217.9,2026-06-03
C033,P004,Apple,Jaipur,189.44,2026-02-04
C044,P003,Tomato,Ahmedabad,114.11,2026-02-05
C042,P004,Apple,Pune,297.37,2026-01-11
C001,P001,Avocado,Ahmedabad,275.69,2026-06-27
C044,P003,Tomato,Pune,97.88,2026-05-03
C020,P003,Tomato,Delhi,85.69,2026-01-14
C004,P003,Tomato,Pune,95.28,2026-05-23
C014,P001,Avocado,Mumbai,252.45,2026-06-27
C015,P003,Tomato,Mumbai,36.42,2026-06-24
C027,P001,Avocado,Ahmedabad,154.39,2026-05-08
C013,P002,Mango,Mumbai,103.52,2026-02-28
C016,P003,Tomato,Delhi,54.86,2026-01-28
C049,P003,Tomato,Jaipur,95.14,2026-03-19
C016,P003,Tomato,Delhi,68.4,2026-05-29
C040,P003,Tomato,Mumbai,87.99,2026-04-17
C015,P003,Tomato,Delhi,59.32,2026-05-23
C048,P001,Avocado,Jaipur,301.44,2026-05-21
C014,P003,Tomato,Mumbai,108.82,2026-03-05
C014,P001,Avocado,Ahmedabad,156.62,2026-05-24
C039,P004,Apple,Mumbai,193.9,2026-05-13
C023,P002,Mango,Ahmedabad,138.72,2026-03-19
C015,P003,Tomato,Delhi,40.92,2026-04-03
C031,P001,Avocado,Pune,249.6,2026-04-06
C050,P001,Avocado,Pune,223.6,2026-05-05
C047,P001,Avocado,Delhi,229.03,2026-06-20
C015,P001,Avocado,Ahmedabad,219.29,2026-04-12
C018,P002,Mango,Jaipur,132.23,2026-01-17
C014,P003,Tomato,Mumbai,43.08,2026-06-21
C009,P004,Apple,Mumbai,102.42,2026-02-19
C020,P001,Avocado,Jaipur,317.89,2026-05-20
C039,P001,Avocado,Jaipur,312.17,2026-04-24
C020,P004,Apple,Mumbai,283.85,2026-02-05
C004,P002,Mango,Mumbai,133.42,2026-04-07
C008,P004,Apple,Mumbai,122.84,2026-05-06
C026,P003,Tomato,Jaipur,117.15,2026-01-29
C042,P004,Apple,Ahmedabad,148.72,2026-05-18
C046,P003,Tomato,Delhi,70.49,2026-05-19
C010,P003,Tomato,Mumbai,44.62,2026-02-23
C025,P003,Tomato,Delhi,109.46,2026-01-01
C016,P001,Avocado,Ahmedabad,311.34,2026-06-29
C040,P003,Tomato,Pune,95.41,2026-06-03
C037,P002,Mango,Ahmedabad,118.39,2026-01-07
C039,P003,Tomato,Delhi,77.25,2026-05-07
C046,P004,Apple,Jaipur,227.58,2026-01-28
C008,P003,Tomato,Pune,82.97,2026-02-03
C018,P002,Mango,Jaipur,210.7,2026-01-20
C020,P004,Apple,Delhi,233.59,2026-03-28
C020,P001,Avocado,Pune,295.17,2026-02-01
C017,P001,Avocado,Delhi,303.31,2026-05-24
C049,P003,Tomato,Delhi,69.74,2026-06-25
C028,P003,Tomato,Delhi,116.91,2026-01-04
C031,P003,Tomato,Mumbai,56.36,2026-05-20
C046,P003,Tomato,Pune,80.21,2026-05-15
C038,P002,Mango,Delhi,167.75,2026-03-12
C040,P004,Apple,Jaipur,215.49,2026-06-27
C025,P003,Tomato,Mumbai,57.38,2026-06-13
C029,P001,Avocado,Delhi,183.65,2026-01-15
C030,P001,Avocado,Jaipur,177.44,2026-06-18
C020,P004,Apple,Ahmedabad,284.05,2026-06-17
C007,P004,Apple,Ahmedabad,264.6,2026-06-20
C019,P003,Tomato,Delhi,91.96,2026-04-06
C025,P004,Apple,Ahmedabad,177.94,2026-02-02
C038,P001,Avocado,Ahmedabad,240.65,2026-05-17
C042,P003,Tomato,Jaipur,32.91,2026-04-25
C036,P004,Apple,Jaipur,127.8,2026-06-30
C043,P002,Mango,Pune,81.11,2026-06-09
C030,P001,Avocado,Ahmedabad,281.96,2026-04-16
C002,P002,Mango,Mumbai,86.96,2026-03-21
C011,P004,Apple,Ahmedabad,255.45,2026-03-26
C013,P001,Avocado,Mumbai,337.22,2026-05-04
C025,P002,Mango,Pune,188.41,2026-01-31
C005,P001,Avocado,Jaipur,278.19,2026-04-03
C002,P001,Avocado,Ahmedabad,189.46,2026-01-03
C029,P003,Tomato,Mumbai,93.96,2026-06-01
C011,P004,Apple,Mumbai,215.27,2026-05-02
C032,P003,Tomato,Jaipur,83.53,2026-01-04
C012,P003,Tomato,Mumbai,42.89,2026-05-24
C002,P002,Mango,Delhi,230.5,2026-05-27
C043,P001,Avocado,Pune,227.09,2026-02-16
C019,P004,Apple,Pune,213.73,2026-05-18
C026,P004,Apple,Delhi,121.12,2026-04-04
C039,P001,Avocado,Ahmedabad,171.11,2026-06-17
C019,P002,Mango,Pune,86.43,2026-02-25
C007,P002,Mango,Pune,232.24,2026-05-24
C035,P003,Tomato,Ahmedabad,74.41,2026-05-15
C043,P001,Avocado,Pune,253.88,2026-05-16
C001,P004,Apple,Ahmedabad,122.52,2026-06-20
C027,P004,Apple,Jaipur,187.21,2026-03-18
C026,P004,Apple,Mumbai,129.57,2026-02-20
C018,P002,Mango,Mumbai,156.0,2026-04-20
C040,P004,Apple,Pune,197.0,2026-04-25
C026,P003,Tomato,Ahmedabad,59.21,2026-03-21
C036,P003,Tomato,Jaipur,30.73,2026-03-12
C002,P004,Apple,Jaipur,156.47,2026-05-06
C050,P002,Mango,Ahmedabad,180.96,2026-01-11
C006,P001,Avocado,Ahmedabad,195.75,2026-06-10
C023,P004,Apple,Jaipur,235.07,2026-03-18
C020,P001,Avocado,Mumbai,166.16,2026-06-20
C040,P001,Avocado,Mumbai,346.49,2026-04-20
C016,P004,Apple,Jaipur,192.17,2026-01-03
C022,P003,Tomato,Delhi,104.59,2026-05-14
C041,P004,Apple,Pune,249.63,2026-01-26
C033,P002,Mango,Mumbai,188.67,2026-03-31
C049,P001,Avocado,Delhi,233.57,2026-05-19
C033,P004,Apple,Pune,151.85,2026-03-09
C022,P002,Mango,Mumbai,137.4,2026-02-11
C035,P003,Tomato,Mumbai,94.96,2026-03-21
C026,P002,Mango,Pune,191.51,2026-03-16
C020,P003,Tomato,Delhi,117.98,2026-03-04
C017,P003,Tomato,Delhi,87.63,2026-05-26
C002,P004,Apple,Ahmedabad,134.3,2026-01-22
C049,P002,Mango,Delhi,90.66,2026-02-06
C016,P003,Tomato,Mumbai,68.65,2026-03-03
C049,P003,Tomato,Pune,88.02,2026-04-13
C050,P002,Mango,Delhi,150.67,2026-05-06
C040,P003,Tomato,Ahmedabad,36.23,2026-06-24
C032,P001,Avocado,Delhi,195.95,2026-04-23
C034,P003,Tomato,Pune,101.16,2026-04-03
C017,P001,Avocado,Mumbai,310.16,2026-03-19
C008,P001,Avocado,Delhi,221.9,2026-03-10
C022,P003,Tomato,Ahmedabad,35.65,2026-02-09
C021,P004,Apple,Mumbai,231.89,2026-05-08
C025,P001,Avocado,Ahmedabad,200.65,2026-04-05
C039,P002,Mango,Ahmedabad,248.41,2026-02-14
C014,P001,Avocado,Delhi,211.75,2026-01-07
C011,P001,Avocado,Ahmedabad,255.63,2026-02-17
C039,P001,Avocado,Mumbai,217.57,2026-01-13
C022,P001,Avocado,Jaipur,278.3,2026-04-10
C048,P002,Mango,Jaipur,89.19,2026-06-29
C035,P001,Avocado,Jaipur,209.32,2026-03-22
C030,P004,Apple,Ahmedabad,131.85,2026-04-30
C002,P004,Apple,Delhi,111.8,2026-03-04
C034,P002,Mango,Mumbai,218.12,2026-04-29
C034,P002,Mango,Ahmedabad,163.01,2026-04-07
C033,P004,Apple,Pune,122.99,2026-04-04
C022,P003,Tomato,Mumbai,43.99,2026-05-27
C039,P001,Avocado,Delhi,191.09,2026-01-16
C020,P002,Mango,Pune,126.99,2026-04-06
C011,P003,Tomato,Mumbai,56.0,2026-04-05
C033,P002,Mango,Ahmedabad,145.61,2026-04-10
C025,P001,Avocado,Ahmedabad,349.65,2026-01-22
C009,P001,Avocado,Delhi,186.17,2026-01-01
C047,P004,Apple,Jaipur,232.3,2026-01-22
C042,P004,Apple,Pune,274.67,2026-04-25
C007,P003,Tomato,Pune,90.43,2026-04-05
C002,P002,Mango,Ahmedabad,80.57,2026-04-24
C017,P004,Apple,Delhi,215.16,2026-02-06
C008,P001,Avocado,Delhi,260.86,2026-06-07
C027,P003,Tomato,Jaipur,43.62,2026-01-10
C045,P001,Avocado,Pune,247.01,2026-05-16
C048,P003,Tomato,Mumbai,30.5,2026-06-13
C006,P004,Apple,Jaipur,130.86,2026-01-25
C016,P004,Apple,Delhi,137.13,2026-06-22
C044,P004,Apple,Delhi,254.31,2026-05-31
C016,P001,Avocado,Pune,279.22,2026-06-24
C037,P004,Apple,Pune,226.68,2026-02-19
C036,P004,Apple,Delhi,183.58,2026-02-09
C001,P004,Apple,Pune,175.05,2026-03-31
C045,P004,Apple,Jaipur,236.86,2026-01-09
C021,P001,Avocado,Ahmedabad,260.33,2026-05-10
C006,P004,Apple,Mumbai,162.63,2026-06-24
C018,P004,Apple,Ahmedabad,297.73,2026-05-15
C050,P001,Avocado,Pune,340.41,2026-04-17
C047,P003,Tomato,Jaipur,52.84,2026-01-06
C031,P003,Tomato,Mumbai,95.7,2026-05-02
C042,P002,Mango,Mumbai,189.65,2026-04-19
C029,P001,Avocado,Ahmedabad,268.9,2026-04-29
C032,P004,Apple,Pune,184.44,2026-06-25
C023,P001,Avocado,Ahmedabad,177.93,2026-01-23
C034,P003,Tomato,Jaipur,57.61,2026-06-04
C026,P004,Apple,Mumbai,276.73,2026-04-28
C001,P001,Avocado,Delhi,282.78,2026-01-23
C019,P004,Apple,Ahmedabad,110.32,2026-02-03
C007,P003,Tomato,Mumbai,115.49,2026-06-16
C015,P002,Mango,Delhi,247.05,2026-01-06
C011,P003,Tomato,Pune,103.49,2026-06-26
C040,P003,Tomato,Pune,86.43,2026-01-24
C013,P001,Avocado,Jaipur,243.54,2026-02-23
C010,P001,Avocado,Delhi,287.47,2026-06-21
C027,P004,Apple,Ahmedabad,128.99,2026-01-29
C048,P002,Mango,Pune,173.77,2026-05-04
C015,P002,Mango,Ahmedabad,168.59,2026-04-13
C047,P001,Avocado,Ahmedabad,247.1,2026-05-01
C018,P002,Mango,Mumbai,114.87,2026-04-16
C021,P001,Avocado,Jaipur,250.72,2026-06-05
C019,P001,Avocado,Jaipur,324.52,2026-06-15
C010,P001,Avocado,Jaipur,316.54,2026-05-14
C023,P002,Mango,Mumbai,98.67,2026-04-04
C028,P001,Avocado,Mumbai,313.51,2026-02-10
C044,P004,Apple,Jaipur,148.8,2026-05-06
C043,P002,Mango,Mumbai,185.43,2026-04-05
C017,P004,Apple,Mumbai,118.23,2026-03-06
C040,P002,Mango,Ahmedabad,83.04,2026-01-27
C003,P003,Tomato,Mumbai,95.47,2026-05-14
C012,P003,Tomato,Mumbai,89.45,2026-03-07
C024,P003,Tomato,Pune,67.98,2026-06-30
C001,P003,Tomato,Jaipur,51.28,2026-04-26
C040,P004,Apple,Ahmedabad,297.49,2026-06-12
C035,P001,Avocado,Jaipur,344.83,2026-04-28
C005,P001,Avocado,Jaipur,175.18,2026-01-09
C006,P002,Mango,Pune,163.44,2026-06-21
C013,P001,Avocado,Mumbai,326.63,2026-04-26
C023,P002,Mango,Pune,122.51,2026-01-04
C002,P004,Apple,Pune,121.8,2026-05-24
C021,P002,Mango,Ahmedabad,176.76,2026-04-24
C037,P003,Tomato,Ahmedabad,83.71,2026-01-05
C002,P003,Tomato,Ahmedabad,65.93,2026-02-10
C022,P002,Mango,Ahmedabad,151.75,2026-06-13
C033,P001,Avocado,Mumbai,194.27,2026-01-26
C006,P003,Tomato,Ahmedabad,78.22,2026-03-12
C046,P004,Apple,Delhi,240.62,2026-02-18
C013,P002,Mango,Delhi,114.7,2026-03-07
C031,P004,Apple,Delhi,229.72,2026-01-25
C037,P002,Mango,Ahmedabad,140.97,2026-04-20
C033,P002,Mango,Mumbai,235.42,2026-02-04
C024,P001,Avocado,Mumbai,278.95,2026-01-11
C023,P001,Avocado,Ahmedabad,259.54,2026-03-30
C039,P004,Apple,Ahmedabad,267.42,2026-02-18
C033,P001,Avocado,Delhi,162.13,2026-03-19
C048,P001,Avocado,Ahmedabad,329.86,2026-04-28
C050,P003,Tomato,Mumbai,94.95,2026-06-26
C043,P003,Tomato,Jaipur,65.54,2026-01-04
C049,P002,Mango,Ahmedabad,141.8,2026-01-31
C003,P004,Apple,Delhi,114.84,2026-04-06
C034,P003,Tomato,Ahmedabad,116.51,2026-05-31
C009,P002,Mango,Mumbai,90.77,2026-02-15
C036,P004,Apple,Pune,125.47,2026-01-15
C004,P004,Apple,Mumbai,218.93,2026-05-06
C010,P002,Mango,Mumbai,132.26,2026-03-01
C028,P004,Apple,Ahmedabad,162.25,2026-04-13
C044,P003,Tomato,Ahmedabad,31.12,2026-02-18
C008,P001,Avocado,Pune,251.21,2026-05-24
C032,P003,Tomato,Mumbai,49.3,2026-05-23
C010,P004,Apple,Pune,221.35,2026-06-13
C040,P001,Avocado,Jaipur,326.25,2026-06-16
C049,P001,Avocado,Jaipur,288.96,2026-06-14
C014,P003,Tomato,Delhi,40.53,2026-06-30
C047,P002,Mango,Ahmedabad,113.3,2026-01-29
C028,P004,Apple,Ahmedabad,144.4,2026-04-07
C011,P001,Avocado,Jaipur,264.02,2026-06-23
C045,P002,Mango,Delhi,232.89,2026-04-04
C022,P004,Apple,Jaipur,206.83,2026-05-13
C042,P004,Apple,Mumbai,217.64,2026-06-18
C050,P001,Avocado,Ahmedabad,253.8,2026-05-14
C040,P003,Tomato,Jaipur,104.73,2026-03-31
C049,P003,Tomato,Mumbai,107.51,2026-01-19
C035,P003,Tomato,Delhi,51.8,2026-01-08
C019,P001,Avocado,Mumbai,299.88,2026-05-18
C006,P001,Avocado,Delhi,254.99,2026-06-21
C017,P004,Apple,Ahmedabad,142.63,2026-02-04
C013,P003,Tomato,Pune,53.31,2026-03-22
C050,P001,Avocado,Jaipur,203.19,2026-03-15
C018,P002,Mango,Jaipur,174.42,2026-01-06
C050,P004,Apple,Jaipur,228.38,2026-04-28
C024,P002,Mango,Jaipur,82.2,2026-05-22
C043,P004,Apple,Jaipur,279.86,2026-06-26
C004,P003,Tomato,Pune,116.45,2026-05-10
C025,P004,Apple,Ahmedabad,175.15,2026-01-18
C020,P004,Apple,Delhi,276.68,2026-03-08
C046,P001,Avocado,Delhi,234.36,2026-01-15
C026,P003,Tomato,Jaipur,32.8,2026-04-09
C007,P004,Apple,Pune,196.44,2026-06-03
C041,P002,Mango,Ahmedabad,203.54,2026-01-04
C037,P001,Avocado,Jaipur,302.14,2026-04-05
C013,P004,Apple,Jaipur,148.37,2026-06-02
C028,P001,Avocado,Delhi,194.01,2026-05-15
C047,P004,Apple,Pune,154.97,2026-04-06
C015,P004,Apple,Ahmedabad,132.87,2026-04-02
C020,P004,Apple,Pune,119.98,2026-04-28
C029,P003,Tomato,Mumbai,94.57,2026-05-06
C022,P002,Mango,Pune,128.41,2026-01-30
C035,P001,Avocado,Mumbai,222.23,2026-02-05
C035,P001,Avocado,Pune,184.39,2026-01-18
C044,P001,Avocado,Ahmedabad,216.47,2026-06-01
C010,P003,Tomato,Delhi,107.09,2026-02-05
C042,P002,Mango,Mumbai,101.88,2026-02-04
C020,P001,Avocado,Mumbai,275.36,2026-05-24
C038,P001,Avocado,Pune,179.64,2026-01-14
C033,P002,Mango,Ahmedabad,217.06,2026-05-27
C048,P002,Mango,Ahmedabad,220.49,2026-02-28
C034,P003,Tomato,Delhi,62.23,2026-03-30
C004,P002,Mango,Ahmedabad,214.46,2026-01-06
C032,P002,Mango,Jaipur,162.91,2026-05-28
C045,P001,Avocado,Jaipur,268.95,2026-03-27
C020,P003,Tomato,Pune,97.75,2026-06-13
C050,P004,Apple,Pune,298.0,2026-06-25
C006,P001,Avocado,Mumbai,267.35,2026-05-03
C017,P001,Avocado,Pune,237.08,2026-06-23
C035,P004,Apple,Jaipur,244.05,2026-01-09
C035,P001,Avocado,Ahmedabad,190.32,2026-06-04
C008,P002,Mango,Jaipur,222.98,2026-04-24
C023,P002,Mango,Ahmedabad,123.66,2026-04-20
C039,P003,Tomato,Ahmedabad,44.73,2026-03-13
C013,P001,Avocado,Mumbai,209.19,2026-04-19
C008,P003,Tomato,Mumbai,85.46,2026-05-13
C046,P003,Tomato,Delhi,38.45,2026-06-15
C038,P004,Apple,Jaipur,184.81,2026-03-10
C008,P001,Avocado,Delhi,220.01,2026-02-09
C005,P002,Mango,Ahmedabad,182.65,2026-04-01
C016,P001,Avocado,Ahmedabad,238.15,2026-01-24
C005,P002,Mango,Ahmedabad,201.07,2026-03-07
C018,P003,Tomato,Mumbai,92.95,2026-02-17
C022,P004,Apple,Mumbai,267.0,2026-02-04
C039,P002,Mango,Delhi,140.36,2026-03-12
C034,P002,Mango,Ahmedabad,92.75,2026-04-02
C016,P004,Apple,Ahmedabad,269.8,2026-01-26
C022,P001,Avocado,Delhi,259.7,2026-05-20
C037,P001,Avocado,Mumbai,172.55,2026-06-10
C010,P001,Avocado,Mumbai,284.7,2026-02-04
C041,P004,Apple,Delhi,167.83,2026-06-04
C012,P002,Mango,Pune,172.66,2026-05-03
C037,P003,Tomato,Ahmedabad,47.2,2026-03-14
C012,P001,Avocado,Mumbai,225.29,2026-01-27
C002,P003,Tomato,Pune,49.83,2026-03-25
C015,P004,Apple,Pune,259.64,2026-04-01
C034,P002,Mango,Delhi,88.09,2026-02-22
C012,P003,Tomato,Jaipur,105.17,2026-02-11
C050,P001,Avocado,Delhi,261.91,2026-04-29
C026,P002,Mango,Jaipur,204.0,2026-05-23
C035,P004,Apple,Delhi,204.91,2026-01-07
C006,P001,Avocado,Pune,217.53,2026-05-23
C049,P001,Avocado,Jaipur,279.39,2026-05-20
C019,P004,Apple,Jaipur,178.34,2026-01-23
C010,P002,Mango,Mumbai,189.42,2026-02-23
C018,P002,Mango,Jaipur,124.84,2026-01-12
C028,P001,Avocado,Delhi,267.63,2026-04-03
C022,P004,Apple,Mumbai,248.34,2026-06-19
C017,P001,Avocado,Pune,296.42,2026-02-11
C016,P004,Apple,Pune,293.31,2026-03-20
C041,P001,Avocado,Pune,218.36,2026-04-26
C025,P002,Mango,Jaipur,144.9,2026-05-25
C036,P003,Tomato,Pune,66.34,2026-05-21
C025,P004,Apple,Mumbai,232.1,2026-02-23
C001,P001,Avocado,Jaipur,207.59,2026-03-19
C007,P004,Apple,Delhi,240.12,2026-03-14
C013,P002,Mango,Mumbai,105.54,2026-01-27
C031,P003,Tomato,Mumbai,117.77,2026-04-05
C030,P001,Avocado,Ahmedabad,243.27,2026-06-04
C021,P002,Mango,Delhi,175.44,2026-02-20
C046,P001,Avocado,Ahmedabad,328.67,2026-04-20
C042,P004,Apple,Ahmedabad,296.31,2026-04-26
C034,P003,Tomato,Ahmedabad,57.74,2026-06-21
C037,P002,Mango,Pune,190.94,2026-05-13
C045,P002,Mango,Jaipur,173.28,2026-04-28
C043,P001,Avocado,Delhi,272.38,2026-03-14
C043,P004,Apple,Ahmedabad,193.24,2026-02-19
C035,P002,Mango,Pune,182.29,2026-01-05
C038,P003,Tomato,Pune,84.25,2026-04-28
C042,P004,Apple,Jaipur,273.09,2026-06-29
C044,P001,Avocado,Jaipur,170.35,2026-06-30
C008,P002,Mango,Pune,93.42,2026-05-06
C018,P003,Tomato,Ahmedabad,116.59,2026-01-06
C013,P004,Apple,Mumbai,218.85,2026-01-31
C042,P004,Apple,Pune,168.96,2026-01-24
C035,P004,Apple,Pune,182.57,2026-01-05
C024,P002,Mango,Mumbai,121.98,2026-06-02
C021,P001,Avocado,Mumbai,190.1,2026-05-20
C027,P004,Apple,Ahmedabad,249.54,2026-06-07
C002,P003,Tomato,Pune,115.62,2026-01-08
C050,P002,Mango,Mumbai,95.65,2026-02-11
C049,P004,Apple,Ahmedabad,186.88,2026-06-10
C043,P003,Tomato,Pune,37.08,2026-05-01
C033,P004,Apple,Delhi,245.24,2026-04-13
C048,P002,Mango,Delhi,85.8,2026-06-28
C016,P001,Avocado,Pune,155.47,2026-06-15
C028,P001,Avocado,Jaipur,304.24,2026-05-21
C005,P002,Mango,Delhi,80.68,2026-03-27
C039,P001,Avocado,Ahmedabad,202.8,2026-05-14
C029,P003,Tomato,Ahmedabad,50.75,2026-01-30
C007,P003,Tomato,Mumbai,115.87,2026-04-15
C044,P004,Apple,Ahmedabad,142.14,2026-04-20
C048,P001,Avocado,Ahmedabad,276.19,2026-06-07
C047,P004,Apple,Ahmedabad,118.35,2026-04-26
C018,P002,Mango,Jaipur,222.72,2026-03-17
C016,P001,Avocado,Jaipur,171.46,2026-06-24
C020,P002,Mango,Delhi,208.53,2026-04-22
C006,P001,Avocado,Jaipur,221.58,2026-05-20
C010,P002,Mango,Pune,202.59,2026-04-11
C024,P001,Avocado,Jaipur,319.57,2026-01-17
C011,P001,Avocado,Pune,336.62,2026-03-17
C023,P003,Tomato,Jaipur,64.02,2026-01-23
C041,P002,Mango,Pune,141.96,2026-02-06
C034,P001,Avocado,Ahmedabad,278.11,2026-06-06
C040,P004,Apple,Jaipur,261.39,2026-05-05
C011,P002,Mango,Jaipur,141.86,2026-01-05
C003,P003,Tomato,Ahmedabad,64.4,2026-05-29
C022,P001,Avocado,Delhi,278.16,2026-03-04
C001,P004,Apple,Delhi,191.21,2026-06-23
C027,P003,Tomato,Delhi,113.93,2026-01-18
C003,P004,Apple,Jaipur,212.46,2026-05-08
C042,P002,Mango,Mumbai,162.87,2026-03-04
C050,P004,Apple,Ahmedabad,215.72,2026-01-05
C013,P001,Avocado,Mumbai,183.48,2026-01-27
C027,P001,Avocado,Jaipur,223.19,2026-05-14
C002,P003,Tomato,Pune,33.64,2026-06-17
C014,P003,Tomato,Mumbai,33.18,2026-02-18
C043,P001,Avocado,Jaipur,278.46,2026-04-13
C001,P003,Tomato,Pune,55.57,2026-02-12
C005,P004,Apple,Pune,120.37,2026-06-24
C046,P002,Mango,Mumbai,119.72,2026-03-06
C016,P001,Avocado,Pune,175.86,2026-01-19
C038,P004,Apple,Jaipur,213.95,2026-03-27
C044,P002,Mango,Mumbai,219.35,2026-02-14
C001,P002,Mango,Delhi,158.83,2026-05-01
C034,P002,Mango,Pune,132.09,2026-02-20
C008,P001,Avocado,Jaipur,287.92,2026-03-25
C025,P003,Tomato,Mumbai,100.15,2026-06-20
C044,P004,Apple,Ahmedabad,242.06,2026-06-05
C024,P003,Tomato,Ahmedabad,74.69,2026-02-03
C011,P001,Avocado,Delhi,287.52,2026-03-26
C021,P001,Avocado,Mumbai,333.59,2026-06-08
C039,P001,Avocado,Jaipur,340.93,2026-01-17
C018,P003,Tomato,Mumbai,55.19,2026-02-25
C012,P003,Tomato,Ahmedabad,50.25,2026-05-09
C033,P004,Apple,Mumbai,223.75,2026-04-14
C004,P004,Apple,Jaipur,267.87,2026-01-18
C011,P004,Apple,Delhi,213.51,2026-03-29
C045,P003,Tomato,Ahmedabad,92.22,2026-02-21
C044,P001,Avocado,Delhi,289.13,2026-01-23
C039,P003,Tomato,Mumbai,58.23,2026-06-22
C043,P003,Tomato,Pune,53.97,2026-02-12
C016,P002,Mango,Ahmedabad,174.57,2026-04-19
C036,P001,Avocado,Delhi,233.05,2026-05-26
C040,P001,Avocado,Mumbai,216.82,2026-04-23
C045,P003,Tomato,Mumbai,52.61,2026-06-14
C040,P002,Mango,Delhi,166.31,2026-01-04
C023,P002,Mango,Delhi,197.61,2026-01-12
C040,P002,Mango,Delhi,172.6,2026-06-04
C044,P001,Avocado,Delhi,333.18,2026-04-01
C028,P002,Mango,Mumbai,232.42,2026-05-18
C033,P003,Tomato,Ahmedabad,57.46,2026-06-18
C005,P004,Apple,Pune,121.79,2026-04-03
C038,P004,Apple,Mumbai,239.76,2026-01-18
C015,P002,Mango,Delhi,207.26,2026-05-28
C024,P001,Avocado,Delhi,226.24,2026-06-10
C026,P003,Tomato,Delhi,81.71,2026-06-13
C047,P004,Apple,Delhi,272.7,2026-03-21
C037,P001,Avocado,Jaipur,341.22,2026-05-15
C026,P004,Apple,Pune,263.77,2026-04-24
C008,P001,Avocado,Pune,275.13,2026-01-12
C021,P002,Mango,Pune,235.14,2026-04-10
C024,P001,Avocado,Jaipur,193.76,2026-01-11
C035,P002,Mango,Delhi,132.77,2026-05-14
C025,P001,Avocado,Jaipur,349.33,2026-04-29
C025,P003,Tomato,Ahmedabad,81.08,2026-02-19
C045,P004,Apple,Pune,261.62,2026-02-26
C022,P002,Mango,Jaipur,106.71,2026-05-17
C050,P002,Mango,Jaipur,201.76,2026-04-16
C010,P002,Mango,Mumbai,227.33,2026-05-08
C028,P001,Avocado,Mumbai,344.98,2026-05-20
C007,P004,Apple,Jaipur,131.04,2026-04-17
C014,P003,Tomato,Pune,37.97,2026-01-14
C048,P001,Avocado,Mumbai,202.29,2026-04-07
C041,P001,Avocado,Jaipur,334.03,2026-01-31
C050,P001,Avocado,Mumbai,274.62,2026-02-20
C038,P004,Apple,Ahmedabad,241.46,2026-05-07
C038,P001,Avocado,Ahmedabad,342.19,2026-04-02
C026,P004,Apple,Pune,299.29,2026-01-15
C023,P001,Avocado,Jaipur,253.34,2026-06-28
C037,P003,Tomato,Jaipur,62.67,2026-01-12
C012,P001,Avocado,Jaipur,297.58,2026-04-07
C019,P001,Avocado,Mumbai,299.09,2026-06-10
C043,P002,Mango,Pune,140.72,2026-06-08
C001,P003,Tomato,Pune,101.45,2026-01-06
C050,P003,Tomato,Jaipur,119.22,2026-01-25
C015,P003,Tomato,Mumbai,84.63,2026-02-19
C033,P004,Apple,Jaipur,261.27,2026-01-15
C040,P003,Tomato,Delhi,41.28,2026-03-09
C036,P003,Tomato,Pune,90.51,2026-04-03
C003,P001,Avocado,Mumbai,175.89,2026-04-05
C021,P003,Tomato,Pune,53.75,2026-04-06
C025,P003,Tomato,Mumbai,102.19,2026-01-07
C024,P001,Avocado,Ahmedabad,337.86,2026-06-03
C025,P001,Avocado,Jaipur,217.05,2026-02-21
C014,P003,Tomato,Ahmedabad,76.04,2026-04-20
C028,P001,Avocado,Ahmedabad,168.46,2026-05-08
C026,P001,Avocado,Pune,185.84,2026-02-19
C050,P003,Tomato,Ahmedabad,111.24,2026-05-03
C034,P004,Apple,Ahmedabad,250.89,2026-06-05
C021,P003,Tomato,Jaipur,59.71,2026-01-09
C042,P003,Tomato,Ahmedabad,68.7,2026-05-02
C042,P003,Tomato,Mumbai,110.28,2026-03-18
C039,P001,Avocado,Delhi,180.87,2026-01-02
C013,P001,Avocado,Mumbai,301.96,2026-02-20
C034,P003,Tomato,Pune,76.48,2026-02-17
C011,P004,Apple,Jaipur,143.18,2026-01-14
C044,P003,Tomato,Delhi,57.44,2026-02-25
C044,P004,Apple,Pune,232.32,2026-02-15
C042,P004,Apple,Ahmedabad,237.36,2026-05-17
C004,P003,Tomato,Mumbai,82.76,2026-01-16
C015,P002,Mango,Ahmedabad,80.43,2026-05-24
C005,P004,Apple,Delhi,244.95,2026-03-02
C006,P004,Apple,Jaipur,245.7,2026-06-23
C046,P004,Apple,Jaipur,275.99,2026-06-10
C024,P003,Tomato,Ahmedabad,84.13,2026-01-02
C018,P002,Mango,Jaipur,222.46,2026-05-21
C035,P001,Avocado,Delhi,258.94,2026-06-21
C034,P001,Avocado,Jaipur,323.59,2026-06-02
C043,P003,Tomato,Pune,56.0,2026-06-18
C006,P004,Apple,Mumbai,185.63,2026-06-07
C039,P003,Tomato,Jaipur,88.9,2026-06-12
C026,P001,Avocado,Ahmedabad,206.91,2026-05-16
C002,P003,Tomato,Mumbai,68.11,2026-04-10
C044,P001,Avocado,Pune,273.84,2026-06-01
C041,P002,Mango,Jaipur,195.45,2026-03-02
C009,P001,Avocado,Delhi,310.76,2026-02-15
C010,P001,Avocado,Mumbai,258.17,2026-01-20
C028,P004,Apple,Jaipur,244.52,2026-03-18
C025,P001,Avocado,Jaipur,260.32,2026-01-10
C017,P003,Tomato,Mumbai,30.11,2026-01-08
C044,P002,Mango,Jaipur,210.53,2026-05-29
C038,P003,Tomato,Ahmedabad,116.51,2026-01-03
C015,P001,Avocado,Mumbai,314.03,2026-02-15
C042,P001,Avocado,Delhi,192.2,2026-03-15
C018,P004,Apple,Delhi,241.85,2026-05-18
C021,P004,Apple,Ahmedabad,283.19,2026-01-27
C030,P003,Tomato,Jaipur,41.14,2026-04-17
C009,P004,Apple,Mumbai,245.63,2026-02-05
C038,P004,Apple,Delhi,228.09,2026-04-14
C031,P003,Tomato,Delhi,83.76,2026-02-22
C022,P001,Avocado,Ahmedabad,176.42,2026-04-18
C037,P003,Tomato,Ahmedabad,101.0,2026-03-20
C003,P004,Apple,Mumbai,202.76,2026-02-05
C035,P003,Tomato,Delhi,107.86,2026-04-24
C002,P002,Mango,Delhi,219.45,2026-02-01
C043,P001,Avocado,Pune,297.2,2026-05-12
C015,P001,Avocado,Pune,324.81,2026-04-25
C001,P002,Mango,Mumbai,223.86,2026-03-25
C024,P002,Mango,Pune,107.04,2026-04-06
C027,P002,Mango,Ahmedabad,194.76,2026-02-13
C042,P002,Mango,Jaipur,227.24,2026-01-18
C040,P003,Tomato,Mumbai,56.23,2026-06-05
C007,P003,Tomato,Jaipur,42.29,2026-01-09
C006,P003,Tomato,Mumbai,33.09,2026-03-08
C035,P003,Tomato,Mumbai,71.74,2026-05-17
C047,P004,Apple,Delhi,285.79,2026-01-31
C010,P001,Avocado,Ahmedabad,341.17,2026-06-21
C032,P002,Mango,Pune,121.89,2026-03-15
C028,P003,Tomato,Mumbai,119.63,2026-01-07
C037,P001,Avocado,Ahmedabad,209.1,2026-01-20
C045,P001,Avocado,Delhi,175.2,2026-03-11
C003,P002,Mango,Pune,126.86,2026-01-05
C017,P003,Tomato,Jaipur,85.55,2026-01-10
C044,P003,Tomato,Jaipur,84.73,2026-03-02
C010,P003,Tomato,Pune,76.72,2026-03-12
C032,P003,Tomato,Jaipur,112.94,2026-01-20
C040,P004,Apple,Jaipur,162.26,2026-03-25
C004,P002,Mango,Pune,189.73,2026-03-19
C003,P002,Mango,Mumbai,96.11,2026-01-08
C026,P004,Apple,Mumbai,171.37,2026-05-11
C025,P003,Tomato,Ahmedabad,76.72,2026-02-19
C035,P002,Mango,Jaipur,232.55,2026-02-08
C024,P004,Apple,Pune,134.87,2026-06-09
C035,P001,Avocado,Mumbai,315.2,2026-05-19
C023,P002,Mango,Jaipur,173.06,2026-02-23
C046,P003,Tomato,Jaipur,117.55,2026-06-14
C049,P002,Mango,Mumbai,121.83,2026-03-17
C010,P001,Avocado,Mumbai,187.84,2026-06-11
C047,P004,Apple,Jaipur,149.54,2026-05-03
C012,P002,Mango,Delhi,96.68,2026-01-20
C044,P001,Avocado,Delhi,280.07,2026-05-31
C032,P001,Avocado,Pune,241.17,2026-02-20
C002,P001,Avocado,Ahmedabad,170.46,2026-02-16
C009,P001,Avocado,Delhi,344.84,2026-01-08
C036,P002,Mango,Ahmedabad,128.85,2026-02-05
C001,P001,Avocado,Pune,315.45,2026-03-24
C037,P002,Mango,Delhi,159.02,2026-01-17
C048,P003,Tomato,Delhi,84.25,2026-04-01
C017,P003,Tomato,Delhi,102.92,2026-06-14
C021,P002,Mango,Pune,224.99,2026-05-25
C009,P004,Apple,Delhi,195.58,2026-06-02
C009,P002,Mango,Delhi,138.43,2026-05-10
C027,P003,Tomato,Ahmedabad,77.94,2026-03-07
C019,P004,Apple,Mumbai,109.7,2026-03-28
C031,P001,Avocado,Mumbai,193.09,2026-01-09
C035,P004,Apple,Jaipur,149.74,2026-01-29
C010,P002,Mango,Pune,179.82,2026-01-01
C049,P003,Tomato,Pune,118.85,2026-02-19
C009,P004,Apple,Pune,255.83,2026-04-29
C035,P001,Avocado,Pune,301.9,2026-06-19
C007,P002,Mango,Pune,131.53,2026-05-02
C048,P001,Avocado,Jaipur,156.67,2026-05-24
C003,P002,Mango,Mumbai,241.25,2026-03-27
C010,P003,Tomato,Mumbai,41.75,2026-01-17
C004,P003,Tomato,Ahmedabad,80.79,2026-06-02
C028,P002,Mango,Mumbai,163.94,2026-02-14
C008,P001,Avocado,Delhi,252.2,2026-06-26
C027,P003,Tomato,Ahmedabad,50.18,2026-06-13
C020,P004,Apple,Ahmedabad,267.75,2026-06-06
C028,P003,Tomato,Delhi,38.9,2026-02-25
C002,P003,Tomato,Jaipur,41.11,2026-02-15
C043,P003,Tomato,Mumbai,46.6,2026-05-14
C004,P002,Mango,Ahmedabad,96.81,2026-05-23
C001,P003,Tomato,Pune,117.62,2026-01-05
C037,P003,Tomato,Pune,94.75,2026-05-22
C015,P001,Avocado,Mumbai,342.31,2026-04-16
C025,P003,Tomato,Delhi,79.62,2026-04-08
C014,P004,Apple,Pune,229.67,2026-01-08
C008,P001,Avocado,Mumbai,257.13,2026-05-30
C029,P002,Mango,Mumbai,180.44,2026-05-12
C009,P002,Mango,Delhi,228.25,2026-04-28
C037,P001,Avocado,Ahmedabad,221.92,2026-03-02
C039,P001,Avocado,Mumbai,228.49,2026-03-26
C043,P004,Apple,Jaipur,244.86,2026-02-01
C041,P004,Apple,Mumbai,211.77,2026-05-30
C041,P002,Mango,Mumbai,239.24,2026-03-20
C027,P004,Apple,Delhi,147.83,2026-04-09
C049,P004,Apple,Delhi,146.04,2026-04-10
C011,P004,Apple,Ahmedabad,151.02,2026-01-20
C036,P001,Avocado,Ahmedabad,316.55,2026-01-21
C048,P003,Tomato,Pune,103.48,2026-01-31
C026,P004,Apple,Pune,280.6,2026-01-28
C037,P004,Apple,Jaipur,173.16,2026-04-07
C020,P001,Avocado,Jaipur,281.65,2026-02-25
C028,P002,Mango,Ahmedabad,110.99,2026-06-23
C042,P004,Apple,Mumbai,167.74,2026-01-29
C013,P004,Apple,Mumbai,156.32,2026-01-28
C021,P002,Mango,Ahmedabad,121.22,2026-02-25
C005,P003,Tomato,Delhi,52.18,2026-03-25
C023,P003,Tomato,Ahmedabad,31.46,2026-06-12
C016,P003,Tomato,Jaipur,93.23,2026-03-31
C007,P004,Apple,Delhi,212.95,2026-04-03
C032,P001,Avocado,Delhi,159.54,2026-05-30
C013,P001,Avocado,Ahmedabad,339.71,2026-05-05
C045,P004,Apple,Pune,173.74,2026-02-08
C039,P002,Mango,Jaipur,98.31,2026-02-02
C031,P002,Mango,Jaipur,133.74,2026-06-15
C026,P004,Apple,Delhi,283.05,2026-05-04
C043,P002,Mango,Delhi,146.32,2026-04-06
C002,P003,Tomato,Ahmedabad,78.17,2026-05-27
C010,P001,Avocado,Pune,298.57,2026-01-04
C010,P002,Mango,Mumbai,141.7,2026-06-14
C013,P003,Tomato,Jaipur,41.03,2026-03-28
C006,P003,Tomato,Delhi,50.58,2026-01-18
C048,P001,Avocado,Delhi,239.17,2026-05-25
C050,P004,Apple,Pune,171.06,2026-02-25
C024,P003,Tomato,Mumbai,84.27,2026-01-13
C002,P002,Mango,Delhi,102.27,2026-03-30
C013,P001,Avocado,Pune,343.92,2026-06-27
C040,P003,Tomato,Jaipur,116.92,2026-03-04
C034,P004,Apple,Ahmedabad,221.22,2026-04-02
C032,P004,Apple,Delhi,238.74,2026-04-17
C016,P002,Mango,Pune,196.49,2026-05-29
C019,P004,Apple,Pune,255.55,2026-05-08
C016,P004,Apple,Mumbai,173.43,2026-05-21
C026,P002,Mango,Ahmedabad,248.64,2026-03-15
C041,P001,Avocado,Jaipur,235.06,2026-05-30
C001,P001,Avocado,Jaipur,243.3,2026-02-07
C007,P001,Avocado,Delhi,209.8,2026-03-02
C044,P003,Tomato,Mumbai,71.73,2026-03-31
C020,P003,Tomato,Pune,82.87,2026-03-06
C035,P004,Apple,Mumbai,132.22,2026-06-09
C049,P003,Tomato,Pune,76.99,2026-03-16
C031,P004,Apple,Ahmedabad,275.99,2026-05-27
C049,P004,Apple,Delhi,167.0,2026-06-12
C012,P004,Apple,Ahmedabad,148.8,2026-06-08
C014,P003,Tomato,Pune,87.76,2026-04-26
C021,P004,Apple,Pune,247.13,2026-05-09
C011,P001,Avocado,Ahmedabad,269.97,2026-05-30
C022,P003,Tomato,Jaipur,55.76,2026-02-10
C024,P001,Avocado,Delhi,238.83,2026-02-27
C045,P004,Apple,Jaipur,142.86,2026-01-05
C024,P001,Avocado,Ahmedabad,162.69,2026-03-05
C036,P003,Tomato,Mumbai,91.88,2026-02-20
C017,P002,Mango,Jaipur,235.18,2026-01-27
C028,P001,Avocado,Jaipur,263.23,2026-02-21
C049,P002,Mango,Delhi,183.91,2026-02-19
C031,P001,Avocado,Jaipur,230.43,2026-02-06
C015,P002,Mango,Mumbai,140.26,2026-05-27
C048,P004,Apple,Ahmedabad,218.06,2026-05-13
C036,P004,Apple,Mumbai,278.23,2026-06-19
C012,P003,Tomato,Mumbai,111.23,2026-05-02
C039,P004,Apple,Delhi,284.36,2026-03-20
C004,P001,Avocado,Ahmedabad,226.1,2026-02-02
C048,P002,Mango,Delhi,126.66,2026-06-09
C007,P001,Avocado,Jaipur,235.64,2026-01-10
C022,P003,Tomato,Ahmedabad,95.63,2026-06-06
C043,P002,Mango,Delhi,240.57,2026-01-24
C043,P002,Mango,Delhi,240.43,2026-06-09
C006,P003,Tomato,Jaipur,93.63,2026-02-27
C014,P001,Avocado,Jaipur,265.73,2026-03-14
C037,P003,Tomato,Delhi,38.57,2026-05-15
C007,P003,Tomato,Pune,60.21,2026-03-10
C038,P004,Apple,Pune,213.81,2026-06-03
C002,P003,Tomato,Jaipur,36.25,2026-06-11
C032,P002,Mango,Pune,168.38,2026-01-18
C009,P004,Apple,Ahmedabad,112.95,2026-05-14
C028,P002,Mango,Ahmedabad,181.03,2026-04-09
C034,P003,Tomato,Mumbai,119.47,2026-03-06
C020,P001,Avocado,Delhi,241.64,2026-05-10
C049,P001,Avocado,Jaipur,262.51,2026-06-05
C011,P004,Apple,Delhi,153.48,2026-05-20
C040,P001,Avocado,Jaipur,347.17,2026-02-25
C022,P004,Apple,Jaipur,268.49,2026-02-01
C011,P003,Tomato,Ahmedabad,110.56,2026-04-25
C034,P003,Tomato,Jaipur,116.85,2026-04-20
C046,P004,Apple,Jaipur,250.53,2026-01-08
C021,P001,Avocado,Mumbai,183.09,2026-02-06
C037,P001,Avocado,Mumbai,285.0,2026-01-18
C007,P002,Mango,Delhi,132.05,2026-05-06
C037,P004,Apple,Mumbai,132.03,2026-04-22
C022,P004,Apple,Jaipur,277.34,2026-06-03
C005,P004,Apple,Ahmedabad,132.22,2026-05-19
C022,P003,Tomato,Mumbai,61.45,2026-01-18
C017,P004,Apple,Pune,226.83,2026-04-03
C037,P004,Apple,Pune,285.01,2026-01-31
C034,P003,Tomato,Delhi,94.22,2026-06-07
C017,P002,Mango,Delhi,116.28,2026-03-20
C048,P002,Mango,Pune,149.79,2026-05-16
C016,P004,Apple,Ahmedabad,199.22,2026-02-03
C016,P003,Tomato,Jaipur,77.9,2026-03-30
C023,P002,Mango,Ahmedabad,224.52,2026-01-10
C019,P003,Tomato,Jaipur,43.48,2026-01-02
C014,P002,Mango,Jaipur,136.84,2026-02-23
C005,P002,Mango,Jaipur,98.94,2026-04-27
C007,P002,Mango,Ahmedabad,211.64,2026-03-14
C045,P002,Mango,Jaipur,161.75,2026-01-04
C012,P003,Tomato,Ahmedabad,100.46,2026-04-15
C022,P001,Avocado,Jaipur,196.99,2026-05-10
C043,P004,Apple,Jaipur,188.68,2026-02-27
C003,P004,Apple,Jaipur,163.81,2026-05-09
C024,P004,Apple,Jaipur,274.22,2026-05-17
C020,P002,Mango,Ahmedabad,169.23,2026-02-08
C008,P003,Tomato,Delhi,76.09,2026-02-08
C025,P003,Tomato,Ahmedabad,66.06,2026-01-07
C003,P001,Avocado,Delhi,197.42,2026-03-10
C018,P001,Avocado,Delhi,157.91,2026-04-20
C016,P002,Mango,Delhi,152.53,2026-05-12
C003,P004,Apple,Delhi,251.35,2026-06-03
C007,P001,Avocado,Pune,228.49,2026-03-11
C028,P001,Avocado,Mumbai,209.26,2026-05-03
C011,P002,Mango,Ahmedabad,82.16,2026-05-07
C015,P001,Avocado,Delhi,211.7,2026-01-04
C016,P001,Avocado,Pune,330.71,2026-02-13
C039,P002,Mango,Mumbai,217.88,2026-01-22
C020,P004,Apple,Delhi,162.27,2026-03-08
C024,P001,Avocado,Jaipur,267.43,2026-02-24
C023,P002,Mango,Delhi,184.7,2026-03-21
C005,P001,Avocado,Delhi,261.75,2026-03-03
C020,P004,Apple,Pune,125.37,2026-01-25
C023,P003,Tomato,Delhi,115.56,2026-05-02
C007,P004,Apple,Delhi,163.34,2026-02-19
C004,P004,Apple,Jaipur,282.34,2026-05-19
C046,P001,Avocado,Ahmedabad,236.1,2026-01-26
C042,P004,Apple,Pune,176.53,2026-05-05
C046,P002,Mango,Ahmedabad,116.76,2026-02-04
C050,P003,Tomato,Jaipur,117.09,2026-03-11
C033,P003,Tomato,Jaipur,37.87,2026-03-16
C048,P004,Apple,Pune,146.02,2026-04-24
C046,P003,Tomato,Pune,56.32,2026-06-18
C019,P002,Mango,Ahmedabad,231.79,2026-01-13
C002,P003,Tomato,Delhi,95.87,2026-06-30
C014,P004,Apple,Mumbai,225.9,2026-02-02
C022,P002,Mango,Mumbai,100.16,2026-02-01
C034,P001,Avocado,Delhi,298.07,2026-05-04
C011,P004,Apple,Pune,226.97,2026-06-14
C040,P001,Avocado,Jaipur,175.88,2026-05-13
C013,P002,Mango,Ahmedabad,212.81,2026-05-19
C013,P004,Apple,Pune,123.76,2026-04-17
C014,P004,Apple,Pune,153.76,2026-05-24
C017,P001,Avocado,Mumbai,324.29,2026-05-07
C047,P001,Avocado,Ahmedabad,193.95,2026-01-09
C027,P001,Avocado,Delhi,161.43,2026-01-27
C020,P003,Tomato,Ahmedabad,87.63,2026-01-16
C022,P004,Apple,Ahmedabad,287.02,2026-06-11
C045,P001,Avocado,Pune,283.84,2026-03-26
C034,P003,Tomato,Pune,71.29,2026-01-29
C003,P004,Apple,Pune,237.98,2026-05-20
C007,P004,Apple,Jaipur,165.77,2026-04-22
C030,P002,Mango,Mumbai,226.92,2026-05-30
C031,P003,Tomato,Jaipur,115.4,2026-02-17
C047,P002,Mango,Pune,160.18,2026-02-21
C034,P004,Apple,Pune,119.17,2026-04-10
C042,P001,Avocado,Mumbai,278.4,2026-01-29
C048,P003,Tomato,Pune,65.63,2026-01-07
C003,P004,Apple,Delhi,209.31,2026-06-23
C004,P004,Apple,Pune,299.89,2026-04-08
C019,P002,Mango,Jaipur,85.89,2026-04-28
C009,P002,Mango,Mumbai,113.68,2026-06-13
C041,P001,Avocado,Mumbai,309.67,2026-02-07
C013,P004,Apple,Pune,148.97,2026-04-01
C010,P002,Mango,Jaipur,116.54,2026-04-03
C050,P003,Tomato,Pune,34.93,2026-05-24
C046,P003,Tomato,Delhi,119.66,2026-01-26
C040,P003,Tomato,Mumbai,87.58,2026-06-30
C036,P002,Mango,Pune,194.7,2026-04-01
C039,P001,Avocado,Delhi,200.55,2026-06-29
C005,P004,Apple,Jaipur,164.43,2026-06-09
C041,P004,Apple,Mumbai,288.43,2026-01-07
C001,P003,Tomato,Delhi,44.65,2026-02-18
C021,P001,Avocado,Delhi,224.65,2026-05-05
C029,P004,Apple,Delhi,252.76,2026-02-10
C045,P002,Mango,Ahmedabad,220.33,2026-02-07
C018,P002,Mango,Pune,89.31,2026-05-25
C013,P004,Apple,Delhi,101.18,2026-06-27
C043,P002,Mango,Jaipur,80.88,2026-03-10
C021,P004,Apple,Jaipur,274.18,2026-02-20
C018,P004,Apple,Ahmedabad,110.54,2026-06-06
C040,P003,Tomato,Delhi,49.43,2026-06-18
C044,P003,Tomato,Mumbai,99.45,2026-06-26
C022,P004,Apple,Delhi,297.74,2026-04-15
C025,P002,Mango,Pune,241.17,2026-03-13
C048,P004,Apple,Pune,255.19,2026-02-24
C006,P001,Avocado,Ahmedabad,335.82,2026-04-28
C017,P001,Avocado,Pune,155.53,2026-01-26
C022,P001,Avocado,Ahmedabad,306.22,2026-02-02
C012,P004,Apple,Mumbai,216.79,2026-01-02
C031,P003,Tomato,Delhi,73.43,2026-02-14
C048,P003,Tomato,Pune,99.45,2026-06-05
C034,P002,Mango,Jaipur,175.09,2026-02-22
C014,P003,Tomato,Pune,103.7,2026-03-10
C029,P003,Tomato,Delhi,37.78,2026-03-06
C021,P003,Tomato,Delhi,95.45,2026-02-28
C028,P003,Tomato,Jaipur,56.38,2026-06-24
C027,P002,Mango,Delhi,121.72,2026-01-05
C002,P001,Avocado,Delhi,168.81,2026-04-08
C049,P002,Mango,Pune,89.77,2026-04-10
C003,P004,Apple,Delhi,233.02,2026-02-08
C022,P003,Tomato,Delhi,118.01,2026-05-21
C040,P001,Avocado,Mumbai,215.12,2026-03-27
C002,P001,Avocado,Pune,301.75,2026-01-01
C038,P004,Apple,Ahmedabad,236.77,2026-01-27
C036,P004,Apple,Delhi,226.31,2026-04-09
C019,P002,Mango,Pune,99.77,2026-06-14
C029,P001,Avocado,Delhi,333.68,2026-04-06
C031,P004,Apple,Jaipur,230.56,2026-01-02
C048,P002,Mango,Delhi,182.29,2026-03-13
C020,P001,Avocado,Ahmedabad,331.99,2026-03-16
C009,P002,Mango,Mumbai,188.84,2026-03-13
C048,P002,Mango,Delhi,235.4,2026-02-16
C006,P004,Apple,Jaipur,253.18,2026-01-30
C024,P001,Avocado,Jaipur,306.59,2026-05-31
C034,P004,Apple,Ahmedabad,142.21,2026-03-26
C045,P001,Avocado,Delhi,330.87,2026-06-05
C020,P003,Tomato,Jaipur,31.05,2026-06-08
C017,P003,Tomato,Mumbai,55.33,2026-02-21
C022,P002,Mango,Delhi,135.25,2026-02-07
C042,P002,Mango,Mumbai,149.36,2026-01-02
C034,P002,Mango,Mumbai,85.81,2026-01-20
C009,P003,Tomato,Jaipur,80.2,2026-03-23
C034,P001,Avocado,Ahmedabad,304.88,2026-05-12
C010,P004,Apple,Delhi,159.18,2026-05-01
C039,P001,Avocado,Delhi,178.96,2026-06-29
C017,P003,Tomato,Delhi,118.5,2026-06-13
C001,P002,Mango,Jaipur,181.12,2026-02-02
C024,P002,Mango,Ahmedabad,181.25,2026-06-22
C028,P003,Tomato,Jaipur,55.49,2026-03-13
C050,P004,Apple,Mumbai,163.67,2026-01-24
C006,P004,Apple,Pune,244.71,2026-01-26
C029,P002,Mango,Delhi,109.32,2026-06-21
C041,P001,Avocado,Pune,305.47,2026-04-28
C007,P001,Avocado,Ahmedabad,160.13,2026-06-17
C046,P002,Mango,Delhi,101.46,2026-06-16
C035,P001,Avocado,Ahmedabad,215.84,2026-06-17
C011,P003,Tomato,Ahmedabad,41.17,2026-04-18
C048,P001,Avocado,Delhi,311.11,2026-05-29
C050,P001,Avocado,Jaipur,178.86,2026-04-29
C015,P004,Apple,Delhi,293.63,2026-02-04
C021,P003,Tomato,Jaipur,74.65,2026-03-16
C024,P003,Tomato,Mumbai,88.52,2026-01-16
C011,P003,Tomato,Mumbai,84.18,2026-02-18
C003,P003,Tomato,Pune,101.99,2026-01-23
C036,P003,Tomato,Jaipur,115.83,2026-04-06
C021,P001,Avocado,Pune,238.42,2026-05-19
C050,P004,Apple,Mumbai,180.12,2026-04-18
C032,P002,Mango,Pune,115.24,2026-06-30
C038,P004,Apple,Mumbai,123.47,2026-04-04
C010,P004,Apple,Pune,110.86,2026-04-01
C019,P001,Avocado,Delhi,208.57,2026-05-25
C050,P002,Mango,Jaipur,104.52,2026-01-15
C025,P002,Mango,Jaipur,115.32,2026-05-06
C004,P004,Apple,Mumbai,113.41,2026-03-23
C040,P003,Tomato,Ahmedabad,95.9,2026-06-20
C039,P004,Apple,Jaipur,166.9,2026-02-09
C009,P002,Mango,Pune,223.66,2026-03-23
C029,P003,Tomato,Jaipur,89.25,2026-02-11
C023,P004,Apple,Delhi,263.93,2026-01-17
C016,P003,Tomato,Delhi,112.13,2026-04-16
C015,P002,Mango,Jaipur,224.55,2026-01-31
C034,P004,Apple,Mumbai,236.1,2026-03-10
C037,P003,Tomato,Delhi,99.79,2026-05-15
C038,P004,Apple,Mumbai,291.05,2026-05-15
C004,P003,Tomato,Ahmedabad,88.87,2026-05-10
C008,P003,Tomato,Delhi,49.31,2026-03-29
C026,P001,Avocado,Ahmedabad,249.21,2026-05-22
C002,P003,Tomato,Pune,101.99,2026-01-27
C044,P003,Tomato,Ahmedabad,100.04,2026-01-19
C038,P001,Avocado,Delhi,265.3,2026-06-18
C023,P003,Tomato,Delhi,91.89,2026-05-05
C048,P002,Mango,Mumbai,236.6,2026-03-09
C006,P002,Mango,Delhi,83.88,2026-04-12
C009,P003,Tomato,Ahmedabad,119.3,2026-05-02
C050,P004,Apple,Ahmedabad,200.33,2026-04-28
C025,P001,Avocado,Mumbai,319.66,2026-03-07
C017,P004,Apple,Ahmedabad,266.01,2026-06-14
C013,P002,Mango,Ahmedabad,162.39,2026-03-20
C050,P001,Avocado,Jaipur,175.26,2026-05-01
C020,P003,Tomato,Pune,76.4,2026-06-29
C008,P003,Tomato,Mumbai,108.33,2026-05-12
C004,P002,Mango,Jaipur,103.49,2026-06-08
C044,P004,Apple,Delhi,140.94,2026-05-16
C001,P001,Avocado,Delhi,278.43,2026-05-04
C022,P002,Mango,Mumbai,132.14,2026-03-10
C019,P003,Tomato,Ahmedabad,33.29,2026-05-30
C047,P003,Tomato,Mumbai,97.73,2026-03-09
C040,P003,Tomato,Mumbai,81.15,2026-05-22
C015,P004,Apple,Jaipur,176.36,2026-02-01
C017,P002,Mango,Mumbai,97.37,2026-01-17
C048,P003,Tomato,Ahmedabad,66.52,2026-04-01
C017,P004,Apple,Ahmedabad,180.18,2026-04-07
C049,P001,Avocado,Pune,244.1,2026-01-07
C024,P004,Apple,Ahmedabad,232.83,2026-01-20
C042,P002,Mango,Ahmedabad,206.3,2026-04-01
C016,P001,Avocado,Ahmedabad,318.89,2026-01-27
C033,P002,Mango,Jaipur,166.19,2026-01-25
C022,P001,Avocado,Delhi,223.63,2026-05-30
C029,P004,Apple,Mumbai,100.95,2026-06-29
C026,P002,Mango,Pune,183.05,2026-04-08
C036,P002,Mango,Pune,229.88,2026-01-14
C038,P003,Tomato,Jaipur,83.9,2026-05-01
C042,P003,Tomato,Jaipur,68.84,2026-05-03
C007,P003,Tomato,Mumbai,41.11,2026-04-10
C002,P002,Mango,Pune,102.42,2026-01-20
C029,P003,Tomato,Pune,106.61,2026-03-06
C005,P001,Avocado,Jaipur,320.04,2026-06-18
C004,P003,Tomato,Jaipur,74.19,2026-02-14
C014,P003,Tomato,Mumbai,66.28,2026-02-13
C001,P001,Avocado,Delhi,218.51,2026-01-31
C030,P001,Avocado,Ahmedabad,319.39,2026-01-03
C028,P004,Apple,Mumbai,114.46,2026-01-03
C011,P001,Avocado,Delhi,325.41,2026-01-12
C038,P004,Apple,Delhi,269.38,2026-03-05
C033,P003,Tomato,Pune,49.57,2026-06-25
C038,P001,Avocado,Pune,331.55,2026-06-12
C048,P002,Mango,Pune,236.85,2026-05-02
C041,P001,Avocado,Jaipur,278.75,2026-04-24
C043,P001,Avocado,Jaipur,287.99,2026-02-09
C024,P001,Avocado,Pune,250.26,2026-03-14
C041,P002,Mango,Pune,133.2,2026-02-02
C012,P001,Avocado,Mumbai,279.97,2026-01-06
C016,P002,Mango,Ahmedabad,168.13,2026-02-19
C023,P004,Apple,Jaipur,150.44,2026-01-15
C036,P001,Avocado,Mumbai,339.69,2026-06-14
C045,P002,Mango,Ahmedabad,153.97,2026-02-22
C022,P001,Avocado,Delhi,181.02,2026-05-06
C006,P004,Apple,Ahmedabad,261.32,2026-04-12
C003,P001,Avocado,Jaipur,283.62,2026-06-18
C036,P001,Avocado,Mumbai,302.87,2026-03-21
C036,P002,Mango,Mumbai,117.59,2026-02-08
C034,P004,Apple,Delhi,184.45,2026-01-30
C026,P003,Tomato,Mumbai,106.14,2026-02-25
C043,P003,Tomato,Pune,76.24,2026-02-21
C011,P004,Apple,Ahmedabad,233.89,2026-03-12
C038,P002,Mango,Mumbai,136.91,2026-06-12
C048,P001,Avocado,Mumbai,178.71,2026-02-27
C007,P001,Avocado,Delhi,324.83,2026-05-15
C050,P001,Avocado,Pune,308.24,2026-03-17
C012,P003,Tomato,Delhi,99.45,2026-03-14
C014,P001,Avocado,Pune,342.31,2026-05-26
C042,P003,Tomato,Mumbai,92.57,2026-03-05
C023,P002,Mango,Pune,161.27,2026-06-09
C006,P001,Avocado,Pune,254.29,2026-03-08
C026,P001,Avocado,Ahmedabad,291.89,2026-03-14
C002,P003,Tomato,Ahmedabad,86.7,2026-05-12
C035,P004,Apple,Jaipur,164.53,2026-04-14
C041,P004,Apple,Delhi,274.74,2026-06-27
C036,P002,Mango,Pune,84.13,2026-02-08
C030,P001,Avocado,Ahmedabad,321.48,2026-01-30
C011,P004,Apple,Pune,236.64,2026-01-09
C038,P001,Avocado,Delhi,215.42,2026-05-29
C020,P003,Tomato,Pune,84.69,2026-04-20
C022,P004,Apple,Delhi,270.71,2026-03-26
C020,P001,Avocado,Jaipur,282.42,2026-06-17
C042,P003,Tomato,Pune,71.09,2026-06-18
C026,P004,Apple,Pune,254.06,2026-05-27
C030,P004,Apple,Pune,129.23,2026-05-23
C041,P001,Avocado,Pune,228.11,2026-05-20
C001,P003,Tomato,Delhi,39.94,2026-05-26
C002,P002,Mango,Mumbai,141.65,2026-02-18
C007,P002,Mango,Mumbai,112.44,2026-06-16
C027,P003,Tomato,Ahmedabad,44.52,2026-03-25
C008,P004,Apple,Ahmedabad,279.64,2026-04-14
C003,P001,Avocado,Jaipur,321.72,2026-04-16
C045,P001,Avocado,Pune,324.5,2026-04-07
C044,P002,Mango,Pune,140.33,2026-02-14
C025,P004,Apple,Pune,192.2,2026-03-22
C019,P003,Tomato,Delhi,96.21,2026-06-14
C046,P002,Mango,Delhi,92.87,2026-01-09
C029,P003,Tomato,Ahmedabad,46.04,2026-01-20
C038,P003,Tomato,Pune,33.47,2026-04-14
C014,P001,Avocado,Pune,151.54,2026-04-25
C044,P003,Tomato,Delhi,98.26,2026-04-29
C034,P004,Apple,Mumbai,260.49,2026-05-25
C020,P004,Apple,Pune,298.46,2026-03-23
C008,P003,Tomato,Mumbai,93.49,2026-02-10
C031,P004,Apple,Delhi,171.9,2026-05-31
C016,P003,Tomato,Jaipur,42.16,2026-06-22
C046,P002,Mango,Delhi,167.06,2026-03-28
C018,P002,Mango,Mumbai,189.16,2026-01-19
C021,P001,Avocado,Jaipur,324.15,2026-03-16
C010,P003,Tomato,Ahmedabad,99.09,2026-01-10
C010,P002,Mango,Delhi,128.8,2026-01-25
C027,P004,Apple,Pune,185.81,2026-03-25
C030,P001,Avocado,Mumbai,179.16,2026-05-30
C018,P003,Tomato,Jaipur,50.76,2026-06-27
C043,P003,Tomato,Jaipur,108.09,2026-03-27
C016,P003,Tomato,Mumbai,83.05,2026-06-26
C010,P002,Mango,Jaipur,122.57,2026-01-11
C044,P002,Mango,Delhi,137.14,2026-03-17
C025,P002,Mango,Pune,123.07,2026-01-06
C037,P004,Apple,Pune,120.7,2026-03-10
C007,P002,Mango,Jaipur,192.27,2026-06-30
C021,P001,Avocado,Mumbai,163.27,2026-02-21
C002,P002,Mango,Pune,242.77,2026-01-29
C013,P002,Mango,Delhi,98.78,2026-02-01
C007,P001,Avocado,Mumbai,323.83,2026-03-07
C038,P003,Tomato,Ahmedabad,83.31,2026-03-15
C011,P001,Avocado,Delhi,330.61,2026-03-05
C049,P001,Avocado,Pune,295.52,2026-03-19
C004,P001,Avocado,Delhi,203.19,2026-04-05
C043,P004,Apple,Ahmedabad,177.69,2026-05-13
C048,P003,Tomato,Delhi,110.83,2026-04-10
C003,P004,Apple,Pune,184.35,2026-03-04
C015,P002,Mango,Mumbai,108.06,2026-06-23
C024,P003,Tomato,Pune,72.23,2026-04-26
C035,P004,Apple,Mumbai,209.02,2026-06-22
C007,P002,Mango,Ahmedabad,118.41,2026-06-26
C022,P001,Avocado,Mumbai,191.67,2026-05-18
C050,P001,Avocado,Ahmedabad,252.27,2026-06-05
C019,P004,Apple,Mumbai,264.15,2026-05-19
C029,P001,Avocado,Ahmedabad,331.18,2026-06-27
C023,P001,Avocado,Delhi,284.5,2026-04-26
C001,P003,Tomato,Delhi,112.03,2026-06-12
C006,P003,Tomato,Mumbai,30.85,2026-05-16
C027,P001,Avocado,Jaipur,204.09,2026-02-16
C023,P004,Apple,Delhi,176.95,2026-02-08
C031,P003,Tomato,Mumbai,95.57,2026-05-16
C048,P003,Tomato,Jaipur,112.86,2026-06-19
C014,P001,Avocado,Mumbai,256.9,2026-05-17
C043,P003,Tomato,Delhi,62.47,2026-01-08
C038,P001,Avocado,Jaipur,209.24,2026-04-15
C027,P004,Apple,Mumbai,109.79,2026-03-03
C043,P002,Mango,Ahmedabad,139.04,2026-05-15
C019,P001,Avocado,Pune,307.32,2026-05-27
C017,P002,Mango,Ahmedabad,242.9,2026-05-14
C024,P001,Avocado,Pune,204.63,2026-03-01
C044,P004,Apple,Delhi,267.92,2026-04-23
C012,P002,Mango,Delhi,125.85,2026-04-07
C033,P001,Avocado,Pune,342.19,2026-05-01
C046,P002,Mango,Jaipur,216.06,2026-01-14
C006,P001,Avocado,Delhi,347.4,2026-06-15
C049,P003,Tomato,Delhi,45.47,2026-04-11
C044,P003,Tomato,Pune,73.27,2026-04-30
C029,P002,Mango,Jaipur,95.21,2026-01-26
C018,P002,Mango,Delhi,242.84,2026-03-07
C047,P003,Tomato,Jaipur,39.24,2026-06-02
C006,P004,Apple,Mumbai,201.63,2026-05-14
C022,P003,Tomato,Delhi,69.99,2026-06-07
C039,P002,Mango,Ahmedabad,119.71,2026-06-04
C044,P002,Mango,Ahmedabad,201.29,2026-05-07
C003,P004,Apple,Pune,256.24,2026-03-05
C002,P004,Apple,Jaipur,165.23,2026-04-24
C006,P001,Avocado,Mumbai,221.6,2026-01-10
C007,P004,Apple,Ahmedabad,211.32,2026-02-08
C032,P004,Apple,Delhi,190.16,2026-02-27
C022,P001,Avocado,Jaipur,205.68,2026-06-08
C038,P003,Tomato,Jaipur,47.8,2026-02-06
C033,P001,Avocado,Delhi,216.16,2026-01-29
C041,P002,Mango,Delhi,216.44,2026-02-25
C013,P003,Tomato,Ahmedabad,40.11,2026-06-29
C017,P003,Tomato,Delhi,84.52,2026-04-07
C049,P002,Mango,Delhi,231.65,2026-03-28
C008,P004,Apple,Jaipur,295.61,2026-03-24
C009,P001,Avocado,Ahmedabad,253.28,2026-03-12
C020,P003,Tomato,Pune,64.33,2026-02-13
C049,P004,Apple,Pune,196.38,2026-02-13
C036,P001,Avocado,Mumbai,247.59,2026-04-29
C033,P003,Tomato,Pune,84.21,2026-03-19
C006,P003,Tomato,Mumbai,32.47,2026-01-22
C005,P004,Apple,Ahmedabad,176.23,2026-03-12
C015,P004,Apple,Delhi,289.63,2026-03-30
C011,P003,Tomato,Delhi,74.58,2026-04-23
C019,P002,Mango,Delhi,192.04,2026-06-13
C017,P003,Tomato,Ahmedabad,80.57,2026-01-02
C023,P003,Tomato,Ahmedabad,57.29,2026-04-25
C005,P001,Avocado,Pune,231.42,2026-03-27
C050,P004,Apple,Delhi,139.03,2026-06-06
C049,P003,Tomato,Pune,31.08,2026-04-28
C016,P002,Mango,Pune,89.14,2026-02-23
C001,P002,Mango,Mumbai,185.17,2026-05-27
C044,P003,Tomato,Mumbai,51.95,2026-02-16
C031,P001,Avocado,Pune,241.2,2026-02-28
C041,P004,Apple,Ahmedabad,144.44,2026-01-11
C028,P001,Avocado,Pune,317.91,2026-02-15
C032,P004,Apple,Ahmedabad,235.91,2026-05-02
C036,P002,Mango,Pune,177.11,2026-01-13
C047,P001,Avocado,Jaipur,226.21,2026-06-24
C011,P003,Tomato,Delhi,112.5,2026-05-10
C016,P003,Tomato,Pune,43.18,2026-05-14
C001,P004,Apple,Mumbai,292.47,2026-06-05
C004,P002,Mango,Jaipur,203.35,2026-05-06
C046,P001,Avocado,Delhi,297.04,2026-01-02
C049,P002,Mango,Ahmedabad,165.35,2026-02-14
C006,P004,Apple,Jaipur,263.93,2026-03-21
C042,P001,Avocado,Mumbai,265.98,2026-01-31
C014,P003,Tomato,Jaipur,112.39,2026-05-28
C030,P002,Mango,Pune,180.05,2026-04-24
C048,P001,Avocado,Pune,202.38,2026-03-22
C020,P001,Avocado,Pune,217.46,2026-02-26
C016,P001,Avocado,Mumbai,251.84,2026-01-18
C041,P003,Tomato,Mumbai,76.53,2026-06-09
C032,P001,Avocado,Ahmedabad,177.43,2026-02-22
C034,P004,Apple,Ahmedabad,176.85,2026-04-05
C029,P003,Tomato,Mumbai,103.42,2026-04-07
C044,P002,Mango,Ahmedabad,194.41,2026-03-15
C009,P002,Mango,Jaipur,195.15,2026-05-12
C029,P003,Tomato,Delhi,73.48,2026-05-10
C036,P004,Apple,Mumbai,124.51,2026-05-12
C033,P001,Avocado,Delhi,180.1,2026-06-05
C017,P001,Avocado,Ahmedabad,193.53,2026-04-08
C012,P001,Avocado,Delhi,157.05,2026-04-06
C047,P004,Apple,Mumbai,179.08,2026-03-07
C031,P001,Avocado,Delhi,156.2,2026-04-29
C004,P003,Tomato,Jaipur,89.61,2026-05-10
C020,P003,Tomato,Pune,85.34,2026-06-06
C019,P004,Apple,Mumbai,142.04,2026-04-25
C030,P002,Mango,Delhi,208.94,2026-06-29
C036,P002,Mango,Delhi,148.02,2026-01-29
C036,P003,Tomato,Pune,80.29,2026-04-23
C021,P002,Mango,Mumbai,233.66,2026-02-11
C035,P001,Avocado,Pune,237.88,2026-04-28
C043,P004,Apple,Ahmedabad,194.21,2026-04-20
C010,P001,Avocado,Pune,335.54,2026-03-29
C044,P001,Avocado,Ahmedabad,214.03,2026-06-24
C032,P001,Avocado,Pune,314.97,2026-04-05
C025,P002,Mango,Delhi,220.34,2026-03-23
C009,P003,Tomato,Mumbai,57.21,2026-04-19
C009,P002,Mango,Delhi,141.41,2026-05-11
C028,P002,Mango,Delhi,172.92,2026-03-03
C050,P002,Mango,Jaipur,86.12,2026-06-17
C048,P002,Mango,Ahmedabad,117.13,2026-06-14
C019,P004,Apple,Jaipur,292.49,2026-03-09
C023,P004,Apple,Delhi,104.66,2026-03-22
C003,P002,Mango,Ahmedabad,92.5,2026-06-18
C036,P002,Mango,Jaipur,204.39,2026-06-23
C034,P001,Avocado,Jaipur,193.86,2026-05-29
C022,P001,Avocado,Jaipur,183.21,2026-01-26
C047,P004,Apple,Pune,161.64,2026-05-03
C029,P002,Mango,Delhi,150.12,2026-02-24
C017,P002,Mango,Pune,230.29,2026-01-21
C050,P001,Avocado,Delhi,298.91,2026-01-07
C017,P004,Apple,Pune,172.51,2026-04-16
C033,P003,Tomato,Delhi,36.73,2026-06-23
C034,P003,Tomato,Pune,81.54,2026-04-25
C036,P002,Mango,Delhi,98.05,2026-06-24
C039,P004,Apple,Ahmedabad,195.96,2026-06-23
C028,P003,Tomato,Mumbai,45.24,2026-05-25
C037,P004,Apple,Ahmedabad,190.46,2026-02-06
C046,P001,Avocado,Mumbai,246.32,2026-05-09
C037,P003,Tomato,Jaipur,51.31,2026-04-11
C024,P001,Avocado,Ahmedabad,171.22,2026-03-14
C007,P001,Avocado,Jaipur,202.71,2026-03-23
C006,P004,Apple,Mumbai,252.61,2026-05-16
C011,P004,Apple,Pune,134.17,2026-04-13
C043,P001,Avocado,Delhi,168.77,2026-06-01
C005,P002,Mango,Delhi,126.35,2026-04-11
C008,P001,Avocado,Ahmedabad,178.8,2026-01-05
C034,P003,Tomato,Ahmedabad,49.38,2026-05-25
C008,P003,Tomato,Jaipur,47.24,2026-04-20
C031,P003,Tomato,Delhi,54.01,2026-03-29
C021,P003,Tomato,Ahmedabad,63.06,2026-01-29
C044,P003,Tomato,Jaipur,96.52,2026-01-30
C016,P002,Mango,Pune,217.77,2026-03-26
C029,P001,Avocado,Delhi,296.46,2026-03-07
C045,P001,Avocado,Ahmedabad,346.29,2026-05-31
C004,P001,Avocado,Ahmedabad,285.31,2026-04-05
C007,P001,Avocado,Jaipur,195.53,2026-03-01
C013,P004,Apple,Mumbai,252.38,2026-02-21
C036,P001,Avocado,Mumbai,245.06,2026-06-11
C035,P002,Mango,Delhi,91.97,2026-03-10
C048,P001,Avocado,Mumbai,340.61,2026-06-28
C001,P003,Tomato,Mumbai,62.68,2026-06-17
C009,P002,Mango,Delhi,183.23,2026-04-17
C049,P002,Mango,Mumbai,248.37,2026-03-31
C028,P004,Apple,Pune,231.69,2026-01-12
C026,P004,Apple,Pune,216.77,2026-05-20
C030,P004,Apple,Pune,279.02,2026-05-22
C017,P003,Tomato,Pune,79.79,2026-01-20
C025,P001,Avocado,Ahmedabad,316.74,2026-05-02
C045,P003,Tomato,Pune,79.19,2026-03-04
C005,P001,Avocado,Mumbai,221.72,2026-06-08
C033,P001,Avocado,Mumbai,321.87,2026-04-18
C019,P004,Apple,Mumbai,216.04,2026-04-30
C037,P003,Tomato,Delhi,103.88,2026-05-18
C029,P004,Apple,Mumbai,137.76,2026-02-09
C003,P001,Avocado,Mumbai,336.72,2026-05-07
C001,P001,Avocado,Ahmedabad,164.6,2026-04-02
C007,P001,Avocado,Mumbai,163.14,2026-01-03
C036,P004,Apple,Mumbai,193.97,2026-05-07
C049,P002,Mango,Pune,107.49,2026-03-09
C032,P002,Mango,Ahmedabad,184.78,2026-04-17
C014,P001,Avocado,Pune,233.75,2026-04-22
C033,P001,Avocado,Delhi,329.7,2026-04-03
C047,P001,Avocado,Pune,272.83,2026-02-17
C014,P002,Mango,Delhi,196.06,2026-04-01
C009,P002,Mango,Jaipur,110.21,2026-06-28
C049,P004,Apple,Mumbai,137.7,2026-02-20
C033,P003,Tomato,Jaipur,72.58,2026-01-06
C020,P001,Avocado,Pune,229.27,2026-04-19
C011,P004,Apple,Mumbai,293.48,2026-05-18
C040,P004,Apple,Ahmedabad,196.23,2026-03-15
C025,P004,Apple,Jaipur,180.6,2026-06-10
C049,P003,Tomato,Mumbai,55.28,2026-02-23
C050,P001,Avocado,Mumbai,221.53,2026-01-26
C005,P002,Mango,Jaipur,100.71,2026-03-13
C050,P002,Mango,Delhi,184.21,2026-03-06
C013,P004,Apple,Mumbai,148.29,2026-03-12
C031,P004,Apple,Ahmedabad,283.68,2026-03-23
C011,P002,Mango,Mumbai,176.76,2026-06-11
C021,P003,Tomato,Pune,73.26,2026-02-11
C050,P004,Apple,Jaipur,119.07,2026-06-06
C039,P002,Mango,Jaipur,163.63,2026-06-30
C002,P002,Mango,Delhi,111.39,2026-02-27
C047,P002,Mango,Pune,234.35,2026-03-14
C040,P001,Avocado,Delhi,313.78,2026-06-16
C039,P001,Avocado,Delhi,312.31,2026-03-02
C027,P002,Mango,Pune,221.18,2026-04-17
C016,P001,Avocado,Ahmedabad,295.69,2026-05-23
C022,P002,Mango,Mumbai,90.78,2026-01-05
C039,P004,Apple,Jaipur,255.79,2026-01-31
C013,P002,Mango,Delhi,121.72,2026-06-03
C030,P001,Avocado,Pune,255.03,2026-01-24
C031,P001,Avocado,Delhi,341.88,2026-02-21
C014,P002,Mango,Mumbai,237.74,2026-01-16
C013,P004,Apple,Jaipur,133.43,2026-06-17
C006,P004,Apple,Delhi,213.0,2026-01-24
C035,P003,Tomato,Jaipur,33.22,2026-02-12
C041,P001,Avocado,Jaipur,265.83,2026-04-07
C036,P003,Tomato,Jaipur,110.63,2026-01-23
C039,P001,Avocado,Mumbai,189.9,2026-06-16
C010,P002,Mango,Jaipur,248.27,2026-06-14
C017,P004,Apple,Jaipur,282.91,2026-02-17
C012,P004,Apple,Delhi,187.65,2026-01-09
C018,P002,Mango,Mumbai,150.76,2026-02-24
C038,P001,Avocado,Jaipur,277.78,2026-06-27
C012,P002,Mango,Delhi,105.49,2026-01-20
C024,P003,Tomato,Ahmedabad,56.12,2026-03-31
C017,P004,Apple,Mumbai,199.95,2026-03-11
C041,P002,Mango,Mumbai,164.8,2026-01-26
C040,P001,Avocado,Mumbai,195.8,2026-05-18
C002,P001,Avocado,Mumbai,269.65,2026-06-30
C008,P001,Avocado,Mumbai,345.76,2026-03-22
C035,P002,Mango,Pune,208.43,2026-05-04
C025,P001,Avocado,Delhi,242.06,2026-04-05
C018,P004,Apple,Ahmedabad,195.79,2026-06-10
C041,P003,Tomato,Delhi,44.14,2026-05-18
C034,P004,Apple,Jaipur,141.96,2026-06-21
C009,P004,Apple,Pune,112.32,2026-01-26
C031,P001,Avocado,Delhi,287.3,2026-01-05
C037,P001,Avocado,Jaipur,205.66,2026-06-28
C036,P002,Mango,Jaipur,98.96,2026-05-13
C035,P001,Avocado,Pune,332.84,2026-01-29
C007,P003,Tomato,Ahmedabad,78.13,2026-01-23
C002,P003,Tomato,Jaipur,96.84,2026-04-27
C020,P003,Tomato,Delhi,93.58,2026-06-08
C030,P001,Avocado,Ahmedabad,342.49,2026-02-23
C022,P001,Avocado,Pune,156.52,2026-02-16
C032,P003,Tomato,Mumbai,113.26,2026-05-17
C013,P004,Apple,Mumbai,120.8,2026-06-15
C026,P004,Apple,Ahmedabad,110.34,2026-04-08
C015,P004,Apple,Ahmedabad,178.61,2026-04-10
C005,P002,Mango,Mumbai,177.08,2026-03-12
C024,P001,Avocado,Mumbai,277.37,2026-01-24
C047,P003,Tomato,Jaipur,76.81,2026-04-21
C028,P004,Apple,Delhi,176.21,2026-04-29
C001,P002,Mango,Mumbai,166.59,2026-03-01
C023,P003,Tomato,Mumbai,74.27,2026-05-16
C026,P003,Tomato,Jaipur,34.99,2026-03-29
C003,P003,Tomato,Jaipur,111.03,2026-04-02
C006,P004,Apple,Delhi,265.03,2026-04-19
C034,P001,Avocado,Mumbai,314.84,2026-02-05
C050,P003,Tomato,Pune,86.29,2026-02-05
C006,P003,Tomato,Delhi,50.08,2026-02-03
C034,P004,Apple,Mumbai,177.86,2026-04-19
C037,P003,Tomato,Delhi,45.85,2026-05-21
C035,P004,Apple,Jaipur,204.63,2026-06-26
C046,P002,Mango,Ahmedabad,99.12,2026-02-06
C031,P002,Mango,Jaipur,211.46,2026-06-17
C025,P004,Apple,Pune,134.47,2026-03-22
C005,P003,Tomato,Pune,92.02,2026-03-17
C036,P001,Avocado,Jaipur,259.69,2026-06-12
C031,P004,Apple,Ahmedabad,224.51,2026-02-27
C015,P001,Avocado,Delhi,197.75,2026-01-03
C003,P003,Tomato,Ahmedabad,73.16,2026-05-11
C011,P002,Mango,Delhi,91.82,2026-03-18
C049,P001,Avocado,Mumbai,339.23,2026-03-23
C032,P002,Mango,Delhi,220.98,2026-06-20
C025,P003,Tomato,Mumbai,91.75,2026-06-04
C041,P002,Mango,Jaipur,106.72,2026-03-29
C049,P002,Mango,Delhi,99.13,2026-04-26
C022,P003,Tomato,Ahmedabad,55.16,2026-05-24
C013,P001,Avocado,Jaipur,348.53,2026-05-27
C014,P001,Avocado,Mumbai,153.17,2026-03-24
C021,P001,Avocado,Pune,232.83,2026-03-03
C003,P001,Avocado,Delhi,243.81,2026-06-01
C030,P001,Avocado,Ahmedabad,166.6,2026-02-14
C005,P001,Avocado,Pune,201.21,2026-03-18
C046,P002,Mango,Delhi,215.53,2026-02-10
C019,P002,Mango,Ahmedabad,95.65,2026-06-25
C024,P001,Avocado,Jaipur,330.62,2026-04-24
C023,P004,Apple,Mumbai,199.65,2026-05-24
C038,P001,Avocado,Ahmedabad,326.95,2026-02-01
C044,P003,Tomato,Delhi,119.36,2026-02-10
C036,P003,Tomato,Pune,83.84,2026-05-01
C021,P002,Mango,Pune,224.59,2026-02-15
C046,P004,Apple,Pune,260.01,2026-03-05
C034,P004,Apple,Ahmedabad,297.82,2026-05-08
C030,P003,Tomato,Mumbai,69.33,2026-04-10
C046,P003,Tomato,Pune,115.32,2026-03-06
C006,P004,Apple,Ahmedabad,155.34,2026-03-10
C017,P001,Avocado,Delhi,270.88,2026-02-17
C030,P001,Avocado,Pune,155.83,2026-04-30
C039,P001,Avocado,Pune,241.25,2026-03-13
C037,P002,Mango,Pune,115.71,2026-03-15
C041,P002,Mango,Ahmedabad,127.07,2026-06-09
C041,P001,Avocado,Jaipur,239.36,2026-04-05
C015,P002,Mango,Delhi,234.24,2026-03-15
C037,P003,Tomato,Ahmedabad,80.82,2026-03-18
C039,P002,Mango,Pune,209.6,2026-03-23
C036,P001,Avocado,Mumbai,247.63,2026-04-29
C044,P004,Apple,Jaipur,179.82,2026-05-25
C017,P003,Tomato,Jaipur,30.18,2026-02-20
C031,P004,Apple,Ahmedabad,283.35,2026-01-10
C020,P003,Tomato,Delhi,42.28,2026-04-28
C012,P001,Avocado,Mumbai,329.21,2026-03-28
C017,P001,Avocado,Jaipur,155.61,2026-01-22
C002,P004,Apple,Ahmedabad,174.97,2026-05-20
C030,P002,Mango,Jaipur,207.17,2026-04-14
C028,P002,Mango,Jaipur,101.18,2026-03-21
C045,P002,Mango,Delhi,163.37,2026-04-03
C046,P003,Tomato,Delhi,37.82,2026-05-30
C038,P003,Tomato,Pune,69.73,2026-06-29
C030,P002,Mango,Jaipur,193.98,2026-03-08
C011,P002,Mango,Delhi,200.2,2026-06-25
C032,P002,Mango,Delhi,172.65,2026-05-07
C049,P001,Avocado,Pune,166.17,2026-05-20
C023,P002,Mango,Pune,132.33,2026-01-01
C031,P001,Avocado,Jaipur,182.75,2026-05-03
C034,P003,Tomato,Jaipur,72.1,2026-05-02
C049,P002,Mango,Mumbai,183.08,2026-06-17
C025,P003,Tomato,Jaipur,30.15,2026-01-29
C036,P001,Avocado,Pune,251.86,2026-06-16
C016,P003,Tomato,Pune,117.86,2026-01-29
C035,P003,Tomato,Pune,82.2,2026-06-22
C025,P001,Avocado,Ahmedabad,261.11,2026-05-07
C002,P002,Mango,Delhi,82.07,2026-05-09
C014,P002,Mango,Ahmedabad,147.86,2026-06-13
C027,P001,Avocado,Mumbai,304.73,2026-03-13
C036,P002,Mango,Mumbai,124.5,2026-05-12
C047,P001,Avocado,Ahmedabad,328.01,2026-04-12
C039,P003,Tomato,Mumbai,108.97,2026-06-08
C025,P001,Avocado,Mumbai,348.42,2026-03-14
C002,P004,Apple,Ahmedabad,105.93,2026-02-21
C018,P003,Tomato,Ahmedabad,86.55,2026-04-05
C030,P003,Tomato,Pune,48.51,2026-01-14
C031,P002,Mango,Ahmedabad,241.53,2026-05-26
C013,P002,Mango,Mumbai,194.52,2026-04-23
C035,P004,Apple,Jaipur,108.34,2026-04-07
C027,P001,Avocado,Pune,155.55,2026-05-11
C006,P001,Avocado,Delhi,217.89,2026-02-28
C042,P001,Avocado,Delhi,329.34,2026-05-23
C003,P003,Tomato,Mumbai,41.92,2026-05-02
C036,P004,Apple,Ahmedabad,175.65,2026-02-25
C036,P003,Tomato,Pune,61.47,2026-06-19
C048,P001,Avocado,Pune,267.91,2026-06-30
C037,P002,Mango,Jaipur,239.6,2026-03-02
C024,P001,Avocado,Pune,262.85,2026-02-14
C027,P001,Avocado,Pune,290.85,2026-04-02
C030,P002,Mango,Ahmedabad,125.11,2026-03-07
C003,P001,Avocado,Pune,174.04,2026-01-05
C014,P002,Mango,Delhi,155.36,2026-03-22
C027,P002,Mango,Delhi,180.57,2026-02-28
C043,P002,Mango,Delhi,233.41,2026-01-07
C046,P004,Apple,Pune,104.92,2026-01-11
C028,P004,Apple,Delhi,198.77,2026-06-19
C016,P001,Avocado,Ahmedabad,293.26,2026-01-14
C016,P004,Apple,Mumbai,265.27,2026-05-31
C049,P001,Avocado,Jaipur,311.85,2026-05-26
C012,P003,Tomato,Pune,111.55,2026-05-29
C040,P003,Tomato,Jaipur,43.39,2026-02-16
C019,P003,Tomato,Ahmedabad,63.43,2026-05-27
C036,P001,Avocado,Delhi,170.73,2026-06-27
C037,P001,Avocado,Pune,330.74,2026-06-23
C003,P003,Tomato,Jaipur,67.78,2026-03-10
C049,P004,Apple,Pune,270.54,2026-01-30
C014,P004,Apple,Pune,196.43,2026-05-18
C029,P003,Tomato,Mumbai,79.29,2026-06-10
C007,P001,Avocado,Delhi,336.56,2026-05-14
C026,P003,Tomato,Ahmedabad,61.57,2026-04-16
C014,P004,Apple,Ahmedabad,267.47,2026-01-28
C005,P003,Tomato,Delhi,95.74,2026-02-02
C024,P002,Mango,Delhi,106.66,2026-01-31
C027,P002,Mango,Delhi,144.09,2026-01-05
C026,P001,Avocado,Jaipur,340.03,2026-02-03
C029,P001,Avocado,Jaipur,252.14,2026-06-13
C013,P004,Apple,Ahmedabad,211.22,2026-01-08
C006,P003,Tomato,Ahmedabad,115.37,2026-04-28
C033,P001,Avocado,Jaipur,325.89,2026-06-27
C022,P001,Avocado,Delhi,164.86,2026-02-26
C022,P004,Apple,Mumbai,180.74,2026-05-30
C027,P002,Mango,Jaipur,244.87,2026-04-11
C032,P001,Avocado,Jaipur,342.05,2026-06-14
C037,P003,Tomato,Jaipur,83.66,2026-01-15
C030,P004,Apple,Mumbai,173.69,2026-06-24
C035,P004,Apple,Mumbai,169.99,2026-04-30
C010,P002,Mango,Delhi,102.33,2026-03-10
C029,P004,Apple,Delhi,252.5,2026-01-29
C029,P003,Tomato,Mumbai,112.94,2026-01-18
C040,P001,Avocado,Delhi,186.52,2026-04-11
C032,P001,Avocado,Ahmedabad,347.49,2026-05-04
C006,P001,Avocado,Jaipur,232.59,2026-02-02
C039,P001,Avocado,Mumbai,267.27,2026-04-17
C043,P004,Apple,Pune,151.57,2026-03-15
C041,P003,Tomato,Pune,71.74,2026-04-12
C023,P003,Tomato,Delhi,111.09,2026-02-13
C023,P002,Mango,Mumbai,162.03,2026-01-07
C029,P002,Mango,Delhi,246.53,2026-04-01
C004,P004,Apple,Delhi,151.78,2026-05-14
C006,P004,Apple,Ahmedabad,102.19,2026-03-04
C010,P001,Avocado,Pune,309.68,2026-04-12
C015,P001,Avocado,Jaipur,287.97,2026-02-09
C040,P004,Apple,Pune,217.75,2026-02-08
C023,P003,Tomato,Pune,46.51,2026-03-10
C029,P001,Avocado,Jaipur,188.61,2026-06-08
C029,P001,Avocado,Mumbai,327.43,2026-01-27
C019,P003,Tomato,Ahmedabad,54.32,2026-01-08
C013,P002,Mango,Ahmedabad,156.8,2026-04-05
C021,P002,Mango,Jaipur,86.69,2026-02-23
C015,P003,Tomato,Delhi,64.98,2026-03-11
C022,P003,Tomato,Pune,119.59,2026-04-01
C008,P002,Mango,Delhi,244.47,2026-06-25
C024,P003,Tomato,Mumbai,41.78,2026-06-01
C007,P002,Mango,Jaipur,84.3,2026-03-30
C036,P001,Avocado,Delhi,309.46,2026-01-02
C028,P002,Mango,Delhi,220.46,2026-01-02
C010,P004,Apple,Jaipur,250.07,2026-04-09
C016,P004,Apple,Jaipur,228.18,2026-02-22
C016,P003,Tomato,Jaipur,117.53,2026-03-18
C036,P003,Tomato,Delhi,80.43,2026-02-11
C019,P001,Avocado,Delhi,209.46,2026-02-12
C026,P004,Apple,Ahmedabad,280.51,2026-04-10
C029,P001,Avocado,Ahmedabad,304.89,2026-04-01
C041,P001,Avocado,Ahmedabad,213.67,2026-06-06
C009,P002,Mango,Delhi,233.46,2026-05-14
C020,P004,Apple,Jaipur,121.82,2026-01-15
C041,P002,Mango,Jaipur,198.59,2026-01-27
C031,P004,Apple,Delhi,190.3,2026-03-21
C028,P001,Avocado,Pune,292.02,2026-04-01
C048,P004,Apple,Mumbai,297.16,2026-04-23
C024,P002,Mango,Jaipur,151.23,2026-03-30
C025,P004,Apple,Ahmedabad,101.86,2026-01-22
C016,P004,Apple,Pune,160.67,2026-04-09
C014,P002,Mango,Ahmedabad,148.63,2026-05-26
C043,P003,Tomato,Pune,100.61,2026-05-09
C015,P002,Mango,Mumbai,131.5,2026-06-05
C007,P004,Apple,Pune,249.11,2026-04-29
C016,P001,Avocado,Jaipur,205.7,2026-02-13
C017,P002,Mango,Delhi,228.16,2026-03-07
C035,P004,Apple,Mumbai,107.14,2026-03-26
C020,P002,Mango,Mumbai,103.04,2026-01-17
C005,P001,Avocado,Mumbai,193.34,2026-04-24
C047,P002,Mango,Jaipur,100.46,2026-06-14
C032,P002,Mango,Mumbai,174.73,2026-04-25
C033,P001,Avocado,Ahmedabad,261.59,2026-06-17
C049,P001,Avocado,Ahmedabad,215.81,2026-06-02
C001,P004,Apple,Ahmedabad,275.49,2026-05-05
C040,P001,Avocado,Ahmedabad,290.16,2026-02-03
C003,P002,Mango,Jaipur,150.47,2026-05-24
C016,P003,Tomato,Pune,108.89,2026-05-01
C011,P003,Tomato,Pune,104.58,2026-06-25
C021,P003,Tomato,Mumbai,68.1,2026-01-04
C035,P003,Tomato,Ahmedabad,99.91,2026-04-08
C041,P002,Mango,Pune,172.84,2026-01-04
C016,P001,Avocado,Jaipur,187.49,2026-05-08
C029,P003,Tomato,Ahmedabad,65.41,2026-01-07
C029,P003,Tomato,Mumbai,95.59,2026-03-29
C012,P004,Apple,Delhi,159.76,2026-06-11
C004,P001,Avocado,Ahmedabad,197.82,2026-05-27
C036,P004,Apple,Ahmedabad,272.32,2026-01-07
C034,P001,Avocado,Delhi,348.15,2026-01-16
C038,P002,Mango,Mumbai,164.42,2026-03-08
C033,P004,Apple,Pune,191.62,2026-04-11
C005,P004,Apple,Delhi,120.79,2026-03-14
C014,P003,Tomato,Ahmedabad,57.21,2026-02-12
C050,P003,Tomato,Ahmedabad,40.47,2026-04-08
C026,P004,Apple,Mumbai,175.17,2026-06-09
C030,P001,Avocado,Pune,328.4,2026-04-02
C049,P003,Tomato,Ahmedabad,103.63,2026-03-22
C031,P002,Mango,Ahmedabad,199.28,2026-03-25
C041,P001,Avocado,Pune,342.88,2026-01-25
C025,P002,Mango,Delhi,228.77,2026-01-24
C014,P003,Tomato,Pune,44.04,2026-06-30
C011,P003,Tomato,Jaipur,65.83,2026-01-17
C001,P003,Tomato,Ahmedabad,86.76,2026-04-08
C045,P003,Tomato,Pune,65.47,2026-01-09
C017,P001,Avocado,Pune,325.45,2026-03-05
C039,P004,Apple,Mumbai,223.57,2026-03-10
C041,P001,Avocado,Delhi,244.29,2026-02-19
C005,P002,Mango,Pune,195.89,2026-04-07
C018,P001,Avocado,Jaipur,223.48,2026-05-21
C006,P001,Avocado,Jaipur,196.21,2026-06-11
C029,P001,Avocado,Pune,236.13,2026-01-18
C036,P002,Mango,Ahmedabad,193.73,2026-06-07
C008,P001,Avocado,Jaipur,298.98,2026-02-05
C015,P003,Tomato,Pune,92.6,2026-05-03
C030,P004,Apple,Jaipur,276.6,2026-01-05
C014,P004,Apple,Delhi,180.02,2026-04-28
C008,P002,Mango,Ahmedabad,117.34,2026-03-27
C041,P003,Tomato,Delhi,89.66,2026-05-13
C048,P003,Tomato,Pune,116.1,2026-01-19
C024,P001,Avocado,Delhi,340.4,2026-05-17
C031,P001,Avocado,Delhi,220.27,2026-04-10
C045,P001,Avocado,Mumbai,254.28,2026-06-25
C004,P004,Apple,Jaipur,146.63,2026-05-18
C048,P001,Avocado,Pune,335.81,2026-05-07
C043,P003,Tomato,Delhi,35.13,2026-03-09
C009,P002,Mango,Mumbai,108.0,2026-06-05
C003,P002,Mango,Jaipur,162.25,2026-02-19
C018,P004,Apple,Jaipur,267.41,2026-03-01
C020,P004,Apple,Mumbai,259.99,2026-02-19
C028,P002,Mango,Mumbai,102.26,2026-03-14
C021,P002,Mango,Pune,135.06,2026-02-01
C035,P001,Avocado,Mumbai,311.84,2026-04-20
C035,P002,Mango,Mumbai,191.52,2026-06-18
C046,P003,Tomato,Delhi,47.18,2026-04-30
C021,P001,Avocado,Ahmedabad,197.96,2026-06-29
C039,P004,Apple,Ahmedabad,246.58,2026-06-14
C034,P002,Mango,Mumbai,180.32,2026-04-09
C008,P002,Mango,Pune,156.9,2026-03-04
C043,P003,Tomato,Ahmedabad,34.02,2026-06-05
C003,P003,Tomato,Mumbai,82.03,2026-03-21
C034,P004,Apple,Ahmedabad,134.07,2026-04-23
C008,P004,Apple,Pune,152.58,2026-05-29
C015,P003,Tomato,Jaipur,102.98,2026-03-16
C045,P004,Apple,Mumbai,296.76,2026-03-30
C022,P003,Tomato,Delhi,72.08,2026-04-03
C034,P002,Mango,Ahmedabad,194.22,2026-01-31
C036,P004,Apple,Mumbai,187.24,2026-04-30
C029,P004,Apple,Delhi,169.53,2026-03-09
C012,P001,Avocado,Mumbai,220.4,2026-06-25
C013,P002,Mango,Jaipur,145.02,2026-04-02
C003,P004,Apple,Ahmedabad,216.32,2026-02-20
C033,P004,Apple,Pune,281.24,2026-06-24
C044,P002,Mango,Delhi,245.73,2026-05-30
C024,P002,Mango,Pune,98.56,2026-01-21
C018,P002,Mango,Jaipur,115.4,2026-06-27
C049,P002,Mango,Pune,129.7,2026-06-08
C020,P001,Avocado,Ahmedabad,277.95,2026-01-25
C031,P002,Mango,Jaipur,189.46,2026-03-06
C031,P001,Avocado,Delhi,212.56,2026-01-04
C048,P001,Avocado,Ahmedabad,310.94,2026-05-12
C030,P003,Tomato,Pune,110.18,2026-06-10
C042,P002,Mango,Mumbai,197.13,2026-04-16
C042,P002,Mango,Ahmedabad,235.63,2026-01-14
C036,P003,Tomato,Pune,65.61,2026-05-23
C016,P004,Apple,Delhi,234.42,2026-06-21
C032,P004,Apple,Pune,196.16,2026-02-10
C044,P001,Avocado,Ahmedabad,278.0,2026-06-13
C019,P002,Mango,Ahmedabad,113.6,2026-05-19
C001,P003,Tomato,Delhi,95.0,2026-01-16
C030,P003,Tomato,Mumbai,80.2,2026-03-18
C005,P001,Avocado,Jaipur,249.69,2026-06-24
C021,P002,Mango,Ahmedabad,93.5,2026-03-27
C048,P003,Tomato,Ahmedabad,67.33,2026-01-22
C025,P002,Mango,Mumbai,95.07,2026-04-30
C031,P003,Tomato,Jaipur,105.24,2026-05-02
C039,P002,Mango,Delhi,149.25,2026-04-28
C023,P002,Mango,Delhi,167.53,2026-02-27
C004,P003,Tomato,Ahmedabad,87.96,2026-06-14
C019,P003,Tomato,Mumbai,51.82,2026-06-15
C023,P001,Avocado,Pune,180.52,2026-04-12
C029,P002,Mango,Pune,155.85,2026-05-19
C034,P004,Apple,Delhi,143.96,2026-05-16
C038,P004,Apple,Delhi,203.04,2026-03-26
C015,P002,Mango,Mumbai,153.14,2026-03-06
C043,P003,Tomato,Delhi,82.36,2026-04-20
C022,P004,Apple,Ahmedabad,184.48,2026-02-19
C046,P004,Apple,Mumbai,261.51,2026-05-21
C028,P003,Tomato,Jaipur,60.43,2026-03-08
C032,P001,Avocado,Ahmedabad,319.42,2026-06-08
C021,P002,Mango,Jaipur,194.32,2026-03-15
C007,P004,Apple,Mumbai,256.22,2026-02-12
C027,P003,Tomato,Mumbai,60.18,2026-02-09
C040,P001,Avocado,Ahmedabad,182.17,2026-03-04
C028,P001,Avocado,Delhi,260.65,2026-05-18
C001,P003,Tomato,Jaipur,63.84,2026-06-11
C027,P002,Mango,Delhi,203.09,2026-06-01
C022,P004,Apple,Mumbai,142.1,2026-02-28
C032,P001,Avocado,Delhi,166.81,2026-04-13
C025,P001,Avocado,Pune,349.49,2026-04-18
C003,P003,Tomato,Ahmedabad,90.66,2026-04-11
C010,P001,Avocado,Mumbai,328.75,2026-02-14
C008,P002,Mango,Ahmedabad,240.45,2026-06-21
C022,P004,Apple,Jaipur,286.7,2026-02-27
C004,P003,Tomato,Delhi,59.9,2026-04-12
C040,P002,Mango,Mumbai,102.8,2026-01-17
C008,P002,Mango,Mumbai,182.74,2026-03-15
C021,P001,Avocado,Delhi,184.69,2026-05-21
C031,P003,Tomato,Ahmedabad,99.41,2026-06-25
C010,P004,Apple,Pune,187.76,2026-06-22
C038,P004,Apple,Delhi,298.31,2026-06-23
C045,P003,Tomato,Delhi,52.24,2026-06-13
C037,P003,Tomato,Mumbai,72.0,2026-03-06
C004,P001,Avocado,Mumbai,229.72,2026-03-26
C007,P003,Tomato,Jaipur,67.59,2026-04-28
C007,P004,Apple,Ahmedabad,168.25,2026-04-14
C032,P001,Avocado,Mumbai,297.16,2026-05-10
C044,P004,Apple,Jaipur,190.08,2026-04-10
C032,P002,Mango,Ahmedabad,207.98,2026-03-26
C047,P002,Mango,Delhi,96.76,2026-05-20
C011,P002,Mango,Delhi,134.05,2026-04-21
C048,P004,Apple,Delhi,277.67,2026-02-08
C030,P002,Mango,Delhi,94.33,2026-04-20
C010,P002,Mango,Delhi,135.27,2026-01-30
C007,P001,Avocado,Delhi,217.4,2026-03-23
C008,P004,Apple,Ahmedabad,269.58,2026-03-22
C022,P001,Avocado,Delhi,197.23,2026-02-28
C005,P001,Avocado,Mumbai,260.65,2026-05-31
C015,P003,Tomato,Pune,38.92,2026-06-20
C002,P004,Apple,Mumbai,198.68,2026-04-01
C027,P001,Avocado,Pune,199.56,2026-04-30
C046,P002,Mango,Ahmedabad,192.16,2026-04-18
C002,P003,Tomato,Pune,76.91,2026-01-10
C032,P003,Tomato,Pune,115.53,2026-02-20
C003,P004,Apple,Jaipur,130.32,2026-06-06
C007,P001,Avocado,Jaipur,205.24,2026-02-17
C041,P004,Apple,Pune,285.62,2026-01-22
C022,P004,Apple,Mumbai,207.18,2026-04-09
C031,P002,Mango,Pune,216.29,2026-01-04
C012,P004,Apple,Jaipur,260.62,2026-03-07
C047,P004,Apple,Ahmedabad,294.62,2026-05-28
C017,P004,Apple,Pune,262.31,2026-05-10
C026,P004,Apple,Jaipur,179.39,2026-05-21
C006,P003,Tomato,Jaipur,75.07,2026-02-14
C019,P003,Tomato,Delhi,60.52,2026-03-31
C030,P003,Tomato,Delhi,48.39,2026-06-24
C002,P001,Avocado,Jaipur,282.03,2026-06-28
C016,P004,Apple,Ahmedabad,101.81,2026-06-04
C038,P001,Avocado,Pune,190.53,2026-05-21
C014,P003,Tomato,Delhi,44.07,2026-06-03
C021,P003,Tomato,Delhi,106.36,2026-03-14
C023,P003,Tomato,Delhi,60.85,2026-06-24
C035,P002,Mango,Mumbai,112.97,2026-05-11
C035,P004,Apple,Mumbai,113.92,2026-01-10
C019,P004,Apple,Delhi,133.62,2026-02-04
C042,P003,Tomato,Mumbai,51.45,2026-04-25
C027,P003,Tomato,Delhi,62.13,2026-05-04
C036,P004,Apple,Pune,294.92,2026-02-05
C026,P001,Avocado,Mumbai,185.25,2026-01-07
C006,P004,Apple,Delhi,125.94,2026-02-06
C024,P002,Mango,Pune,188.51,2026-01-30
C016,P002,Mango,Jaipur,154.75,2026-04-16
C023,P004,Apple,Delhi,157.6,2026-01-11
C003,P003,Tomato,Mumbai,69.86,2026-01-10
C007,P002,Mango,Mumbai,240.59,2026-01-18
C044,P002,Mango,Delhi,221.93,2026-02-17
C050,P004,Apple,Mumbai,255.58,2026-05-13
C009,P001,Avocado,Pune,207.51,2026-03-21
C026,P004,Apple,Ahmedabad,246.03,2026-04-19
C018,P003,Tomato,Mumbai,40.68,2026-05-20
C033,P004,Apple,Jaipur,242.41,2026-01-18
C018,P003,Tomato,Pune,31.79,2026-06-16
C010,P002,Mango,Jaipur,239.48,2026-04-07
C037,P001,Avocado,Mumbai,167.48,2026-03-09
C021,P002,Mango,Ahmedabad,249.26,2026-02-04
C045,P004,Apple,Pune,153.2,2026-06-10
C011,P002,Mango,Ahmedabad,85.17,2026-03-19
C043,P003,Tomato,Ahmedabad,36.53,2026-01-26
C031,P004,Apple,Ahmedabad,103.8,2026-03-20
C029,P004,Apple,Ahmedabad,211.99,2026-05-13
C010,P002,Mango,Jaipur,84.87,2026-03-26
C003,P003,Tomato,Mumbai,99.29,2026-01-25
C012,P002,Mango,Mumbai,229.64,2026-02-28
C047,P003,Tomato,Mumbai,90.17,2026-03-23
C002,P002,Mango,Mumbai,99.51,2026-03-01
C005,P004,Apple,Mumbai,244.73,2026-05-10
C034,P001,Avocado,Mumbai,218.95,2026-04-17
C020,P001,Avocado,Delhi,211.45,2026-01-30
C034,P002,Mango,Delhi,230.83,2026-01-05
C008,P002,Mango,Mumbai,140.63,2026-05-01
C022,P004,Apple,Pune,164.7,2026-05-27
C015,P004,Apple,Delhi,139.1,2026-01-23
C011,P004,Apple,Ahmedabad,168.55,2026-01-06
C022,P003,Tomato,Mumbai,67.35,2026-03-23
C037,P001,Avocado,Delhi,242.02,2026-03-17
C025,P004,Apple,Pune,297.18,2026-05-10
C001,P001,Avocado,Mumbai,160.01,2026-03-12
C042,P004,Apple,Mumbai,133.02,2026-04-05
C040,P001,Avocado,Ahmedabad,165.9,2026-06-27
C010,P002,Mango,Ahmedabad,226.42,2026-05-18
C009,P002,Mango,Mumbai,219.83,2026-06-07
C023,P003,Tomato,Ahmedabad,42.82,2026-03-19
C018,P004,Apple,Jaipur,293.87,2026-05-10
C036,P004,Apple,Pune,260.86,2026-01-15
C030,P004,Apple,Pune,248.8,2026-05-22
C015,P002,Mango,Delhi,120.51,2026-01-04
C009,P004,Apple,Pune,222.02,2026-04-03
C030,P004,Apple,Ahmedabad,182.93,2026-01-15
C033,P001,Avocado,Mumbai,296.25,2026-03-12
C012,P003,Tomato,Delhi,81.78,2026-04-30
C017,P004,Apple,Pune,171.71,2026-02-05
C007,P004,Apple,Jaipur,209.5,2026-06-11
C001,P003,Tomato,Mumbai,102.44,2026-04-30
C012,P003,Tomato,Ahmedabad,59.76,2026-03-12
C016,P001,Avocado,Mumbai,290.88,2026-06-14
C009,P001,Avocado,Mumbai,287.64,2026-06-02
C010,P003,Tomato,Jaipur,115.2,2026-01-17
C009,P004,Apple,Mumbai,100.36,2026-02-28
C043,P002,Mango,Pune,163.43,2026-06-24
C044,P004,Apple,Jaipur,215.77,2026-01-27
C006,P004,Apple,Pune,148.45,2026-02-05
C019,P004,Apple,Mumbai,124.7,2026-03-14
C008,P001,Avocado,Mumbai,279.22,2026-05-22
C025,P003,Tomato,Mumbai,43.9,2026-03-30
C017,P004,Apple,Pune,225.91,2026-04-17
C049,P002,Mango,Pune,106.72,2026-04-05
C004,P001,Avocado,Pune,308.6,2026-04-30
C034,P002,Mango,Delhi,171.33,2026-06-03
C017,P001,Avocado,Mumbai,194.42,2026-02-02
C024,P003,Tomato,Ahmedabad,47.13,2026-01-25
C042,P004,Apple,Delhi,127.61,2026-04-04
C037,P001,Avocado,Mumbai,340.45,2026-03-14
C007,P002,Mango,Jaipur,135.24,2026-06-24
C023,P002,Mango,Jaipur,171.45,2026-03-30
C030,P001,Avocado,Ahmedabad,335.7,2026-03-05
C032,P004,Apple,Pune,268.63,2026-04-06
C021,P004,Apple,Ahmedabad,251.05,2026-03-20
C026,P004,Apple,Jaipur,144.97,2026-05-24
C047,P002,Mango,Ahmedabad,119.15,2026-05-03
C023,P001,Avocado,Mumbai,253.39,2026-01-13
C027,P004,Apple,Ahmedabad,266.37,2026-03-24
C022,P003,Tomato,Ahmedabad,92.54,2026-02-19
C022,P004,Apple,Mumbai,109.1,2026-04-14
C045,P002,Mango,Jaipur,210.32,2026-03-10
C008,P002,Mango,Pune,184.42,2026-01-31
C003,P003,Tomato,Mumbai,91.85,2026-04-04
C019,P004,Apple,Delhi,133.66,2026-06-12
C044,P004,Apple,Delhi,135.75,2026-01-30
C022,P003,Tomato,Ahmedabad,45.38,2026-02-12
C010,P003,Tomato,Pune,76.77,2026-03-02
C028,P003,Tomato,Jaipur,48.8,2026-06-29
C027,P001,Avocado,Mumbai,218.99,2026-06-05
C006,P001,Avocado,Pune,312.32,2026-03-15
C028,P002,Mango,Mumbai,149.02,2026-05-09
C048,P004,Apple,Mumbai,276.76,2026-02-12
C048,P003,Tomato,Mumbai,44.94,2026-05-31
C028,P002,Mango,Ahmedabad,86.91,2026-04-08
C042,P003,Tomato,Jaipur,118.33,2026-04-16
C034,P002,Mango,Jaipur,108.66,2026-03-12
C004,P003,Tomato,Mumbai,111.22,2026-03-26
C022,P004,Apple,Pune,100.0,2026-02-09
C024,P004,Apple,Delhi,112.82,2026-05-01
C047,P004,Apple,Jaipur,270.33,2026-02-15
C024,P001,Avocado,Jaipur,316.58,2026-06-04
C038,P003,Tomato,Mumbai,61.82,2026-06-28
C017,P001,Avocado,Pune,201.21,2026-04-23
C030,P002,Mango,Ahmedabad,156.8,2026-05-07
C023,P002,Mango,Mumbai,102.82,2026-04-04
C016,P002,Mango,Jaipur,195.76,2026-06-17
C001,P004,Apple,Delhi,235.6,2026-02-20
C037,P002,Mango,Ahmedabad,175.19,2026-06-26
C026,P002,Mango,Mumbai,189.72,2026-01-17
C044,P002,Mango,Mumbai,222.02,2026-05-03
C024,P001,Avocado,Mumbai,196.71,2026-04-26
C020,P003,Tomato,Mumbai,111.79,2026-01-05
C003,P004,Apple,Mumbai,150.59,2026-01-31
C017,P004,Apple,Ahmedabad,183.21,2026-04-04
C042,P004,Apple,Ahmedabad,156.81,2026-02-17
C023,P004,Apple,Delhi,105.62,2026-03-17
C020,P001,Avocado,Pune,246.6,2026-03-06
C016,P004,Apple,Pune,254.77,2026-01-19
C029,P003,Tomato,Mumbai,64.35,2026-01-14
C039,P003,Tomato,Pune,81.16,2026-04-30
C006,P001,Avocado,Mumbai,155.74,2026-03-19
C017,P003,Tomato,Delhi,105.86,2026-05-09
C005,P003,Tomato,Pune,53.1,2026-01-17
C006,P003,Tomato,Delhi,77.01,2026-03-23
C031,P002,Mango,Jaipur,174.55,2026-01-13
C038,P003,Tomato,Ahmedabad,52.92,2026-05-31
C015,P003,Tomato,Ahmedabad,53.1,2026-04-01
C045,P002,Mango,Ahmedabad,242.19,2026-03-30
C027,P003,Tomato,Jaipur,113.22,2026-03-24
C049,P004,Apple,Pune,190.48,2026-06-17
C025,P002,Mango,Delhi,247.49,2026-06-13
