container_id,product_id,quantity,source,destination,dispatch_date
C050,P001,203,Jaipur,Ahmedabad,2026-04-14
C029,P002,1550,Ahmedabad,Jaipur,2026-05-11
C016,P002,1291,Delhi,Mumbai,2026-04-18
C029,P002,1470,Delhi,Ahmedabad,2026-02-08
C034,P003,859,Jaipur,Mumbai,2026-01-09
C050,P001,1530,Mumbai,Jaipur,2026-04-15
C019,P003,1457,Jaipur,Mumbai,2026-02-08
C001,P001,286,Pune,Jaipur,2026-02-06
C013,P001,1226,Mumbai,Pune,2026-04-24
C023,P004,837,Ahmedabad,Mumbai,2026-04-15
C008,P001,484,Jaipur,Ahmedabad,2026-05-03
C023,P002,567,Mumbai,Pune,2026-02-11
C036,P002,358,Delhi,Jaipur,2026-02-03
C013,P003,1992,Pune,Mumbai,2026-02-18
C041,P003,220,Pune,Delhi,2026-01-07
C006,P002,1321,Jaipur,Pune,2026-04-05
C009,P004,1278,Pune,Ahmedabad,2026-06-26
C012,P001,908,Jaipur,Mumbai,2026-04-11
C005,P003,438,Jaipur,Pune,2026-02-22
C027,P002,1353,Pune,Jaipur,2026-01-27
C011,P001,414,Mumbai,Pune,2026-03-28
C011,P001,561,Ahmedabad,Mumbai,2026-06-06
C050,P002,106,Ahmedabad,Mumbai,2026-06-29
C034,P004,1442,Ahmedabad,Delhi,2026-02-04
C049,P003,1179,Mumbai,Pune,2026-06-23
C022,P003,308,Mumbai,Jaipur,2026-01-31
C044,P003,462,Jaipur,Ahmedabad,2026-03-29
C027,P004,351,Jaipur,Ahmedabad,2026-05-21
C046,P003,913,Mumbai,Pune,2026-05-24
C018,P004,1129,Ahmedabad,Pune,2026-02-16
C030,P003,1312,Jaipur,Delhi,2026-01-13
C005,P001,191,Mumbai,Pune,2026-02-16
C040,P002,1381,Mumbai,Jaipur,2026-05-22
C022,P002,1618,Pune,Delhi,2026-04-14
C026,P002,108,Jaipur,Delhi,2026-03-26
C040,P001,785,Jaipur,Delhi,2026-03-07
C025,P001,1340,Ahmedabad,Delhi,2026-02-28
C019,P003,1137,Pune,Delhi,2026-06-15
C001,P004,1804,Ahmedabad,Pune,2026-01-11
C046,P004,529,Ahmedabad,Jaipur,2026-02-12
C025,P003,1055,Jaipur,Delhi,2026-01-17
C017,P001,123,Jaipur,Ahmedabad,2026-05-12
C050,P004,210,Mumbai,Delhi,2026-01-09
C026,P002,1125,Mumbai,Delhi,2026-04-28
C046,P001,980,Pune,Ahmedabad,2026-01-08
C003,P001,1686,Ahmedabad,Pune,2026-01-06
C011,P002,1066,Delhi,Pune,2026-02-22
C024,P003,1354,Ahmedabad,Delhi,2026-02-10
C046,P001,815,Pune,Jaipur,2026-04-13
C026,P001,1031,Ahmedabad,Pune,2026-04-28
C026,P002,1321,Delhi,Jaipur,2026-01-05
C036,P002,417,Delhi,Jaipur,2026-05-30
C032,P003,388,Ahmedabad,Delhi,2026-02-28
C031,P004,147,Ahmedabad,Pune,2026-05-29
C031,P004,389,Mumbai,Jaipur,2026-02-13
C011,P001,1550,Mumbai,Delhi,2026-01-29
C004,P002,1220,Mumbai,Pune,2026-03-18
C008,P001,482,Ahmedabad,Jaipur,2026-05-12
C038,P004,488,Delhi,Ahmedabad,2026-02-14
C049,P003,1248,Mumbai,Jaipur,2026-06-02
C005,P002,839,Ahmedabad,Pune,2026-02-24
C047,P001,1802,Ahmedabad,Mumbai,2026-05-18
C015,P004,1500,Mumbai,Ahmedabad,2026-04-24
C033,P002,806,Jaipur,Ahmedabad,2026-01-04
C039,P002,362,Ahmedabad,Pune,2026-01-03
C037,P004,831,Pune,Delhi,2026-03-03
C002,P003,1026,Jaipur,Ahmedabad,2026-04-25
C031,P004,1552,Pune,Ahmedabad,2026-01-10
C032,P001,1921,Ahmedabad,Delhi,2026-05-01
C036,P003,683,Pune,Delhi,2026-03-21
C022,P001,1264,Jaipur,Pune,2026-02-27
C037,P002,1225,Mumbai,Jaipur,2026-01-09
C011,P001,327,Pune,Jaipur,2026-04-16
C010,P001,1344,Mumbai,Ahmedabad,2026-03-27
C031,P003,257,Ahmedabad,Mumbai,2026-04-14
C050,P004,1122,Mumbai,Delhi,2026-03-20
C040,P002,1520,Delhi,Mumbai,2026-05-23
C002,P003,1293,Delhi,Ahmedabad,2026-01-21
C017,P003,1671,Ahmedabad,Pune,2026-05-06
C001,P001,864,Ahmedabad,Mumbai,2026-06-24
C030,P002,1278,Delhi,Ahmedabad,2026-05-14
C022,P001,825,Pune,Ahmedabad,2026-01-08
C026,P002,290,Delhi,Ahmedabad,2026-05-10
C013,P001,194,Delhi,Pune,2026-06-15
C002,P002,687,Pune,Jaipur,2026-04-27
C048,P003,898,Pune,Jaipur,2026-05-03
C012,P002,1657,Delhi,Jaipur,2026-01-22
C011,P003,1763,Jaipur,Pune,2026-05-09
C003,P002,1310,Mumbai,Delhi,2026-02-28
C028,P004,1196,Mumbai,Delhi,2026-06-19
C009,P003,1842,Delhi,Ahmedabad,2026-01-01
C044,P003,1128,Pune,Ahmedabad,2026-01-10
C031,P003,1586,Pune,Delhi,2026-06-02
C016,P004,1233,Jaipur,Delhi,2026-06-30
C032,P003,841,Delhi,Jaipur,2026-06-11
C019,P003,1364,Delhi,Pune,2026-02-12
C048,P004,641,Pune,Ahmedabad,2026-03-15
C009,P003,1460,Ahmedabad,Mumbai,2026-03-18
C021,P004,709,Ahmedabad,Pune,2026-05-04
C046,P004,1749,Ahmedabad,Mumbai,2026-01-17
C010,P002,1223,Jaipur,Mumbai,2026-02-03
C045,P002,1943,Mumbai,Pune,2026-06-23
C026,P002,832,Pune,Delhi,2026-02-06
C005,P001,329,Jaipur,Pune,2026-05-13
C014,P004,1722,Ahmedabad,Mumbai,2026-03-01
C036,P001,355,Delhi,Mumbai,2026-02-02
C042,P001,767,Delhi,Mumbai,2026-03-02
C009,P004,746,Pune,Delhi,2026-03-25
C026,P003,620,Pune,Ahmedabad,2026-01-14
C001,P004,560,Mumbai,Delhi,2026-04-18
C011,P004,1133,Pune,Jaipur,2026-05-13
C032,P003,702,Mumbai,Jaipur,2026-03-06
C017,P002,1003,Jaipur,Mumbai,2026-04-28
C006,P004,1212,Mumbai,Delhi,2026-02-09
C032,P003,836,Mumbai,Pune,2026-01-30
C050,P002,1638,Delhi,Ahmedabad,2026-01-02
C035,P004,1813,Delhi,Pune,2026-04-16
C035,P001,1917,Mumbai,Delhi,2026-05-19
C047,P001,557,Delhi,Mumbai,2026-04-17
C049,P004,644,Jaipur,Ahmedabad,2026-05-09
C010,P001,892,Jaipur,Mumbai,2026-04-12
C017,P003,760,Pune,Mumbai,2026-04-12
C007,P003,1714,Jaipur,Mumbai,2026-03-14
C007,P003,1798,Delhi,Mumbai,2026-04-21
C029,P003,1559,Jaipur,Mumbai,2026-02-13
C048,P003,1377,Mumbai,Delhi,2026-04-21
C010,P004,263,Delhi,Mumbai,2026-01-27
C021,P004,395,Ahmedabad,Pune,2026-06-08
C009,P002,249,Jaipur,Pune,2026-03-03
C029,P001,671,Ahmedabad,Delhi,2026-04-04
C033,P001,977,Mumbai,Ahmedabad,2026-05-04
C001,P003,1967,Ahmedabad,Pune,2026-04-22
C015,P002,1027,Mumbai,Delhi,2026-02-11
C049,P002,383,Jaipur,Pune,2026-02-25
C038,P002,779,Pune,Delhi,2026-04-09
C044,P002,628,Pune,Ahmedabad,2026-06-14
C027,P002,691,Ahmedabad,Mumbai,2026-06-24
C033,P002,642,Jaipur,Mumbai,2026-02-03
C034,P001,756,Mumbai,Pune,2026-06-07
C001,P002,1403,Mumbai,Pune,2026-05-21
C040,P001,1909,Delhi,Ahmedabad,2026-06-23
C042,P004,345,Pune,Mumbai,2026-06-03
C003,P002,1153,Delhi,Jaipur,2026-01-26
C006,P003,205,Delhi,Mumbai,2026-06-10
C001,P002,1767,Pune,Jaipur,2026-03-12
C050,P004,1925,Pune,Ahmedabad,2026-06-12
C030,P003,1672,Ahmedabad,Delhi,2026-05-06
C046,P004,1409,Pune,Mumbai,2026-05-01
C011,P002,813,Jaipur,Mumbai,2026-02-08
C013,P002,814,Delhi,Pune,2026-05-04
C035,P001,1031,Pune,Mumbai,2026-03-24
C027,P002,1549,Delhi,Jaipur,2026-06-28
C049,P002,520,Delhi,Jaipur,2026-06-26
C002,P001,1062,Delhi,Jaipur,2026-05-28
C010,P004,484,Pune,Delhi,2026-01-01
C030,P004,1324,Jaipur,Delhi,2026-01-31
C041,P004,1258,Pune,Jaipur,2026-02-08
C028,P004,1018,Delhi,Jaipur,2026-04-28
C006,P004,1334,Delhi,Pune,2026-06-09
C009,P004,1693,Delhi,Ahmedabad,2026-05-11
C017,P002,1770,Jaipur,Mumbai,2026-01-20
C038,P002,1212,Ahmedabad,Pune,2026-04-25
C040,P003,1549,Mumbai,Jaipur,2026-03-16
C026,P002,1936,Delhi,Ahmedabad,2026-01-09
C019,P003,511,Delhi,Pune,2026-02-28
C007,P001,1405,Pune,Mumbai,2026-03-25
C018,P002,632,Jaipur,Mumbai,2026-06-12
C049,P002,1547,Mumbai,Pune,2026-03-23
C050,P003,1877,Ahmedabad,Delhi,2026-03-08
C029,P003,786,Pune,Mumbai,2026-02-22
C046,P001,1785,Pune,Delhi,2026-02-11
C005,P004,1510,Jaipur,Ahmedabad,2026-01-28
C042,P001,980,Pune,Jaipur,2026-01-08
C007,P001,622,Delhi,Pune,2026-06-25
C035,P003,1473,Delhi,Mumbai,2026-06-11
C020,P003,825,Ahmedabad,Mumbai,2026-02-25
C005,P003,978,Pune,Jaipur,2026-05-02
C015,P003,1963,Mumbai,Delhi,2026-03-05
C030,P002,1749,Mumbai,Delhi,2026-02-22
C001,P003,1107,Pune,Mumbai,2026-01-22
C021,P002,1083,Delhi,Ahmedabad,2026-02-18
C028,P001,107,Pune,Delhi,2026-04-21
C014,P003,1497,Mumbai,Pune,2026-03-21
C024,P002,1826,Mumbai,Pune,2026-02-07
C049,P004,1083,Jaipur,Mumbai,2026-01-30
C038,P003,1583,Ahmedabad,Jaipur,2026-05-21
C001,P003,1357,Jaipur,Delhi,2026-06-11
C041,P003,1855,Delhi,Jaipur,2026-06-22
C001,P001,357,Mumbai,Ahmedabad,2026-04-23
C036,P003,1554,Ahmedabad,Mumbai,2026-05-11
C042,P003,365,Ahmedabad,Pune,2026-03-29
C031,P003,1577,Mumbai,Jaipur,2026-03-07
C018,P002,228,Delhi,Mumbai,2026-04-18
C013,P003,1338,Jaipur,Delhi,2026-03-26
C028,P004,236,Mumbai,Pune,2026-04-28
C033,P004,383,Pune,Ahmedabad,2026-05-23
C005,P002,222,Jaipur,Mumbai,2026-05-21
C027,P002,1912,Mumbai,Pune,2026-04-10
C033,P001,1416,Ahmedabad,Delhi,2026-05-29
C026,P004,1423,Delhi,Ahmedabad,2026-03-14
C023,P001,1072,Pune,Jaipur,2026-03-07
C012,P001,675,Ahmedabad,Delhi,2026-05-11
C013,P003,566,Jaipur,Pune,2026-05-29
C046,P002,1203,Pune,Mumbai,2026-05-04
C043,P001,452,Pune,Mumbai,2026-01-20
C040,P004,943,Ahmedabad,Delhi,2026-02-24
C019,P004,1963,Delhi,Pune,2026-02-19
C005,P001,960,Pune,Mumbai,2026-06-26
C020,P001,1618,Ahmedabad,Delhi,2026-04-29
C010,P003,1048,Delhi,Mumbai,2026-06-14
C021,P001,1316,Pune,Jaipur,2026-06-21
C030,P004,468,Pune,Mumbai,2026-02-13
C003,P001,376,Delhi,Jaipur,2026-06-24
C041,P002,1814,Delhi,Ahmedabad,2026-03-22
C017,P002,382,Delhi,Mumbai,2026-05-28
C023,P001,533,Ahmedabad,Pune,2026-05-16
C019,P001,1846,Mumbai,Pune,2026-05-03
C022,P004,1591,Delhi,Ahmedabad,2026-02-06
C004,P001,912,Pune,Ahmedabad,2026-06-30
C004,P002,1844,Ahmedabad,Mumbai,2026-03-18
C002,P001,226,Delhi,Ahmedabad,2026-05-27
C037,P002,1537,Mumbai,Ahmedabad,2026-02-17
C041,P001,1511,Delhi,Mumbai,2026-02-23
C050,P002,1718,Jaipur,Ahmedabad,2026-03-16
C029,P004,821,Mumbai,Delhi,2026-04-17
C049,P001,995,Jaipur,Mumbai,2026-06-22
C032,P003,1210,Ahmedabad,Pune,2026-04-27
C014,P002,1679,Mumbai,Pune,2026-01-19
C025,P003,1442,Delhi,Mumbai,2026-05-30
C041,P004,1634,Delhi,Ahmedabad,2026-06-22
C042,P004,1860,Jaipur,Mumbai,2026-03-18
C025,P001,612,Delhi,Pune,2026-04-20
C046,P004,1171,Jaipur,Mumbai,2026-03-29
C035,P002,1515,Delhi,Mumbai,2026-02-08
C023,P001,1624,Delhi,Jaipur,2026-03-15
C026,P002,256,Ahmedabad,Pune,2026-04-09
C022,P004,1279,Delhi,Jaipur,2026-06-18
C020,P003,781,Pune,Ahmedabad,2026-03-04
C019,P004,1976,Ahmedabad,Mumbai,2026-04-02
C045,P003,235,Delhi,Mumbai,2026-02-19
C029,P002,1485,Delhi,Jaipur,2026-04-06
C036,P001,276,Mumbai,Jaipur,2026-01-19
C049,P001,1862,Delhi,Mumbai,2026-04-10
C026,P002,566,Jaipur,Pune,2026-02-25
C028,P001,933,Ahmedabad,Jaipur,2026-05-03
C041,P004,1860,Pune,Ahmedabad,2026-04-01
C008,P002,473,Delhi,Pune,2026-04-06
C047,P002,1429,Mumbai,Ahmedabad,2026-01-25
C001,P002,1114,Pune,Jaipur,2026-06-23
C023,P003,1017,Mumbai,Ahmedabad,2026-03-12
C033,P002,204,Ahmedabad,Mumbai,2026-05-09
C010,P001,544,Pune,Jaipur,2026-05-02
C004,P002,284,Mumbai,Jaipur,2026-04-28
C023,P001,1078,Delhi,Ahmedabad,2026-04-26
C012,P002,899,Jaipur,Ahmedabad,2026-03-16
C020,P004,1326,Pune,Jaipur,2026-01-28
C013,P002,222,Pune,Jaipur,2026-04-09
C035,P001,175,Pune,Ahmedabad,2026-03-17
C017,P003,1420,Ahmedabad,Mumbai,2026-01-10
C044,P004,988,Pune,Mumbai,2026-04-01
C019,P002,1448,Jaipur,Pune,2026-03-17
C030,P003,1626,Jaipur,Ahmedabad,2026-06-01
C028,P002,220,Jaipur,Pune,2026-02-03
C046,P004,692,Ahmedabad,Mumbai,2026-05-22
C044,P003,1292,Mumbai,Ahmedabad,2026-04-28
C048,P004,1533,Jaipur,Mumbai,2026-05-07
C016,P001,1121,Ahmedabad,Delhi,2026-01-20
C034,P002,1658,Delhi,Mumbai,2026-02-22
C028,P001,533,Ahmedabad,Pune,2026-05-23
C014,P003,1556,Ahmedabad,Mumbai,2026-05-29
C033,P001,1828,Ahmedabad,Mumbai,2026-01-14
C032,P003,1237,Ahmedabad,Mumbai,2026-01-06
C005,P001,126,Pune,Delhi,2026-03-11
C018,P002,290,Ahmedabad,Jaipur,2026-06-08
C022,P003,1923,Delhi,Ahmedabad,2026-06-09
C023,P002,385,Ahmedabad,Delhi,2026-05-10
C036,P003,1448,Pune,Ahmedabad,2026-06-19
C041,P002,1494,Mumbai,Jaipur,2026-05-26
C006,P001,242,Delhi,Pune,2026-05-08
C026,P004,1682,Delhi,Ahmedabad,2026-02-21
C032,P001,258,Pune,Ahmedabad,2026-06-05
C042,P002,1771,Ahmedabad,Pune,2026-06-22
C031,P004,415,Mumbai,Delhi,2026-03-28
C021,P001,419,Delhi,Mumbai,2026-01-10
C045,P003,1424,Ahmedabad,Jaipur,2026-03-26
C026,P002,1242,Jaipur,Pune,2026-05-06
C001,P002,434,Delhi,Jaipur,2026-05-18
C043,P001,1048,Delhi,Mumbai,2026-05-22
C029,P004,1298,Delhi,Jaipur,2026-01-21
C001,P004,1420,Mumbai,Delhi,2026-05-09
C049,P001,1285,Mumbai,Jaipur,2026-06-07
C029,P003,672,Ahmedabad,Pune,2026-04-23
C018,P001,1727,Ahmedabad,Delhi,2026-03-31
C012,P002,1967,Jaipur,Ahmedabad,2026-05-07
C006,P001,1214,Delhi,Pune,2026-06-10
C018,P002,156,Ahmedabad,Jaipur,2026-01-17
C028,P004,289,Delhi,Mumbai,2026-01-10
C047,P003,1848,Delhi,Mumbai,2026-02-23
C049,P004,606,Ahmedabad,Jaipur,2026-03-15
C032,P004,1089,Jaipur,Delhi,2026-03-07
C023,P004,1067,Ahmedabad,Pune,2026-03-10
C032,P002,1520,Delhi,Ahmedabad,2026-05-15
C020,P003,902,Jaipur,Ahmedabad,2026-01-17
C020,P002,1680,Jaipur,Ahmedabad,2026-02-03
C050,P003,582,Pune,Jaipur,2026-06-13
C016,P004,915,Jaipur,Delhi,2026-05-31
C039,P004,1371,Pune,Delhi,2026-01-31
C016,P003,1154,Pune,Delhi,2026-02-11
C010,P001,1095,Jaipur,Mumbai,2026-02-13
C032,P004,251,Ahmedabad,Mumbai,2026-05-27
C015,P002,935,Jaipur,Delhi,2026-04-24
C030,P002,574,Jaipur,Pune,2026-04-28
C043,P004,225,Pune,Ahmedabad,2026-02-19
C021,P002,1915,Mumbai,Delhi,2026-04-29
C010,P001,1635,Pune,Delhi,2026-01-15
C001,P003,759,Delhi,Mumbai,2026-06-25
C028,P001,267,Pune,Jaipur,2026-02-06
C009,P002,1388,Mumbai,Jaipur,2026-06-05
C026,P004,1612,Ahmedabad,Mumbai,2026-05-26
C043,P001,1897,Mumbai,Jaipur,2026-06-30
C025,P003,100,Mumbai,Ahmedabad,2026-03-29
C050,P004,1147,Delhi,Ahmedabad,2026-01-31
C040,P003,1098,Mumbai,Ahmedabad,2026-04-25
C045,P002,1456,Delhi,Mumbai,2026-01-19
C035,P002,1332,Mumbai,Delhi,2026-05-25
C006,P004,1005,Pune,Jaipur,2026-05-02
C021,P001,1892,Mumbai,Ahmedabad,2026-04-24
C026,P004,1522,Ahmedabad,Jaipur,2026-02-10
C022,P003,499,Delhi,Mumbai,2026-01-13
C021,P003,1588,Mumbai,Jaipur,2026-02-17
C033,P003,302,Pune,Jaipur,2026-04-06
C029,P001,229,Ahmedabad,Pune,2026-02-19
C039,P004,990,Delhi,Mumbai,2026-03-24
C039,P003,558,Jaipur,Ahmedabad,2026-05-25
C019,P002,1399,Pune,Ahmedabad,2026-02-27
C040,P003,1038,Ahmedabad,Mumbai,2026-04-21
C030,P002,590,Mumbai,Pune,2026-04-07
C040,P004,1527,Ahmedabad,Delhi,2026-05-03
C047,P004,1006,Pune,Delhi,2026-06-18
C030,P004,635,Mumbai,Delhi,2026-06-23
C043,P002,1620,Pune,Jaipur,2026-04-30
C033,P002,269,Pune,Ahmedabad,2026-03-25
C019,P001,707,Mumbai,Ahmedabad,2026-05-10
C048,P001,1959,Mumbai,Delhi,2026-01-17
C038,P003,591,Jaipur,Pune,2026-04-11
C034,P003,1675,Ahmedabad,Pune,2026-01-31
C050,P002,1297,Jaipur,Mumbai,2026-05-12
C030,P002,321,Mumbai,Ahmedabad,2026-04-16
C022,P004,474,Mumbai,Pune,2026-05-27
C031,P003,1784,Jaipur,Pune,2026-01-29
C017,P003,1000,Ahmedabad,Pune,2026-01-30
C020,P003,1533,Delhi,Ahmedabad,2026-05-14
C030,P001,1137,Jaipur,Ahmedabad,2026-03-05
C013,P003,1612,Jaipur,Pune,2026-04-15
C030,P002,124,Pune,Jaipur,2026-06-08
C006,P002,1198,Jaipur,Ahmedabad,2026-02-28
C015,P001,942,Pune,Jaipur,2026-04-24
C025,P002,434,Ahmedabad,Delhi,2026-06-06
C003,P004,901,Ahmedabad,Jaipur,2026-06-29
C033,P004,1479,Delhi,Ahmedabad,2026-03-10
C018,P003,1187,Mumbai,Delhi,2026-04-20
C043,P004,508,Ahmedabad,Jaipur,2026-05-10
C041,P003,444,Delhi,Mumbai,2026-02-02
C020,P002,963,Delhi,Pune,2026-05-01
C022,P002,149,Jaipur,Pune,2026-04-28
C029,P001,239,Ahmedabad,Pune,2026-02-18
C036,P001,1129,Delhi,Pune,2026-03-09
C023,P002,455,Ahmedabad,Jaipur,2026-06-12
C013,P003,1234,Jaipur,Delhi,2026-01-09
C050,P001,914,Delhi,Ahmedabad,2026-02-19
C046,P004,433,Mumbai,Jaipur,2026-05-09
C011,P001,1956,Mumbai,Jaipur,2026-02-01
C018,P002,383,Pune,Delhi,2026-03-13
C020,P002,301,Ahmedabad,Pune,2026-05-04
C044,P001,141,Delhi,Ahmedabad,2026-04-25
C018,P002,1815,Pune,Delhi,2026-06-18
C025,P003,1341,Ahmedabad,Pune,2026-01-04
C024,P003,1354,Pune,Ahmedabad,2026-05-04
C022,P001,714,Ahmedabad,Jaipur,2026-04-15
C044,P002,976,Jaipur,Mumbai,2026-06-25
C016,P003,1869,Mumbai,Jaipur,2026-03-01
C032,P001,1662,Ahmedabad,Mumbai,2026-01-02
C010,P004,1710,Pune,Jaipur,2026-06-22
C049,P003,1599,Mumbai,Delhi,2026-05-23
C046,P002,184,Mumbai,Jaipur,2026-01-29
C006,P004,1828,Jaipur,Pune,2026-04-15
C044,P004,348,Mumbai,Pune,2026-01-07
C026,P002,1740,Mumbai,Ahmedabad,2026-06-07
C010,P003,486,Pune,Ahmedabad,2026-03-21
C026,P003,1029,Pune,Ahmedabad,2026-05-27
C021,P001,1995,Mumbai,Jaipur,2026-03-18
C050,P001,1237,Mumbai,Pune,2026-06-18
C043,P002,1293,Ahmedabad,Delhi,2026-01-12
C003,P001,1505,Ahmedabad,Jaipur,2026-03-23
C028,P004,948,Delhi,Mumbai,2026-06-02
C038,P001,110,Jaipur,Ahmedabad,2026-02-17
C001,P004,1253,Ahmedabad,Pune,2026-04-17
C020,P004,1071,Ahmedabad,Delhi,2026-06-13
C027,P001,1467,Jaipur,Pune,2026-06-09
C034,P001,1014,Jaipur,Delhi,2026-06-29
C031,P003,369,Mumbai,Pune,2026-03-05
C025,P002,1277,Ahmedabad,Delhi,2026-04-28
C003,P001,1855,Delhi,Jaipur,2026-01-26
C032,P004,618,Pune,Mumbai,2026-01-08
C035,P003,840,Jaipur,Ahmedabad,2026-03-26
C048,P004,595,Mumbai,Delhi,2026-04-10
C040,P002,518,Delhi,Jaipur,2026-01-08
C049,P001,1768,Mumbai,Pune,2026-03-04
C026,P002,1878,Delhi,Mumbai,2026-03-09
C047,P001,448,Pune,Jaipur,2026-01-30
C031,P003,539,Jaipur,Mumbai,2026-06-12
C024,P002,1592,Jaipur,Mumbai,2026-02-21
C016,P004,1644,Delhi,Mumbai,2026-01-06
C034,P002,271,Jaipur,Pune,2026-06-29
C021,P001,1149,Delhi,Ahmedabad,2026-01-10
C023,P004,1779,Ahmedabad,Pune,2026-06-03
C024,P003,399,Pune,Ahmedabad,2026-06-07
C038,P004,1667,Pune,Jaipur,2026-05-03
C018,P003,575,Jaipur,Ahmedabad,2026-02-28
C033,P004,1175,Delhi,Pune,2026-06-23
C009,P004,425,Delhi,Ahmedabad,2026-01-08
C049,P002,1448,Ahmedabad,Pune,2026-04-23
C012,P002,621,Ahmedabad,Delhi,2026-06-19
C019,P001,909,Mumbai,Jaipur,2026-01-13
C034,P001,653,Jaipur,Mumbai,2026-03-14
C039,P002,1574,Mumbai,Ahmedabad,2026-01-31
C015,P002,832,Jaipur,Delhi,2026-06-01
C016,P002,484,Delhi,Mumbai,2026-05-29
C016,P002,385,Pune,Mumbai,2026-02-02
C048,P001,602,Mumbai,Jaipur,2026-03-22
C029,P002,531,Pune,Ahmedabad,2026-04-03
C017,P004,1079,Mumbai,Pune,2026-01-09
C007,P002,1396,Mumbai,Ahmedabad,2026-04-08
C001,P003,1792,Jaipur,Mumbai,2026-01-02
C020,P001,188,Pune,Delhi,2026-02-20
C043,P004,1787,Mumbai,Jaipur,2026-05-04
C036,P003,1715,Jaipur,Pune,2026-05-02
C028,P002,1348,Mumbai,Pune,2026-04-13
C020,P004,899,Pune,Jaipur,2026-05-10
C021,P001,821,Pune,Jaipur,2026-03-26
C037,P001,436,Mumbai,Ahmedabad,2026-02-09
C005,P001,1635,Pune,Ahmedabad,2026-05-16
C025,P003,657,Delhi,Pune,2026-06-02
C014,P003,1781,Mumbai,Ahmedabad,2026-02-05
C048,P001,1356,Mumbai,Ahmedabad,2026-01-14
C032,P003,1351,Mumbai,Ahmedabad,2026-04-28
C028,P001,863,Ahmedabad,Pune,2026-01-15
C022,P003,462,Pune,Jaipur,2026-06-06
C023,P004,487,Pune,Mumbai,2026-06-11
C003,P003,1434,Ahmedabad,Mumbai,2026-06-20
C028,P004,785,Delhi,Ahmedabad,2026-05-07
C026,P001,1302,Pune,Delhi,2026-01-25
C043,P001,1001,Pune,Delhi,2026-05-19
C017,P004,352,Pune,Ahmedabad,2026-02-21
C013,P002,1663,Ahmedabad,Delhi,2026-05-26
C002,P003,628,Delhi,Jaipur,2026-05-11
C026,P001,641,Mumbai,Jaipur,2026-02-17
C032,P003,1060,Delhi,Ahmedabad,2026-03-13
C016,P002,1184,Delhi,Pune,2026-02-21
C027,P003,742,Pune,Delhi,2026-03-14
C014,P001,1726,Pune,Delhi,2026-06-22
C011,P002,1130,Mumbai,Jaipur,2026-06-15
C008,P003,370,Pune,Delhi,2026-01-06
C002,P001,1158,Jaipur,Mumbai,2026-02-17
C030,P003,310,Mumbai,Jaipur,2026-03-25
C024,P002,596,Mumbai,Ahmedabad,2026-06-27
C024,P002,1176,Ahmedabad,Jaipur,2026-01-04
C039,P003,1012,Pune,Mumbai,2026-04-10
C031,P004,1184,Jaipur,Ahmedabad,2026-06-19
C011,P004,1980,Jaipur,Pune,2026-01-21
C021,P004,986,Jaipur,Ahmedabad,2026-01-14
C031,P004,973,Pune,Ahmedabad,2026-01-04
C023,P003,925,Ahmedabad,Mumbai,2026-01-28
C021,P002,531,Jaipur,Ahmedabad,2026-01-09
C019,P003,1365,Pune,Mumbai,2026-04-24
C029,P001,1274,Mumbai,Ahmedabad,2026-02-24
C024,P004,781,Mumbai,Pune,2026-01-30
C023,P002,1175,Mumbai,Jaipur,2026-03-19
C018,P004,952,Jaipur,Mumbai,2026-03-21
C029,P002,1506,Ahmedabad,Jaipur,2026-02-09
C006,P003,1437,Delhi,Pune,2026-03-22
C022,P004,513,Jaipur,Ahmedabad,2026-04-25
C007,P002,1274,Pune,Ahmedabad,2026-03-21
C021,P001,1964,Delhi,Jaipur,2026-05-17
C047,P001,1778,Mumbai,Pune,2026-03-08
C026,P003,1685,Pune,Delhi,2026-05-02
C028,P001,1326,Delhi,Pune,2026-05-10
C017,P002,1395,Mumbai,Jaipur,2026-06-11
C034,P004,896,Pune,Ahmedabad,2026-04-28
C048,P002,1855,Mumbai,Jaipur,2026-04-30
C003,P003,817,Mumbai,Jaipur,2026-02-04
C017,P004,1034,Delhi,Jaipur,2026-05-01
C002,P001,1080,Pune,Jaipur,2026-03-01
C007,P002,431,Delhi,Mumbai,2026-05-31
C044,P001,1265,Jaipur,Delhi,2026-03-15
C043,P003,1097,Mumbai,Pune,2026-02-07
C046,P004,1067,Jaipur,Pune,2026-04-25
C045,P004,174,Delhi,Mumbai,2026-03-26
C012,P002,1572,Jaipur,Delhi,2026-03-15
C007,P003,472,Ahmedabad,Jaipur,2026-04-29
C010,P002,1319,Mumbai,Ahmedabad,2026-01-19
C042,P004,422,Ahmedabad,Jaipur,2026-01-21
C042,P003,1391,Mumbai,Jaipur,2026-02-20
C027,P003,504,Delhi,Ahmedabad,2026-03-07
C040,P004,990,Mumbai,Jaipur,2026-03-24
C003,P003,536,Delhi,Jaipur,2026-05-06
C027,P001,1158,Pune,Delhi,2026-01-20
C043,P003,1663,Ahmedabad,Mumbai,2026-03-20
C025,P001,258,Jaipur,Mumbai,2026-05-01
C036,P004,1323,Pune,Delhi,2026-02-09
C027,P001,643,Delhi,Pune,2026-05-09
C013,P001,1398,Jaipur,Pune,2026-01-31
C050,P004,129,Delhi,Jaipur,2026-06-10
C007,P001,387,Jaipur,Ahmedabad,2026-05-13
C046,P004,601,Jaipur,Mumbai,2026-04-16
C028,P002,1052,Mumbai,Pune,2026-06-04
C029,P002,1415,Pune,Ahmedabad,2026-02-17
C049,P002,1805,Mumbai,Ahmedabad,2026-03-19
C022,P002,1975,Delhi,Pune,2026-01-13
C026,P001,455,Ahmedabad,Pune,2026-01-29
C008,P002,1186,Ahmedabad,Pune,2026-03-17
C040,P001,1238,Pune,Delhi,2026-01-20
C018,P001,710,Mumbai,Delhi,2026-02-25
C037,P003,1472,Ahmedabad,Jaipur,2026-04-25
C001,P002,1782,Ahmedabad,Pune,2026-01-14
C024,P002,1680,Ahmedabad,Delhi,2026-01-27
C008,P003,1253,Mumbai,Jaipur,2026-03-05
C001,P002,188,Ahmedabad,Delhi,2026-04-01
C048,P002,1974,Ahmedabad,Jaipur,2026-04-09
C027,P002,1153,Jaipur,Pune,2026-05-14
C015,P001,119,Ahmedabad,Mumbai,2026-03-13
C008,P002,1292,Ahmedabad,Jaipur,2026-04-05
C015,P004,613,Mumbai,Ahmedabad,2026-06-06
C012,P002,1220,Delhi,Pune,2026-01-10
C039,P004,964,Ahmedabad,Delhi,2026-06-16
C030,P004,1825,Ahmedabad,Pune,2026-02-06
C048,P003,1966,Pune,Ahmedabad,2026-02-20
C022,P004,1076,Mumbai,Pune,2026-06-13
C003,P004,220,Delhi,Pune,2026-05-17
C014,P004,1159,Ahmedabad,Pune,2026-01-02
C037,P002,684,Pune,Delhi,2026-04-23
C005,P001,1435,Jaipur,Ahmedabad,2026-01-27
C019,P001,705,Delhi,Jaipur,2026-06-28
C001,P002,176,Pune,Delhi,2026-02-27
C007,P004,1473,Mumbai,Ahmedabad,2026-03-12
C007,P002,1431,Pune,Mumbai,2026-04-15
C021,P003,1644,Pune,Mumbai,2026-02-05
C020,P003,864,Delhi,Mumbai,2026-04-13
C004,P001,660,Ahmedabad,Jaipur,2026-01-18
C003,P002,550,Mumbai,Ahmedabad,2026-04-21
C048,P002,1818,Pune,Mumbai,2026-06-20
C025,P003,403,Delhi,Jaipur,2026-06-13
C020,P002,547,Jaipur,Pune,2026-01-30
C036,P001,968,Ahmedabad,Pune,2026-02-11
C009,P004,397,Jaipur,Ahmedabad,2026-06-18
C024,P004,263,Pune,Mumbai,2026-05-23
C045,P001,1331,Jaipur,Ahmedabad,2026-04-04
C005,P003,982,Mumbai,Delhi,2026-06-20
C030,P001,1107,Delhi,Pune,2026-01-19
C028,P001,1445,Ahmedabad,Delhi,2026-05-05
C005,P003,1765,Pune,Jaipur,2026-03-31
C022,P003,1542,Jaipur,Pune,2026-06-05
C009,P004,1818,Jaipur,Delhi,2026-06-03
C011,P004,800,Jaipur,Delhi,2026-01-06
C006,P002,1632,Jaipur,Ahmedabad,2026-04-06
C040,P003,656,Jaipur,Delhi,2026-04-24
C038,P003,691,Ahmedabad,Delhi,2026-03-30
C032,P002,527,Pune,Ahmedabad,2026-02-19
C050,P002,343,Jaipur,Ahmedabad,2026-02-09
C011,P002,1802,Ahmedabad,Mumbai,2026-02-13
C024,P002,1625,Pune,Jaipur,2026-01-29
C037,P001,495,Pune,Ahmedabad,2026-05-11
C015,P003,310,Mumbai,Ahmedabad,2026-06-09
C028,P003,1716,Jaipur,Pune,2026-03-19
C017,P004,152,Jaipur,Delhi,2026-03-06
C015,P004,1686,Delhi,Jaipur,2026-02-16
C034,P001,1446,Ahmedabad,Pune,2026-05-25
C022,P002,992,Jaipur,Mumbai,2026-03-09
C010,P001,1040,Pune,Mumbai,2026-05-11
C028,P003,292,Ahmedabad,Mumbai,2026-01-30
C050,P004,223,Mumbai,Pune,2026-06-11
C032,P003,1620,Delhi,Jaipur,2026-03-17
C007,P001,1532,Mumbai,Jaipur,2026-03-28
C019,P004,1471,Delhi,Jaipur,2026-04-19
C035,P004,1444,Ahmedabad,Jaipur,2026-01-06
C038,P002,1675,Pune,Mumbai,2026-05-16
C024,P004,1154,Delhi,Mumbai,2026-06-05
C029,P002,1909,Pune,Ahmedabad,2026-03-22
C018,P001,159,Mumbai,Jaipur,2026-05-21
C035,P003,1446,Delhi,Jaipur,2026-04-23
C018,P002,1023,Pune,Delhi,2026-03-29
C009,P002,233,Mumbai,Delhi,2026-06-13
C027,P001,1833,Mumbai,Pune,2026-02-10
C027,P001,1855,Mumbai,Delhi,2026-01-17
C037,P001,1530,Mumbai,Delhi,2026-06-17
C028,P004,1381,Pune,Mumbai,2026-01-28
C046,P003,483,Jaipur,Delhi,2026-03-20
C003,P002,122,Ahmedabad,Mumbai,2026-05-29
C049,P004,1809,Delhi,Pune,2026-02-02
C001,P001,1001,Delhi,Pune,2026-01-28
C002,P003,1151,Mumbai,Jaipur,2026-03-19
C036,P002,1134,Mumbai,Delhi,2026-06-16
C010,P002,965,Mumbai,Delhi,2026-04-01
C021,P002,1307,Mumbai,Delhi,2026-01-14
C010,P004,591,Jaipur,Ahmedabad,2026-06-25
C050,P004,457,Mumbai,Jaipur,2026-06-10
C021,P003,1132,Mumbai,Pune,2026-03-30
C047,P003,1669,Jaipur,Ahmedabad,2026-06-24
C029,P004,622,Pune,Ahmedabad,2026-03-17
C038,P004,1186,Delhi,Mumbai,2026-02-23
C016,P001,1780,Delhi,Mumbai,2026-04-25
C030,P001,768,Jaipur,Pune,2026-06-30
C021,P002,410,Delhi,Jaipur,2026-04-04
C033,P003,1156,Mumbai,Ahmedabad,2026-01-25
C045,P002,376,Jaipur,Ahmedabad,2026-05-03
C047,P002,1014,Jaipur,Ahmedabad,2026-04-26
C034,P003,1290,Ahmedabad,Delhi,2026-02-19
C043,P001,971,Jaipur,Pune,2026-02-20
C049,P001,1224,Delhi,Mumbai,2026-04-28
C023,P001,1669,Jaipur,Pune,2026-04-22
C046,P004,1614,Mumbai,Delhi,2026-02-16
C018,P001,402,Delhi,Mumbai,2026-03-01
C015,P001,1193,Mumbai,Jaipur,2026-03-04
C023,P002,1456,Mumbai,Pune,2026-02-19
C034,P001,571,Pune,Jaipur,2026-01-16
C043,P002,1527,Mumbai,Delhi,2026-01-17
C007,P001,1846,Delhi,Ahmedabad,2026-01-30
C034,P004,1592,Pune,Ahmedabad,2026-01-01
C049,P001,656,Mumbai,Pune,2026-01-23
C031,P004,1614,Delhi,Ahmedabad,2026-06-10
C037,P002,1103,Pune,Jaipur,2026-05-06
C018,P002,708,Mumbai,Jaipur,2026-01-25
C027,P003,1771,Ahmedabad,Mumbai,2026-03-27
C035,P002,1954,Jaipur,Delhi,2026-02-28
C029,P002,1203,Jaipur,Ahmedabad,2026-03-21
C026,P001,1580,Pune,Jaipur,2026-01-06
C018,P003,792,Delhi,Mumbai,2026-05-16
C008,P001,354,Pune,Mumbai,2026-01-31
C009,P004,1624,Jaipur,Ahmedabad,2026-06-05
C009,P004,1782,Delhi,Mumbai,2026-04-16
C024,P001,1492,Delhi,Jaipur,2026-04-22
C029,P002,542,Mumbai,Pune,2026-03-01
C031,P004,1431,Mumbai,Ahmedabad,2026-01-18
C005,P003,543,Ahmedabad,Jaipur,2026-01-11
C006,P002,1257,Jaipur,Pune,2026-03-21
C013,P001,1774,Ahmedabad,Jaipur,2026-04-25
C042,P004,248,Delhi,Jaipur,2026-02-06
C031,P001,1607,Jaipur,Pune,2026-04-12
C006,P004,1344,Mumbai,Ahmedabad,2026-06-06
C015,P003,1319,Ahmedabad,Delhi,2026-04-17
C049,P004,764,Delhi,Ahmedabad,2026-06-08
C012,P004,1439,Pune,Delhi,2026-03-11
C005,P003,1869,Mumbai,Ahmedabad,2026-05-11
C037,P004,271,Delhi,Jaipur,2026-01-21
C006,P002,1460,Mumbai,Jaipur,2026-06-08
C045,P001,1683,Jaipur,Mumbai,2026-03-11
C045,P003,152,Pune,Jaipur,2026-02-17
C043,P001,1694,Ahmedabad,Delhi,2026-04-21
C034,P003,516,Jaipur,Delhi,2026-05-01
C031,P003,1103,Ahmedabad,Delhi,2026-02-24
C044,P004,1899,Delhi,Mumbai,2026-06-24
C041,P004,1035,Jaipur,Pune,2026-03-23
C018,P001,495,Jaipur,Mumbai,2026-04-24
C013,P001,852,Pune,Jaipur,2026-01-23
C020,P004,1403,Mumbai,Pune,2026-01-08
C043,P002,1996,Jaipur,Pune,2026-02-20
C018,P001,423,Pune,Jaipur,2026-01-11
C016,P002,203,Delhi,Jaipur,2026-05-12
C032,P003,1572,Ahmedabad,Jaipur,2026-01-14
C004,P002,521,Pune,Mumbai,2026-01-27
C048,P001,140,Delhi,Mumbai,2026-04-03
C036,P002,382,Delhi,Pune,2026-06-19
C012,P001,1636,Jaipur,Ahmedabad,2026-06-08
C048,P002,401,Mumbai,Jaipur,2026-05-23
C016,P003,1244,Pune,Delhi,2026-03-11
C003,P002,197,Delhi,Mumbai,2026-04-25
C028,P002,1141,Pune,Jaipur,2026-05-29
C005,P004,309,Mumbai,Delhi,2026-05-04
C033,P004,532,Pune,Delhi,2026-05-10
C045,P003,1958,Pune,Ahmedabad,2026-03-16
C003,P004,1376,Pune,Ahmedabad,2026-02-01
C025,P003,1658,Jaipur,Ahmedabad,2026-02-05
C003,P002,904,Jaipur,Ahmedabad,2026-05-11
C018,P004,606,Pune,Delhi,2026-04-04
C014,P004,1083,Pune,Mumbai,2026-06-09
C034,P002,493,Jaipur,Mumbai,2026-01-08
C047,P002,1662,Mumbai,Pune,2026-01-01
C035,P003,1184,Pune,Jaipur,2026-03-09
C022,P001,1260,Pune,Ahmedabad,2026-06-01
C040,P001,1321,Delhi,Ahmedabad,2026-01-11
C025,P003,1505,Ahmedabad,Mumbai,2026-01-13
C045,P004,415,Delhi,Pune,2026-04-01
C032,P001,1457,Pune,Jaipur,2026-04-08
C021,P004,705,Pune,Delhi,2026-02-03
C048,P001,1996,Ahmedabad,Jaipur,2026-06-26
C039,P001,1180,Ahmedabad,Jaipur,2026-05-04
C049,P004,1325,Jaipur,Mumbai,2026-06-20
C022,P002,1812,Mumbai,Jaipur,2026-06-26
C037,P004,1276,Pune,Jaipur,2026-06-10
C032,P001,630,Ahmedabad,Pune,2026-02-25
C022,P003,295,Ahmedabad,Jaipur,2026-06-25
C009,P003,238,Ahmedabad,Delhi,2026-02-04
C013,P003,1078,Ahmedabad,Jaipur,2026-02-18
C025,P003,1949,Pune,Ahmedabad,2026-06-04
C023,P003,1574,Mumbai,Jaipur,2026-01-26
C037,P001,975,Ahmedabad,Pune,2026-04-25
C035,P001,1407,Mumbai,Pune,2026-04-26
C014,P002,1059,Pune,Ahmedabad,2026-06-01
C032,P004,944,Pune,Jaipur,2026-02-06
C005,P001,1394,Mumbai,Ahmedabad,2026-01-31
C029,P002,1911,Jaipur,Ahmedabad,2026-02-20
C019,P003,1958,Mumbai,Delhi,2026-05-27
C017,P001,1722,Mumbai,Pune,2026-01-16
C050,P001,1750,Pune,Mumbai,2026-05-08
C035,P001,1293,Mumbai,Pune,2026-04-28
C018,P001,1097,Jaipur,Mumbai,2026-04-06
C032,P003,1142,Pune,Mumbai,2026-04-22
C033,P003,881,Ahmedabad,Jaipur,2026-01-12
C021,P004,1367,Pune,Mumbai,2026-04-23
C017,P004,1164,Delhi,Pune,2026-05-16
C017,P004,1489,Mumbai,Delhi,2026-03-30
C048,P003,732,Pune,Delhi,2026-01-25
C010,P004,797,Ahmedabad,Jaipur,2026-04-02
C039,P003,279,Pune,Delhi,2026-04-18
C005,P001,762,Ahmedabad,Jaipur,2026-06-11
C036,P004,1009,Pune,Delhi,2026-06-25
C008,P001,241,Jaipur,Ahmedabad,2026-01-15
C045,P001,240,Mumbai,Pune,2026-02-23
C009,P002,1070,Pune,Mumbai,2026-06-20
C029,P003,1036,Pune,Jaipur,2026-06-29
C012,P001,1799,Pune,Delhi,2026-05-17
C004,P002,288,Pune,Delhi,2026-06-26
C033,P001,1645,Delhi,Jaipur,2026-02-05
C016,P004,1265,Pune,Ahmedabad,2026-06-09
C040,P004,594,Delhi,Jaipur,2026-04-17
C035,P004,1548,Delhi,Pune,2026-04-05
C044,P001,1647,Ahmedabad,Jaipur,2026-01-11
C049,P003,1862,Delhi,Mumbai,2026-03-19
C016,P002,570,Ahmedabad,Jaipur,2026-03-10
C039,P002,1499,Mumbai,Pune,2026-02-27
C009,P003,137,Delhi,Ahmedabad,2026-02-09
C030,P003,1135,Ahmedabad,Pune,2026-06-08
C027,P001,1726,Mumbai,Delhi,2026-02-03
C042,P004,1324,Pune,Jaipur,2026-03-27
C029,P002,1942,Delhi,Mumbai,2026-06-07
C005,P001,1659,Delhi,Jaipur,2026-06-09
C049,P001,436,Mumbai,Delhi,2026-05-13
C002,P001,1363,Pune,Delhi,2026-04-05
C003,P001,976,Ahmedabad,Mumbai,2026-03-27
C050,P002,201,Jaipur,Pune,2026-02-21
C015,P002,1974,Mumbai,Pune,2026-01-22
C034,P001,894,Jaipur,Mumbai,2026-06-07
C029,P004,1795,Pune,Delhi,2026-01-27
C028,P004,455,Jaipur,Mumbai,2026-04-22
C016,P004,120,Jaipur,Ahmedabad,2026-05-13
C037,P004,1566,Jaipur,Mumbai,2026-02-24
C042,P003,1035,Delhi,Pune,2026-01-05
C033,P001,1689,Ahmedabad,Delhi,2026-04-20
C027,P002,811,Ahmedabad,Mumbai,2026-04-20
C008,P001,297,Delhi,Jaipur,2026-01-27
C030,P001,1025,Ahmedabad,Jaipur,2026-03-15
C016,P001,1859,Delhi,Mumbai,2026-06-29
C026,P003,210,Pune,Jaipur,2026-04-08
C031,P002,1946,Mumbai,Jaipur,2026-02-24
C008,P003,1710,Jaipur,Delhi,2026-04-13
C048,P004,1420,Jaipur,Ahmedabad,2026-02-13
C008,P003,1805,Pune,Delhi,2026-03-04
C042,P002,257,Delhi,Ahmedabad,2026-05-12
C029,P001,1371,Delhi,Jaipur,2026-02-05
C043,P003,566,Delhi,Ahmedabad,2026-02-17
C017,P003,813,Mumbai,Delhi,2026-03-15
C034,P004,1151,Delhi,Pune,2026-01-04
C026,P002,1965,Jaipur,Ahmedabad,2026-03-01
C034,P004,873,Pune,Mumbai,2026-01-14
C016,P002,1905,Ahmedabad,Jaipur,2026-02-13
C003,P003,1983,Mumbai,Delhi,2026-06-01
C043,P002,543,Delhi,Pune,2026-02-15
C040,P001,1992,Ahmedabad,Delhi,2026-05-05
C017,P003,874,Mumbai,Pune,2026-06-17
C030,P001,195,Jaipur,Mumbai,2026-04-23
C016,P002,1493,Delhi,Pune,2026-05-05
C027,P002,263,Jaipur,Pune,2026-05-02
C011,P004,1477,Jaipur,Pune,2026-04-12
C006,P001,896,Delhi,Mumbai,2026-05-09
C047,P002,186,Pune,Delhi,2026-06-24
C034,P002,102,Pune,Delhi,2026-04-13
C010,P003,158,Jaipur,Pune,2026-01-28
C017,P002,1284,Jaipur,Ahmedabad,2026-05-14
C001,P003,1066,Mumbai,Ahmedabad,2026-06-15
C014,P003,1986,Ahmedabad,Jaipur,2026-02-03
C012,P003,1880,Jaipur,Delhi,2026-01-18
C020,P003,1181,Ahmedabad,Pune,2026-02-10
C036,P004,1626,Jaipur,Pune,2026-03-02
C017,P002,835,Delhi,Jaipur,2026-03-22
C046,P001,614,Pune,Ahmedabad,2026-04-18
C023,P004,1110,Jaipur,Delhi,2026-01-24
C010,P004,746,Mumbai,Ahmedabad,2026-02-28
C042,P002,288,Delhi,Jaipur,2026-02-01
C050,P003,1837,Delhi,Pune,2026-06-11
C012,P004,1182,Jaipur,Mumbai,2026-05-17
C024,P004,1947,Pune,Jaipur,2026-02-24
C009,P002,106,Delhi,Pune,2026-03-10
C016,P004,1404,Delhi,Jaipur,2026-04-15
C011,P003,343,Delhi,Jaipur,2026-06-08
C003,P001,1082,Ahmedabad,Pune,2026-01-28
C028,P004,1084,Mumbai,Pune,2026-01-07
C026,P002,344,Jaipur,Ahmedabad,2026-01-10
C001,P004,434,Mumbai,Ahmedabad,2026-06-09
C005,P003,1249,Delhi,Jaipur,2026-01-29
C049,P001,814,Ahmedabad,Mumbai,2026-04-30
C013,P004,1437,Mumbai,Jaipur,2026-03-12
C004,P003,1730,Delhi,Ahmedabad,2026-06-09
C016,P001,974,Delhi,Mumbai,2026-02-08
C009,P002,823,Pune,Delhi,2026-06-15
C006,P002,1348,Mumbai,Ahmedabad,2026-04-04
C044,P002,883,Ahmedabad,Jaipur,2026-02-15
C046,P001,1200,Pune,Ahmedabad,2026-01-19
C034,P001,708,Jaipur,Mumbai,2026-05-24
C010,P001,864,Delhi,Pune,2026-01-12
C037,P002,1933,Delhi,Mumbai,2026-03-12
C034,P001,949,Mumbai,Pune,2026-02-10
C024,P002,1663,Jaipur,Delhi,2026-05-02
C043,P002,1075,Ahmedabad,Jaipur,2026-01-21
C015,P003,1741,Delhi,Jaipur,2026-05-23
C022,P002,1938,Jaipur,Ahmedabad,2026-03-04
C043,P004,973,Ahmedabad,Mumbai,2026-06-17
C014,P001,405,Jaipur,Delhi,2026-05-05
C043,P004,163,Delhi,Ahmedabad,2026-06-24
C039,P003,1759,Jaipur,Mumbai,2026-01-23
C030,P002,779,Ahmedabad,Jaipur,2026-05-27
C006,P001,958,Jaipur,Pune,2026-01-15
C047,P003,1507,Delhi,Ahmedabad,2026-05-25
C023,P002,1425,Mumbai,Jaipur,2026-05-02
C009,P004,1129,Delhi,Pune,2026-01-31
C032,P002,809,Delhi,Ahmedabad,2026-04-27
C035,P003,1500,Jaipur,Pune,2026-01-03
C003,P002,308,Delhi,Mumbai,2026-04-14
C017,P001,1925,Mumbai,Jaipur,2026-06-24
C029,P002,526,Ahmedabad,Pune,2026-01-13
C040,P003,1811,Ahmedabad,Pune,2026-04-19
C043,P002,1846,Jaipur,Delhi,2026-06-16
C048,P003,1387,Delhi,Pune,2026-05-07
C034,P001,983,Pune,Mumbai,2026-04-20
C048,P001,1770,Mumbai,Pune,2026-02-12
C028,P003,1812,Delhi,Mumbai,2026-03-22
C008,P001,1724,Pune,Ahmedabad,2026-06-14
C033,P002,1736,Jaipur,Ahmedabad,2026-02-16
C037,P002,1828,Delhi,Ahmedabad,2026-02-19
C004,P001,1422,Delhi,Pune,2026-05-17
C012,P002,1283,Jaipur,Mumbai,2026-01-14
C025,P003,620,Ahmedabad,Pune,2026-05-13
C012,P001,1663,Delhi,Mumbai,2026-01-30
C030,P003,824,Pune,Ahmedabad,2026-04-10
C026,P004,1706,Delhi,Pune,2026-06-04
C027,P003,195,Delhi,Mumbai,2026-04-26
C013,P003,1118,Delhi,Pune,2026-05-27
C033,P004,1294,Pune,Mumbai,2026-01-12
C013,P002,552,Jaipur,Pune,2026-04-03
C002,P003,1124,Jaipur,Ahmedabad,2026-06-11
C035,P003,1574,Mumbai,Jaipur,2026-06-18
C034,P002,502,Ahmedabad,Jaipur,2026-03-14
C047,P003,1680,Jaipur,Mumbai,2026-03-11
C039,P002,320,Pune,Delhi,2026-06-22
C025,P001,1578,Ahmedabad,Jaipur,2026-02-27
C038,P003,238,Mumbai,Ahmedabad,2026-02-11
C003,P004,1200,Pune,Ahmedabad,2026-03-04
C010,P004,1496,Pune,Mumbai,2026-03-19
C030,P004,320,Delhi,Mumbai,2026-03-24
C050,P002,158,Ahmedabad,Pune,2026-02-13
C050,P001,1217,Delhi,Ahmedabad,2026-06-05
C049,P003,1101,Delhi,Jaipur,2026-04-07
C001,P002,709,Mumbai,Ahmedabad,2026-06-26
C033,P003,378,Mumbai,Pune,2026-01-27
C026,P001,1532,Ahmedabad,Delhi,2026-05-13
C034,P002,425,Pune,Ahmedabad,2026-05-01
C034,P003,1879,Mumbai,Delhi,2026-05-08
C018,P002,170,Delhi,Mumbai,2026-01-07
C016,P004,1781,Ahmedabad,Mumbai,2026-06-18
C031,P003,256,Jaipur,Mumbai,2026-02-10
C031,P001,938,Mumbai,Jaipur,2026-02-20
C028,P004,513,Jaipur,Delhi,2026-01-16
C001,P003,1204,Jaipur,Delhi,2026-01-10
C032,P004,133,Ahmedabad,Mumbai,2026-03-11
C021,P003,319,Pune,Jaipur,2026-03-15
C012,P003,1808,Jaipur,Delhi,2026-06-19
C033,P003,1802,Mumbai,Ahmedabad,2026-02-10
C022,P001,372,Pune,Jaipur,2026-04-23
C036,P002,672,Pune,Mumbai,2026-01-29
C040,P001,1517,Delhi,Mumbai,2026-02-17
C036,P001,906,Pune,Jaipur,2026-03-30
C047,P002,356,Mumbai,Pune,2026-04-10
C037,P004,1311,Delhi,Jaipur,2026-05-11
C037,P002,1999,Mumbai,Pune,2026-06-18
C003,P002,1878,Mumbai,Jaipur,2026-06-04
C016,P002,727,Ahmedabad,Pune,2026-03-11
C050,P002,1956,Delhi,Jaipur,2026-03-05
C008,P001,1820,Jaipur,Ahmedabad,2026-06-03
C004,P002,622,Delhi,Mumbai,2026-06-02
C031,P004,956,Mumbai,Delhi,2026-03-16
C007,P003,980,Pune,Ahmedabad,2026-02-20
C019,P001,206,Pune,Ahmedabad,2026-05-17
C031,P001,106,Pune,Mumbai,2026-03-05
C024,P004,1947,Pune,Ahmedabad,2026-04-15
C046,P002,219,Delhi,Ahmedabad,2026-05-18
C003,P002,1505,Delhi,Ahmedabad,2026-03-22
C021,P003,1800,Delhi,Mumbai,2026-06-06
C039,P004,1745,Mumbai,Pune,2026-06-08
C020,P002,1993,Delhi,Pune,2026-02-17
C021,P003,1730,Ahmedabad,Delhi,2026-02-14
C040,P003,1914,Mumbai,Ahmedabad,2026-05-15
C043,P004,1727,Mumbai,Jaipur,2026-05-10
C030,P002,1962,Jaipur,Pune,2026-04-26
C009,P004,1031,Ahmedabad,Jaipur,2026-06-30
C012,P004,485,Ahmedabad,Jaipur,2026-04-06
C050,P003,1674,Delhi,Pune,2026-02-21
C018,P002,1666,Pune,Mumbai,2026-05-04
C004,P002,1409,Pune,Ahmedabad,2026-05-16
C040,P003,477,Pune,Jaipur,2026-03-23
C030,P004,304,Mumbai,Pune,2026-06-22
C013,P003,1647,Ahmedabad,Pune,2026-04-30
C013,P001,258,Pune,Mumbai,2026-03-28
C041,P004,1800,Mumbai,Ahmedabad,2026-06-23
C033,P004,397,Delhi,Pune,2026-02-15
C043,P002,1538,Mumbai,Jaipur,2026-06-23
C031,P001,1254,Jaipur,Delhi,2026-04-21
C015,P001,1181,Delhi,Pune,2026-05-18
C003,P001,463,Jaipur,Mumbai,2026-01-24
C031,P001,1350,Delhi,Mumbai,2026-05-02
C040,P004,1928,Pune,Mumbai,2026-03-30
C030,P001,582,Ahmedabad,Delhi,2026-04-22
C034,P002,305,Delhi,Ahmedabad,2026-01-28
C027,P003,897,Pune,Ahmedabad,2026-01-14
C007,P003,1350,Pune,Jaipur,2026-01-25
C041,P003,1656,Ahmedabad,Delhi,2026-05-18
C001,P002,180,Delhi,Mumbai,2026-05-13
C043,P002,645,Pune,Ahmedabad,2026-06-20
C040,P003,673,Ahmedabad,Pune,2026-02-10
C026,P004,308,Ahmedabad,Pune,2026-04-16
C036,P001,642,Pune,Jaipur,2026-01-02
C003,P002,468,Mumbai,Ahmedabad,2026-01-26
C047,P002,1287,Pune,Ahmedabad,2026-05-25
C008,P004,143,Pune,Ahmedabad,2026-05-18
C040,P001,960,Mumbai,Pune,2026-05-29
C025,P003,827,Delhi,Ahmedabad,2026-03-11
C023,P001,807,Mumbai,Delhi,2026-01-25
C017,P002,504,Jaipur,Pune,2026-02-22
C002,P002,940,Delhi,Jaipur,2026-06-13
C047,P003,397,Jaipur,Pune,2026-05-08
C042,P003,1920,Delhi,Jaipur,2026-01-26
C014,P001,1480,Mumbai,Pune,2026-01-09
C038,P001,1260,Mumbai,Jaipur,2026-03-28
C033,P003,873,Ahmedabad,Mumbai,2026-01-13
C034,P002,926,Ahmedabad,Delhi,2026-01-31
C027,P004,1048,Pune,Ahmedabad,2026-02-02
C026,P004,1712,Jaipur,Mumbai,2026-04-02
C009,P003,1911,Delhi,Jaipur,2026-05-10
C018,P002,120,Jaipur,Pune,2026-06-04
C003,P004,1461,Jaipur,Pune,2026-05-01
C012,P002,1475,Ahmedabad,Pune,2026-03-02
C023,P001,1113,Ahmedabad,Jaipur,2026-06-02
C030,P003,1810,Ahmedabad,Pune,2026-01-04
C046,P004,1552,Pune,Delhi,2026-04-23
C010,P004,790,Pune,Delhi,2026-04-23
C030,P001,1866,Delhi,Ahmedabad,2026-04-08
C041,P002,1258,Ahmedabad,Mumbai,2026-06-20
C043,P001,1845,Pune,Delhi,2026-05-29
C026,P002,805,Delhi,Pune,2026-06-27
C021,P002,1271,Pune,Ahmedabad,2026-02-11
C015,P003,965,Jaipur,Mumbai,2026-03-15
C022,P001,997,Pune,Delhi,2026-06-20
C025,P004,185,Delhi,Mumbai,2026-06-06
C043,P001,654,Mumbai,Delhi,2026-06-15
C048,P001,1243,Jaipur,Delhi,2026-02-15
C049,P004,703,Mumbai,Jaipur,2026-04-08
C021,P004,1340,Mumbai,Jaipur,2026-05-18
C007,P004,718,Pune,Delhi,2026-05-17
C023,P002,1060,Jaipur,Delhi,2026-02-10
C025,P001,532,Mumbai,Pune,2026-02-05
C032,P004,963,Ahmedabad,Jaipur,2026-05-05
C027,P001,196,Pune,Mumbai,2026-03-15
C033,P001,518,Mumbai,Pune,2026-06-07
C003,P001,280,Jaipur,Ahmedabad,2026-02-09
C001,P003,294,Delhi,Jaipur,2026-05-29
C041,P004,877,Delhi,Mumbai,2026-05-26
C022,P003,647,Pune,Jaipur,2026-02-16
C029,P003,1292,Pune,Delhi,2026-05-06
C003,P003,1026,Pune,Ahmedabad,2026-05-29
C037,P002,1863,Pune,Jaipur,2026-03-14
C015,P004,1714,Ahmedabad,Pune,2026-01-08
C045,P001,1315,Jaipur,Delhi,2026-01-28
C015,P001,1264,Delhi,Pune,2026-05-11
C021,P004,190,Mumbai,Jaipur,2026-01-06
C010,P002,339,Mumbai,Jaipur,2026-05-20
C046,P004,1143,Pune,Ahmedabad,2026-02-18
C022,P001,631,Jaipur,Ahmedabad,2026-05-16
C049,P002,709,Pune,Ahmedabad,2026-01-25
C027,P001,905,Mumbai,Ahmedabad,2026-02-02
C005,P003,1430,Pune,Delhi,2026-06-28
C037,P004,367,Delhi,Ahmedabad,2026-01-26
C001,P002,1094,Mumbai,Pune,2026-02-06
C032,P003,1212,Delhi,Jaipur,2026-05-02
C031,P002,178,Pune,Mumbai,2026-01-06
C043,P002,912,Jaipur,Pune,2026-03-02
C047,P002,1316,Pune,Jaipur,2026-04-21
C030,P001,1423,Jaipur,Mumbai,2026-01-27
C046,P002,975,Mumbai,Ahmedabad,2026-04-23
C030,P002,829,Jaipur,Ahmedabad,2026-05-22
C009,P004,969,Ahmedabad,Delhi,2026-04-15
C048,P002,726,Jaipur,Ahmedabad,2026-05-16
C011,P003,1419,Jaipur,Ahmedabad,2026-01-09
C021,P001,1044,Ahmedabad,Delhi,2026-03-16
C002,P001,615,Mumbai,Delhi,2026-02-23
C045,P003,1873,Jaipur,Pune,2026-04-20
C023,P002,633,Pune,Delhi,2026-01-09
C043,P002,323,Jaipur,Mumbai,2026-06-09
C050,P002,1809,Pune,Ahmedabad,2026-03-30
C025,P002,1065,Mumbai,Pune,2026-02-16
C042,P002,711,Pune,Jaipur,2026-04-02
C006,P003,1901,Delhi,Ahmedabad,2026-01-18
C016,P003,1425,Mumbai,Pune,2026-01-10
C041,P002,1005,Mumbai,Jaipur,2026-04-26
C010,P004,1442,Delhi,Ahmedabad,2026-02-15
C015,P004,867,Ahmedabad,Delhi,2026-06-02
C032,P004,1903,Jaipur,Ahmedabad,2026-06-04
C037,P001,1436,Delhi,Ahmedabad,2026-06-09
C009,P003,984,Jaipur,Ahmedabad,2026-02-27
C049,P001,790,Pune,Ahmedabad,2026-06-09
C019,P002,472,Ahmedabad,Pune,2026-06-16
C004,P004,1087,Mumbai,Pune,2026-03-15
C039,P004,1385,Jaipur,Ahmedabad,2026-06-26
C041,P004,1925,Pune,Jaipur,2026-01-04
C015,P001,722,Pune,Mumbai,2026-01-06
C041,P001,1100,Jaipur,Pune,2026-01-01
C012,P004,1721,Ahmedabad,Jaipur,2026-02-07
C015,P001,749,Pune,Delhi,2026-03-01
C011,P002,1673,Pune,Mumbai,2026-04-07
C050,P004,1098,Pune,Jaipur,2026-01-15
C043,P001,740,Mumbai,Ahmedabad,2026-01-10
C022,P002,1102,Mumbai,Ahmedabad,2026-03-04
C024,P002,1770,Delhi,Mumbai,2026-01-20
C020,P001,777,Ahmedabad,Delhi,2026-03-04
C038,P004,1180,Pune,Delhi,2026-03-05
C029,P001,460,Delhi,Ahmedabad,2026-01-06
C005,P004,1229,Delhi,Mumbai,2026-04-27
C013,P003,848,Delhi,Jaipur,2026-01-24
C032,P003,1026,Pune,Delhi,2026-03-07
C031,P002,1005,Pune,Mumbai,2026-02-08
C037,P004,1907,Pune,Delhi,2026-01-09
C043,P004,149,Pune,Mumbai,2026-06-14
C047,P001,1165,Jaipur,Ahmedabad,2026-05-11
C040,P004,1204,Delhi,Pune,2026-02-15
C001,P004,995,Jaipur,Mumbai,2026-01-17
C017,P001,1713,Pune,Ahmedabad,2026-02-23
C030,P002,317,Delhi,Ahmedabad,2026-04-02
C025,P003,556,Jaipur,Delhi,2026-02-05
C047,P002,1737,Mumbai,Delhi,2026-02-21
C020,P002,938,Mumbai,Ahmedabad,2026-04-09
C022,P003,161,Delhi,Pune,2026-06-04
C048,P003,1483,Jaipur,Delhi,2026-02-21
C023,P004,445,Ahmedabad,Jaipur,2026-04-18
C047,P003,1177,Pune,Delhi,2026-05-10
C030,P001,1552,Delhi,Jaipur,2026-01-18
C039,P004,365,Mumbai,Pune,2026-04-27
C020,P002,871,Mumbai,Pune,2026-04-23
C010,P002,785,Delhi,Ahmedabad,2026-04-01
C006,P002,1034,Jaipur,Pune,2026-06-29
C022,P002,419,Mumbai,Delhi,2026-04-28
C037,P003,114,Ahmedabad,Delhi,2026-05-13
C004,P004,1401,Delhi,Mumbai,2026-06-13
C018,P001,579,Pune,Ahmedabad,2026-03-23
C041,P003,1555,Mumbai,Jaipur,2026-01-24
C018,P002,1726,Delhi,Jaipur,2026-05-22
C034,P001,1983,Jaipur,Delhi,2026-01-14
C025,P004,1839,Delhi,Ahmedabad,2026-06-16
C037,P002,1847,Pune,Jaipur,2026-05-06
C027,P002,377,Pune,Mumbai,2026-01-24
C039,P004,535,Ahmedabad,Jaipur,2026-06-11
C046,P004,1920,Delhi,Ahmedabad,2026-04-02
C007,P001,775,Delhi,Jaipur,2026-02-22
C048,P002,1534,Mumbai,Ahmedabad,2026-03-06
C035,P003,734,Jaipur,Pune,2026-01-13
C050,P003,423,Mumbai,Ahmedabad,2026-01-10
C050,P002,1020,Ahmedabad,Delhi,2026-03-13
C001,P004,1937,Jaipur,Delhi,2026-04-19
C013,P001,1425,Mumbai,Jaipur,2026-05-17
C021,P004,1741,Pune,Delhi,2026-02-03
C040,P004,662,Ahmedabad,Mumbai,2026-02-21
C036,P002,1663,Jaipur,Pune,2026-04-20
C009,P003,275,Pune,Delhi,2026-02-19
C009,P004,522,Jaipur,Pune,2026-02-03
C044,P004,909,Ahmedabad,Mumbai,2026-03-02
C024,P003,667,Mumbai,Pune,2026-02-21
C047,P001,1471,Mumbai,Jaipur,2026-02-26
C025,P001,1210,Ahmedabad,Jaipur,2026-06-21
C042,P001,1169,Delhi,Jaipur,2026-03-18
C037,P003,607,Mumbai,Pune,2026-02-17
C012,P004,837,Jaipur,Ahmedabad,2026-01-10
C026,P001,591,Ahmedabad,Delhi,2026-04-26
C003,P001,1230,Jaipur,Delhi,2026-03-12
C019,P001,1265,Jaipur,Mumbai,2026-06-18
C024,P001,663,Jaipur,Ahmedabad,2026-02-22
C043,P001,1869,Pune,Mumbai,2026-03-18
C015,P004,1763,Delhi,Ahmedabad,2026-05-13
C042,P004,1375,Mumbai,Jaipur,2026-03-09
C017,P002,1011,Jaipur,Ahmedabad,2026-05-04
C034,P002,1427,Pune,Mumbai,2026-01-13
C016,P004,1571,Jaipur,Pune,2026-05-11
C021,P002,1088,Pune,Delhi,2026-02-18
C020,P003,745,Pune,Mumbai,2026-02-01
C038,P004,689,Delhi,Mumbai,2026-05-03
C008,P001,1032,Mumbai,Ahmedabad,2026-04-23
C011,P004,221,Mumbai,Pune,2026-05-07
C035,P003,815,Jaipur,Delhi,2026-06-14
C043,P003,1205,Ahmedabad,Mumbai,2026-01-13
C040,P004,997,Ahmedabad,Pune,2026-03-03
C005,P002,454,Jaipur,Mumbai,2026-04-21
C042,P002,763,Mumbai,Jaipur,2026-06-16
C023,P003,1374,Delhi,Jaipur,2026-01-13
C036,P004,250,Ahmedabad,Mumbai,2026-05-15
C020,P001,634,Pune,Delhi,2026-04-21
C040,P001,768,Pune,Delhi,2026-05-05
C019,P003,391,Pune,Jaipur,2026-03-05
C031,P001,1250,Pune,Delhi,2026-01-20
C011,P001,1056,Delhi,Ahmedabad,2026-01-26
C041,P003,1393,Mumbai,Pune,2026-06-19
C046,P003,1538,Pune,Mumbai,2026-04-19
C034,P001,1092,Mumbai,Pune,2026-04-06
C030,P002,1013,Ahmedabad,Delhi,2026-05-15
C048,P004,1468,Pune,Ahmedabad,2026-03-30
C025,P003,1690,Pune,Mumbai,2026-03-30
C021,P003,1746,Mumbai,Ahmedabad,2026-05-20
C019,P001,1270,Delhi,Pune,2026-01-19
C035,P002,898,Ahmedabad,Pune,2026-06-18
C045,P003,655,Pune,Ahmedabad,2026-05-19
C049,P002,140,Jaipur,Delhi,2026-02-01
C030,P003,1220,Pune,Mumbai,2026-03-11
C045,P002,264,Mumbai,Jaipur,2026-06-10
C030,P004,869,Mumbai,Pune,2026-01-03
C047,P002,1808,Jaipur,Ahmedabad,2026-06-30
C035,P001,1799,Pune,Mumbai,2026-03-28
C021,P002,320,Mumbai,Delhi,2026-06-10
C005,P001,634,Jaipur,Mumbai,2026-05-09
C049,P004,1336,Delhi,Jaipur,2026-01-13
C050,P002,840,Ahmedabad,Mumbai,2026-05-18
C001,P001,543,Jaipur,Delhi,2026-02-12
C045,P001,1011,Ahmedabad,Delhi,2026-04-22
C026,P003,1086,Delhi,Ahmedabad,2026-04-30
C045,P004,1863,Delhi,Ahmedabad,2026-04-23
C035,P001,1597,Delhi,Pune,2026-03-10
C030,P002,1546,Jaipur,Pune,2026-03-15
C012,P004,1441,Mumbai,Delhi,2026-06-16
C011,P004,1431,Pune,Jaipur,2026-05-17
C006,P002,936,Mumbai,Delhi,2026-01-19
C040,P004,628,Mumbai,Jaipur,2026-06-23
C050,P003,514,Mumbai,Ahmedabad,2026-03-08
C038,P001,1297,Delhi,Ahmedabad,2026-04-17
C003,P001,736,Delhi,Ahmedabad,2026-05-31
C016,P002,1439,Ahmedabad,Delhi,2026-03-06
C039,P003,1119,Pune,Delhi,2026-04-07
C002,P002,904,Mumbai,Delhi,2026-01-31
C025,P003,1696,Delhi,Mumbai,2026-04-29
C047,P001,1712,Delhi,Jaipur,2026-06-13
C005,P003,1988,Mumbai,Delhi,2026-06-01
C009,P002,264,Jaipur,Pune,2026-06-08
C007,P001,265,Mumbai,Ahmedabad,2026-04-17
C027,P002,1267,Pune,Delhi,2026-02-04
C021,P004,327,Delhi,Pune,2026-04-26
C031,P001,787,Mumbai,Delhi,2026-05-08
C025,P004,940,Ahmedabad,Jaipur,2026-02-24
C045,P002,1730,Mumbai,Ahmedabad,2026-04-26
C033,P001,1258,Pune,Delhi,2026-03-22
C039,P001,608,Mumbai,Ahmedabad,2026-04-03
C029,P002,1375,Jaipur,Pune,2026-02-22
C026,P004,1434,Pune,Delhi,2026-03-13
C045,P001,1369,Mumbai,Jaipur,2026-01-26
C004,P003,515,Jaipur,Delhi,2026-05-08
C033,P003,388,Delhi,Pune,2026-04-13
C048,P003,1055,Jaipur,Ahmedabad,2026-06-23
C041,P003,659,Delhi,Pune,2026-06-02
C014,P003,1615,Delhi,Mumbai,2026-04-22
C044,P003,685,Delhi,Pune,2026-06-23
C040,P003,715,Pune,Delhi,2026-04-15
C010,P002,434,Delhi,Mumbai,2026-04-28
C036,P003,1109,Jaipur,Ahmedabad,2026-06-16
C015,P001,1688,Ahmedabad,Delhi,2026-04-14
C040,P004,127,Ahmedabad,Pune,2026-06-16
C027,P001,1348,Jaipur,Mumbai,2026-01-06
C026,P002,730,Jaipur,Delhi,2026-03-12
C011,P002,1894,Pune,Jaipur,2026-04-13
C014,P001,1693,Delhi,Mumbai,2026-01-08
C005,P003,870,Jaipur,Pune,2026-06-15
C012,P002,727,Ahmedabad,Pune,2026-01-14
C026,P001,1575,Delhi,Mumbai,2026-02-22
C042,P003,899,Mumbai,Ahmedabad,2026-06-20
C047,P003,1941,Delhi,Jaipur,2026-06-20
C032,P001,595,Delhi,Ahmedabad,2026-02-20
C001,P003,1699,Delhi,Jaipur,2026-05-03
C045,P001,1263,Ahmedabad,Jaipur,2026-06-20
C025,P002,1605,Delhi,Ahmedabad,2026-04-08
C013,P004,603,Delhi,Mumbai,2026-02-28
C008,P003,1629,Pune,Mumbai,2026-03-22
C024,P002,544,Pune,Mumbai,2026-04-21
C039,P001,551,Ahmedabad,Pune,2026-06-10
C022,P002,266,Ahmedabad,Pune,2026-04-01
C007,P003,285,Ahmedabad,Jaipur,2026-05-13
C033,P003,454,Delhi,Pune,2026-05-23
C041,P003,415,Ahmedabad,Mumbai,2026-01-29
C038,P002,1492,Ahmedabad,Pune,2026-06-11
C015,P002,1813,Jaipur,Ahmedabad,2026-01-23
C024,P002,287,Delhi,Jaipur,2026-01-14
C047,P002,1779,Ahmedabad,Mumbai,2026-05-17
C004,P003,473,Pune,Jaipur,2026-02-06
C046,P003,772,Delhi,Mumbai,2026-02-11
C044,P001,1971,Jaipur,Ahmedabad,2026-01-10
C049,P003,297,Mumbai,Delhi,2026-06-21
C049,P001,445,Mumbai,Jaipur,2026-05-19
C036,P002,1926,Jaipur,Mumbai,2026-04-25
C039,P002,1396,Delhi,Pune,2026-03-11
C021,P004,1239,Pune,Delhi,2026-02-23
C019,P001,1440,Ahmedabad,Pune,2026-03-13
C029,P002,737,Pune,Delhi,2026-05-04
C005,P002,1563,Pune,Ahmedabad,2026-01-03
C030,P002,319,Mumbai,Delhi,2026-05-27
C037,P004,423,Pune,Mumbai,2026-02-26
C001,P003,1082,Delhi,Pune,2026-05-01
C037,P002,1256,Jaipur,Mumbai,2026-03-15
C021,P004,922,Ahmedabad,Pune,2026-04-22
C044,P002,1671,Pune,Jaipur,2026-03-04
C030,P002,362,Ahmedabad,Mumbai,2026-03-28
C038,P001,1849,Delhi,Mumbai,2026-03-16
C041,P002,288,Mumbai,Jaipur,2026-03-14
C046,P002,1376,Delhi,Mumbai,2026-05-05
C029,P003,620,Pune,Jaipur,2026-01-12
C025,P001,1216,Mumbai,Jaipur,2026-02-27
C002,P003,1886,Jaipur,Delhi,2026-04-27
C006,P002,1463,Pune,Ahmedabad,2026-01-27
C047,P001,1744,Pune,Mumbai,2026-06-22
C001,P004,388,Delhi,Mumbai,2026-01-20
C049,P001,1163,Pune,Mumbai,2026-03-04
C001,P001,1636,Jaipur,Mumbai,2026-06-03
C009,P001,1064,Pune,Delhi,2026-03-24
C013,P003,1873,Mumbai,Pune,2026-01-08
C046,P003,1250,Ahmedabad,Mumbai,2026-02-18
C005,P003,1417,Mumbai,Pune,2026-04-30
C038,P002,298,Mumbai,Jaipur,2026-01-19
C050,P003,1060,Mumbai,Ahmedabad,2026-04-15
C032,P001,109,Ahmedabad,Jaipur,2026-03-02
C036,P003,974,Mumbai,Jaipur,2026-01-23
C034,P001,1209,Mumbai,Ahmedabad,2026-03-23
C010,P001,1493,Mumbai,Ahmedabad,2026-06-05
C045,P003,187,Ahmedabad,Delhi,2026-01-13
C013,P002,876,Jaipur,Mumbai,2026-05-12
C008,P001,649,Pune,Delhi,2026-03-30
C033,P003,118,Jaipur,Mumbai,2026-04-21
C045,P002,1048,Pune,Delhi,2026-02-01
C012,P002,814,Jaipur,Mumbai,2026-03-07
C044,P002,1113,Ahmedabad,Mumbai,2026-02-26
C030,P004,669,Mumbai,Ahmedabad,2026-02-13
C006,P002,989,Pune,Ahmedabad,2026-06-13
C001,P003,1206,Pune,Mumbai,2026-05-25
C049,P003,533,Mumbai,Pune,2026-05-06
C036,P001,534,Mumbai,Jaipur,2026-01-23
C028,P002,1081,Mumbai,Pune,2026-03-24
C048,P001,1144,Ahmedabad,Delhi,2026-01-07
C003,P001,893,Delhi,Mumbai,2026-02-05
C032,P003,865,Mumbai,Pune,2026-01-22
C029,P004,1257,Jaipur,Delhi,2026-03-18
C010,P004,1493,Delhi,Jaipur,2026-01-08
C015,P003,1845,Pune,Ahmedabad,2026-04-11
C023,P001,1030,Pune,Ahmedabad,2026-03-02
C016,P003,1898,Delhi,Mumbai,2026-06-18
C031,P004,1820,Mumbai,Delhi,2026-01-08
C040,P003,889,Ahmedabad,Pune,2026-03-06
C015,P004,593,Ahmedabad,Jaipur,2026-03-04
C014,P004,1108,Ahmedabad,Delhi,2026-04-16
C014,P003,1076,Jaipur,Delhi,2026-02-10
C003,P004,1949,Mumbai,Jaipur,2026-01-31
C038,P001,484,Ahmedabad,Mumbai,2026-02-16
C043,P003,1865,Delhi,Ahmedabad,2026-03-02
C046,P001,349,Mumbai,Ahmedabad,2026-03-23
C024,P001,407,Pune,Ahmedabad,2026-04-18
C045,P004,653,Jaipur,Mumbai,2026-06-23
C002,P001,303,Pune,Jaipur,2026-02-14
C033,P003,1920,Pune,Jaipur,2026-06-13
C050,P002,1991,Delhi,Ahmedabad,2026-01-28
C038,P003,1394,Ahmedabad,Pune,2026-02-07
C003,P002,865,Delhi,Jaipur,2026-05-23
C029,P003,1178,Mumbai,Jaipur,2026-06-19
C002,P002,818,Ahmedabad,Delhi,2026-03-29
C002,P004,1753,Mumbai,Pune,2026-01-06
C016,P003,345,Mumbai,Jaipur,2026-06-06
C002,P003,1803,Ahmedabad,Jaipur,2026-05-16
C010,P001,859,Mumbai,Jaipur,2026-03-09
C025,P001,1749,Jaipur,Ahmedabad,2026-04-20
C050,P003,904,Delhi,Jaipur,2026-03-05
C028,P002,373,Ahmedabad,Pune,2026-04-28
C004,P002,1989,Delhi,Jaipur,2026-01-14
C010,P001,662,Mumbai,Delhi,2026-04-17
C033,P001,1361,Ahmedabad,Delhi,2026-04-22
C011,P003,408,Ahmedabad,Jaipur,2026-02-23
C002,P004,1708,Pune,Delhi,2026-05-18
C023,P004,686,Ahmedabad,Jaipur,2026-02-21
C032,P001,1285,Ahmedabad,Jaipur,2026-05-04
C038,P001,184,Jaipur,Delhi,2026-04-13
C004,P003,683,Jaipur,Delhi,2026-06-09
C022,P002,1730,Pune,Ahmedabad,2026-04-04
C040,P004,1162,Ahmedabad,Delhi,2026-03-11
C017,P003,1649,Mumbai,Jaipur,2026-03-07
C049,P004,433,Delhi,Pune,2026-04-04
C026,P001,669,Ahmedabad,Delhi,2026-01-23
C041,P004,599,Jaipur,Pune,2026-02-08
C015,P003,976,Pune,Delhi,2026-01-29
C044,P001,1180,Pune,Jaipur,2026-06-15
C030,P002,650,Pune,Jaipur,2026-03-24
C041,P001,1104,Delhi,Ahmedabad,2026-03-25
C031,P002,197,Mumbai,Delhi,2026-03-26
C010,P002,1772,Ahmedabad,Jaipur,2026-05-19
C011,P003,922,Mumbai,Ahmedabad,2026-06-12
C037,P003,617,Ahmedabad,Delhi,2026-03-03
C042,P001,1763,Pune,Delhi,2026-04-06
C024,P003,680,Pune,Jaipur,2026-02-14
C037,P002,1231,Mumbai,Pune,2026-03-05
C036,P003,521,Delhi,Mumbai,2026-01-28
C003,P003,1407,Pune,Delhi,2026-06-12
C037,P004,310,Delhi,Pune,2026-06-14
C017,P004,175,Ahmedabad,Delhi,2026-02-16
C019,P004,1865,Jaipur,Pune,2026-04-26
C012,P001,112,Delhi,Mumbai,2026-03-05
C025,P004,892,Mumbai,Delhi,2026-04-12
C007,P003,1895,Ahmedabad,Jaipur,2026-04-11
C015,P004,1584,Delhi,Pune,2026-02-09
C018,P002,1072,Mumbai,Jaipur,2026-06-03
C009,P004,775,Mumbai,Pune,2026-06-29
C006,P003,975,Pune,Delhi,2026-06-01
C003,P002,900,Jaipur,Ahmedabad,2026-03-03
C046,P002,429,Mumbai,Ahmedabad,2026-03-23
C003,P004,348,Pune,Jaipur,2026-05-04
C029,P001,622,Jaipur,Delhi,2026-03-27
C033,P002,479,Delhi,Ahmedabad,2026-02-01
C029,P001,865,Delhi,Pune,2026-02-08
C001,P003,519,Delhi,Mumbai,2026-04-10
C048,P004,1159,Pune,Delhi,2026-03-28
C003,P004,837,Mumbai,Jaipur,2026-02-08
C043,P001,1621,Jaipur,Pune,2026-02-05
C004,P004,1145,Delhi,Jaipur,2026-03-03
C034,P002,1175,Ahmedabad,Pune,2026-03-02
C048,P004,1669,Mumbai,Delhi,2026-01-26
C035,P001,899,Mumbai,Delhi,2026-01-30
C027,P002,1174,Mumbai,Ahmedabad,2026-06-09
C038,P002,853,Jaipur,Mumbai,2026-04-16
C038,P002,405,Mumbai,Jaipur,2026-01-30
C010,P003,380,Pune,Jaipur,2026-03-03
C049,P003,727,Delhi,Pune,2026-04-09
C046,P002,814,Jaipur,Pune,2026-06-09
C036,P003,507,Pune,Delhi,2026-05-18
C028,P003,247,Ahmedabad,Mumbai,2026-01-25
C023,P004,1968,Mumbai,Pune,2026-04-18
C018,P004,228,Mumbai,Delhi,2026-02-20
C031,P004,606,Jaipur,Pune,2026-05-07
C011,P003,1974,Ahmedabad,Mumbai,2026-06-28
C021,P002,192,Jaipur,Ahmedabad,2026-05-08
C045,P004,170,Delhi,Mumbai,2026-02-01
C026,P002,1309,Delhi,Pune,2026-04-09
C042,P003,1793,Ahmedabad,Jaipur,2026-06-09
C023,P004,940,Ahmedabad,Jaipur,2026-04-03
C018,P003,1138,Jaipur,Mumbai,2026-05-09
C050,P003,1099,Pune,Ahmedabad,2026-06-29
C003,P002,507,Delhi,Mumbai,2026-06-14
C026,P001,467,Ahmedabad,Mumbai,2026-01-31
C010,P004,1255,Delhi,Ahmedabad,2026-03-21
C014,P002,911,Jaipur,Delhi,2026-05-19
C046,P002,127,Jaipur,Ahmedabad,2026-01-23
C011,P001,661,Ahmedabad,Mumbai,2026-06-06
C031,P003,1728,Pune,Ahmedabad,2026-05-21
C011,P001,294,Ahmedabad,Jaipur,2026-05-31
C043,P004,1573,Pune,Jaipur,2026-05-14
C033,P004,301,Ahmedabad,Mumbai,2026-02-06
C046,P004,1306,Jaipur,Ahmedabad,2026-03-13
C008,P003,286,Mumbai,Ahmedabad,2026-05-30
C033,P004,1663,Pune,Ahmedabad,2026-05-10
C036,P002,1895,Delhi,Jaipur,2026-04-30
C030,P001,166,Delhi,Ahmedabad,2026-03-07
C010,P003,1373,Delhi,Jaipur,2026-02-08
C026,P004,1001,Ahmedabad,Pune,2026-05-28
C044,P003,1100,Pune,Ahmedabad,2026-06-02
C004,P001,640,Delhi,Ahmedabad,2026-06-03
C020,P002,110,Pune,Mumbai,2026-01-25
C014,P001,1735,Delhi,Jaipur,2026-05-12
C013,P003,121,Pune,Ahmedabad,2026-05-19
C001,P003,703,Delhi,Mumbai,2026-02-20
C037,P004,1043,Delhi,Ahmedabad,2026-02-27
C034,P003,630,Ahmedabad,Delhi,2026-01-03
C012,P003,799,Pune,Ahmedabad,2026-02-20
C020,P001,615,Delhi,Jaipur,2026-02-22
C024,P001,144,Pune,Jaipur,2026-06-17
C018,P002,1505,Delhi,Pune,2026-06-21
C001,P003,353,Pune,Jaipur,2026-06-30
C036,P001,1824,Jaipur,Mumbai,2026-01-08
C042,P004,1379,Jaipur,Ahmedabad,2026-02-10
C008,P004,319,Jaipur,Pune,2026-01-12
C025,P002,942,Pune,Mumbai,2026-05-12
C043,P003,358,Delhi,Mumbai,2026-05-12
C026,P002,1294,Delhi,Mumbai,2026-01-24
C012,P004,297,Jaipur,Delhi,2026-02-12
C013,P001,1688,Ahmedabad,Delhi,2026-04-27
C024,P004,1438,Ahmedabad,Pune,2026-03-27
C047,P003,1285,Delhi,Ahmedabad,2026-04-12
C030,P004,1464,Jaipur,Delhi,2026-02-27
C049,P002,1388,Ahmedabad,Jaipur,2026-06-12
C027,P004,309,Mumbai,Ahmedabad,2026-06-13
C014,P004,1051,Delhi,Pune,2026-05-24
C022,P001,1313,Jaipur,Mumbai,2026-04-15
C041,P001,1397,Mumbai,Pune,2026-01-18
C031,P001,1639,Mumbai,Jaipur,2026-02-21
C039,P004,106,Jaipur,Pune,2026-01-06
C023,P004,145,Mumbai,Jaipur,2026-03-23
C011,P003,209,Mumbai,Jaipur,2026-05-28
C024,P001,684,Mumbai,Pune,2026-05-06
C005,P002,318,Jaipur,Ahmedabad,2026-03-06
C004,P002,1503,Delhi,Ahmedabad,2026-02-28
C020,P001,162,Delhi,Jaipur,2026-01-27
C002,P002,744,Delhi,Ahmedabad,2026-03-11
C019,P004,1307,Delhi,Jaipur,2026-01-21
C027,P004,1313,Mumbai,Delhi,2026-06-13
C007,P002,756,Mumbai,Jaipur,2026-05-24
C034,P002,1887,Ahmedabad,Pune,2026-03-02
C033,P004,591,Delhi,Pune,2026-03-13
C020,P003,782,Mumbai,Pune,2026-05-21
C024,P002,132,Ahmedabad,Delhi,2026-06-19
C044,P004,1291,Jaipur,Pune,2026-01-03
C005,P002,185,Delhi,Ahmedabad,2026-04-19
C018,P004,1171,Ahmedabad,Jaipur,2026-05-28
C022,P004,600,Delhi,Pune,2026-02-24
C040,P004,805,Jaipur,Mumbai,2026-03-18
C019,P004,861,Delhi,Ahmedabad,2026-06-07
C043,P004,274,Pune,Delhi,2026-06-23
C046,P004,811,Pune,Delhi,2026-03-10
C046,P004,691,Ahmedabad,Mumbai,2026-04-30
C030,P001,910,Mumbai,Pune,2026-03-22
C018,P001,676,Ahmedabad,Delhi,2026-04-05
C004,P002,577,Pune,Jaipur,2026-03-13
C022,P004,1405,Ahmedabad,Delhi,2026-02-15
C004,P004,1995,Jaipur,Pune,2026-02-11
C023,P001,1136,Mumbai,Delhi,2026-04-12
C014,P002,164,Pune,Jaipur,2026-02-11
C046,P002,1098,Mumbai,Ahmedabad,2026-02-05
C036,P001,1718,Jaipur,Pune,2026-04-27
C042,P003,473,Ahmedabad,Delhi,2026-06-22
C002,P002,383,Jaipur,Mumbai,2026-05-25
C008,P004,592,Jaipur,Ahmedabad,2026-04-07
C018,P002,341,Ahmedabad,Pune,2026-02-24
C036,P001,1082,Mumbai,Ahmedabad,2026-06-23
C001,P004,470,Ahmedabad,Delhi,2026-06-28
C032,P003,909,Pune,Jaipur,2026-02-21
C004,P004,1984,Pune,Delhi,2026-06-06
C027,P004,999,Ahmedabad,Pune,2026-02-27
C034,P003,1101,Ahmedabad,Pune,2026-06-25
C045,P002,1052,Pune,Ahmedabad,2026-04-23
C014,P004,148,Ahmedabad,Mumbai,2026-06-06
C029,P001,1006,Jaipur,Pune,2026-03-14
C035,P003,1105,Jaipur,Delhi,2026-06-17
C011,P002,1326,Pune,Mumbai,2026-01-03
C030,P001,259,Ahmedabad,Jaipur,2026-03-02
C038,P003,1186,Pune,Ahmedabad,2026-02-02
C025,P002,866,Ahmedabad,Jaipur,2026-01-14
C008,P002,408,Pune,Delhi,2026-03-23
C024,P003,416,Delhi,Jaipur,2026-03-21
C028,P003,966,Pune,Delhi,2026-01-02
C031,P004,442,Delhi,Jaipur,2026-01-06
C035,P002,225,Mumbai,Jaipur,2026-01-10
C048,P002,1080,Ahmedabad,Pune,2026-05-29
C023,P001,517,Ahmedabad,Jaipur,2026-05-29
C001,P001,1202,Jaipur,Ahmedabad,2026-01-26
C001,P002,1254,Delhi,Mumbai,2026-02-09
C017,P002,1531,Delhi,Mumbai,2026-04-10
C012,P004,644,Jaipur,Mumbai,2026-06-17
C037,P002,508,Jaipur,Ahmedabad,2026-02-16
C023,P001,1272,Delhi,Ahmedabad,2026-05-26
C024,P004,500,Mumbai,Pune,2026-02-15
C024,P002,1082,Delhi,Ahmedabad,2026-02-19
C019,P004,1605,Jaipur,Mumbai,2026-01-20
C003,P002,1546,Mumbai,Delhi,2026-03-19
C004,P004,965,Pune,Mumbai,2026-01-29
C008,P003,343,Mumbai,Ahmedabad,2026-03-10
C002,P003,1020,Pune,Jaipur,2026-01-24
C012,P004,1801,Ahmedabad,Mumbai,2026-04-25
C040,P001,584,Pune,Jaipur,2026-04-24
C028,P001,1344,Pune,Delhi,2026-01-17
C002,P003,1375,Delhi,Jaipur,2026-03-04
C009,P001,655,Ahmedabad,Jaipur,2026-01-14
C005,P003,741,Mumbai,Pune,2026-01-04
C015,P004,770,Mumbai,Pune,2026-01-26
C013,P002,933,Delhi,Ahmedabad,2026-06-06
C045,P004,1223,Delhi,Ahmedabad,2026-06-02
C014,P001,1448,Jaipur,Pune,2026-06-26
C004,P002,1367,Delhi,Ahmedabad,2026-03-09
C031,P002,1491,Pune,Jaipur,2026-05-16
C030,P003,1286,Pune,Delhi,2026-06-30
C050,P001,1952,Mumbai,Pune,2026-03-08
C020,P001,1907,Jaipur,Pune,2026-03-15
C048,P003,1711,Pune,Mumbai,2026-05-16
C008,P001,1027,Mumbai,Jaipur,2026-02-01
C046,P003,891,Pune,Jaipur,2026-01-09
C048,P001,263,Jaipur,Pune,2026-01-23
C024,P002,679,Pune,Delhi,2026-05-16
C006,P004,118,Pune,Mumbai,2026-06-30
C050,P001,486,Ahmedabad,Pune,2026-06-23
C032,P002,1714,Pune,Jaipur,2026-04-24
C045,P003,1722,Delhi,Jaipur,2026-04-03
C045,P004,812,Jaipur,Mumbai,2026-05-11
C030,P004,826,Ahmedabad,Jaipur,2026-05-25
C015,P003,610,Mumbai,Delhi,2026-04-18
C038,P003,433,Pune,Jaipur,2026-06-26
C029,P004,627,Pune,Jaipur,2026-06-11
C017,P004,1014,Jaipur,Ahmedabad,2026-01-30
C009,P002,372,Delhi,Ahmedabad,2026-04-14
C030,P004,713,Pune,Ahmedabad,2026-04-15
C047,P004,799,Pune,Jaipur,2026-03-06
C017,P001,203,Mumbai,Pune,2026-03-14
C023,P002,1316,Ahmedabad,Jaipur,2026-02-19
C027,P003,833,Ahmedabad,Pune,2026-01-15
C023,P002,1546,Jaipur,Ahmedabad,2026-02-18
C046,P003,131,Ahmedabad,Mumbai,2026-03-24
C006,P001,427,Jaipur,Delhi,2026-01-28
C044,P003,1216,Delhi,Ahmedabad,2026-05-09
C050,P002,467,Jaipur,Delhi,2026-04-30
C033,P004,1354,Ahmedabad,Pune,2026-06-16
C023,P002,757,Mumbai,Pune,2026-06-06
C039,P003,1956,Jaipur,Delhi,2026-03-29
C020,P002,1421,Delhi,Ahmedabad,2026-06-07
C031,P001,555,Ahmedabad,Pune,2026-05-29
C004,P002,607,Jaipur,Delhi,2026-03-04
C044,P004,105,Ahmedabad,Delhi,2026-04-11
C034,P003,697,Pune,Ahmedabad,2026-06-22
C047,P004,350,Ahmedabad,Pune,2026-01-02
C006,P003,856,Delhi,Pune,2026-06-04
C048,P003,416,Ahmedabad,Jaipur,2026-02-09
C039,P001,1776,Mumbai,Jaipur,2026-06-07
C015,P003,1009,Jaipur,Delhi,2026-06-21
C013,P004,282,Pune,Mumbai,2026-03-22
C031,P004,195,Ahmedabad,Mumbai,2026-03-09
C024,P001,557,Jaipur,Mumbai,2026-06-23
C031,P001,1115,Ahmedabad,Jaipur,2026-01-04
C013,P002,1822,Delhi,Jaipur,2026-01-03
C033,P002,1277,Jaipur,Pune,2026-01-25
C016,P003,258,Ahmedabad,Jaipur,2026-01-16
C025,P002,1220,Delhi,Ahmedabad,2026-03-21
C010,P001,227,Jaipur,Ahmedabad,2026-03-07
C017,P004,143,Delhi,Ahmedabad,2026-04-29
C041,P003,219,Delhi,Pune,2026-06-17
C024,P004,1378,Ahmedabad,Jaipur,2026-05-20
C044,P001,1894,Mumbai,Delhi,2026-05-21
C038,P002,1068,Jaipur,Mumbai,2026-05-27
C037,P001,843,Jaipur,Delhi,2026-03-01
C033,P002,1098,Delhi,Pune,2026-05-18
C006,P004,669,Mumbai,Jaipur,2026-06-23
C024,P003,1676,Mumbai,Jaipur,2026-04-20
C041,P001,1562,Ahmedabad,Mumbai,2026-06-25
C043,P001,1622,Pune,Jaipur,2026-05-05
C002,P003,1988,Delhi,Pune,2026-01-13
C002,P001,579,Pune,Mumbai,2026-01-31
C020,P001,497,Ahmedabad,Jaipur,2026-04-19
C029,P004,103,Delhi,Pune,2026-05-28
C021,P001,554,Delhi,Mumbai,2026-01-27
C017,P004,1271,Delhi,Ahmedabad,2026-04-09
C038,P002,1700,Jaipur,Delhi,2026-04-22
C001,P004,512,Pune,Ahmedabad,2026-06-28
C027,P003,186,Delhi,Ahmedabad,2026-02-04
C027,P002,1718,Pune,Mumbai,2026-06-07
C009,P001,292,Ahmedabad,Mumbai,2026-02-02
C030,P001,1730,Ahmedabad,Delhi,2026-05-07
C019,P001,170,Ahmedabad,Jaipur,2026-04-01
C034,P004,1464,Ahmedabad,Delhi,2026-01-13
C012,P001,201,Pune,Ahmedabad,2026-05-06
C003,P001,1748,Jaipur,Pune,2026-06-17
C035,P001,1659,Ahmedabad,Pune,2026-03-09
C046,P004,355,Pune,Delhi,2026-06-04
C026,P003,1894,Ahmedabad,Delhi,2026-06-04
C043,P001,396,Delhi,Ahmedabad,2026-04-04
C047,P001,715,Pune,Jaipur,2026-03-31
C033,P002,1478,Delhi,Pune,2026-01-17
C034,P004,448,Mumbai,Delhi,2026-01-07
C041,P003,1883,Jaipur,Pune,2026-02-23
C027,P001,1542,Pune,Jaipur,2026-05-09
C001,P003,1842,Ahmedabad,Delhi,2026-02-22
C012,P003,1089,Pune,Ahmedabad,2026-04-02
C009,P004,616,Pune,Delhi,2026-02-16
C026,P001,1941,Ahmedabad,Mumbai,2026-03-19
C041,P002,1666,Ahmedabad,Delhi,2026-06-01
C016,P001,986,Ahmedabad,Delhi,2026-04-08
C018,P003,1603,Jaipur,Delhi,2026-04-18
C046,P002,1643,Delhi,Jaipur,2026-01-10
C018,P001,1794,Pune,Jaipur,2026-02-15
C015,P003,1369,Mumbai,Delhi,2026-02-06
C039,P004,546,Ahmedabad,Jaipur,2026-01-16
C034,P003,1129,Pune,Ahmedabad,2026-04-30
C012,P001,889,Ahmedabad,Jaipur,2026-01-20
C001,P002,1375,Mumbai,Delhi,2026-02-18
C046,P003,626,Jaipur,Pune,2026-01-23
C049,P004,1185,Pune,Jaipur,2026-04-08
C003,P004,1257,Jaipur,Mumbai,2026-02-04
C041,P002,357,Ahmedabad,Mumbai,2026-01-24
C024,P002,1038,Jaipur,Delhi,2026-05-12
C018,P003,107,Ahmedabad,Jaipur,2026-06-19
C004,P001,1568,Delhi,Pune,2026-05-09
C024,P002,1472,Pune,Jaipur,2026-04-13
C011,P004,504,Pune,Jaipur,2026-01-10
C022,P001,489,Ahmedabad,Mumbai,2026-05-12
C048,P001,1433,Ahmedabad,Mumbai,2026-02-24
C050,P003,1536,Ahmedabad,Pune,2026-01-19
C004,P001,1791,Jaipur,Delhi,2026-02-09
C024,P004,1732,Jaipur,Mumbai,2026-06-19
C002,P003,877,Pune,Delhi,2026-03-17
C001,P002,1533,Ahmedabad,Delhi,2026-02-23
C046,P004,1092,Jaipur,Mumbai,2026-03-26
C032,P001,792,Pune,Ahmedabad,2026-02-16
C009,P004,662,Jaipur,Ahmedabad,2026-02-11
C022,P003,1068,Jaipur,Ahmedabad,2026-03-06
C041,P001,908,Ahmedabad,Jaipur,2026-01-16
C005,P004,1143,Ahmedabad,Mumbai,2026-04-03
C029,P002,176,Ahmedabad,Delhi,2026-04-27
C048,P003,803,Ahmedabad,Pune,2026-04-21
C005,P003,894,Delhi,Mumbai,2026-05-31
C045,P004,338,Ahmedabad,Jaipur,2026-05-01
C002,P001,769,Ahmedabad,Mumbai,2026-04-04
C047,P003,1469,Ahmedabad,Jaipur,2026-06-18
C021,P004,1815,Pune,Jaipur,2026-05-08
C028,P001,615,Ahmedabad,Delhi,2026-02-05
C003,P001,230,Pune,Jaipur,2026-04-06
C044,P001,1380,Mumbai,Ahmedabad,2026-03-20
C019,P004,723,Pune,Jaipur,2026-03-07
C029,P004,1481,Pune,Delhi,2026-04-15
C049,P002,1215,Delhi,Ahmedabad,2026-04-21
C049,P003,1978,Mumbai,Delhi,2026-04-26
C008,P003,411,Jaipur,Mumbai,2026-02-11
C029,P004,420,Pune,Delhi,2026-01-21
C047,P004,1674,Jaipur,Mumbai,2026-05-28
C011,P001,1746,Pune,Mumbai,2026-05-25
C017,P002,982,Mumbai,Jaipur,2026-06-24
C040,P001,423,Delhi,Jaipur,2026-03-31
C047,P001,1892,Jaipur,Delhi,2026-01-05
C050,P002,1801,Mumbai,Pune,2026-04-05
C045,P001,129,Pune,Mumbai,2026-02-13
C026,P004,888,Delhi,Pune,2026-01-10
C020,P002,1478,Ahmedabad,Pune,2026-03-25
C032,P004,1287,Pune,Ahmedabad,2026-01-09
C019,P003,707,Pune,Mumbai,2026-03-08
C024,P001,1885,Jaipur,Mumbai,2026-04-01
C010,P004,1329,Jaipur,Pune,2026-04-27
C001,P001,1607,Delhi,Ahmedabad,2026-04-24
C031,P002,1551,Delhi,Ahmedabad,2026-01-11
C024,P003,1408,Jaipur,Ahmedabad,2026-03-09
C028,P004,1263,Delhi,Mumbai,2026-03-15
C032,P002,1181,Ahmedabad,Delhi,2026-04-26
C024,P001,459,Ahmedabad,Pune,2026-04-12
C018,P003,771,Delhi,Pune,2026-01-13
C025,P001,401,Jaipur,Mumbai,2026-04-30
C026,P003,192,Pune,Ahmedabad,2026-02-05
C013,P003,1930,Ahmedabad,Delhi,2026-03-13
C031,P004,1248,Mumbai,Pune,2026-01-06
C028,P002,1535,Ahmedabad,Jaipur,2026-03-26
C004,P004,1341,Pune,Ahmedabad,2026-06-03
C027,P003,1158,Ahmedabad,Jaipur,2026-06-27
C044,P001,663,Jaipur,Ahmedabad,2026-03-03
C030,P004,1975,Ahmedabad,Delhi,2026-02-25
C031,P004,653,Jaipur,Pune,2026-05-11
C031,P002,1510,Mumbai,Ahmedabad,2026-03-06
C006,P001,1923,Pune,Ahmedabad,2026-02-06
C034,P002,114,Jaipur,Mumbai,2026-03-08
C033,P002,1664,Pune,Mumbai,2026-06-17
C048,P004,867,Ahmedabad,Mumbai,2026-05-13
C029,P004,783,Jaipur,Ahmedabad,2026-03-08
C012,P004,1900,Jaipur,Delhi,2026-03-30
C040,P002,1724,Mumbai,Ahmedabad,2026-02-12
C026,P004,242,Mumbai,Delhi,2026-01-17
C005,P003,1072,Mumbai,Ahmedabad,2026-05-31
C032,P003,1486,Delhi,Ahmedabad,2026-01-02
C026,P002,1392,Jaipur,Mumbai,2026-06-10
C039,P004,1581,Ahmedabad,Delhi,2026-04-15
C005,P002,1674,Delhi,Pune,2026-03-10
C041,P004,426,Delhi,Pune,2026-02-04
C029,P001,1747,Ahmedabad,Jaipur,2026-02-19
C008,P001,1662,Delhi,Jaipur,2026-03-17
C041,P001,1250,Ahmedabad,Mumbai,2026-01-11
C025,P003,545,Delhi,Ahmedabad,2026-04-20
C005,P001,681,Delhi,Pune,2026-01-14
C024,P004,842,Jaipur,Delhi,2026-05-31
C044,P001,460,Pune,Ahmedabad,2026-02-19
C026,P001,1931,Jaipur,Mumbai,2026-03-29
C025,P004,1093,Ahmedabad,Pune,2026-04-19
C012,P001,366,Jaipur,Ahmedabad,2026-02-07
C019,P002,1825,Delhi,Ahmedabad,2026-04-12
C018,P004,673,Delhi,Jaipur,2026-03-16
C048,P001,1239,Pune,Ahmedabad,2026-06-29
C024,P003,119,Jaipur,Ahmedabad,2026-03-28
C036,P003,760,Delhi,Mumbai,2026-02-22
C020,P004,1057,Delhi,Ahmedabad,2026-05-29
C021,P001,270,Delhi,Jaipur,2026-05-02
C035,P003,1607,Pune,Mumbai,2026-04-05
C035,P002,1382,Ahmedabad,Delhi,2026-04-04
C002,P001,772,Mumbai,Delhi,2026-02-06
C025,P001,1699,Jaipur,Mumbai,2026-02-12
C043,P001,111,Pune,Jaipur,2026-01-31
C020,P004,1586,Ahmedabad,Jaipur,2026-02-09
C009,P002,1915,Ahmedabad,Delhi,2026-06-11
C010,P001,461,Mumbai,Ahmedabad,2026-01-24
C028,P004,851,Mumbai,Delhi,2026-05-15
C038,P003,1163,Ahmedabad,Delhi,2026-04-06
C030,P003,475,Pune,Delhi,2026-06-03
C013,P003,814,Delhi,Ahmedabad,2026-04-04
C043,P003,1791,Delhi,Mumbai,2026-02-26
C028,P001,403,Jaipur,Delhi,2026-03-02
C007,P001,1440,Pune,Jaipur,2026-06-01
C047,P004,222,Mumbai,Jaipur,2026-01-29
C043,P004,696,Delhi,Pune,2026-04-06
C020,P002,1033,Mumbai,Ahmedabad,2026-02-25
C032,P002,1716,Delhi,Mumbai,2026-01-11
C012,P002,862,Delhi,Jaipur,2026-01-18
C028,P002,1626,Pune,Delhi,2026-03-20
C016,P002,1106,Delhi,Jaipur,2026-05-20
C009,P004,1957,Delhi,Pune,2026-02-19
C022,P003,854,Delhi,Mumbai,2026-02-04
C001,P001,1558,Delhi,Mumbai,2026-02-25
C003,P004,359,Ahmedabad,Jaipur,2026-05-10
C046,P004,672,Delhi,Ahmedabad,2026-04-22
C025,P002,1950,Pune,Ahmedabad,2026-04-27
C022,P002,1425,Jaipur,Pune,2026-01-10
C043,P002,1475,Mumbai,Jaipur,2026-03-10
C048,P003,1326,Pune,Ahmedabad,2026-04-04
C016,P001,1213,Delhi,Pune,2026-04-26
C005,P004,202,Jaipur,Ahmedabad,2026-01-17
C050,P002,1507,Jaipur,Mumbai,2026-04-11
C011,P001,556,Delhi,Ahmedabad,2026-04-13
C048,P001,1365,Mumbai,Ahmedabad,2026-06-02
C048,P003,1108,Ahmedabad,Mumbai,2026-03-12
C046,P001,1466,Ahmedabad,Delhi,2026-02-28
C050,P001,688,Jaipur,Delhi,2026-02-01
C018,P004,1830,Mumbai,Pune,2026-05-11
C046,P001,1577,Mumbai,Pune,2026-03-26
C043,P003,1778,Jaipur,Mumbai,2026-06-19
C011,P002,1723,Mumbai,Jaipur,2026-05-31
C035,P004,818,Delhi,Ahmedabad,2026-02-13
C002,P001,1402,Pune,Jaipur,2026-03-03
C012,P004,1725,Jaipur,Pune,2026-01-15
C004,P004,1948,Delhi,Mumbai,2026-04-22
C028,P004,153,Pune,Ahmedabad,2026-05-06
C028,P004,1444,Delhi,Mumbai,2026-05-15
C028,P001,452,Delhi,Pune,2026-01-15
C025,P004,840,Mumbai,Ahmedabad,2026-05-01
C003,P002,1652,Mumbai,Delhi,2026-04-14
C015,P004,1919,Mumbai,Ahmedabad,2026-04-27
C022,P001,1296,Jaipur,Pune,2026-04-15
C043,P003,170,Pune,Jaipur,2026-06-30
C007,P002,1974,Delhi,Mumbai,2026-02-04
C046,P002,476,Jaipur,Pune,2026-01-07
C048,P004,1037,Delhi,Jaipur,2026-02-28
C042,P004,140,Ahmedabad,Jaipur,2026-04-20
C032,P001,371,Delhi,Pune,2026-02-27
C050,P004,1840,Mumbai,Ahmedabad,2026-04-01
C001,P004,1291,Mumbai,Delhi,2026-05-08
C042,P003,1241,Jaipur,Delhi,2026-03-21
C002,P004,766,Delhi,Mumbai,2026-04-26
C016,P003,1645,Pune,Mumbai,2026-03-10
C026,P002,642,Ahmedabad,Jaipur,2026-05-08
C042,P001,940,Pune,Ahmedabad,2026-02-19
C038,P004,1239,Ahmedabad,Delhi,2026-06-23
C005,P003,1389,Mumbai,Ahmedabad,2026-02-18
C030,P004,1081,Pune,Jaipur,2026-01-13
C003,P002,561,Jaipur,Ahmedabad,2026-05-20
C011,P002,187,Ahmedabad,Mumbai,2026-05-06
C040,P001,474,Mumbai,Jaipur,2026-03-28
C050,P004,831,Ahmedabad,Mumbai,2026-02-10
C005,P001,131,Ahmedabad,Jaipur,2026-02-28
C048,P001,293,Pune,Ahmedabad,2026-05-02
C037,P004,749,Delhi,Mumbai,2026-02-17
C010,P001,1660,Ahmedabad,Jaipur,2026-03-07
C043,P002,911,Delhi,Ahmedabad,2026-01-04
C013,P001,1080,Delhi,Mumbai,2026-06-19
C024,P002,1699,Delhi,Mumbai,2026-05-14
C046,P001,748,Mumbai,Jaipur,2026-03-03
C030,P004,309,Ahmedabad,Pune,2026-02-22
C001,P004,462,Mumbai,Ahmedabad,2026-05-09
C004,P003,1415,Delhi,Pune,2026-05-21
C023,P004,1427,Delhi,Jaipur,2026-03-02
C044,P003,374,Jaipur,Pune,2026-01-05
C043,P004,529,Mumbai,Jaipur,2026-02-13
C009,P003,916,Ahmedabad,Pune,2026-04-19
C031,P002,1482,Ahmedabad,Jaipur,2026-03-01
C008,P002,1270,Pune,Delhi,2026-03-09
C023,P001,1988,Delhi,Jaipur,2026-03-29
C028,P002,804,Pune,Jaipur,2026-02-13
C023,P004,101,Delhi,Pune,2026-04-08
C039,P004,1039,Delhi,Pune,2026-06-25
C015,P002,1562,Pune,Ahmedabad,2026-01-29
C004,P004,603,Delhi,Jaipur,2026-04-05
C028,P002,1196,Delhi,Jaipur,2026-01-01
C033,P001,136,Pune,Jaipur,2026-03-03
C003,P004,1640,Delhi,Pune,2026-03-16
C037,P003,660,Ahmedabad,Jaipur,2026-03-29
C026,P002,419,Ahmedabad,Pune,2026-01-03
C002,P004,1103,Mumbai,Delhi,2026-01-28
C026,P001,1877,Delhi,Jaipur,2026-04-30
C030,P002,1611,Jaipur,Mumbai,2026-05-17
C001,P001,1952,Ahmedabad,Pune,2026-05-08
C040,P004,436,Pune,Delhi,2026-04-28
C029,P001,157,Ahmedabad,Pune,2026-01-03
C037,P001,824,Mumbai,Delhi,2026-05-31
C014,P001,1093,Delhi,Pune,2026-04-06
C041,P002,1890,Ahmedabad,Mumbai,2026-06-27
C017,P004,759,Jaipur,Ahmedabad,2026-01-17
C036,P001,440,Mumbai,Delhi,2026-04-13
C035,P004,1711,Jaipur,Mumbai,2026-04-29
C040,P002,1221,Ahmedabad,Delhi,2026-02-04
C043,P002,1483,Jaipur,Ahmedabad,2026-02-16
C035,P003,1559,Pune,Jaipur,2026-03-16
C050,P004,566,Ahmedabad,Pune,2026-05-22
C018,P003,919,Jaipur,Pune,2026-06-20
C032,P003,1380,Jaipur,Ahmedabad,2026-05-01
C013,P004,1607,Ahmedabad,Jaipur,2026-06-13
C023,P004,1728,Delhi,Pune,2026-04-23
C001,P002,944,Ahmedabad,Mumbai,2026-02-06
C001,P001,1471,Ahmedabad,Delhi,2026-01-07
C012,P001,1900,Jaipur,Pune,2026-01-25
C006,P004,1674,Pune,Mumbai,2026-04-17
C016,P003,807,Delhi,Jaipur,2026-04-20
C031,P001,1987,Jaipur,Delhi,2026-05-22
C008,P002,1206,Jaipur,Ahmedabad,2026-03-21
C009,P002,601,Delhi,Pune,2026-04-03
C014,P003,617,Pune,Mumbai,2026-02-07
C037,P002,1012,Mumbai,Ahmedabad,2026-06-08
C029,P002,1863,Pune,Jaipur,2026-03-23
C048,P001,448,Ahmedabad,Mumbai,2026-06-01
C021,P002,1615,Mumbai,Pune,2026-06-22
C023,P002,1023,Jaipur,Pune,2026-01-24
C014,P001,378,Mumbai,Jaipur,2026-01-21
C042,P003,1593,Ahmedabad,Mumbai,2026-02-18
C013,P004,1389,Delhi,Ahmedabad,2026-05-22
C015,P004,1088,Jaipur,Delhi,2026-01-30
C006,P001,460,Ahmedabad,Pune,2026-02-03
C049,P001,1873,Jaipur,Mumbai,2026-01-25
C037,P002,1353,Jaipur,Ahmedabad,2026-06-22
C002,P001,798,Ahmedabad,Jaipur,2026-01-09
C020,P001,1368,Ahmedabad,Delhi,2026-01-10
C030,P003,846,Mumbai,Delhi,2026-03-25
C007,P003,528,Jaipur,Pune,2026-05-26
C050,P002,1269,Ahmedabad,Pune,2026-02-13
C045,P002,966,Ahmedabad,Pune,2026-02-18
C020,P003,530,Mumbai,Delhi,2026-05-09
C026,P001,1613,Ahmedabad,Mumbai,2026-03-01
C010,P002,196,Pune,Ahmedabad,2026-06-11
C016,P002,571,Pune,Delhi,2026-06-13
C043,P003,851,Pune,Mumbai,2026-06-26
C007,P001,1055,Delhi,Mumbai,2026-03-24
C007,P004,1716,Delhi,Jaipur,2026-02-05
C003,P001,1690,Pune,Jaipur,2026-04-05
C007,P001,418,Mumbai,Pune,2026-02-21
C035,P004,499,Jaipur,Pune,2026-01-11
C023,P001,1094,Mumbai,Delhi,2026-01-28
C017,P003,1375,Pune,Delhi,2026-06-13
C036,P004,1243,Pune,Delhi,2026-02-10
C039,P001,1718,Jaipur,Ahmedabad,2026-03-18
C023,P002,382,Pune,Mumbai,2026-06-04
C012,P002,323,Pune,Delhi,2026-04-21
C039,P002,1205,Jaipur,Pune,2026-01-01
C003,P003,1956,Pune,Delhi,2026-02-11
C011,P002,844,Mumbai,Ahmedabad,2026-05-27
C004,P002,1987,Ahmedabad,Jaipur,2026-06-07
C021,P003,971,Mumbai,Delhi,2026-05-28
C007,P004,341,Ahmedabad,Delhi,2026-03-01
C027,P003,263,Mumbai,Ahmedabad,2026-06-08
C031,P002,407,Jaipur,Pune,2026-03-19
C043,P001,1026,Mumbai,Jaipur,2026-04-07
C021,P002,1889,Mumbai,Delhi,2026-04-08
C048,P001,1336,Mumbai,Ahmedabad,2026-06-14
C039,P004,443,Ahmedabad,Pune,2026-03-22
C017,P001,1974,Ahmedabad,Pune,2026-02-14
C041,P001,668,Mumbai,Jaipur,2026-04-21
C006,P002,951,Jaipur,Ahmedabad,2026-05-08
C043,P003,676,Mumbai,Pune,2026-06-14
C028,P003,635,Jaipur,Ahmedabad,2026-03-04
C046,P002,1443,Mumbai,Delhi,2026-04-02
C025,P003,127,Mumbai,Pune,2026-02-06
C040,P004,358,Delhi,Ahmedabad,2026-06-25
C014,P001,150,Ahmedabad,Pune,2026-02-24
C009,P002,680,Delhi,Mumbai,2026-01-19
C042,P003,475,Jaipur,Pune,2026-03-13
C021,P002,540,Mumbai,Pune,2026-04-03
C002,P002,669,Pune,Delhi,2026-06-13
C035,P004,1834,Pune,Mumbai,2026-06-27
C030,P003,1192,Delhi,Pune,2026-04-21
C013,P001,1610,Jaipur,Mumbai,2026-06-28
C015,P001,1519,Delhi,Ahmedabad,2026-02-11
C029,P001,1745,Jaipur,Pune,2026-01-09
C029,P001,1644,Pune,Ahmedabad,2026-01-14
C023,P004,931,Delhi,Jaipur,2026-05-12
C010,P003,1985,Mumbai,Delhi,2026-03-13
C023,P002,563,Jaipur,Ahmedabad,2026-03-13
C003,P003,1555,Pune,Delhi,2026-06-25
C048,P001,1877,Mumbai,Ahmedabad,2026-05-10
C039,P002,1561,Jaipur,Delhi,2026-05-20
C041,P004,1107,Ahmedabad,Jaipur,2026-04-14
C029,P004,1914,Ahmedabad,Mumbai,2026-05-06
C004,P004,1072,Ahmedabad,Mumbai,2026-06-23
C009,P002,119,Pune,Jaipur,2026-01-25
C026,P001,221,Ahmedabad,Delhi,2026-02-21
C031,P001,677,Jaipur,Pune,2026-04-08
C020,P001,441,Mumbai,Pune,2026-04-10
C029,P004,1853,Jaipur,Ahmedabad,2026-05-28
C003,P002,822,Jaipur,Mumbai,2026-04-28
C048,P002,1554,Mumbai,Pune,2026-05-12
C050,P002,312,Pune,Mumbai,2026-03-10
C021,P003,1205,Jaipur,Delhi,2026-03-26
C009,P003,1928,Jaipur,Mumbai,2026-04-04
C017,P004,1141,Mumbai,Jaipur,2026-01-28
C008,P004,1255,Delhi,Mumbai,2026-02-18
C035,P004,167,Ahmedabad,Mumbai,2026-05-04
C022,P004,1351,Jaipur,Delhi,2026-01-13
C036,P003,1881,Mumbai,Pune,2026-06-12
C015,P003,924,Ahmedabad,Delhi,2026-05-07
C044,P003,1145,Ahmedabad,Pune,2026-02-17
C017,P003,1867,Ahmedabad,Pune,2026-05-15
C011,P004,1553,Pune,Delhi,2026-05-03
C016,P001,1511,Mumbai,Pune,2026-01-25
C050,P002,618,Delhi,Ahmedabad,2026-05-09
C036,P002,1401,Ahmedabad,Pune,2026-02-23
C006,P004,516,Mumbai,Ahmedabad,2026-06-11
C040,P003,774,Jaipur,Pune,2026-04-07
C042,P003,1126,Jaipur,Delhi,2026-04-20
C021,P002,1641,Jaipur,Ahmedabad,2026-06-17
C019,P004,1811,Pune,Ahmedabad,2026-02-24
C041,P002,1491,Ahmedabad,Pune,2026-06-03
C049,P004,426,Pune,Ahmedabad,2026-06-18
C046,P002,1917,Jaipur,Pune,2026-01-25
C003,P002,1266,Delhi,Pune,2026-01-02
C012,P002,1533,Delhi,Mumbai,2026-01-18
C008,P004,1010,Mumbai,Delhi,2026-06-25
C012,P002,1406,Ahmedabad,Mumbai,2026-03-12
C019,P001,684,Delhi,Mumbai,2026-03-29
C047,P003,1856,Ahmedabad,Delhi,2026-03-13
C036,P004,213,Delhi,Pune,2026-06-29
C039,P002,1820,Pune,Mumbai,2026-01-16
C021,P002,896,Pune,Jaipur,2026-04-20
C042,P002,587,Jaipur,Mumbai,2026-04-15
C032,P001,1540,Delhi,Ahmedabad,2026-01-07
C025,P001,377,Mumbai,Delhi,2026-04-30
C027,P004,589,Mumbai,Ahmedabad,2026-06-16
C002,P001,359,Delhi,Pune,2026-01-27
C047,P002,1245,Jaipur,Delhi,2026-02-07
C035,P003,696,Ahmedabad,Pune,2026-04-23
C013,P001,817,Jaipur,Mumbai,2026-03-21
C003,P003,1778,Pune,Mumbai,2026-01-04
C019,P002,805,Delhi,Jaipur,2026-05-05
C007,P003,294,Mumbai,Pune,2026-05-31
C037,P002,1591,Ahmedabad,Jaipur,2026-06-25
C007,P002,1595,Pune,Mumbai,2026-02-15
C027,P002,1399,Pune,Mumbai,2026-02-08
C007,P001,452,Delhi,Jaipur,2026-05-03
C010,P002,1097,Mumbai,Jaipur,2026-03-20
C014,P002,1728,Jaipur,Delhi,2026-05-23
C036,P001,1121,Ahmedabad,Delhi,2026-04-11
C032,P002,896,Mumbai,Delhi,2026-05-17
C021,P001,352,Ahmedabad,Delhi,2026-05-10
C002,P001,1074,Mumbai,Jaipur,2026-05-14
C041,P002,1367,Pune,Jaipur,2026-02-11
C007,P002,1537,Pune,Jaipur,2026-04-14
C028,P001,617,Pune,Delhi,2026-06-15
C022,P004,1549,Jaipur,Mumbai,2026-02-11
C049,P004,1422,Pune,Mumbai,2026-06-24
C003,P004,1823,Ahmedabad,Mumbai,2026-02-15
C013,P001,1374,Mumbai,Delhi,2026-01-14
C006,P004,888,Ahmedabad,Jaipur,2026-05-09
C045,P002,1005,Jaipur,Pune,2026-04-10
C009,P004,1309,Jaipur,Mumbai,2026-05-28
C037,P002,657,Delhi,Pune,2026-01-20
C033,P003,649,Jaipur,Pune,2026-02-17
C026,P004,925,Delhi,Jaipur,2026-06-20
C010,P001,435,Ahmedabad,Delhi,2026-02-18
C046,P001,783,Ahmedabad,Pune,2026-03-20
C012,P003,757,Pune,Ahmedabad,2026-06-05
C034,P001,1291,Ahmedabad,Delhi,2026-03-27
C025,P001,1349,Delhi,Jaipur,2026-06-24
C040,P001,1022,Jaipur,Delhi,2026-06-21
C021,P004,1662,Delhi,Pune,2026-02-21
C009,P001,988,Pune,Jaipur,2026-04-25
C033,P002,1820,Mumbai,Pune,2026-02-10
C006,P002,1714,Ahmedabad,Jaipur,2026-06-18
C024,P003,953,Ahmedabad,Jaipur,2026-04-18
C013,P002,211,Delhi,Ahmedabad,2026-01-29
C028,P002,729,Ahmedabad,Delhi,2026-02-15
C011,P003,596,Pune,Ahmedabad,2026-05-19
C003,P001,423,Pune,Mumbai,2026-03-20
C046,P003,1855,Jaipur,Delhi,2026-01-13
C017,P001,567,Ahmedabad,Mumbai,2026-06-30
C031,P001,997,Delhi,Mumbai,2026-01-09
C029,P001,862,Mumbai,Delhi,2026-04-12
C018,P002,210,Ahmedabad,Jaipur,2026-01-29
C043,P003,1757,Delhi,Pune,2026-01-08
C011,P001,1174,Ahmedabad,Pune,2026-03-17
C018,P004,1214,Pune,Delhi,2026-03-06
C031,P003,1623,Pune,Jaipur,2026-03-08
C005,P004,584,Delhi,Ahmedabad,2026-01-17
C012,P003,1880,Jaipur,Ahmedabad,2026-04-01
C035,P002,1774,Pune,Delhi,2026-01-18
C014,P001,1142,Pune,Jaipur,2026-04-15
C031,P001,138,Jaipur,Mumbai,2026-04-09
C024,P004,1606,Jaipur,Ahmedabad,2026-03-12
C012,P003,1847,Mumbai,Delhi,2026-06-13
C011,P003,465,Ahmedabad,Jaipur,2026-05-25
C034,P002,817,Pune,Ahmedabad,2026-05-06
C047,P001,136,Mumbai,Pune,2026-02-11
C029,P003,1160,Mumbai,Delhi,2026-04-28
C022,P002,1689,Mumbai,Delhi,2026-02-02
C013,P003,535,Jaipur,Pune,2026-04-18
C037,P004,589,Delhi,Jaipur,2026-03-10
C035,P003,142,Ahmedabad,Jaipur,2026-04-21
C029,P002,378,Jaipur,Ahmedabad,2026-03-14
C029,P003,352,Jaipur,Mumbai,2026-05-15
C049,P003,1048,Jaipur,Ahmedabad,2026-06-25
C015,P002,139,Delhi,Jaipur,2026-02-12
C039,P003,132,Pune,Ahmedabad,2026-01-27
C008,P001,1578,Ahmedabad,Mumbai,2026-03-16
C018,P004,947,Delhi,Jaipur,2026-03-08
C012,P002,1120,Pune,Mumbai,2026-04-24
C008,P002,1198,Delhi,Mumbai,2026-02-18
C027,P002,1862,Ahmedabad,Pune,2026-06-22
C009,P002,1654,Ahmedabad,Pune,2026-01-23
C009,P003,771,Delhi,Pune,2026-02-16
C024,P002,477,Delhi,Ahmedabad,2026-04-12
C003,P002,1387,Jaipur,Mumbai,2026-06-26
C027,P004,1112,Delhi,Jaipur,2026-01-23
C038,P004,1502,Mumbai,Delhi,2026-05-13
C041,P004,1959,Delhi,Jaipur,2026-05-12
C022,P002,234,Mumbai,Ahmedabad,2026-03-09
C046,P004,1744,Mumbai,Ahmedabad,2026-04-05
C014,P001,1654,Delhi,Jaipur,2026-01-12
C023,P003,1070,Ahmedabad,Jaipur,2026-01-03
C041,P003,683,Mumbai,Delhi,2026-06-30
C034,P004,1119,Pune,Delhi,2026-05-01
C019,P003,1572,Ahmedabad,Jaipur,2026-01-29
C050,P003,1375,Jaipur,Ahmedabad,2026-01-14
C037,P002,972,Pune,Delhi,2026-02-24
C027,P003,203,Jaipur,Ahmedabad,2026-05-29
C024,P004,917,Jaipur,Ahmedabad,2026-01-11
C032,P002,653,Ahmedabad,Delhi,2026-05-04
C047,P002,499,Jaipur,Ahmedabad,2026-05-10
C041,P003,764,Ahmedabad,Mumbai,2026-04-02
C044,P002,1484,Ahmedabad,Delhi,2026-05-30
C010,P001,1120,Delhi,Jaipur,2026-04-09
C001,P003,283,Mumbai,Delhi,2026-02-14
C003,P001,1390,Jaipur,Ahmedabad,2026-03-12
C050,P004,293,Delhi,Jaipur,2026-03-31
C049,P001,143,Jaipur,Ahmedabad,2026-06-07
C032,P001,1970,Mumbai,Ahmedabad,2026-03-17
C001,P004,1826,Delhi,Mumbai,2026-02-17
C006,P001,846,Jaipur,Delhi,2026-04-06
C040,P001,1397,Delhi,Jaipur,2026-05-14
C001,P001,948,Mumbai,Pune,2026-02-15
C017,P001,1368,Pune,Jaipur,2026-05-23
C048,P001,1335,Jaipur,Mumbai,2026-03-28
C003,P002,129,Mumbai,Jaipur,2026-04-20
C019,P004,1243,Jaipur,Ahmedabad,2026-02-10
C003,P001,1369,Jaipur,Ahmedabad,2026-05-09
C016,P003,1348,Pune,Delhi,2026-05-11
C006,P001,1588,Pune,Ahmedabad,2026-02-25
C048,P004,959,Jaipur,Mumbai,2026-01-13
C028,P001,1273,Pune,Jaipur,2026-04-14
C005,P004,139,Pune,Ahmedabad,2026-06-29
C030,P002,1277,Jaipur,Mumbai,2026-05-03
C023,P002,800,Delhi,Jaipur,2026-01-24
C031,P004,1874,Ahmedabad,Mumbai,2026-01-31
C006,P004,1111,Pune,Mumbai,2026-01-17
C024,P004,1472,Mumbai,Jaipur,2026-01-02
C038,P004,1811,Pune,Ahmedabad,2026-01-13
C042,P002,926,Jaipur,Mumbai,2026-04-25
C030,P002,1244,Pune,Ahmedabad,2026-03-15
C042,P002,1844,Ahmedabad,Pune,2026-02-20
C048,P004,1311,Mumbai,Jaipur,2026-02-03
C021,P004,798,Pune,Ahmedabad,2026-02-28
C046,P002,1321,Pune,Delhi,2026-03-18
C001,P003,1426,Delhi,Mumbai,2026-02-04
C017,P003,1366,Jaipur,Ahmedabad,2026-06-27
C008,P002,1724,Pune,Jaipur,2026-01-21
C008,P004,1519,Jaipur,Pune,2026-03-15
C040,P002,686,Mumbai,Ahmedabad,2026-01-24
C030,P003,1042,Delhi,Pune,2026-01-15
C031,P002,1862,Jaipur,Mumbai,2026-05-06
C004,P001,1710,Pune,Delhi,2026-02-12
C014,P002,111,Jaipur,Ahmedabad,2026-02-26
C013,P004,907,Jaipur,Delhi,2026-02-11
C019,P002,275,Delhi,Jaipur,2026-02-07
C027,P002,1214,Mumbai,Ahmedabad,2026-06-03
C040,P003,1840,Pune,Ahmedabad,2026-04-28
C009,P001,887,Jaipur,Ahmedabad,2026-03-23
C046,P003,493,Delhi,Ahmedabad,2026-04-26
C048,P004,730,Delhi,Ahmedabad,2026-01-30
C018,P002,1855,Mumbai,Pune,2026-05-02
C044,P004,1784,Mumbai,Ahmedabad,2026-06-30
C047,P003,680,Delhi,Jaipur,2026-04-27
C030,P001,1628,Ahmedabad,Mumbai,2026-02-06
C007,P002,1258,Jaipur,Pune,2026-02-04
C050,P001,1433,Mumbai,Delhi,2026-06-22
C012,P001,638,Jaipur,Ahmedabad,2026-05-03
C002,P001,1894,Jaipur,Delhi,2026-03-04
C044,P003,1241,Delhi,Mumbai,2026-02-02
C014,P001,168,Pune,Ahmedabad,2026-06-28
C047,P003,1359,Jaipur,Ahmedabad,2026-02-11
C045,P003,1522,Mumbai,Delhi,2026-06-13
C032,P001,1827,Delhi,Pune,2026-05-29
C020,P002,613,Ahmedabad,Pune,2026-03-28
C005,P003,727,Pune,Mumbai,2026-04-28
C037,P001,1994,Pune,Jaipur,2026-02-07
C044,P002,1904,Ahmedabad,Delhi,2026-01-25
C012,P002,430,Mumbai,Pune,2026-03-10
C015,P001,1773,Ahmedabad,Pune,2026-06-29
C039,P002,1869,Pune,Delhi,2026-01-30
C046,P002,208,Jaipur,Mumbai,2026-02-15
C036,P001,540,Jaipur,Mumbai,2026-06-22
C021,P004,1530,Ahmedabad,Delhi,2026-02-19
C012,P004,803,Jaipur,Mumbai,2026-05-19
C038,P002,1050,Pune,Jaipur,2026-06-08
C038,P002,1939,Pune,Ahmedabad,2026-05-30
C030,P002,1390,Pune,Delhi,2026-03-26
C014,P003,955,Ahmedabad,Pune,2026-01-01
C009,P003,116,Ahmedabad,Pune,2026-02-16
C043,P003,1295,Mumbai,Delhi,2026-03-01
C009,P003,648,Jaipur,Mumbai,2026-03-13
C010,P004,233,Ahmedabad,Delhi,2026-04-14
C005,P001,983,Jaipur,Mumbai,2026-03-10
C017,P004,812,Pune,Mumbai,2026-05-24
C031,P003,329,Delhi,Pune,2026-06-10
C039,P004,403,Mumbai,Ahmedabad,2026-01-17
C025,P003,155,Ahmedabad,Mumbai,2026-03-20
C018,P001,1663,Delhi,Pune,2026-06-02
C045,P003,251,Ahmedabad,Jaipur,2026-06-20
C010,P004,502,Jaipur,Pune,2026-04-23
C034,P002,354,Ahmedabad,Mumbai,2026-06-08
C043,P003,1647,Ahmedabad,Pune,2026-04-07
C016,P002,860,Ahmedabad,Pune,2026-04-24
C039,P001,1046,Ahmedabad,Jaipur,2026-04-03
C001,P002,411,Delhi,Pune,2026-05-18
C020,P003,1707,Ahmedabad,Delhi,2026-01-06
C003,P004,1098,Jaipur,Pune,2026-06-15
C046,P003,857,Mumbai,Pune,2026-05-22
C015,P002,304,Delhi,Jaipur,2026-03-29
C006,P001,278,Mumbai,Pune,2026-01-17
C021,P003,885,Delhi,Jaipur,2026-06-19
C002,P004,796,Delhi,Ahmedabad,2026-04-15
C003,P004,898,Delhi,Mumbai,2026-05-31
C039,P002,895,Pune,Jaipur,2026-05-15
C040,P001,1703,Delhi,Pune,2026-05-11
C006,P002,276,Mumbai,Jaipur,2026-06-23
C007,P001,272,Delhi,Mumbai,2026-05-20
C016,P002,1210,Delhi,Pune,2026-03-20
C010,P003,1256,Mumbai,Jaipur,2026-06-15
C048,P003,1291,Mumbai,Pune,2026-04-30
C050,P001,755,Mumbai,Ahmedabad,2026-03-07
C022,P002,1493,Delhi,Ahmedabad,2026-03-25
C046,P001,166,Pune,Jaipur,2026-04-25
C040,P003,1493,Mumbai,Jaipur,2026-03-30
C020,P003,1207,Ahmedabad,Delhi,2026-06-14
C015,P002,803,Ahmedabad,Mumbai,2026-04-16
C011,P002,508,Ahmedabad,Delhi,2026-05-30
C042,P004,255,Ahmedabad,Jaipur,2026-06-15
C010,P003,1776,Jaipur,Mumbai,2026-06-23
C043,P003,1081,Pune,Delhi,2026-06-03
C048,P002,416,Delhi,Ahmedabad,2026-05-27
C029,P003,337,Mumbai,Pune,2026-05-18
C011,P002,779,Mumbai,Pune,2026-02-13
C009,P002,1103,Jaipur,Delhi,2026-05-04
C012,P002,932,Jaipur,Delhi,2026-03-11
C013,P004,1501,Pune,Delhi,2026-03-13
C048,P001,1219,Ahmedabad,Jaipur,2026-04-05
C016,P003,557,Ahmedabad,Mumbai,2026-02-01
C040,P003,122,Delhi,Jaipur,2026-06-23
C037,P003,1485,Mumbai,Ahmedabad,2026-05-22
C046,P004,883,Delhi,Pune,2026-01-29
C010,P003,1651,Ahmedabad,Delhi,2026-06-07
C018,P001,1239,Delhi,Pune,2026-05-15
C041,P002,1255,Mumbai,Delhi,2026-03-24
C001,P001,1278,Pune,Jaipur,2026-06-21
C008,P003,1503,Mumbai,Delhi,2026-04-05
C018,P003,1542,Ahmedabad,Delhi,2026-05-14
C034,P002,1229,Delhi,Ahmedabad,2026-01-27
C008,P001,387,Pune,Ahmedabad,2026-04-14
C032,P004,1363,Jaipur,Mumbai,2026-01-16
C007,P003,1438,Mumbai,Ahmedabad,2026-02-20
C027,P002,888,Mumbai,Jaipur,2026-06-29
C007,P003,351,Ahmedabad,Mumbai,2026-05-26
C019,P002,1086,Ahmedabad,Delhi,2026-01-29
C049,P001,1932,Jaipur,Pune,2026-06-09
C020,P004,1220,Ahmedabad,Pune,2026-03-25
C008,P002,1158,Mumbai,Delhi,2026-02-05
C006,P001,228,Delhi,Pune,2026-06-14
C050,P001,1544,Ahmedabad,Mumbai,2026-04-01
C007,P001,1859,Pune,Delhi,2026-03-21
C009,P003,1255,Pune,Jaipur,2026-05-08
C003,P003,897,Mumbai,Pune,2026-03-14
C047,P004,1303,Ahmedabad,Jaipur,2026-02-23
C047,P002,250,Mumbai,Pune,2026-04-02
C009,P002,822,Mumbai,Ahmedabad,2026-04-29
C042,P001,1576,Jaipur,Delhi,2026-02-25
C030,P004,1062,Delhi,Jaipur,2026-04-24
C048,P001,1508,Delhi,Jaipur,2026-05-25
C015,P002,809,Ahmedabad,Delhi,2026-05-10
C013,P002,1251,Ahmedabad,Jaipur,2026-03-03
C045,P004,1132,Pune,Delhi,2026-02-22
C007,P002,247,Jaipur,Mumbai,2026-02-14
C031,P003,1866,Mumbai,Delhi,2026-02-22
C003,P004,240,Pune,Delhi,2026-01-23
C032,P001,728,Jaipur,Pune,2026-04-10
C032,P004,209,Mumbai,Delhi,2026-01-13
C011,P002,563,Delhi,Jaipur,2026-01-30
C025,P001,952,Pune,Ahmedabad,2026-01-05
C022,P001,1935,Pune,Ahmedabad,2026-02-05
C032,P002,1055,Ahmedabad,Mumbai,2026-05-11
C043,P001,316,Delhi,Ahmedabad,2026-02-06
C049,P002,887,Mumbai,Jaipur,2026-03-26
C049,P003,849,Delhi,Ahmedabad,2026-04-26
C014,P001,1461,Ahmedabad,Mumbai,2026-06-24
C023,P004,1898,Jaipur,Pune,2026-01-07
C018,P002,847,Delhi,Jaipur,2026-01-19
C011,P003,348,Delhi,Pune,2026-05-22
C026,P002,1549,Delhi,Jaipur,2026-05-28
C020,P003,499,Mumbai,Jaipur,2026-01-11
C017,P004,1002,Jaipur,Delhi,2026-06-25
C002,P003,1370,Pune,Mumbai,2026-05-18
C001,P003,172,Ahmedabad,Jaipur,2026-03-26
C037,P001,1307,Delhi,Ahmedabad,2026-03-29
C027,P004,1742,Mumbai,Pune,2026-04-25
C030,P004,1453,Delhi,Ahmedabad,2026-02-07
C022,P003,1358,Delhi,Jaipur,2026-01-30
C030,P002,1440,Delhi,Pune,2026-02-08
C027,P001,1779,Mumbai,Ahmedabad,2026-04-30
C021,P003,624,Pune,Ahmedabad,2026-02-26
C044,P003,831,Mumbai,Ahmedabad,2026-01-11
C019,P002,110,Jaipur,Pune,2026-01-25
C034,P001,1059,Ahmedabad,Jaipur,2026-03-08
C029,P002,599,Delhi,Pune,2026-03-16
C006,P001,470,Ahmedabad,Delhi,2026-01-30
C041,P001,912,Mumbai,Jaipur,2026-06-19
C003,P002,1231,Pune,Mumbai,2026-06-02
C033,P003,1031,Pune,Jaipur,2026-02-15
C049,P002,1570,Mumbai,Ahmedabad,2026-02-05
C029,P004,1182,Ahmedabad,Delhi,2026-05-06
C031,P002,112,Ahmedabad,Delhi,2026-02-02
C035,P002,664,Mumbai,Delhi,2026-05-20
C016,P004,1626,Jaipur,Ahmedabad,2026-02-24
C011,P001,1807,Delhi,Jaipur,2026-02-05
C038,P002,670,Pune,Jaipur,2026-02-21
C015,P001,559,Delhi,Mumbai,2026-04-05
C044,P003,1659,Ahmedabad,Delhi,2026-05-19
C031,P002,1696,Delhi,Pune,2026-04-10
C032,P003,1400,Pune,Jaipur,2026-02-02
C011,P001,1808,Delhi,Ahmedabad,2026-04-13
C043,P001,893,Delhi,Pune,2026-01-28
C032,P001,916,Pune,Mumbai,2026-05-30
C036,P003,604,Pune,Delhi,2026-04-30
C049,P002,228,Delhi,Ahmedabad,2026-01-29
C020,P003,710,Pune,Jaipur,2026-01-08
C022,P001,1560,Ahmedabad,Delhi,2026-03-30
C050,P004,1318,Jaipur,Pune,2026-01-10
C007,P003,1695,Delhi,Ahmedabad,2026-01-04
C042,P001,132,Ahmedabad,Pune,2026-01-30
C018,P001,1326,Pune,Mumbai,2026-02-09
C018,P004,1387,Pune,Jaipur,2026-01-30
C044,P001,1429,Ahmedabad,Pune,2026-04-14
C010,P001,138,Jaipur,Ahmedabad,2026-03-03
C026,P004,124,Delhi,Pune,2026-06-13
C004,P004,802,Mumbai,Pune,2026-02-08
C001,P003,204,Ahmedabad,Jaipur,2026-04-24
C021,P001,711,Delhi,Mumbai,2026-05-28
C014,P002,354,Mumbai,Jaipur,2026-05-10
C039,P004,847,Ahmedabad,Jaipur,2026-03-12
C018,P002,627,Mumbai,Jaipur,2026-05-18
C036,P002,542,Mumbai,Delhi,2026-05-02
C030,P001,472,Delhi,Mumbai,2026-03-12
C048,P001,1961,Ahmedabad,Mumbai,2026-02-23
C006,P003,751,Mumbai,Jaipur,2026-01-01
C045,P004,1329,Pune,Mumbai,2026-02-19
C038,P002,1441,Pune,Jaipur,2026-06-05
C030,P003,1134,Mumbai,Delhi,2026-03-30
C025,P004,773,Mumbai,Delhi,2026-05-14
C049,P004,1866,Delhi,Ahmedabad,2026-05-14
C030,P003,949,Jaipur,Mumbai,2026-04-15
C020,P002,956,Mumbai,Ahmedabad,2026-04-10
C010,P002,511,Pune,Delhi,2026-04-13
C031,P004,1931,Jaipur,Ahmedabad,2026-03-16
C048,P002,798,Delhi,Ahmedabad,2026-01-18
C008,P003,379,Pune,Jaipur,2026-03-04
C032,P003,1511,Jaipur,Pune,2026-02-25
C004,P001,1910,Jaipur,Pune,2026-05-18
C050,P003,344,Mumbai,Ahmedabad,2026-03-03
C009,P001,512,Ahmedabad,Delhi,2026-05-03
C040,P002,1586,Pune,Jaipur,2026-03-02
C039,P004,1650,Jaipur,Pune,2026-03-08
C038,P003,125,Jaipur,Ahmedabad,2026-04-13
C049,P001,272,Jaipur,Ahmedabad,2026-02-03
C046,P003,1816,Delhi,Mumbai,2026-03-14
C011,P001,1662,Ahmedabad,Jaipur,2026-04-09
C005,P001,284,Jaipur,Delhi,2026-05-27
C039,P002,181,Delhi,Mumbai,2026-03-05
C044,P004,639,Jaipur,Ahmedabad,2026-04-24
C023,P004,1084,Mumbai,Jaipur,2026-04-14
C043,P003,378,Jaipur,Delhi,2026-04-11
C005,P002,1864,Ahmedabad,Mumbai,2026-04-03
C009,P003,927,Jaipur,Delhi,2026-04-16
C012,P002,1219,Delhi,Pune,2026-05-16
C036,P001,463,Pune,Mumbai,2026-03-24
C034,P002,1966,Pune,Ahmedabad,2026-04-09
C024,P004,275,Mumbai,Delhi,2026-01-14
C018,P002,1631,Delhi,Jaipur,2026-04-09
C040,P003,942,Pune,Mumbai,2026-05-28
C046,P002,1702,Delhi,Pune,2026-02-06
C034,P004,652,Delhi,Jaipur,2026-05-02
C022,P004,519,Delhi,Ahmedabad,2026-03-19
C032,P002,1490,Jaipur,Ahmedabad,2026-06-09
C021,P001,414,Mumbai,Pune,2026-04-29
C028,P003,417,Delhi,Ahmedabad,2026-02-13
C043,P001,1258,Delhi,Pune,2026-04-05
C014,P001,1495,Pune,Mumbai,2026-03-10
C005,P001,845,Jaipur,Pune,2026-03-15
C046,P002,828,Ahmedabad,Mumbai,2026-02-18
C046,P004,938,Ahmedabad,Delhi,2026-02-11
C040,P004,863,Jaipur,Pune,2026-04-22
C009,P004,403,Pune,Jaipur,2026-03-16
C014,P001,1521,Ahmedabad,Delhi,2026-02-28
C019,P003,250,Jaipur,Mumbai,2026-02-09
C015,P002,579,Ahmedabad,Pune,2026-02-10
C027,P003,1120,Ahmedabad,Pune,2026-03-31
C018,P001,1483,Ahmedabad,Delhi,2026-04-30
C010,P002,192,Delhi,Jaipur,2026-05-25
C045,P003,301,Pune,Jaipur,2026-03-09
C014,P004,1612,Mumbai,Jaipur,2026-04-09
C023,P002,815,Jaipur,Delhi,2026-03-22
C022,P001,1033,Pune,Jaipur,2026-03-02
C048,P002,652,Mumbai,Ahmedabad,2026-01-31
C029,P002,354,Jaipur,Ahmedabad,2026-06-10
C035,P002,821,Jaipur,Mumbai,2026-04-30
C043,P002,460,Jaipur,Mumbai,2026-05-14
C040,P001,1895,Mumbai,Pune,2026-04-14
C033,P002,1434,Jaipur,Mumbai,2026-01-30
C005,P003,968,Jaipur,Ahmedabad,2026-06-16
C032,P002,1889,Mumbai,Ahmedabad,2026-01-28
C022,P003,635,Pune,Jaipur,2026-03-22
C049,P004,364,Delhi,Mumbai,2026-01-01
C034,P002,729,Pune,Jaipur,2026-02-28
C019,P002,183,Jaipur,Ahmedabad,2026-01-21
C049,P001,572,Mumbai,Pune,2026-04-07
C020,P002,869,Mumbai,Ahmedabad,2026-05-26
C003,P003,776,Jaipur,Mumbai,2026-04-17
C014,P001,296,Ahmedabad,Delhi,2026-03-29
C014,P004,1544,Ahmedabad,Delhi,2026-03-28
C022,P001,538,Pune,Ahmedabad,2026-06-19
C035,P004,274,Jaipur,Delhi,2026-03-05
C005,P001,1118,Delhi,Mumbai,2026-03-20
C032,P001,1326,Delhi,Ahmedabad,2026-05-05
C037,P003,1196,Mumbai,Jaipur,2026-05-03
C045,P002,137,Jaipur,Ahmedabad,2026-03-25
C006,P001,1147,Mumbai,Delhi,2026-04-09
C032,P001,745,Jaipur,Ahmedabad,2026-06-20
C009,P002,1669,Ahmedabad,Pune,2026-05-08
C045,P001,326,Jaipur,Pune,2026-03-17
C009,P004,132,Jaipur,Mumbai,2026-06-22
C028,P003,785,Jaipur,Mumbai,2026-04-21
C048,P004,1602,Mumbai,Ahmedabad,2026-02-18
C003,P002,987,Delhi,Jaipur,2026-01-10
C025,P001,1543,Ahmedabad,Jaipur,2026-02-24
C046,P002,972,Jaipur,Ahmedabad,2026-03-14
C003,P001,1490,Jaipur,Pune,2026-03-31
C037,P003,960,Delhi,Pune,2026-02-18
C001,P004,1650,Delhi,Pune,2026-04-28
C008,P001,1758,Pune,Jaipur,2026-04-06
C029,P004,1727,Jaipur,Ahmedabad,2026-02-10
C037,P002,973,Ahmedabad,Delhi,2026-04-19
C002,P004,1246,Ahmedabad,Delhi,2026-04-15
C044,P004,1375,Mumbai,Jaipur,2026-04-15
C027,P002,1694,Mumbai,Jaipur,2026-01-09
C049,P002,1823,Delhi,Mumbai,2026-05-13
C002,P001,1178,Jaipur,Mumbai,2026-06-24
C035,P002,1727,Delhi,Ahmedabad,2026-03-04
C031,P001,1782,Delhi,Ahmedabad,2026-01-30
C030,P003,1227,Mumbai,Ahmedabad,2026-05-19
C009,P001,1554,Ahmedabad,Mumbai,2026-05-19
C028,P001,1244,Pune,Mumbai,2026-04-22
C028,P002,1778,Pune,Jaipur,2026-04-17
C046,P001,1496,Delhi,Ahmedabad,2026-02-08
C050,P004,1106,Ahmedabad,Jaipur,2026-04-14
C028,P002,710,Ahmedabad,Delhi,2026-02-06
C043,P002,1699,Jaipur,Pune,2026-05-29
C021,P002,1557,Pune,Ahmedabad,2026-01-03
C018,P004,1727,Jaipur,Ahmedabad,2026-05-19
C027,P003,1048,Delhi,Pune,2026-05-10
C005,P004,806,Pune,Jaipur,2026-04-16
C044,P001,888,Delhi,Ahmedabad,2026-03-13
C014,P002,1516,Mumbai,Delhi,2026-06-24
C030,P002,1889,Jaipur,Ahmedabad,2026-01-26
C002,P004,423,Mumbai,Ahmedabad,2026-01-24
C036,P001,1743,Mumbai,Ahmedabad,2026-03-22
C030,P004,536,Pune,Mumbai,2026-04-21
C046,P002,1692,Pune,Jaipur,2026-04-25
C037,P001,1087,Mumbai,Pune,2026-01-05
C035,P003,1397,Delhi,Ahmedabad,2026-01-04
C001,P004,349,Delhi,Ahmedabad,2026-01-28
C037,P001,112,Delhi,Ahmedabad,2026-05-26
C030,P003,1712,Jaipur,Delhi,2026-05-25
C024,P003,907,Jaipur,Pune,2026-06-22
C032,P003,1482,Ahmedabad,Jaipur,2026-05-18
C003,P002,1185,Pune,Jaipur,2026-02-23
C008,P001,1724,Mumbai,Jaipur,2026-04-25
C008,P002,133,Delhi,Jaipur,2026-04-13
C002,P004,175,Pune,Delhi,2026-06-17
C023,P002,1585,Jaipur,Delhi,2026-04-03
C009,P001,1088,Delhi,Mumbai,2026-01-20
C040,P001,177,Pune,Mumbai,2026-06-19
C001,P004,1798,Delhi,Ahmedabad,2026-02-07
C034,P002,1599,Ahmedabad,Jaipur,2026-05-04
C044,P003,220,Mumbai,Jaipur,2026-02-25
C002,P003,1632,Ahmedabad,Mumbai,2026-04-22
C001,P001,1161,Ahmedabad,Pune,2026-03-07
C030,P002,1761,Delhi,Mumbai,2026-02-14
C023,P003,881,Delhi,Ahmedabad,2026-01-19
C031,P004,899,Delhi,Ahmedabad,2026-06-24
C030,P002,922,Jaipur,Ahmedabad,2026-05-29
C034,P003,721,Delhi,Mumbai,2026-01-23
C025,P001,1548,Pune,Ahmedabad,2026-01-12
C002,P004,1485,Pune,Delhi,2026-04-24
C022,P004,319,Delhi,Pune,2026-02-23
C050,P003,1204,Pune,Delhi,2026-03-05
C027,P001,745,Mumbai,Jaipur,2026-06-23
C002,P001,1577,Jaipur,Ahmedabad,2026-04-05
C008,P003,1336,Jaipur,Delhi,2026-03-06
C041,P002,1154,Pune,Ahmedabad,2026-06-05
C009,P004,1072,Pune,Ahmedabad,2026-05-05
C034,P004,661,Pune,Jaipur,2026-03-26
C042,P002,430,Delhi,Mumbai,2026-03-04
C002,P002,1625,Jaipur,Pune,2026-05-08
C008,P003,904,Pune,Mumbai,2026-05-02
C035,P003,486,Ahmedabad,Jaipur,2026-04-12
C035,P004,1158,Mumbai,Delhi,2026-04-21
C035,P002,913,Ahmedabad,Jaipur,2026-02-21
C048,P004,1650,Pune,Delhi,2026-03-09
C010,P002,1576,Delhi,Ahmedabad,2026-02-03
C050,P001,761,Ahmedabad,Delhi,2026-01-11
C006,P001,1491,Pune,Jaipur,2026-05-01
C023,P002,1275,Jaipur,Delhi,2026-01-10
C023,P001,564,Ahmedabad,Pune,2026-04-22
C046,P001,1092,Mumbai,Ahmedabad,2026-03-01
C032,P003,249,Jaipur,Pune,2026-06-13
C041,P003,995,Pune,Delhi,2026-06-10
C003,P001,1625,Delhi,Pune,2026-05-06
C044,P002,857,Delhi,Pune,2026-04-21
C028,P001,1526,Ahmedabad,Pune,2026-06-28
C010,P002,948,Pune,Ahmedabad,2026-02-14
C004,P003,943,Jaipur,Mumbai,2026-04-08
C001,P001,1072,Jaipur,Delhi,2026-01-02
C016,P003,1433,Pune,Ahmedabad,2026-05-04
C030,P004,1288,Mumbai,Jaipur,2026-02-17
C004,P002,815,Delhi,Pune,2026-03-30
C034,P004,756,Delhi,Ahmedabad,2026-04-06
C014,P004,740,Jaipur,Delhi,2026-03-08
C049,P002,1841,Delhi,Mumbai,2026-02-28
C046,P003,105,Ahmedabad,Pune,2026-03-11
C007,P002,1912,Mumbai,Pune,2026-06-05
C014,P001,860,Jaipur,Mumbai,2026-03-09
C002,P002,345,Delhi,Ahmedabad,2026-01-21
C044,P001,365,Ahmedabad,Mumbai,2026-03-29
C001,P004,598,Mumbai,Jaipur,2026-04-06
C019,P004,1299,Ahmedabad,Delhi,2026-01-14
C038,P002,658,Mumbai,Pune,2026-03-25
C022,P003,886,Pune,Delhi,2026-01-12
C045,P002,1378,Jaipur,Pune,2026-04-23
C004,P003,1868,Jaipur,Mumbai,2026-02-11
C001,P002,807,Mumbai,Delhi,2026-06-15
C038,P004,1015,Ahmedabad,Mumbai,2026-04-07
C007,P002,492,Delhi,Ahmedabad,2026-04-29
C002,P002,1676,Jaipur,Mumbai,2026-06-26
C026,P001,1488,Ahmedabad,Delhi,2026-06-10
C047,P003,905,Pune,Ahmedabad,2026-05-18
C035,P003,1439,Mumbai,Delhi,2026-06-19
C025,P003,1082,Mumbai,Jaipur,2026-03-19
C011,P002,370,Ahmedabad,Mumbai,2026-03-29
C031,P001,276,Pune,Jaipur,2026-01-01
C001,P001,1711,Jaipur,Delhi,2026-01-21
C011,P003,123,Ahmedabad,Delhi,2026-06-20
C049,P002,521,Pune,Jaipur,2026-01-29
C039,P003,988,Jaipur,Delhi,2026-04-01
C034,P003,1305,Ahmedabad,Mumbai,2026-05-22
C023,P001,1594,Jaipur,Pune,2026-05-03
C042,P004,1872,Ahmedabad,Pune,2026-05-06
C005,P003,1431,Delhi,Pune,2026-06-14
C013,P003,869,Mumbai,Ahmedabad,2026-05-21
C009,P003,1765,Mumbai,Delhi,2026-04-08
C039,P002,1375,Pune,Jaipur,2026-02-18
C017,P003,200,Jaipur,Mumbai,2026-04-11
C006,P003,558,Ahmedabad,Delhi,2026-06-12
C045,P001,1783,Delhi,Pune,2026-01-05
C046,P004,1946,Mumbai,Jaipur,2026-06-15
C027,P004,397,Delhi,Jaipur,2026-06-02
C017,P001,1497,Delhi,Pune,2026-04-14
C039,P004,1564,Mumbai,Jaipur,2026-03-07
C046,P004,718,Jaipur,Ahmedabad,2026-02-11
C008,P002,961,Pune,Ahmedabad,2026-02-27
C006,P001,1557,Mumbai,Pune,2026-01-01
C042,P004,1469,Ahmedabad,Pune,2026-05-13
C016,P004,534,Mumbai,Ahmedabad,2026-04-19
C035,P001,298,Pune,Delhi,2026-03-08
C031,P001,867,Jaipur,Delhi,2026-04-15
C015,P002,1019,Delhi,Mumbai,2026-03-13
C049,P001,1174,Ahmedabad,Jaipur,2026-04-27
C009,P003,1808,Ahmedabad,Pune,2026-03-09
C046,P004,1135,Pune,Delhi,2026-06-13
C027,P004,1537,Ahmedabad,Pune,2026-06-01
C050,P002,1692,Mumbai,Jaipur,2026-01-26
C028,P001,403,Delhi,Ahmedabad,2026-04-14
C048,P004,1806,Mumbai,Jaipur,2026-04-11
C012,P001,361,Jaipur,Delhi,2026-03-10
C015,P001,1284,Delhi,Pune,2026-06-07
C045,P004,1003,Delhi,Ahmedabad,2026-05-05
C016,P001,486,Mumbai,Delhi,2026-01-29
C046,P001,1382,Mumbai,Delhi,2026-01-28
C027,P003,1609,Pune,Ahmedabad,2026-02-26
C030,P004,610,Pune,Mumbai,2026-02-27
C017,P003,915,Ahmedabad,Pune,2026-03-03
C041,P003,820,Mumbai,Delhi,2026-03-22
C027,P003,935,Delhi,Pune,2026-03-04
C050,P002,1868,Jaipur,Pune,2026-06-24
C040,P002,1533,Pune,Mumbai,2026-02-27
C036,P002,1678,Delhi,Ahmedabad,2026-01-06
C006,P002,1340,Pune,Mumbai,2026-05-09
C022,P003,1404,Delhi,Mumbai,2026-04-20
C043,P002,1247,Ahmedabad,Pune,2026-05-02
C042,P001,1742,Ahmedabad,Jaipur,2026-01-09
C040,P003,1941,Delhi,Jaipur,2026-02-07
C005,P003,436,Pune,Mumbai,2026-03-13
C023,P001,1600,Delhi,Jaipur,2026-01-04
C049,P003,929,Delhi,Mumbai,2026-06-26
C029,P002,630,Pune,Mumbai,2026-01-12
C012,P004,333,Pune,Ahmedabad,2026-06-22
C036,P002,446,Delhi,Pune,2026-04-09
C035,P001,248,Pune,Jaipur,2026-04-19
C045,P002,1831,Jaipur,Mumbai,2026-06-11
C040,P004,1214,Pune,Ahmedabad,2026-06-30
C008,P002,582,Ahmedabad,Pune,2026-03-27
C046,P001,561,Mumbai,Delhi,2026-05-12
C046,P003,702,Delhi,Jaipur,2026-01-25
C004,P002,376,Ahmedabad,Jaipur,2026-01-01
C034,P004,1890,Delhi,Ahmedabad,2026-01-16
C035,P003,1582,Mumbai,Jaipur,2026-02-01
C026,P001,376,Delhi,Mumbai,2026-04-14
C017,P003,1014,Pune,Delhi,2026-06-25
C020,P003,925,Jaipur,Pune,2026-01-03
C044,P001,1204,Delhi,Mumbai,2026-01-23
C017,P001,129,Pune,Ahmedabad,2026-04-13
C018,P004,388,Mumbai,Delhi,2026-01-22
C038,P002,908,Jaipur,Pune,2026-06-28
C025,P003,971,Jaipur,Pune,2026-02-26
C017,P002,1168,Jaipur,Ahmedabad,2026-01-07
C025,P004,1237,Mumbai,Pune,2026-04-25
C034,P003,259,Mumbai,Delhi,2026-03-27
C046,P004,477,Ahmedabad,Pune,2026-06-05
C047,P002,1223,Ahmedabad,Jaipur,2026-03-26
C014,P002,974,Pune,Jaipur,2026-03-04
C015,P004,720,Delhi,Mumbai,2026-06-12
C027,P003,1857,Pune,Delhi,2026-05-11
C046,P003,1305,Pune,Ahmedabad,2026-06-13
C046,P002,1658,Pune,Mumbai,2026-05-19
C036,P001,1331,Ahmedabad,Pune,2026-03-18
C045,P003,296,Jaipur,Ahmedabad,2026-06-04
C049,P004,1818,Delhi,Jaipur,2026-01-06
C003,P002,1860,Pune,Delhi,2026-03-30
C035,P003,836,Ahmedabad,Pune,2026-05-15
C029,P004,891,Mumbai,Delhi,2026-06-18
C013,P002,1668,Ahmedabad,Mumbai,2026-04-18
C041,P003,734,Ahmedabad,Jaipur,2026-01-27
C023,P003,1613,Jaipur,Delhi,2026-06-09
C020,P002,1335,Pune,Ahmedabad,2026-02-07
C007,P003,568,Jaipur,Pune,2026-05-30
C046,P001,1071,Jaipur,Delhi,2026-02-17
C049,P004,1688,Jaipur,Pune,2026-05-04
C044,P002,1489,Mumbai,Ahmedabad,2026-01-17
C017,P003,1685,Pune,Jaipur,2026-03-05
C012,P001,1558,Ahmedabad,Jaipur,2026-06-29
C016,P004,686,Pune,Ahmedabad,2026-03-20
C029,P004,1152,Mumbai,Delhi,2026-06-26
C025,P001,619,Delhi,Pune,2026-02-28
C050,P001,1065,Ahmedabad,Delhi,2026-01-22
C037,P001,973,Ahmedabad,Jaipur,2026-03-23
C047,P004,564,Ahmedabad,Pune,2026-04-15
C019,P003,1410,Ahmedabad,Delhi,2026-01-04
C008,P001,1899,Ahmedabad,Jaipur,2026-03-02
C005,P004,314,Ahmedabad,Delhi,2026-01-29
C041,P002,1901,Mumbai,Pune,2026-06-06
C026,P001,1272,Delhi,Pune,2026-03-02
C048,P004,1486,Mumbai,Ahmedabad,2026-02-09
C022,P002,1417,Jaipur,Pune,2026-06-09
C019,P003,1902,Jaipur,Mumbai,2026-04-18
C030,P002,1349,Ahmedabad,Jaipur,2026-05-03
C037,P003,1568,Ahmedabad,Pune,2026-01-27
C049,P004,1524,Jaipur,Mumbai,2026-01-05
C032,P002,1392,Pune,Jaipur,2026-06-23
C024,P004,1538,Pune,Ahmedabad,2026-03-09
C033,P001,1337,Delhi,Mumbai,2026-04-04
C022,P001,1373,Jaipur,Pune,2026-05-25
C044,P002,1274,Mumbai,Delhi,2026-04-27
C043,P004,1209,Pune,Mumbai,2026-04-14
C002,P001,1357,Ahmedabad,Jaipur,2026-02-28
C049,P004,1169,Ahmedabad,Delhi,2026-01-14
C021,P001,424,Jaipur,Ahmedabad,2026-03-02
C007,P003,1053,Delhi,Pune,2026-02-25
C013,P001,1131,Mumbai,Delhi,2026-02-08
C044,P004,1077,Ahmedabad,Mumbai,2026-05-13
C040,P003,1761,Ahmedabad,Jaipur,2026-04-25
C039,P002,1895,Pune,Mumbai,2026-01-23
C022,P002,1657,Pune,Jaipur,2026-02-12
C037,P004,718,Ahmedabad,Pune,2026-01-08
C037,P003,1984,Delhi,Jaipur,2026-04-03
C022,P002,564,Jaipur,Ahmedabad,2026-05-12
C027,P003,927,Jaipur,Ahmedabad,2026-05-07
C035,P004,629,Pune,Jaipur,2026-01-21
C046,P004,137,Jaipur,Pune,2026-01-04
C037,P004,141,Ahmedabad,Jaipur,2026-01-13
C049,P002,679,Jaipur,Mumbai,2026-06-24
C004,P004,146,Delhi,Mumbai,2026-05-08
C023,P001,225,Pune,Jaipur,2026-03-16
C028,P003,1506,Delhi,Pune,2026-05-13
C024,P004,465,Ahmedabad,Jaipur,2026-05-01
C014,P003,1759,Mumbai,Delhi,2026-03-20
C049,P002,235,Jaipur,Mumbai,2026-05-13
C010,P003,340,Mumbai,Ahmedabad,2026-05-01
C027,P004,1560,Jaipur,Mumbai,2026-02-05
C015,P003,600,Delhi,Jaipur,2026-06-13
C009,P004,558,Delhi,Ahmedabad,2026-01-24
C041,P004,111,Pune,Mumbai,2026-03-23
C023,P001,1224,Jaipur,Delhi,2026-02-06
C036,P002,1012,Jaipur,Delhi,2026-06-01
C001,P004,356,Jaipur,Mumbai,2026-05-07
C049,P003,1305,Delhi,Ahmedabad,2026-02-15
C038,P002,556,Mumbai,Pune,2026-06-01
C023,P004,263,Delhi,Jaipur,2026-02-11
C015,P001,815,Pune,Ahmedabad,2026-02-09
C022,P001,1494,Delhi,Mumbai,2026-04-03
C049,P001,318,Delhi,Ahmedabad,2026-01-07
C046,P001,250,Ahmedabad,Mumbai,2026-03-21
C042,P001,1774,Delhi,Pune,2026-01-13
C017,P004,211,Delhi,Mumbai,2026-04-24
C045,P003,1714,Ahmedabad,Pune,2026-01-25
C003,P002,184,Delhi,Ahmedabad,2026-02-09
C026,P003,1586,Pune,Delhi,2026-04-24
C027,P003,1902,Mumbai,Ahmedabad,2026-05-30
C043,P004,1795,Pune,Ahmedabad,2026-02-11
C013,P001,660,Jaipur,Ahmedabad,2026-01-10
C031,P004,876,Mumbai,Delhi,2026-06-21
C031,P003,946,Pune,Ahmedabad,2026-01-25
C029,P003,344,Delhi,Ahmedabad,2026-05-25
C009,P003,1467,Mumbai,Ahmedabad,2026-04-06
C030,P003,266,Pune,Mumbai,2026-04-23
C045,P002,1809,Delhi,Ahmedabad,2026-01-12
C038,P003,1055,Mumbai,Pune,2026-01-18
C039,P001,1118,Delhi,Jaipur,2026-02-11
C020,P003,663,Jaipur,Delhi,2026-01-09
C012,P004,1799,Mumbai,Ahmedabad,2026-03-23
C007,P002,1559,Pune,Ahmedabad,2026-01-06
C036,P004,1882,Jaipur,Mumbai,2026-06-26
C042,P003,1256,Mumbai,Pune,2026-03-14
C011,P004,1857,Ahmedabad,Delhi,2026-06-11
C019,P003,1892,Delhi,Jaipur,2026-02-14
C017,P001,1331,Ahmedabad,Jaipur,2026-01-31
C002,P003,547,Pune,Jaipur,2026-01-29
C049,P003,487,Mumbai,Delhi,2026-03-18
C048,P001,895,Pune,Jaipur,2026-06-07
C022,P004,1843,Mumbai,Ahmedabad,2026-06-15
C030,P003,593,Ahmedabad,Jaipur,2026-05-09
C047,P003,1243,Jaipur,Mumbai,2026-05-10
C026,P004,982,Pune,Delhi,2026-05-09
C027,P003,250,Ahmedabad,Pune,2026-01-19
C031,P001,521,Mumbai,Delhi,2026-06-26
C005,P003,578,Delhi,Ahmedabad,2026-04-29
C003,P001,1960,Pune,Mumbai,2026-05-27
C006,P002,1296,Mumbai,Jaipur,2026-04-19
C018,P002,1015,Ahmedabad,Mumbai,2026-03-16
C007,P003,1929,Pune,Delhi,2026-04-16
C018,P002,1208,Ahmedabad,Pune,2026-05-12
C030,P001,337,Delhi,Pune,2026-04-01
C019,P004,146,Mumbai,Jaipur,2026-04-04
C007,P002,598,Ahmedabad,Delhi,2026-02-09
C047,P001,507,Ahmedabad,Delhi,2026-06-19
C012,P002,587,Delhi,Pune,2026-06-16
C022,P004,1171,Mumbai,Delhi,2026-01-02
C021,P003,1805,Ahmedabad,Pune,2026-06-19
C031,P004,1484,Delhi,Ahmedabad,2026-05-05
C038,P004,602,Pune,Jaipur,2026-05-21
C012,P001,106,Jaipur,Ahmedabad,2026-05-08
C024,P001,1854,Jaipur,Ahmedabad,2026-03-10
C041,P001,1628,Pune,Mumbai,2026-04-06
C033,P004,1162,Pune,Mumbai,2026-02-15
C043,P004,1745,Mumbai,Delhi,2026-01-10
C036,P001,876,Delhi,Mumbai,2026-03-06
C008,P002,466,Delhi,Ahmedabad,2026-01-03
C011,P001,1755,Delhi,Mumbai,2026-02-12
C050,P004,1980,Jaipur,Ahmedabad,2026-03-12
C043,P003,264,Jaipur,Mumbai,2026-03-31
C019,P004,407,Jaipur,Mumbai,2026-05-02
C040,P002,1389,Jaipur,Delhi,2026-02-17
C028,P001,1310,Mumbai,Jaipur,2026-05-11
C034,P001,1696,Mumbai,Pune,2026-05-09
C016,P002,341,Delhi,Mumbai,2026-06-28
C009,P001,203,Ahmedabad,Delhi,2026-05-20
C036,P002,1881,Delhi,Mumbai,2026-02-14
C004,P003,1232,Ahmedabad,Mumbai,2026-03-12
C018,P001,874,Jaipur,Pune,2026-03-06
C033,P003,594,Jaipur,Pune,2026-04-06
C020,P002,853,Jaipur,Delhi,2026-02-23
C039,P001,1531,Ahmedabad,Delhi,2026-01-13
C026,P003,414,Mumbai,Ahmedabad,2026-05-13
C001,P004,1803,Pune,Delhi,2026-01-16
C047,P002,348,Jaipur,Mumbai,2026-04-02
C027,P004,1655,Ahmedabad,Pune,2026-06-14
C024,P003,1999,Delhi,Pune,2026-03-29
C028,P004,1692,Jaipur,Mumbai,2026-06-28
C032,P001,1043,Mumbai,Ahmedabad,2026-03-24
C007,P004,1134,Delhi,Mumbai,2026-03-16
C023,P003,370,Pune,Delhi,2026-03-19
C029,P004,880,Pune,Jaipur,2026-06-20
C005,P001,1288,Mumbai,Delhi,2026-06-06
C029,P003,312,Ahmedabad,Pune,2026-02-09
C008,P003,860,Pune,Mumbai,2026-02-05
C023,P004,1644,Pune,Mumbai,2026-02-14
C047,P002,1728,Mumbai,Delhi,2026-04-25
C021,P003,181,Pune,Delhi,2026-06-20
C004,P002,1773,Jaipur,Pune,2026-06-06
C038,P004,1262,Ahmedabad,Pune,2026-02-14
C024,P003,346,Pune,Jaipur,2026-01-22
C012,P003,906,Jaipur,Delhi,2026-05-13
C028,P003,227,Pune,Delhi,2026-03-23
C015,P003,1906,Ahmedabad,Pune,2026-05-05
C018,P003,669,Ahmedabad,Pune,2026-04-10
C030,P003,131,Delhi,Ahmedabad,2026-04-25
C029,P001,355,Jaipur,Mumbai,2026-01-17
C025,P001,1645,Ahmedabad,Jaipur,2026-04-26
C042,P001,1770,Pune,Mumbai,2026-05-05
C030,P002,769,Ahmedabad,Mumbai,2026-04-23
C007,P003,686,Jaipur,Ahmedabad,2026-02-10
C013,P002,362,Delhi,Pune,2026-01-17
C015,P004,943,Ahmedabad,Pune,2026-05-14
C030,P004,870,Ahmedabad,Mumbai,2026-03-28
C031,P002,650,Mumbai,Ahmedabad,2026-03-24
C038,P004,1239,Mumbai,Pune,2026-05-13
C034,P004,207,Ahmedabad,Mumbai,2026-04-24
C020,P004,206,Ahmedabad,Jaipur,2026-05-20
C027,P003,1694,Ahmedabad,Jaipur,2026-03-11
C034,P002,878,Mumbai,Jaipur,2026-02-26
C016,P001,395,Ahmedabad,Jaipur,2026-01-02
C023,P004,172,Ahmedabad,Delhi,2026-03-06
C030,P004,1221,Delhi,Pune,2026-05-22
C027,P001,828,Pune,Jaipur,2026-01-31
C040,P004,292,Jaipur,Pune,2026-03-13
C023,P002,1993,Mumbai,Delhi,2026-02-12
C049,P002,1648,Jaipur,Mumbai,2026-02-23
C025,P003,626,Mumbai,Delhi,2026-02-14
C024,P004,1364,Ahmedabad,Delhi,2026-06-23
C031,P003,297,Jaipur,Pune,2026-06-17
C006,P001,1452,Mumbai,Ahmedabad,2026-05-06
C001,P004,1001,Delhi,Pune,2026-03-24
C023,P001,1949,Jaipur,Delhi,2026-04-17
C012,P001,539,Delhi,Ahmedabad,2026-05-30
C049,P003,566,Delhi,Jaipur,2026-04-11
C039,P003,1887,Ahmedabad,Mumbai,2026-03-03
C029,P002,1486,Delhi,Pune,2026-03-11
C049,P002,1118,Ahmedabad,Delhi,2026-01-05
C031,P001,284,Ahmedabad,Pune,2026-04-29
C048,P003,422,Ahmedabad,Jaipur,2026-06-16
C036,P001,636,Ahmedabad,Jaipur,2026-01-25
C015,P004,865,Ahmedabad,Pune,2026-05-01
C005,P003,442,Jaipur,Delhi,2026-04-14
C034,P001,1258,Mumbai,Pune,2026-03-16
C014,P004,1026,Ahmedabad,Delhi,2026-05-19
C009,P003,1907,Jaipur,Pune,2026-02-16
C049,P001,983,Ahmedabad,Mumbai,2026-02-22
C001,P004,1436,Jaipur,Mumbai,2026-02-16
C050,P002,395,Mumbai,Pune,2026-05-08
C042,P001,1411,Ahmedabad,Pune,2026-03-08
C021,P002,1320,Mumbai,Jaipur,2026-02-03
C022,P004,671,Delhi,Ahmedabad,2026-01-05
C020,P002,1278,Ahmedabad,Delhi,2026-03-29
C003,P003,786,Delhi,Ahmedabad,2026-01-20
C031,P002,1425,Delhi,Jaipur,2026-03-17
C019,P004,1384,Ahmedabad,Mumbai,2026-01-11
C026,P001,879,Pune,Ahmedabad,2026-04-08
C028,P001,760,Pune,Ahmedabad,2026-02-07
C007,P003,788,Ahmedabad,Delhi,2026-02-06
C025,P001,1137,Ahmedabad,Delhi,2026-06-04
C049,P004,1263,Ahmedabad,Delhi,2026-03-23
C007,P001,1919,Mumbai,Delhi,2026-03-24
C046,P003,901,Ahmedabad,Mumbai,2026-01-21
C035,P004,1251,Jaipur,Delhi,2026-01-02
C031,P004,1772,Ahmedabad,Pune,2026-05-13
C049,P003,1794,Mumbai,Pune,2026-05-07
C036,P003,877,Delhi,Jaipur,2026-02-25
C008,P001,769,Ahmedabad,Delhi,2026-02-07
C025,P002,671,Ahmedabad,Mumbai,2026-01-16
C014,P001,1793,Pune,Mumbai,2026-04-11
C012,P001,1737,Mumbai,Delhi,2026-05-11
C036,P001,162,Ahmedabad,Pune,2026-01-28
C008,P002,1995,Ahmedabad,Jaipur,2026-05-21
C003,P004,254,Ahmedabad,Delhi,2026-05-15
C050,P004,909,Ahmedabad,Mumbai,2026-03-02
C023,P004,1304,Jaipur,Delhi,2026-01-25
C043,P001,661,Ahmedabad,Jaipur,2026-04-17
C009,P001,426,Delhi,Pune,2026-06-15
C024,P004,878,Pune,Delhi,2026-02-06
C009,P003,177,Jaipur,Ahmedabad,2026-02-28
C029,P002,442,Mumbai,Delhi,2026-02-28
C032,P003,310,Mumbai,Pune,2026-03-07
C024,P004,1204,Jaipur,Ahmedabad,2026-01-01
C041,P001,1099,Jaipur,Pune,2026-01-17
C024,P004,1151,Jaipur,Pune,2026-03-04
C026,P002,887,Ahmedabad,Mumbai,2026-06-06
C047,P003,1463,Ahmedabad,Delhi,2026-01-11
C048,P002,1506,Ahmedabad,Jaipur,2026-03-25
C005,P002,593,Pune,Jaipur,2026-06-24
C034,P001,1924,Pune,Mumbai,2026-05-08
C012,P001,1867,Pune,Ahmedabad,2026-01-22
C021,P002,796,Pune,Jaipur,2026-05-14
C011,P002,1006,Mumbai,Ahmedabad,2026-05-26
C012,P001,342,Pune,Mumbai,2026-05-31
C034,P003,1901,Delhi,Pune,2026-01-23
C037,P003,781,Mumbai,Pune,2026-06-13
C033,P004,793,Ahmedabad,Mumbai,2026-01-04
C012,P002,1947,Ahmedabad,Delhi,2026-05-05
C002,P003,594,Jaipur,Delhi,2026-04-29
C008,P002,1355,Delhi,Ahmedabad,2026-02-08
C029,P002,1429,Pune,Delhi,2026-06-19
C025,P001,811,Jaipur,Delhi,2026-06-12
C047,P004,1243,Jaipur,Mumbai,2026-01-25
C042,P002,1776,Pune,Delhi,2026-06-09
C022,P004,1445,Jaipur,Pune,2026-06-17
C011,P002,1672,Ahmedabad,Mumbai,2026-01-09
C023,P004,1058,Ahmedabad,Delhi,2026-04-21
C027,P004,491,Pune,Ahmedabad,2026-06-28
C027,P004,534,Mumbai,Ahmedabad,2026-01-24
C047,P004,1126,Ahmedabad,Delhi,2026-04-12
C015,P002,1475,Delhi,Ahmedabad,2026-03-01
C041,P003,1041,Jaipur,Pune,2026-02-13
C011,P003,678,Pune,Delhi,2026-02-05
C032,P002,1655,Pune,Jaipur,2026-05-31
C015,P001,1725,Mumbai,Pune,2026-02-01
C023,P003,259,Pune,Jaipur,2026-03-03
C038,P003,881,Pune,Delhi,2026-02-17
C003,P001,162,Mumbai,Jaipur,2026-04-11
C041,P001,460,Mumbai,Jaipur,2026-04-04
C031,P003,250,Delhi,Ahmedabad,2026-01-12
C005,P003,652,Mumbai,Ahmedabad,2026-04-12
C009,P002,343,Delhi,Jaipur,2026-03-17
C002,P001,1760,Ahmedabad,Delhi,2026-02-25
C038,P004,575,Pune,Delhi,2026-05-01
C035,P002,286,Ahmedabad,Pune,2026-05-31
C022,P003,1898,Delhi,Ahmedabad,2026-05-05
C021,P003,518,Mumbai,Ahmedabad,2026-04-14
C026,P003,238,Pune,Mumbai,2026-03-13
C023,P004,1250,Jaipur,Delhi,2026-06-06
C026,P003,724,Mumbai,Ahmedabad,2026-04-25
C023,P004,927,Ahmedabad,Pune,2026-05-14
C004,P004,266,Pune,Jaipur,2026-01-02
C005,P002,1442,Ahmedabad,Mumbai,2026-01-27
C021,P001,591,Delhi,Pune,2026-01-04
C006,P001,250,Pune,Delhi,2026-03-24
C008,P001,1197,Mumbai,Pune,2026-04-23
C043,P001,1507,Jaipur,Ahmedabad,2026-02-28
C009,P001,1954,Delhi,Mumbai,2026-01-11
C015,P003,313,Jaipur,Mumbai,2026-02-18
C048,P004,665,Jaipur,Ahmedabad,2026-04-03
C008,P003,921,Jaipur,Pune,2026-06-12
C036,P003,1486,Delhi,Ahmedabad,2026-03-07
C017,P004,1346,Delhi,Pune,2026-02-01
C017,P002,1462,Mumbai,Ahmedabad,2026-04-02
C012,P004,394,Mumbai,Ahmedabad,2026-03-27
C043,P001,307,Delhi,Jaipur,2026-06-25
C004,P002,1229,Pune,Ahmedabad,2026-04-21
C022,P002,806,Mumbai,Delhi,2026-02-13
C012,P001,1671,Delhi,Mumbai,2026-02-14
C018,P001,1936,Jaipur,Ahmedabad,2026-01-20
C039,P001,1063,Ahmedabad,Jaipur,2026-05-28
C004,P001,1284,Delhi,Ahmedabad,2026-06-07
C007,P002,1708,Jaipur,Delhi,2026-05-26
C018,P002,1648,Mumbai,Delhi,2026-02-01
C041,P003,521,Pune,Delhi,2026-02-12
C013,P001,474,Mumbai,Pune,2026-03-31
C036,P004,181,Mumbai,Delhi,2026-06-23
C008,P001,1100,Jaipur,Ahmedabad,2026-02-23
C044,P002,1405,Jaipur,Pune,2026-01-07
C003,P003,1363,Delhi,Ahmedabad,2026-03-20
C001,P003,492,Pune,Mumbai,2026-02-26
C019,P003,1542,Ahmedabad,Pune,2026-05-25
C041,P003,1825,Ahmedabad,Mumbai,2026-03-22
C004,P002,1971,Delhi,Pune,2026-03-05
C042,P003,808,Ahmedabad,Mumbai,2026-06-05
C021,P003,1151,Pune,Ahmedabad,2026-03-19
C034,P003,216,Pune,Ahmedabad,2026-05-14
C010,P003,255,Ahmedabad,Delhi,2026-06-12
C027,P002,767,Pune,Mumbai,2026-04-10
C007,P001,1691,Pune,Jaipur,2026-06-09
C022,P003,1858,Ahmedabad,Pune,2026-03-20
C008,P003,859,Ahmedabad,Mumbai,2026-04-13
C047,P002,1170,Pune,Delhi,2026-02-01
C023,P004,385,Jaipur,Ahmedabad,2026-01-09
C023,P001,1452,Delhi,Pune,2026-06-07
C047,P002,961,Delhi,Pune,2026-05-05
C005,P003,256,Ahmedabad,Mumbai,2026-02-10
C025,P003,455,Mumbai,Pune,2026-02-10
C014,P003,410,Delhi,Jaipur,2026-05-25
C043,P002,1166,Delhi,Mumbai,2026-01-27
C044,P001,324,Jaipur,Ahmedabad,2026-03-17
C008,P001,527,Ahmedabad,Pune,2026-04-14
C031,P001,811,Pune,Ahmedabad,2026-03-09
C040,P004,1552,Delhi,Mumbai,2026-04-29
C010,P003,421,Mumbai,Jaipur,2026-06-03
C005,P004,1983,Ahmedabad,Pune,2026-03-13
C039,P003,1790,Mumbai,Pune,2026-05-22
C019,P003,1910,Jaipur,Ahmedabad,2026-03-29
C019,P001,197,Jaipur,Ahmedabad,2026-01-16
C033,P002,289,Mumbai,Jaipur,2026-04-07
C036,P001,795,Ahmedabad,Jaipur,2026-03-27
C002,P001,1736,Mumbai,Delhi,2026-03-20
C001,P002,270,Ahmedabad,Jaipur,2026-06-02
C032,P004,1507,Ahmedabad,Mumbai,2026-05-28
C042,P003,1101,Jaipur,Mumbai,2026-03-22
C004,P002,1037,Mumbai,Ahmedabad,2026-02-27
C047,P004,818,Pune,Ahmedabad,2026-05-15
C012,P003,518,Mumbai,Pune,2026-02-16
C050,P001,433,Jaipur,Mumbai,2026-03-29
C040,P004,1756,Pune,Delhi,2026-04-03
C007,P003,343,Ahmedabad,Delhi,2026-05-16
C018,P003,1398,Pune,Jaipur,2026-06-03
C020,P001,1715,Mumbai,Jaipur,2026-06-12
C004,P001,1818,Ahmedabad,Mumbai,2026-03-12
C027,P003,474,Ahmedabad,Jaipur,2026-06-12
C029,P001,450,Mumbai,Delhi,2026-04-11
C014,P003,1358,Pune,Delhi,2026-01-13
C046,P001,1804,Jaipur,Pune,2026-03-21
C027,P004,1779,Mumbai,Jaipur,2026-06-23
C040,P003,1456,Delhi,Mumbai,2026-06-16
C013,P004,975,Delhi,Pune,2026-06-08
C005,P002,484,Delhi,Jaipur,2026-02-11
C004,P003,1211,Jaipur,Pune,2026-06-13
C044,P001,1018,Delhi,Mumbai,2026-02-20
C036,P003,639,Ahmedabad,Mumbai,2026-01-28
C008,P003,421,Mumbai,Jaipur,2026-02-21
C027,P004,960,Mumbai,Delhi,2026-04-19
C030,P001,502,Delhi,Mumbai,2026-02-03
C010,P001,865,Jaipur,Pune,2026-05-25
C018,P001,702,Ahmedabad,Jaipur,2026-01-30
C029,P002,1588,Mumbai,Delhi,2026-05-08
C042,P004,1082,Mumbai,Delhi,2026-02-28
C035,P003,1888,Ahmedabad,Pune,2026-01-09
C026,P004,975,Ahmedabad,Jaipur,2026-05-02
C024,P001,1113,Jaipur,Mumbai,2026-03-19
C012,P003,1576,Ahmedabad,Delhi,2026-04-16
C045,P001,1079,Ahmedabad,Pune,2026-05-31
C048,P003,1543,Pune,Ahmedabad,2026-04-14
C044,P003,562,Mumbai,Jaipur,2026-06-22
C011,P003,170,Jaipur,Ahmedabad,2026-05-11
C024,P001,594,Delhi,Ahmedabad,2026-05-19
C013,P001,841,Delhi,Pune,2026-01-08
C040,P004,980,Jaipur,Ahmedabad,2026-04-15
C018,P001,801,Delhi,Jaipur,2026-06-09
C027,P001,1551,Mumbai,Delhi,2026-03-30
C006,P003,483,Delhi,Jaipur,2026-06-25
C034,P003,491,Delhi,Ahmedabad,2026-05-13
C015,P002,965,Ahmedabad,Mumbai,2026-01-19
C005,P003,745,Pune,Mumbai,2026-01-07
C023,P002,108,Mumbai,Delhi,2026-06-12
C006,P004,362,Ahmedabad,Delhi,2026-03-11
C018,P003,1353,Jaipur,Pune,2026-02-15
C049,P001,1114,Mumbai,Jaipur,2026-04-21
C029,P004,955,Pune,Ahmedabad,2026-06-24
C023,P002,223,Ahmedabad,Delhi,2026-04-27
C025,P001,1225,Pune,Delhi,2026-03-24
C011,P001,551,Ahmedabad,Pune,2026-03-24
C023,P004,272,Ahmedabad,Mumbai,2026-03-25
C004,P002,486,Ahmedabad,Mumbai,2026-05-28
C017,P004,1381,Ahmedabad,Pune,2026-03-15
C029,P004,929,Pune,Mumbai,2026-01-17
C023,P001,1928,Ahmedabad,Mumbai,2026-05-23
C003,P004,1142,Ahmedabad,Jaipur,2026-05-08
C013,P003,1727,Mumbai,Ahmedabad,2026-01-30
C050,P004,797,Mumbai,Pune,2026-04-13
C043,P004,354,Ahmedabad,Jaipur,2026-06-12
C003,P002,736,Pune,Jaipur,2026-05-24
C029,P002,1871,Pune,Mumbai,2026-03-01
C006,P002,885,Delhi,Jaipur,2026-05-25
C031,P001,174,Pune,Ahmedabad,2026-01-16
C048,P004,393,Delhi,Pune,2026-06-03
C014,P004,253,Ahmedabad,Pune,2026-05-19
C008,P002,1121,Delhi,Jaipur,2026-06-15
C012,P003,207,Ahmedabad,Pune,2026-01-01
C026,P003,1477,Pune,Jaipur,2026-05-02
C022,P001,406,Ahmedabad,Delhi,2026-02-19
C050,P003,1138,Ahmedabad,Delhi,2026-04-21
C031,P002,1077,Delhi,Pune,2026-05-18
C044,P001,821,Jaipur,Mumbai,2026-02-10
C007,P003,424,Mumbai,Pune,2026-02-04
C032,P001,1972,Jaipur,Pune,2026-04-21
C004,P004,1307,Delhi,Ahmedabad,2026-06-14
C023,P001,1769,Pune,Jaipur,2026-06-17
C010,P004,1950,Ahmedabad,Jaipur,2026-02-17
C006,P003,370,Mumbai,Pune,2026-02-03
C023,P002,1276,Jaipur,Pune,2026-05-08
C021,P004,827,Delhi,Mumbai,2026-06-02
C020,P002,1502,Ahmedabad,Delhi,2026-01-06
C008,P002,1986,Jaipur,Delhi,2026-06-04
C032,P004,794,Ahmedabad,Pune,2026-06-28
C043,P002,687,Mumbai,Ahmedabad,2026-04-30
C004,P002,1764,Jaipur,Pune,2026-06-12
C002,P003,245,Pune,Jaipur,2026-01-23
C021,P003,1645,Ahmedabad,Delhi,2026-06-23
C038,P002,568,Mumbai,Delhi,2026-01-17
C013,P003,157,Ahmedabad,Pune,2026-02-19
C011,P001,1011,Mumbai,Pune,2026-01-08
C013,P004,422,Mumbai,Ahmedabad,2026-01-24
C040,P002,365,Ahmedabad,Mumbai,2026-04-18
C004,P003,1491,Jaipur,Ahmedabad,2026-05-18
C001,P003,1101,Jaipur,Ahmedabad,2026-02-11
C027,P001,1092,Jaipur,Delhi,2026-01-18
C036,P003,923,Mumbai,Jaipur,2026-01-26
C028,P003,507,Delhi,Jaipur,2026-05-13
C009,P002,739,Ahmedabad,Jaipur,2026-03-01
C003,P002,1463,Pune,Delhi,2026-03-02
C030,P004,1736,Ahmedabad,Mumbai,2026-06-20
C034,P004,1140,Ahmedabad,Jaipur,2026-06-02
C045,P004,1590,Ahmedabad,Jaipur,2026-01-25
C050,P004,152,Delhi,Pune,2026-04-04
C041,P002,363,Pune,Ahmedabad,2026-05-11
C021,P004,1556,Ahmedabad,Delhi,2026-06-27
C033,P002,1048,Ahmedabad,Pune,2026-03-25
C020,P002,552,Mumbai,Jaipur,2026-06-07
C047,P001,408,Mumbai,Pune,2026-03-15
C007,P003,607,Pune,Delhi,2026-01-14
C004,P001,823,Jaipur,Mumbai,2026-03-22
C012,P002,745,Ahmedabad,Pune,2026-04-15
C004,P003,1956,Mumbai,Jaipur,2026-03-24
C034,P003,1819,Mumbai,Ahmedabad,2026-03-07
C030,P004,1644,Jaipur,Delhi,2026-01-09
C048,P002,538,Delhi,Jaipur,2026-05-09
C015,P002,1474,Jaipur,Pune,2026-05-03
C021,P002,1929,Delhi,Jaipur,2026-04-23
C013,P001,811,Ahmedabad,Pune,2026-02-16
C005,P003,990,Delhi,Mumbai,2026-06-09
C039,P004,1492,Pune,Delhi,2026-06-13
C042,P001,1305,Pune,Jaipur,2026-04-19
C036,P002,1136,Mumbai,Delhi,2026-02-14
C023,P004,384,Pune,Jaipur,2026-02-28
C044,P003,1630,Pune,Mumbai,2026-02-03
C036,P004,1661,Mumbai,Delhi,2026-01-28
C050,P002,1582,Pune,Jaipur,2026-04-29
C030,P001,1726,Jaipur,Ahmedabad,2026-03-09
C039,P003,1758,Delhi,Pune,2026-06-03
C009,P004,886,Pune,Mumbai,2026-05-13
C009,P001,1705,Delhi,Jaipur,2026-02-18
C020,P004,1909,Mumbai,Jaipur,2026-05-02
C041,P002,1250,Ahmedabad,Pune,2026-04-12
C008,P003,363,Delhi,Pune,2026-01-13
C008,P001,1931,Mumbai,Delhi,2026-01-16
C010,P001,1902,Delhi,Ahmedabad,2026-04-02
C038,P002,1910,Pune,Mumbai,2026-02-15
C002,P003,537,Ahmedabad,Jaipur,2026-01-24
C050,P002,741,Mumbai,Delhi,2026-05-12
C043,P002,897,Jaipur,Ahmedabad,2026-04-04
C045,P004,942,Ahmedabad,Delhi,2026-01-17
C003,P001,1419,Ahmedabad,Jaipur,2026-04-22
C036,P003,1130,Jaipur,Delhi,2026-02-06
C009,P004,1671,Mumbai,Ahmedabad,2026-03-21
C046,P004,1656,Ahmedabad,Jaipur,2026-03-17
C002,P003,1470,Delhi,Ahmedabad,2026-05-03
C048,P003,652,Ahmedabad,Jaipur,2026-03-13
C027,P004,1954,Jaipur,Ahmedabad,2026-04-05
C049,P001,585,Ahmedabad,Mumbai,2026-02-27
C019,P001,1592,Delhi,Mumbai,2026-04-20
C033,P004,414,Mumbai,Jaipur,2026-01-03
C044,P004,1407,Pune,Jaipur,2026-06-18
C049,P002,570,Mumbai,Pune,2026-05-02
C043,P002,1114,Jaipur,Delhi,2026-02-11
C018,P004,1901,Pune,Ahmedabad,2026-02-06
C006,P002,710,Mumbai,Ahmedabad,2026-02-27
C034,P001,1350,Ahmedabad,Pune,2026-02-09
C005,P001,731,Mumbai,Jaipur,2026-05-23
C040,P004,252,Mumbai,Jaipur,2026-06-11
C013,P002,509,Delhi,Pune,2026-01-27
C029,P001,471,Delhi,Pune,2026-05-21
C007,P003,696,Mumbai,Ahmedabad,2026-01-08
C033,P002,945,Jaipur,Delhi,2026-04-05
C037,P002,1419,Jaipur,Pune,2026-03-09
C043,P004,1599,Jaipur,Delhi,2026-01-16
C036,P001,1740,Ahmedabad,Pune,2026-04-24
C004,P003,1971,Mumbai,Delhi,2026-02-03
C038,P001,1038,Ahmedabad,Jaipur,2026-03-05
C030,P001,967,Jaipur,Pune,2026-05-31
C005,P004,1742,Pune,Delhi,2026-03-05
C032,P003,1518,Pune,Ahmedabad,2026-02-14
C042,P004,1506,Jaipur,Pune,2026-02-02
C016,P002,1903,Jaipur,Delhi,2026-06-10
C044,P004,415,Mumbai,Ahmedabad,2026-01-28
C020,P002,837,Jaipur,Pune,2026-03-25
C014,P003,1254,Pune,Jaipur,2026-06-16
C046,P004,1219,Delhi,Jaipur,2026-06-21
C015,P003,1874,Mumbai,Ahmedabad,2026-01-22
C012,P002,1334,Ahmedabad,Pune,2026-01-29
C030,P003,742,Ahmedabad,Jaipur,2026-03-10
C032,P001,625,Ahmedabad,Mumbai,2026-06-05
C022,P003,976,Pune,Jaipur,2026-02-20
C039,P002,1234,Jaipur,Delhi,2026-06-07
C015,P003,1908,Ahmedabad,Delhi,2026-05-22
C039,P003,628,Delhi,Ahmedabad,2026-01-02
C007,P003,334,Pune,Mumbai,2026-04-22
C038,P002,1070,Ahmedabad,Delhi,2026-04-27
C025,P004,1025,Jaipur,Delhi,2026-05-27
C034,P003,487,Delhi,Pune,2026-06-24
C035,P002,1147,Delhi,Mumbai,2026-02-26
C024,P002,592,Delhi,Ahmedabad,2026-05-05
C001,P002,1411,Mumbai,Ahmedabad,2026-06-08
C049,P002,1942,Pune,Mumbai,2026-03-21
C012,P002,1998,Mumbai,Jaipur,2026-01-11
C001,P002,1353,Delhi,Ahmedabad,2026-06-16
C044,P001,407,Mumbai,Ahmedabad,2026-05-20
C049,P001,1752,Ahmedabad,Jaipur,2026-05-08
C032,P004,448,Pune,Delhi,2026-05-23
C012,P004,1069,Pune,Delhi,2026-04-19
C020,P002,1532,Delhi,Mumbai,2026-02-13
C016,P001,1306,Jaipur,Pune,2026-03-18
C041,P003,1206,Ahmedabad,Delhi,2026-02-15
C042,P004,1744,Ahmedabad,Pune,2026-03-19
C034,P003,345,Jaipur,Ahmedabad,2026-06-02
C016,P004,1831,Delhi,Pune,2026-03-15
C004,P004,1698,Mumbai,Jaipur,2026-06-09
C042,P003,428,Pune,Jaipur,2026-04-05
C017,P001,232,Delhi,Pune,2026-02-08
C009,P003,1434,Pune,Ahmedabad,2026-06-24
C017,P001,1766,Jaipur,Mumbai,2026-01-10
C048,P003,829,Delhi,Pune,2026-01-07
C024,P003,516,Ahmedabad,Jaipur,2026-03-05
C047,P002,279,Pune,Delhi,2026-03-05
C008,P003,277,Pune,Mumbai,2026-05-04
C028,P002,1598,Delhi,Mumbai,2026-01-18
C018,P002,1904,Delhi,Ahmedabad,2026-03-11
C041,P003,984,Ahmedabad,Delhi,2026-02-22
C038,P002,1907,Delhi,Mumbai,2026-03-30
C008,P001,972,Jaipur,Ahmedabad,2026-03-03
C024,P001,1916,Delhi,Jaipur,2026-01-14
C001,P003,1185,Ahmedabad,Jaipur,2026-06-06
C004,P001,304,Mumbai,Jaipur,2026-01-23
C003,P004,1490,Delhi,Mumbai,2026-05-02
C048,P004,1221,Delhi,Jaipur,2026-04-26
C017,P004,413,Delhi,Mumbai,2026-05-19
C023,P002,515,Jaipur,Delhi,2026-03-08
C034,P004,349,Jaipur,Ahmedabad,2026-01-11
C044,P001,367,Ahmedabad,Mumbai,2026-06-06
C002,P004,1787,Jaipur,Mumbai,2026-03-23
C019,P001,416,Ahmedabad,Mumbai,2026-02-11
C033,P001,124,Jaipur,Ahmedabad,2026-06-30
C030,P001,812,Delhi,Pune,2026-06-01
C009,P003,1339,Mumbai,Ahmedabad,2026-04-25
C022,P004,1908,Mumbai,Jaipur,2026-02-24
C007,P002,1298,Ahmedabad,Delhi,2026-04-30
C003,P003,1326,Mumbai,Delhi,2026-01-10
C043,P001,1896,Pune,Jaipur,2026-05-21
C031,P002,776,Mumbai,Delhi,2026-03-31
C001,P004,396,Pune,Jaipur,2026-02-09
C020,P001,100,Pune,Jaipur,2026-01-14
C023,P004,1244,Ahmedabad,Mumbai,2026-06-18
C030,P002,1940,Mumbai,Jaipur,2026-01-21
C027,P004,488,Ahmedabad,Delhi,2026-06-27
C015,P001,1905,Mumbai,Jaipur,2026-01-20
C006,P002,1588,Delhi,Pune,2026-04-08
C040,P003,556,Ahmedabad,Pune,2026-04-21
C011,P004,1293,Ahmedabad,Mumbai,2026-06-13
C048,P001,1703,Ahmedabad,Delhi,2026-06-03
C013,P002,1816,Delhi,Ahmedabad,2026-04-17
C009,P004,1445,Ahmedabad,Mumbai,2026-03-04
C017,P003,1563,Delhi,Pune,2026-03-05
C038,P001,608,Mumbai,Pune,2026-03-24
C014,P003,284,Jaipur,Mumbai,2026-01-15
C011,P003,1628,Mumbai,Delhi,2026-06-21
C047,P004,754,Mumbai,Jaipur,2026-03-02
C010,P003,179,Jaipur,Delhi,2026-06-11
C013,P004,1192,Mumbai,Ahmedabad,2026-04-17
C046,P001,652,Delhi,Ahmedabad,2026-03-29
C022,P004,939,Jaipur,Ahmedabad,2026-03-21
C018,P004,1821,Delhi,Pune,2026-01-21
C046,P003,1354,Mumbai,Ahmedabad,2026-05-18
C046,P003,1033,Delhi,Mumbai,2026-06-28
C029,P004,128,Ahmedabad,Delhi,2026-04-05
C012,P002,1799,Pune,Ahmedabad,2026-01-22
C013,P002,985,Delhi,Ahmedabad,2026-05-20
C019,P003,441,Jaipur,Delhi,2026-05-24
C019,P001,1917,Pune,Delhi,2026-02-24
C046,P003,136,Delhi,Jaipur,2026-05-23
C016,P003,1542,Delhi,Ahmedabad,2026-03-05
C032,P004,705,Jaipur,Ahmedabad,2026-06-24
C048,P004,1824,Jaipur,Mumbai,2026-01-29
C007,P002,1188,Pune,Jaipur,2026-02-27
C012,P004,1672,Jaipur,Pune,2026-06-12
C030,P001,133,Ahmedabad,Pune,2026-01-27
C045,P004,1017,Pune,Ahmedabad,2026-03-23
C002,P001,245,Mumbai,Jaipur,2026-03-06
C006,P001,1282,Pune,Mumbai,2026-04-20
C025,P002,1473,Ahmedabad,Mumbai,2026-05-29
C004,P001,306,Mumbai,Pune,2026-04-11
C011,P004,1864,Jaipur,Delhi,2026-03-22
C005,P001,1416,Jaipur,Mumbai,2026-04-10
C011,P004,1527,Ahmedabad,Pune,2026-03-02
C032,P001,1911,Delhi,Ahmedabad,2026-06-24
C033,P002,1031,Ahmedabad,Mumbai,2026-01-09
C039,P002,1462,Ahmedabad,Delhi,2026-06-27
C050,P003,928,Jaipur,Ahmedabad,2026-06-19
C021,P001,1929,Pune,Ahmedabad,2026-06-07
C007,P001,1098,Ahmedabad,Mumbai,2026-02-13
C043,P003,1866,Delhi,Jaipur,2026-02-11
C027,P001,765,Pune,Delhi,2026-03-27
C028,P002,977,Delhi,Jaipur,2026-03-20
C043,P001,185,Jaipur,Pune,2026-05-19
C003,P002,193,Mumbai,Delhi,2026-04-15
C007,P004,911,Delhi,Mumbai,2026-04-21
C038,P001,335,Jaipur,Pune,2026-04-24
C032,P003,1278,Delhi,Mumbai,2026-03-08
C006,P004,569,Ahmedabad,Jaipur,2026-04-23
C037,P003,1407,Pune,Jaipur,2026-03-22
C027,P001,747,Pune,Jaipur,2026-01-11
C034,P003,612,Pune,Ahmedabad,2026-05-02
C001,P002,121,Delhi,Jaipur,2026-06-10
C020,P001,1553,Jaipur,Delhi,2026-06-29
C001,P003,271,Ahmedabad,Delhi,2026-04-09
C016,P002,983,Mumbai,Pune,2026-05-12
C030,P001,878,Mumbai,Jaipur,2026-05-29
C050,P002,753,Pune,Jaipur,2026-06-23
C040,P002,590,Delhi,Mumbai,2026-01-08
C040,P003,867,Ahmedabad,Jaipur,2026-01-03
C007,P003,1328,Ahmedabad,Delhi,2026-06-19
C037,P002,1245,Ahmedabad,Pune,2026-02-15
C035,P002,172,Jaipur,Mumbai,2026-02-08
C004,P001,498,Delhi,Ahmedabad,2026-05-27
C047,P002,1069,Delhi,Jaipur,2026-04-05
C018,P002,1418,Delhi,Ahmedabad,2026-04-26
C013,P001,1129,Jaipur,Ahmedabad,2026-03-17
C019,P003,1994,Pune,Ahmedabad,2026-03-21
C039,P001,1736,Mumbai,Pune,2026-02-17
C039,P002,1075,Mumbai,Pune,2026-04-25
C023,P004,1372,Jaipur,Mumbai,2026-03-25
C034,P004,1663,Jaipur,Pune,2026-05-26
C026,P003,1234,Delhi,Mumbai,2026-04-27
C047,P002,521,Mumbai,Delhi,2026-01-08
C024,P002,1569,Ahmedabad,Mumbai,2026-03-05
C024,P001,1158,Mumbai,Ahmedabad,2026-04-20
C015,P004,431,Delhi,Mumbai,2026-04-05
C008,P001,1294,Jaipur,Ahmedabad,2026-03-14
C020,P004,376,Mumbai,Ahmedabad,2026-06-10
C013,P001,1667,Ahmedabad,Jaipur,2026-01-13
C044,P002,1579,Mumbai,Pune,2026-05-16
C029,P003,1785,Ahmedabad,Mumbai,2026-02-22
C030,P004,475,Ahmedabad,Mumbai,2026-01-31
C034,P004,422,Ahmedabad,Delhi,2026-04-27
C022,P004,1602,Mumbai,Delhi,2026-04-20
C036,P003,570,Pune,Jaipur,2026-04-21
C022,P002,1868,Delhi,Pune,2026-05-10
C014,P003,1238,Ahmedabad,Delhi,2026-03-31
C001,P003,1193,Ahmedabad,Jaipur,2026-04-21
C048,P002,428,Delhi,Mumbai,2026-05-30
C023,P001,807,Jaipur,Ahmedabad,2026-02-27
C046,P004,164,Jaipur,Mumbai,2026-02-26
C014,P001,991,Jaipur,Pune,2026-03-18
C020,P001,615,Ahmedabad,Jaipur,2026-03-04
C014,P001,1059,Ahmedabad,Pune,2026-01-08
C033,P001,177,Jaipur,Delhi,2026-05-25
C008,P001,240,Pune,Jaipur,2026-04-10
C029,P003,939,Mumbai,Ahmedabad,2026-01-11
C026,P001,1607,Pune,Ahmedabad,2026-05-08
C011,P004,1799,Delhi,Pune,2026-01-19
C019,P001,897,Delhi,Mumbai,2026-03-02
C015,P001,1635,Pune,Delhi,2026-05-03
C027,P004,514,Pune,Mumbai,2026-05-04
C042,P003,794,Pune,Mumbai,2026-04-10
C001,P001,550,Pune,Jaipur,2026-03-23
C017,P001,1178,Delhi,Ahmedabad,2026-04-07
C010,P002,809,Delhi,Mumbai,2026-03-18
C011,P002,944,Mumbai,Delhi,2026-03-31
C033,P001,606,Mumbai,Pune,2026-01-25
C049,P002,1306,Jaipur,Mumbai,2026-06-20
C034,P004,1993,Jaipur,Ahmedabad,2026-04-02
C023,P003,1383,Mumbai,Pune,2026-03-02
C021,P001,689,Pune,Mumbai,2026-04-20
C001,P004,1170,Pune,Delhi,2026-01-28
C017,P002,507,Jaipur,Pune,2026-01-27
C029,P002,1147,Ahmedabad,Mumbai,2026-04-15
C020,P003,1910,Jaipur,Ahmedabad,2026-03-05
C042,P004,270,Jaipur,Mumbai,2026-06-29
C035,P001,871,Mumbai,Ahmedabad,2026-02-05
C013,P003,1388,Mumbai,Pune,2026-05-30
C036,P001,1339,Mumbai,Jaipur,2026-01-17
C014,P002,1929,Ahmedabad,Jaipur,2026-06-19
C039,P002,1229,Pune,Ahmedabad,2026-05-09
C050,P004,1508,Jaipur,Delhi,2026-04-18
C023,P004,1800,Ahmedabad,Delhi,2026-06-21
C040,P002,127,Pune,Jaipur,2026-03-17
C036,P001,1540,Mumbai,Jaipur,2026-03-20
C023,P002,1905,Mumbai,Ahmedabad,2026-01-08
C015,P002,394,Pune,Delhi,2026-06-05
C007,P002,645,Ahmedabad,Jaipur,2026-01-18
C047,P003,1311,Jaipur,Pune,2026-05-19
C023,P001,587,Ahmedabad,Delhi,2026-05-02
C042,P001,998,Ahmedabad,Jaipur,2026-02-14
C031,P003,1837,Pune,Jaipur,2026-02-26
C033,P002,1383,Jaipur,Ahmedabad,2026-03-01
C023,P001,1817,Ahmedabad,Delhi,2026-01-15
C027,P002,1224,Jaipur,Pune,2026-01-25
C019,P001,1557,Jaipur,Mumbai,2026-06-07
C014,P004,221,Delhi,Jaipur,2026-06-05
C025,P001,324,Ahmedabad,Delhi,2026-06-12
C023,P002,1343,Jaipur,Mumbai,2026-02-20
C006,P004,643,Delhi,Mumbai,2026-05-18
C012,P002,260,Pune,Delhi,2026-01-07
C042,P004,154,Mumbai,Pune,2026-01-20
C049,P001,1801,Delhi,Pune,2026-04-30
C009,P003,1841,Jaipur,Mumbai,2026-06-29
C013,P001,1697,Ahmedabad,Pune,2026-06-15
C018,P002,1127,Pune,Delhi,2026-02-21
C006,P004,1016,Jaipur,Delhi,2026-05-07
C020,P001,1032,Ahmedabad,Pune,2026-06-24
C008,P001,1532,Jaipur,Ahmedabad,2026-04-10
C005,P004,1385,Mumbai,Ahmedabad,2026-05-17
C026,P001,1048,Mumbai,Pune,2026-04-23
C040,P003,499,Mumbai,Pune,2026-01-11
C001,P004,1477,Ahmedabad,Delhi,2026-04-02
C026,P004,371,Pune,Jaipur,2026-03-04
C044,P003,623,Pune,Mumbai,2026-01-31
C041,P002,174,Delhi,Ahmedabad,2026-03-03
C016,P002,818,Delhi,Ahmedabad,2026-05-08
C049,P002,357,Jaipur,Ahmedabad,2026-05-26
C025,P004,1435,Jaipur,Mumbai,2026-06-23
C027,P004,973,Delhi,Mumbai,2026-01-11
C047,P001,770,Pune,Delhi,2026-06-23
C026,P004,1984,Delhi,Ahmedabad,2026-05-24
C018,P002,1543,Delhi,Pune,2026-04-15
C050,P004,901,Jaipur,Mumbai,2026-05-03
C035,P001,227,Mumbai,Jaipur,2026-05-04
C017,P004,648,Delhi,Ahmedabad,2026-06-15
C047,P001,499,Delhi,Pune,2026-04-28
C001,P002,788,Ahmedabad,Pune,2026-06-07
C011,P003,1760,Jaipur,Ahmedabad,2026-04-01
C050,P001,769,Mumbai,Ahmedabad,2026-05-06
C030,P001,508,Pune,Jaipur,2026-04-22
C014,P004,1130,Ahmedabad,Pune,2026-01-03
C026,P001,112,Jaipur,Mumbai,2026-05-14
C018,P004,1748,Pune,Ahmedabad,2026-04-18
C031,P001,1448,Delhi,Jaipur,2026-05-23
C023,P002,391,Mumbai,Pune,2026-03-20
C014,P002,176,Ahmedabad,Jaipur,2026-03-30
C041,P003,1621,Ahmedabad,Pune,2026-06-14
C021,P001,348,Ahmedabad,Jaipur,2026-03-29
C042,P003,645,Delhi,Mumbai,2026-01-27
C049,P004,1499,Jaipur,Pune,2026-04-29
C019,P004,549,Jaipur,Ahmedabad,2026-01-27
C038,P001,1528,Jaipur,Delhi,2026-06-10
C035,P001,1320,Jaipur,Mumbai,2026-02-26
C024,P003,1142,Delhi,Jaipur,2026-04-26
C007,P001,1046,Pune,Delhi,2026-02-15
C019,P001,894,Ahmedabad,Mumbai,2026-01-23
C004,P003,1920,Ahmedabad,Pune,2026-03-19
C041,P004,507,Jaipur,Delhi,2026-05-17
C008,P002,1034,Jaipur,Mumbai,2026-05-21
C034,P003,1758,Pune,Delhi,2026-01-06
C049,P003,918,Delhi,Mumbai,2026-06-09
C017,P001,1286,Delhi,Mumbai,2026-01-20
C036,P004,1062,Delhi,Ahmedabad,2026-02-09
C024,P003,1110,Mumbai,Ahmedabad,2026-02-03
C043,P002,965,Delhi,Pune,2026-04-26
C015,P003,152,Ahmedabad,Mumbai,2026-01-14
C024,P002,904,Mumbai,Delhi,2026-04-09
C017,P004,602,Delhi,Jaipur,2026-05-02
C008,P002,1889,Mumbai,Pune,2026-04-11
C044,P002,371,Delhi,Ahmedabad,2026-06-04
C040,P004,1926,Jaipur,Ahmedabad,2026-05-18
C049,P003,1829,Jaipur,Ahmedabad,2026-03-26
C050,P004,947,Delhi,Pune,2026-02-02
C026,P003,1347,Jaipur,Delhi,2026-05-22
C040,P004,1015,Delhi,Mumbai,2026-06-25
C028,P001,1961,Delhi,Pune,2026-05-21
C005,P004,1926,Pune,Delhi,2026-01-03
C033,P002,247,Ahmedabad,Mumbai,2026-05-04
C044,P002,669,Delhi,Pune,2026-05-22
C046,P003,609,Pune,Jaipur,2026-03-09
C027,P001,1403,Ahmedabad,Delhi,2026-01-02
C008,P001,426,Delhi,Jaipur,2026-02-02
C025,P001,920,Ahmedabad,Pune,2026-02-27
C016,P002,1085,Delhi,Jaipur,2026-05-26
C015,P001,637,Jaipur,Ahmedabad,2026-05-15
C003,P003,369,Pune,Delhi,2026-04-14
C022,P002,535,Ahmedabad,Jaipur,2026-02-11
C046,P003,1485,Delhi,Pune,2026-04-06
C006,P004,238,Pune,Jaipur,2026-03-14
C010,P002,526,Jaipur,Delhi,2026-03-14
C003,P004,1499,Ahmedabad,Jaipur,2026-06-29
C043,P003,227,Mumbai,Delhi,2026-05-25
C024,P002,1644,Ahmedabad,Pune,2026-03-07
C015,P004,1752,Ahmedabad,Jaipur,2026-02-17
C039,P002,233,Ahmedabad,Pune,2026-02-24
C045,P001,1100,Jaipur,Ahmedabad,2026-04-18
C050,P001,1198,Mumbai,Delhi,2026-06-28
C023,P001,789,Ahmedabad,Delhi,2026-03-07
C043,P001,1359,Pune,Mumbai,2026-04-07
C041,P002,1300,Pune,Delhi,2026-02-04
C038,P001,816,Ahmedabad,Jaipur,2026-04-01
C006,P002,1854,Jaipur,Ahmedabad,2026-05-10
C010,P004,1366,Delhi,Pune,2026-06-26
C005,P002,255,Mumbai,Delhi,2026-01-07
C035,P001,1555,Jaipur,Ahmedabad,2026-01-12
C033,P002,466,Jaipur,Delhi,2026-04-03
C022,P004,878,Pune,Ahmedabad,2026-03-15
C044,P004,315,Jaipur,Pune,2026-05-22
C030,P001,995,Delhi,Mumbai,2026-04-01
C038,P001,446,Ahmedabad,Mumbai,2026-06-21
C030,P003,119,Pune,Ahmedabad,2026-05-12
C005,P001,1389,Pune,Mumbai,2026-05-18
C040,P002,628,Pune,Delhi,2026-02-20
C042,P001,901,Jaipur,Delhi,2026-01-10
C018,P004,1654,Mumbai,Delhi,2026-01-11
C049,P003,213,Ahmedabad,Delhi,2026-05-25
C040,P003,1741,Jaipur,Delhi,2026-05-23
C050,P004,1660,Jaipur,Delhi,2026-06-05
C040,P001,663,Jaipur,Delhi,2026-03-03
C008,P001,960,Ahmedabad,Mumbai,2026-06-17
C033,P004,900,Ahmedabad,Jaipur,2026-06-10
C042,P001,1178,Jaipur,Ahmedabad,2026-03-07
C037,P004,1918,Pune,Jaipur,2026-05-08
C002,P003,530,Jaipur,Pune,2026-01-02
C027,P001,1064,Jaipur,Delhi,2026-02-19
C017,P001,1925,Mumbai,Ahmedabad,2026-05-01
C017,P004,1455,Pune,Mumbai,2026-01-06
C029,P001,1496,Mumbai,Delhi,2026-06-29
C002,P001,1149,Jaipur,Mumbai,2026-06-14
C044,P004,1972,Delhi,Mumbai,2026-06-06
C047,P001,1605,Jaipur,Pune,2026-03-20
C023,P002,684,Mumbai,Jaipur,2026-06-02
C009,P003,1578,Ahmedabad,Pune,2026-05-27
C011,P004,755,Mumbai,Jaipur,2026-05-02
C024,P001,1223,Mumbai,Pune,2026-04-08
C030,P001,1785,Jaipur,Ahmedabad,2026-03-28
C032,P003,1969,Mumbai,Pune,2026-05-23
C042,P001,1225,Delhi,Pune,2026-01-12
C019,P003,132,Mumbai,Ahmedabad,2026-05-25
C002,P001,581,Ahmedabad,Pune,2026-03-10
C008,P001,611,Ahmedabad,Mumbai,2026-06-24
C040,P002,1876,Mumbai,Ahmedabad,2026-02-06
C030,P004,1755,Ahmedabad,Mumbai,2026-04-09
C020,P004,497,Jaipur,Ahmedabad,2026-05-05
C014,P003,1037,Jaipur,Delhi,2026-04-13
C026,P001,1490,Delhi,Mumbai,2026-01-01
C006,P002,1847,Pune,Mumbai,2026-06-18
C034,P004,1552,Jaipur,Pune,2026-04-17
C034,P001,1118,Jaipur,Delhi,2026-06-10
C034,P003,861,Delhi,Mumbai,2026-04-20
C032,P004,1251,Jaipur,Mumbai,2026-01-31
C019,P004,494,Mumbai,Ahmedabad,2026-03-11
C005,P004,1267,Pune,Mumbai,2026-01-22
C020,P004,808,Jaipur,Mumbai,2026-01-11
C048,P001,911,Delhi,Ahmedabad,2026-03-03
C025,P004,516,Ahmedabad,Delhi,2026-05-19
C014,P002,1325,Ahmedabad,Mumbai,2026-03-01
C046,P001,430,Delhi,Ahmedabad,2026-06-11
C021,P002,1556,Mumbai,Ahmedabad,2026-02-19
C032,P003,1635,Delhi,Pune,2026-02-25
C007,P002,269,Mumbai,Delhi,2026-01-16
C018,P001,178,Mumbai,Jaipur,2026-02-27
C015,P001,1611,Delhi,Pune,2026-01-11
C029,P003,462,Delhi,Ahmedabad,2026-02-14
C011,P003,1481,Mumbai,Pune,2026-05-31
C050,P003,1529,Ahmedabad,Pune,2026-04-03
C001,P003,1727,Mumbai,Ahmedabad,2026-04-06
C033,P002,1330,Jaipur,Delhi,2026-04-28
C042,P002,732,Pune,Ahmedabad,2026-06-28
C041,P001,1203,Jaipur,Delhi,2026-06-05
C014,P004,871,Mumbai,Pune,2026-04-18
C040,P004,1069,Jaipur,Pune,2026-06-07
C021,P002,1135,Delhi,Pune,2026-06-21
C031,P004,718,Mumbai,Delhi,2026-06-15
C026,P002,256,Jaipur,Mumbai,2026-05-13
C026,P001,141,Ahmedabad,Pune,2026-05-26
C013,P004,1869,Mumbai,Ahmedabad,2026-05-28
C015,P004,1486,Delhi,Jaipur,2026-04-23
C013,P004,1147,Ahmedabad,Delhi,2026-04-26
C039,P001,1560,Delhi,Pune,2026-06-20
C007,P002,810,Jaipur,Ahmedabad,2026-06-28
C035,P002,1550,Mumbai,Pune,2026-06-05
C019,P002,240,Mumbai,Jaipur,2026-04-17
C038,P004,1017,Ahmedabad,Mumbai,2026-05-14
C024,P004,240,Ahmedabad,Delhi,2026-05-31
C039,P004,380,Jaipur,Mumbai,2026-06-23
C012,P003,748,Mumbai,Delhi,2026-02-24
C005,P002,272,Pune,Ahmedabad,2026-04-08
C002,P003,985,Delhi,Ahmedabad,2026-03-02
C042,P001,834,Pune,Ahmedabad,2026-02-05
C035,P004,1061,Pune,Jaipur,2026-02-06
C013,P003,1930,Jaipur,Ahmedabad,2026-01-03
C011,P003,785,Jaipur,Ahmedabad,2026-04-14
C026,P003,1608,Pune,Delhi,2026-01-11
C003,P002,1731,Pune,Mumbai,2026-04-20
C006,P003,252,Pune,Jaipur,2026-06-25
C041,P001,194,Ahmedabad,Jaipur,2026-01-07
C001,P001,832,Mumbai,Ahmedabad,2026-02-16
C009,P004,1992,Pune,Mumbai,2026-06-24
C006,P004,274,Mumbai,Pune,2026-04-15
C024,P003,612,Jaipur,Mumbai,2026-04-09
C025,P003,656,Mumbai,Pune,2026-05-28
C042,P001,730,Delhi,Mumbai,2026-05-25
C026,P001,1612,Mumbai,Jaipur,2026-02-28
C038,P001,940,Pune,Ahmedabad,2026-03-18
C013,P001,1883,Pune,Jaipur,2026-01-13
C028,P004,1680,Jaipur,Mumbai,2026-04-02
C004,P004,281,Mumbai,Jaipur,2026-03-15
C034,P004,825,Jaipur,Pune,2026-04-30
C026,P002,1286,Mumbai,Ahmedabad,2026-04-11
C023,P004,1580,Pune,Delhi,2026-06-19
C047,P001,1180,Ahmedabad,Mumbai,2026-05-23
C004,P004,1884,Pune,Mumbai,2026-06-27
C018,P003,1651,Jaipur,Pune,2026-05-01
C043,P002,1841,Ahmedabad,Jaipur,2026-02-11
C031,P003,1260,Mumbai,Pune,2026-02-27
C046,P004,1977,Jaipur,Delhi,2026-06-05
C002,P004,1675,Delhi,Jaipur,2026-02-28
C029,P003,1584,Mumbai,Jaipur,2026-06-01
C019,P001,1486,Pune,Jaipur,2026-01-07
C024,P001,726,Mumbai,Jaipur,2026-02-09
C011,P002,319,Ahmedabad,Mumbai,2026-04-19
C007,P004,239,Mumbai,Delhi,2026-06-24
C022,P002,1416,Ahmedabad,Pune,2026-04-07
C047,P004,1371,Pune,Delhi,2026-03-17
C014,P003,200,Delhi,Mumbai,2026-06-22
C019,P001,1684,Delhi,Ahmedabad,2026-01-08
C022,P004,395,Delhi,Pune,2026-01-09
C003,P002,1812,Pune,Ahmedabad,2026-01-28
C022,P003,1887,Pune,Mumbai,2026-06-24
C033,P003,811,Pune,Ahmedabad,2026-01-11
C039,P002,1990,Mumbai,Pune,2026-05-16
C002,P001,1862,Delhi,Ahmedabad,2026-05-19
C022,P004,1481,Delhi,Ahmedabad,2026-02-19
C026,P001,1935,Ahmedabad,Pune,2026-01-13
C037,P001,220,Ahmedabad,Delhi,2026-02-26
C038,P002,1586,Pune,Jaipur,2026-04-28
C030,P001,929,Mumbai,Ahmedabad,2026-04-07
C033,P004,270,Mumbai,Jaipur,2026-05-26
C011,P003,1095,Mumbai,Pune,2026-05-01
C021,P001,1092,Delhi,Pune,2026-03-16
C042,P001,1121,Mumbai,Delhi,2026-02-22
C026,P002,524,Delhi,Pune,2026-06-29
C029,P003,938,Ahmedabad,Pune,2026-05-26
C049,P001,1430,Ahmedabad,Jaipur,2026-03-31
C045,P002,1875,Delhi,Jaipur,2026-03-27
C047,P003,843,Mumbai,Jaipur,2026-03-05
C042,P004,227,Mumbai,Ahmedabad,2026-05-02
C026,P003,256,Mumbai,Jaipur,2026-06-26
C046,P004,519,Jaipur,Mumbai,2026-01-21
C019,P004,1631,Delhi,Mumbai,2026-06-05
C012,P001,711,Mumbai,Delhi,2026-03-29
C023,P003,1064,Jaipur,Ahmedabad,2026-05-09
C004,P002,1316,Jaipur,Pune,2026-06-23
C046,P001,465,Mumbai,Jaipur,2026-05-05
C007,P002,1887,Delhi,Ahmedabad,2026-06-29
C002,P002,1226,Mumbai,Delhi,2026-05-24
C023,P004,1004,Jaipur,Ahmedabad,2026-04-25
C026,P002,491,Pune,Jaipur,2026-05-24
C040,P004,1406,Jaipur,Delhi,2026-05-27
C031,P001,348,Pune,Jaipur,2026-06-03
C042,P002,704,Ahmedabad,Jaipur,2026-05-10
C047,P003,793,Mumbai,Jaipur,2026-06-10
C044,P002,1479,Jaipur,Pune,2026-01-17
C007,P003,857,Jaipur,Mumbai,2026-02-02
C017,P001,725,Jaipur,Ahmedabad,2026-02-11
C016,P001,105,Ahmedabad,Delhi,2026-02-28
C038,P002,1588,Mumbai,Jaipur,2026-02-14
C006,P004,218,Mumbai,Jaipur,2026-05-02
C021,P002,968,Ahmedabad,Jaipur,2026-01-13
C045,P001,827,Jaipur,Delhi,2026-06-04
C012,P003,1739,Pune,Ahmedabad,2026-02-05
C030,P003,1486,Jaipur,Mumbai,2026-02-13
C040,P004,1392,Pune,Jaipur,2026-01-24
C039,P002,481,Ahmedabad,Jaipur,2026-02-08
C040,P004,819,Delhi,Jaipur,2026-02-05
C012,P002,1817,Ahmedabad,Jaipur,2026-03-24
C049,P003,1365,Delhi,Ahmedabad,2026-05-18
C013,P003,1673,Jaipur,Pune,2026-05-07
C041,P004,409,Mumbai,Pune,2026-04-26
C046,P002,1099,Jaipur,Mumbai,2026-03-14
C002,P002,1200,Jaipur,Delhi,2026-04-27
C044,P004,1138,Mumbai,Ahmedabad,2026-01-28
C038,P002,525,Mumbai,Delhi,2026-02-20
C015,P002,1547,Delhi,Ahmedabad,2026-01-20
C037,P001,1741,Delhi,Jaipur,2026-06-26
C043,P001,533,Delhi,Pune,2026-06-30
C019,P003,1484,Delhi,Jaipur,2026-05-06
C008,P001,1544,Ahmedabad,Mumbai,2026-02-20
C010,P002,1680,Mumbai,Pune,2026-02-14
C046,P003,720,Mumbai,Ahmedabad,2026-03-30
C049,P001,223,Mumbai,Delhi,2026-01-02
C014,P002,569,Jaipur,Mumbai,2026-03-12
C025,P004,1146,Pune,Mumbai,2026-02-13
C020,P001,1358,Pune,Delhi,2026-03-04
C028,P003,500,Delhi,Pune,2026-05-26
C036,P003,1865,Pune,Mumbai,2026-05-14
C019,P004,298,Pune,Jaipur,2026-06-10
C031,P001,587,Pune,Mumbai,2026-01-17
C020,P004,1205,Jaipur,Mumbai,2026-03-28
C032,P002,1882,Pune,Jaipur,2026-06-19
C017,P002,138,Delhi,Mumbai,2026-04-28
C021,P001,1570,Pune,Jaipur,2026-04-28
C026,P002,899,Ahmedabad,Pune,2026-02-25
C008,P004,1617,Mumbai,Delhi,2026-02-02
C033,P003,1478,Delhi,Pune,2026-03-03
C044,P003,464,Ahmedabad,Pune,2026-06-04
C002,P001,304,Pune,Mumbai,2026-02-08
C011,P004,1704,Pune,Ahmedabad,2026-05-10
C035,P002,1447,Ahmedabad,Jaipur,2026-03-10
C002,P004,1566,Pune,Ahmedabad,2026-05-04
C026,P003,381,Ahmedabad,Delhi,2026-05-13
C007,P001,1229,Delhi,Jaipur,2026-06-26
C050,P003,1642,Delhi,Jaipur,2026-04-27
C004,P003,1547,Pune,Ahmedabad,2026-05-23
C013,P002,1163,Ahmedabad,Pune,2026-06-03
C008,P004,273,Ahmedabad,Pune,2026-05-06
C022,P002,420,Pune,Mumbai,2026-01-09
C001,P001,820,Pune,Mumbai,2026-06-30
C002,P003,1492,Delhi,Mumbai,2026-06-19
C006,P002,1752,Delhi,Ahmedabad,2026-05-04
C023,P003,1490,Mumbai,Ahmedabad,2026-06-11
C033,P004,1832,Mumbai,Jaipur,2026-02-18
C033,P003,1499,Delhi,Pune,2026-03-02
C048,P004,942,Ahmedabad,Mumbai,2026-03-21
C006,P002,1232,Jaipur,Pune,2026-01-23
C027,P001,1440,Jaipur,Mumbai,2026-01-24
C007,P001,1071,Ahmedabad,Pune,2026-05-06
C008,P001,1951,Pune,Ahmedabad,2026-06-25
C020,P003,801,Ahmedabad,Jaipur,2026-02-10
C024,P001,127,Mumbai,Delhi,2026-06-14
C003,P003,1969,Delhi,Ahmedabad,2026-03-08
C001,P001,308,Pune,Mumbai,2026-02-16
C016,P004,497,Ahmedabad,Pune,2026-03-21
C021,P002,1515,Pune,Mumbai,2026-04-21
C038,P001,514,Pune,Ahmedabad,2026-01-04
C030,P003,1086,Jaipur,Mumbai,2026-01-08
C048,P003,112,Mumbai,Jaipur,2026-03-28
C030,P002,1829,Pune,Jaipur,2026-02-07
C001,P002,1905,Mumbai,Delhi,2026-06-29
C021,P002,1152,Jaipur,Delhi,2026-03-27
C022,P002,948,Pune,Mumbai,2026-05-20
C005,P002,491,Mumbai,Jaipur,2026-04-08
C044,P001,1547,Jaipur,Delhi,2026-01-22
C030,P004,1512,Ahmedabad,Jaipur,2026-06-16
C048,P003,1118,Pune,Delhi,2026-05-04
C039,P004,1102,Delhi,Pune,2026-06-08
C001,P003,951,Pune,Delhi,2026-02-12
C034,P003,835,Mumbai,Pune,2026-02-02
C039,P001,1701,Delhi,Mumbai,2026-05-29
C001,P004,1462,Delhi,Jaipur,2026-04-24
C010,P002,1347,Mumbai,Ahmedabad,2026-03-24
C039,P001,1981,Jaipur,Delhi,2026-06-02
C033,P004,1541,Jaipur,Ahmedabad,2026-02-23
C003,P002,1114,Jaipur,Delhi,2026-03-21
C038,P001,1060,Mumbai,Jaipur,2026-03-27
C008,P002,299,Delhi,Jaipur,2026-04-21
C005,P001,659,Mumbai,Pune,2026-03-27
C010,P001,275,Mumbai,Jaipur,2026-03-08
C029,P002,737,Delhi,Mumbai,2026-02-04
C037,P004,1518,Delhi,Pune,2026-01-24
C030,P002,1417,Mumbai,Ahmedabad,2026-02-19
C050,P001,1871,Jaipur,Mumbai,2026-01-06
C019,P003,1432,Jaipur,Pune,2026-02-25
C049,P001,407,Ahmedabad,Mumbai,2026-02-22
C043,P003,433,Delhi,Mumbai,2026-01-22
C050,P002,1797,Ahmedabad,Mumbai,2026-06-14
C002,P001,322,Mumbai,Pune,2026-06-21
C034,P001,972,Delhi,Jaipur,2026-05-10
C026,P001,498,Ahmedabad,Jaipur,2026-06-28
C003,P001,1055,Ahmedabad,Mumbai,2026-04-04
C046,P003,919,Mumbai,Delhi,2026-05-02
C034,P004,643,Ahmedabad,Delhi,2026-05-04
C031,P004,862,Ahmedabad,Pune,2026-04-05
C027,P002,1419,Delhi,Pune,2026-06-13
C041,P002,125,Ahmedabad,Delhi,2026-02-23
C006,P004,1663,Mumbai,Delhi,2026-04-11
C008,P004,882,Delhi,Ahmedabad,2026-05-13
C011,P004,628,Mumbai,Delhi,2026-01-23
C042,P004,1553,Jaipur,Pune,2026-02-28
C015,P002,492,Delhi,Ahmedabad,2026-01-02
C049,P004,694,Mumbai,Ahmedabad,2026-06-10
C038,P001,1028,Ahmedabad,Delhi,2026-01-01
C026,P002,1133,Ahmedabad,Mumbai,2026-02-25
C041,P002,1042,Ahmedabad,Jaipur,2026-02-05
C017,P001,1322,Ahmedabad,Delhi,2026-01-07
C004,P004,1293,Ahmedabad,Pune,2026-05-06
C043,P002,374,Pune,Mumbai,2026-05-24
C004,P004,1868,Jaipur,Mumbai,2026-06-19
C050,P002,236,Ahmedabad,Pune,2026-03-21
C022,P004,467,Mumbai,Delhi,2026-01-22
C029,P003,1861,Jaipur,Ahmedabad,2026-01-08
C047,P001,226,Mumbai,Pune,2026-04-21
C042,P004,542,Delhi,Ahmedabad,2026-03-12
C016,P001,1532,Delhi,Mumbai,2026-03-13
C022,P004,1425,Delhi,Ahmedabad,2026-06-07
C003,P001,1384,Ahmedabad,Pune,2026-06-08
C032,P002,1901,Mumbai,Delhi,2026-05-27
C048,P002,1404,Ahmedabad,Mumbai,2026-01-31
C049,P004,560,Ahmedabad,Mumbai,2026-04-25
C007,P003,173,Mumbai,Ahmedabad,2026-06-18
C050,P001,1709,Jaipur,Ahmedabad,2026-05-12
C010,P001,1553,Delhi,Ahmedabad,2026-03-05
C047,P004,1560,Pune,Mumbai,2026-04-26
C031,P003,233,Pune,Mumbai,2026-05-30
C046,P004,499,Mumbai,Pune,2026-01-12
C035,P004,1685,Jaipur,Mumbai,2026-04-26
C013,P002,1495,Pune,Ahmedabad,2026-02-06
C025,P002,1194,Delhi,Jaipur,2026-06-27
C010,P002,545,Mumbai,Delhi,2026-01-27
C034,P003,1923,Pune,Jaipur,2026-06-08
C018,P004,461,Jaipur,Mumbai,2026-06-06
C042,P003,996,Mumbai,Jaipur,2026-05-10
C017,P001,1551,Delhi,Pune,2026-03-11
C016,P003,460,Mumbai,Delhi,2026-05-15
C003,P001,166,Jaipur,Delhi,2026-06-30
C013,P003,496,Pune,Jaipur,2026-01-24
C005,P004,621,Pune,Ahmedabad,2026-02-02
C004,P004,345,Jaipur,Mumbai,2026-05-06
C042,P001,1765,Ahmedabad,Pune,2026-05-23
C034,P001,757,Mumbai,Delhi,2026-05-05
C021,P002,371,Ahmedabad,Delhi,2026-05-11
C015,P001,122,Mumbai,Jaipur,2026-05-28
C005,P001,916,Pune,Jaipur,2026-01-20
C007,P002,352,Delhi,Jaipur,2026-05-20
C030,P001,1638,Mumbai,Ahmedabad,2026-06-17
C012,P002,1615,Jaipur,Ahmedabad,2026-04-17
C024,P003,1327,Mumbai,Jaipur,2026-01-25
C015,P001,1086,Mumbai,Delhi,2026-03-02
C018,P001,381,Delhi,Jaipur,2026-04-10
C043,P002,516,Delhi,Ahmedabad,2026-05-06
C025,P003,1326,Delhi,Mumbai,2026-01-13
C022,P001,1319,Pune,Ahmedabad,2026-05-05
C033,P003,1294,Mumbai,Ahmedabad,2026-04-25
C010,P004,533,Delhi,Pune,2026-04-14
C018,P003,1132,Ahmedabad,Delhi,2026-03-23
C033,P001,1462,Ahmedabad,Jaipur,2026-06-29
C028,P002,1885,Delhi,Pune,2026-05-24
C023,P004,1053,Ahmedabad,Jaipur,2026-03-04
C015,P004,1286,Delhi,Jaipur,2026-05-16
C047,P003,1631,Ahmedabad,Mumbai,2026-01-21
C031,P002,557,Pune,Mumbai,2026-05-31
C046,P002,1258,Mumbai,Ahmedabad,2026-03-10
C033,P001,1892,Delhi,Ahmedabad,2026-06-25
C050,P001,289,Mumbai,Jaipur,2026-05-17
C028,P003,454,Pune,Ahmedabad,2026-02-17
C021,P004,619,Pune,Ahmedabad,2026-04-10
C029,P004,640,Mumbai,Jaipur,2026-02-04
C005,P001,1437,Ahmedabad,Delhi,2026-05-22
C015,P002,444,Mumbai,Ahmedabad,2026-02-13
C030,P002,404,Jaipur,Pune,2026-06-28
C042,P003,482,Jaipur,Delhi,2026-04-02
C024,P003,1299,Ahmedabad,Mumbai,2026-03-23
C031,P003,896,Jaipur,Mumbai,2026-06-13
C043,P004,1239,Ahmedabad,Jaipur,2026-04-30
C041,P001,1334,Ahmedabad,Mumbai,2026-01-30
C015,P001,886,Ahmedabad,Delhi,2026-06-23
C044,P003,1136,Jaipur,Ahmedabad,2026-03-14
C007,P003,394,Mumbai,Pune,2026-06-25
C042,P002,1041,Delhi,Mumbai,2026-06-14
C034,P001,817,Mumbai,Ahmedabad,2026-02-25
C038,P001,1343,Jaipur,Delhi,2026-04-11
C034,P004,788,Pune,Ahmedabad,2026-01-24
C025,P004,975,Mumbai,Jaipur,2026-01-18
C008,P002,898,Pune,Ahmedabad,2026-06-04
C019,P002,961,Pune,Delhi,2026-02-21
C004,P002,1400,Jaipur,Mumbai,2026-06-09
C009,P003,1422,Ahmedabad,Pune,2026-05-27
C013,P002,288,Mumbai,Pune,2026-06-23
C028,P002,1694,Ahmedabad,Delhi,2026-03-29
C022,P001,100,Jaipur,Mumbai,2026-03-12
C048,P002,156,Delhi,Ahmedabad,2026-06-06
C005,P004,610,Pune,Jaipur,2026-02-18
C039,P003,1469,Ahmedabad,Jaipur,2026-02-21
C042,P003,676,Delhi,Mumbai,2026-01-03
C043,P003,602,Ahmedabad,Jaipur,2026-03-29
C025,P004,450,Jaipur,Delhi,2026-05-06
C030,P001,1932,Ahmedabad,Delhi,2026-03-27
C042,P003,833,Ahmedabad,Jaipur,2026-03-02
C008,P001,1189,Jaipur,Pune,2026-03-07
C043,P002,274,Jaipur,Pune,2026-05-30
C033,P004,568,Jaipur,Mumbai,2026-02-07
C029,P001,270,Mumbai,Ahmedabad,2026-04-20
C014,P003,768,Pune,Jaipur,2026-06-23
C035,P002,1300,Jaipur,Ahmedabad,2026-04-05
C028,P004,1270,Mumbai,Pune,2026-01-05
C002,P001,1214,Jaipur,Pune,2026-03-23
C022,P002,1645,Delhi,Mumbai,2026-02-22
C003,P001,564,Jaipur,Ahmedabad,2026-01-15
C049,P002,1641,Ahmedabad,Pune,2026-06-18
C027,P002,532,Mumbai,Jaipur,2026-05-24
C044,P004,1975,Delhi,Jaipur,2026-01-31
C019,P003,1464,Jaipur,Mumbai,2026-05-14
C013,P004,891,Delhi,Jaipur,2026-02-14
C009,P001,1457,Ahmedabad,Jaipur,2026-05-30
C050,P001,331,Mumbai,Delhi,2026-03-19
C028,P004,204,Jaipur,Delhi,2026-04-16
C036,P002,1969,Jaipur,Pune,2026-01-01
C001,P002,1255,Pune,Delhi,2026-05-16
C024,P002,1591,Jaipur,Ahmedabad,2026-03-20
C017,P002,1157,Mumbai,Jaipur,2026-02-07
C028,P003,1739,Delhi,Jaipur,2026-02-09
C049,P004,1711,Jaipur,Pune,2026-03-17
C041,P004,158,Delhi,Mumbai,2026-01-09
C026,P002,486,Mumbai,Pune,2026-06-02
C039,P002,379,Mumbai,Pune,2026-04-07
C013,P002,387,Ahmedabad,Jaipur,2026-03-11
C020,P004,934,Delhi,Jaipur,2026-06-29
C039,P004,800,Pune,Delhi,2026-01-16
C011,P001,284,Pune,Ahmedabad,2026-06-27
C047,P002,1651,Jaipur,Pune,2026-01-27
C047,P002,1902,Jaipur,Delhi,2026-03-31
C035,P002,525,Delhi,Ahmedabad,2026-01-19
C032,P002,214,Pune,Delhi,2026-03-04
C003,P004,790,Pune,Mumbai,2026-02-17
C019,P004,169,Pune,Delhi,2026-01-28
C016,P003,821,Delhi,Jaipur,2026-03-05
C015,P002,1342,Mumbai,Jaipur,2026-05-07
C023,P004,1391,Ahmedabad,Mumbai,2026-01-31
C015,P003,227,Ahmedabad,Jaipur,2026-04-23
C027,P001,1727,Delhi,Ahmedabad,2026-02-27
C013,P003,1412,Delhi,Ahmedabad,2026-04-25
C039,P003,1198,Jaipur,Delhi,2026-05-16
C010,P001,581,Jaipur,Pune,2026-04-19
C040,P002,897,Pune,Mumbai,2026-05-17
C015,P003,1524,Pune,Ahmedabad,2026-02-08
C023,P002,350,Mumbai,Ahmedabad,2026-01-10
C042,P002,325,Mumbai,Jaipur,2026-05-16
C022,P001,194,Pune,Mumbai,2026-02-20
C049,P001,821,Pune,Delhi,2026-01-20
C019,P003,627,Ahmedabad,Jaipur,2026-02-01
C037,P004,1912,Jaipur,Delhi,2026-04-25
C007,P003,1265,Jaipur,Pune,2026-04-28
C034,P001,588,Mumbai,Jaipur,2026-02-11
C033,P004,308,Mumbai,Pune,2026-01-12
C022,P004,481,Jaipur,Ahmedabad,2026-04-30
C015,P002,388,Jaipur,Delhi,2026-03-31
C049,P003,1400,Ahmedabad,Pune,2026-05-03
C047,P001,1328,Pune,Delhi,2026-02-17
C044,P003,240,Ahmedabad,Pune,2026-06-27
C014,P002,808,Delhi,Mumbai,2026-04-04
C007,P003,1222,Delhi,Pune,2026-06-17
C025,P004,1598,Mumbai,Ahmedabad,2026-05-24
C003,P004,1228,Pune,Delhi,2026-04-07
C001,P001,957,Ahmedabad,Jaipur,2026-06-20
C035,P001,553,Jaipur,Pune,2026-02-03
C004,P002,666,Jaipur,Mumbai,2026-03-20
C037,P004,1881,Ahmedabad,Jaipur,2026-06-04
C012,P001,1212,Jaipur,Pune,2026-06-28
C023,P002,921,Mumbai,Pune,2026-06-26
C045,P002,137,Mumbai,Jaipur,2026-03-22
C049,P004,1388,Mumbai,Ahmedabad,2026-05-17
C006,P002,1386,Pune,Delhi,2026-05-05
C046,P003,1102,Mumbai,Delhi,2026-01-27
C039,P003,152,Ahmedabad,Pune,2026-04-10
C049,P004,448,Mumbai,Ahmedabad,2026-01-08
C014,P002,1551,Mumbai,Pune,2026-02-04
C010,P002,1917,Delhi,Pune,2026-01-01
C014,P003,1546,Delhi,Ahmedabad,2026-02-09
C045,P004,1565,Delhi,Pune,2026-04-15
C010,P002,493,Pune,Mumbai,2026-02-15
C029,P002,392,Ahmedabad,Pune,2026-06-26
C010,P001,1490,Ahmedabad,Mumbai,2026-05-07
C012,P004,871,Mumbai,Delhi,2026-05-31
C023,P002,1166,Jaipur,Pune,2026-05-20
C025,P002,1573,Mumbai,Ahmedabad,2026-01-16
C039,P003,749,Jaipur,Mumbai,2026-02-01
C035,P004,1896,Ahmedabad,Delhi,2026-04-20
C042,P004,1063,Mumbai,Ahmedabad,2026-06-01
C041,P003,864,Ahmedabad,Delhi,2026-03-26
C044,P003,1833,Pune,Jaipur,2026-01-20
C049,P003,987,Ahmedabad,Pune,2026-04-18
C027,P003,1607,Delhi,Pune,2026-03-28
C028,P001,1957,Delhi,Ahmedabad,2026-01-30
C003,P001,1873,Ahmedabad,Delhi,2026-02-07
C007,P004,1888,Delhi,Mumbai,2026-05-04
C037,P002,1176,Delhi,Mumbai,2026-04-04
C010,P002,1755,Pune,Mumbai,2026-06-28
C001,P003,1183,Delhi,Pune,2026-03-20
C033,P001,1714,Jaipur,Delhi,2026-05-30
C038,P002,479,Delhi,Mumbai,2026-06-09
C021,P003,1851,Pune,Mumbai,2026-06-18
C015,P002,1782,Delhi,Mumbai,2026-03-22
C007,P002,1466,Pune,Ahmedabad,2026-05-29
C003,P004,1877,Ahmedabad,Mumbai,2026-05-21
C042,P003,1135,Pune,Jaipur,2026-01-28
C049,P001,900,Pune,Jaipur,2026-03-02
C030,P003,421,Ahmedabad,Mumbai,2026-02-27
C037,P003,1341,Ahmedabad,Delhi,2026-01-05
C029,P002,1587,Delhi,Jaipur,2026-03-08
C011,P001,1903,Delhi,Ahmedabad,2026-06-22
C002,P002,1105,Ahmedabad,Delhi,2026-06-13
C008,P001,836,Delhi,Mumbai,2026-01-15
C005,P002,611,Ahmedabad,Delhi,2026-04-06
C016,P001,1181,Mumbai,Ahmedabad,2026-01-17
C050,P003,820,Jaipur,Mumbai,2026-02-03
C043,P004,898,Pune,Ahmedabad,2026-05-07
C017,P002,332,Mumbai,Delhi,2026-02-28
C027,P002,1316,Delhi,Ahmedabad,2026-02-17
C039,P001,500,Delhi,Pune,2026-03-28
C045,P004,1423,Delhi,Pune,2026-03-16
C046,P004,720,Delhi,Mumbai,2026-04-26
C038,P001,853,Jaipur,Pune,2026-01-28
C030,P003,1667,Mumbai,Ahmedabad,2026-05-27
C038,P003,1973,Delhi,Jaipur,2026-03-04
C015,P001,762,Jaipur,Ahmedabad,2026-03-24
C004,P001,1742,Jaipur,Pune,2026-03-23
C005,P003,1566,Mumbai,Delhi,2026-04-24
C037,P002,730,Jaipur,Pune,2026-04-01
C018,P002,1975,Ahmedabad,Pune,2026-03-18
C020,P003,114,Delhi,Pune,2026-04-17
C011,P002,1244,Ahmedabad,Jaipur,2026-01-09
C003,P002,1302,Jaipur,Mumbai,2026-02-01
C041,P003,1020,Jaipur,Mumbai,2026-04-30
C029,P002,1672,Mumbai,Delhi,2026-03-19
C041,P002,1608,Jaipur,Pune,2026-03-17
C041,P004,1946,Mumbai,Pune,2026-04-27
C008,P004,233,Pune,Delhi,2026-02-16
C005,P002,166,Delhi,Pune,2026-04-02
C049,P002,1602,Ahmedabad,Pune,2026-03-15
C027,P003,1191,Pune,Ahmedabad,2026-06-08
C014,P004,114,Ahmedabad,Pune,2026-06-25
C004,P003,1105,Jaipur,Delhi,2026-03-23
C028,P002,183,Ahmedabad,Mumbai,2026-02-08
C050,P003,729,Jaipur,Delhi,2026-01-07
C042,P004,987,Pune,Jaipur,2026-05-30
C020,P001,1066,Jaipur,Pune,2026-02-10
C028,P001,1695,Jaipur,Mumbai,2026-05-01
C002,P002,774,Jaipur,Ahmedabad,2026-03-19
C039,P002,502,Delhi,Pune,2026-06-20
C032,P001,1809,Ahmedabad,Jaipur,2026-06-23
C017,P003,694,Ahmedabad,Mumbai,2026-04-08
C033,P004,435,Mumbai,Delhi,2026-02-06
C044,P002,1181,Delhi,Jaipur,2026-01-28
C021,P002,1200,Jaipur,Ahmedabad,2026-05-06
C021,P001,1577,Mumbai,Delhi,2026-06-07
C004,P003,1838,Delhi,Jaipur,2026-05-21
C019,P004,1287,Jaipur,Pune,2026-01-29
C023,P004,1300,Pune,Ahmedabad,2026-02-01
C033,P002,163,Jaipur,Delhi,2026-04-25
C014,P001,388,Pune,Jaipur,2026-01-04
C025,P001,1168,Delhi,Ahmedabad,2026-03-16
C020,P002,358,Mumbai,Pune,2026-03-24
C027,P002,669,Ahmedabad,Jaipur,2026-06-02
C041,P004,1985,Mumbai,Ahmedabad,2026-05-26
C023,P003,272,Ahmedabad,Jaipur,2026-01-20
C044,P004,1856,Delhi,Pune,2026-01-19
C025,P004,1071,Jaipur,Ahmedabad,2026-01-04
C011,P002,1192,Pune,Jaipur,2026-03-02
C002,P001,1837,Pune,Jaipur,2026-02-06
C001,P003,398,Mumbai,Delhi,2026-04-30
C032,P003,1913,Jaipur,Ahmedabad,2026-05-09
C019,P004,496,Mumbai,Pune,2026-01-26
C010,P004,400,Mumbai,Jaipur,2026-02-23
C031,P002,834,Mumbai,Pune,2026-01-15
C020,P003,1798,Pune,Delhi,2026-05-06
C037,P004,356,Ahmedabad,Delhi,2026-02-05
C011,P003,421,Delhi,Pune,2026-03-30
C048,P003,193,Jaipur,Ahmedabad,2026-05-22
C009,P002,1344,Jaipur,Mumbai,2026-06-07
C019,P004,361,Mumbai,Ahmedabad,2026-03-09
C029,P002,1791,Mumbai,Delhi,2026-06-06
C047,P002,1272,Delhi,Jaipur,2026-01-28
C014,P003,139,Jaipur,Mumbai,2026-01-21
C049,P001,1534,Jaipur,Mumbai,2026-01-20
C002,P001,656,Ahmedabad,Pune,2026-04-18
C022,P002,1861,Ahmedabad,Pune,2026-03-23
C036,P002,1780,Ahmedabad,Mumbai,2026-03-14
C012,P002,1431,Mumbai,Pune,2026-02-08
C027,P002,1352,Jaipur,Ahmedabad,2026-02-27
C039,P004,1551,Mumbai,Jaipur,2026-02-05
C002,P001,1705,Mumbai,Ahmedabad,2026-06-30
C045,P003,1208,Jaipur,Ahmedabad,2026-03-18
C043,P004,835,Mumbai,Jaipur,2026-04-29
C038,P002,429,Jaipur,Ahmedabad,2026-01-27
C035,P002,491,Ahmedabad,Mumbai,2026-03-06
C006,P001,1409,Mumbai,Ahmedabad,2026-03-23
C043,P002,1831,Delhi,Pune,2026-03-25
C015,P004,125,Mumbai,Ahmedabad,2026-06-24
C006,P002,155,Mumbai,Jaipur,2026-02-03
C048,P001,862,Pune,Delhi,2026-03-20
C031,P002,200,Delhi,Mumbai,2026-01-20
C021,P002,1652,Pune,Jaipur,2026-05-17
C015,P004,1866,Jaipur,Delhi,2026-05-06
C035,P002,300,Jaipur,Ahmedabad,2026-03-02
C024,P001,1731,Jaipur,Pune,2026-06-16
C042,P003,699,Delhi,Ahmedabad,2026-02-08
C016,P002,272,Jaipur,Mumbai,2026-05-15
C003,P004,1725,Ahmedabad,Delhi,2026-01-01
C034,P001,1966,Delhi,Ahmedabad,2026-05-27
C011,P001,192,Ahmedabad,Delhi,2026-01-18
C017,P003,137,Pune,Delhi,2026-03-23
C022,P004,423,Jaipur,Delhi,2026-04-14
C021,P002,1280,Pune,Delhi,2026-05-16
C007,P001,1778,Delhi,Jaipur,2026-06-27
C007,P004,1297,Mumbai,Jaipur,2026-01-02
C023,P001,1261,Ahmedabad,Pune,2026-05-23
C017,P001,804,Ahmedabad,Jaipur,2026-04-01
C031,P001,1774,Jaipur,Delhi,2026-02-06
C015,P004,570,Ahmedabad,Jaipur,2026-06-15
C038,P004,1981,Pune,Jaipur,2026-01-28
C026,P004,220,Delhi,Pune,2026-01-17
C027,P001,685,Jaipur,Mumbai,2026-04-02
C041,P001,1440,Pune,Mumbai,2026-04-21
C026,P004,1574,Jaipur,Ahmedabad,2026-06-22
C010,P002,480,Jaipur,Pune,2026-02-18
C034,P002,524,Mumbai,Ahmedabad,2026-05-24
C040,P003,967,Pune,Mumbai,2026-04-14
C038,P003,1581,Pune,Delhi,2026-06-02
C047,P004,1783,Delhi,Jaipur,2026-03-20
C016,P004,1956,Pune,Jaipur,2026-01-07
C019,P001,1522,Ahmedabad,Jaipur,2026-06-12
C042,P001,1549,Pune,Mumbai,2026-02-11
C013,P004,433,Ahmedabad,Pune,2026-05-07
C039,P001,697,Pune,Jaipur,2026-03-14
C040,P004,1515,Ahmedabad,Jaipur,2026-02-23
C030,P003,427,Pune,Delhi,2026-01-07
C034,P002,953,Pune,Ahmedabad,2026-06-10
C002,P003,105,Mumbai,Pune,2026-04-04
C005,P004,466,Jaipur,Ahmedabad,2026-05-19
C028,P002,1469,Jaipur,Delhi,2026-04-27
C016,P002,984,Pune,Jaipur,2026-04-20
C021,P001,232,Pune,Delhi,2026-04-12
C017,P002,1974,Ahmedabad,Pune,2026-04-03
C008,P002,1496,Jaipur,Delhi,2026-05-11
C022,P001,365,Ahmedabad,Jaipur,2026-03-29
C022,P002,505,Delhi,Jaipur,2026-02-02
C024,P001,515,Delhi,Ahmedabad,2026-03-06
C019,P004,544,Ahmedabad,Mumbai,2026-02-18
C010,P004,1820,Jaipur,Delhi,2026-03-26
C016,P001,1583,Mumbai,Jaipur,2026-01-04
C006,P001,1838,Mumbai,Ahmedabad,2026-01-07
C004,P004,1194,Mumbai,Jaipur,2026-06-19
C039,P001,675,Delhi,Mumbai,2026-01-09
C024,P004,1575,Ahmedabad,Jaipur,2026-02-17
C026,P003,1816,Jaipur,Mumbai,2026-03-29
C014,P002,1321,Delhi,Mumbai,2026-05-24
C032,P003,200,Ahmedabad,Pune,2026-02-20
C012,P003,1711,Ahmedabad,Delhi,2026-02-08
C040,P004,1903,Mumbai,Delhi,2026-02-27
C017,P004,1765,Ahmedabad,Pune,2026-01-19
C032,P003,1242,Delhi,Jaipur,2026-05-07
C033,P004,130,Ahmedabad,Jaipur,2026-01-11
C012,P001,232,Ahmedabad,Delhi,2026-05-04
C048,P002,880,Ahmedabad,Mumbai,2026-06-15
C049,P001,392,Pune,Delhi,2026-06-18
C018,P001,1814,Ahmedabad,Jaipur,2026-05-12
C018,P002,1120,Pune,Ahmedabad,2026-06-13
C027,P003,332,Delhi,Pune,2026-04-06
C024,P002,1704,Delhi,Ahmedabad,2026-03-06
C016,P003,1386,Mumbai,Pune,2026-03-08
C016,P001,428,Delhi,Ahmedabad,2026-05-27
C041,P003,1769,Delhi,Ahmedabad,2026-05-21
C004,P001,1573,Mumbai,Pune,2026-03-10
C035,P001,1984,Mumbai,Jaipur,2026-03-03
C011,P004,1185,Delhi,Ahmedabad,2026-05-19
C035,P002,984,Delhi,Pune,2026-02-21
C023,P004,274,Ahmedabad,Mumbai,2026-03-29
C005,P004,310,Jaipur,Ahmedabad,2026-01-08
C044,P001,1768,Mumbai,Delhi,2026-05-20
C030,P001,1038,Ahmedabad,Mumbai,2026-05-19
C026,P001,1379,Mumbai,Pune,2026-03-14
C016,P001,1643,Jaipur,Mumbai,2026-01-27
C027,P002,1696,Delhi,Mumbai,2026-01-31
C014,P002,873,Mumbai,Delhi,2026-05-22
C049,P004,1358,Pune,Jaipur,2026-04-10
C043,P004,651,Mumbai,Ahmedabad,2026-03-26
C035,P003,266,Delhi,Jaipur,2026-03-16
C009,P004,1019,Pune,Delhi,2026-06-29
C034,P003,815,Delhi,Jaipur,2026-01-08
C042,P003,1242,Jaipur,Mumbai,2026-02-08
C013,P002,901,Jaipur,Mumbai,2026-02-03
C036,P001,2000,Pune,Ahmedabad,2026-04-29
C045,P003,975,Mumbai,Ahmedabad,2026-04-24
C013,P001,1014,Delhi,Jaipur,2026-05-11
C002,P004,836,Ahmedabad,Pune,2026-05-04
C050,P001,1808,Jaipur,Delhi,2026-01-19
C033,P003,134,Delhi,Jaipur,2026-05-03
C046,P003,956,Ahmedabad,Delhi,2026-04-08
C006,P003,1402,Mumbai,Delhi,2026-01-04
C002,P001,692,Jaipur,Ahmedabad,2026-06-22
C001,P001,1268,Mumbai,Pune,2026-06-25
C004,P004,1495,Pune,Jaipur,2026-01-23
C022,P003,524,Mumbai,Delhi,2026-02-18
C007,P003,1588,Pune,Mumbai,2026-06-01
C026,P002,256,Delhi,Mumbai,2026-04-25
C040,P002,1380,Mumbai,Ahmedabad,2026-01-27
C018,P001,841,Mumbai,Ahmedabad,2026-04-17
C047,P003,388,Jaipur,Pune,2026-05-29
C031,P001,116,Jaipur,Delhi,2026-04-05
C050,P003,1100,Jaipur,Pune,2026-02-02
C015,P002,1003,Jaipur,Delhi,2026-01-24
C025,P003,1253,Delhi,Mumbai,2026-02-17
C041,P004,1105,Pune,Jaipur,2026-01-13
C007,P003,547,Pune,Ahmedabad,2026-06-09
C014,P004,874,Pune,Ahmedabad,2026-06-04
C023,P004,377,Delhi,Mumbai,2026-05-05
C041,P001,1223,Mumbai,Jaipur,2026-06-03
C032,P004,1565,Mumbai,Delhi,2026-04-21
C035,P001,783,Ahmedabad,Pune,2026-04-02
C035,P004,1957,Delhi,Jaipur,2026-04-30
C022,P003,1129,Mumbai,Jaipur,2026-02-22
C045,P003,792,Jaipur,Delhi,2026-03-05
C017,P003,1534,Mumbai,Delhi,2026-02-06
C040,P002,841,Jaipur,Delhi,2026-06-01
C009,P001,1460,Pune,Jaipur,2026-05-31
C024,P002,1267,Jaipur,Delhi,2026-06-15
C039,P002,338,Mumbai,Pune,2026-01-15
C016,P003,1283,Jaipur,Pune,2026-04-05
C044,P003,1416,Mumbai,Delhi,2026-05-07
C023,P001,329,Ahmedabad,Pune,2026-05-05
C017,P001,1986,Ahmedabad,Delhi,2026-01-31
C038,P004,1652,Delhi,Mumbai,2026-01-04
C001,P002,401,Jaipur,Ahmedabad,2026-02-11
C028,P004,1873,Jaipur,Mumbai,2026-05-23
C029,P004,1417,Jaipur,Delhi,2026-04-24
C004,P004,1474,Delhi,Mumbai,2026-02-18
C037,P003,1833,Jaipur,Delhi,2026-04-16
C013,P002,1672,Mumbai,Ahmedabad,2026-04-03
C032,P001,989,Ahmedabad,Jaipur,2026-01-12
C039,P001,569,Delhi,Ahmedabad,2026-04-02
C049,P003,265,Pune,Mumbai,2026-03-29
C007,P003,807,Delhi,Pune,2026-05-22
C023,P002,1244,Pune,Jaipur,2026-05-15
C020,P002,1851,Pune,Ahmedabad,2026-02-27
C025,P004,1247,Mumbai,Jaipur,2026-05-31
C003,P002,1610,Mumbai,Jaipur,2026-05-24
C031,P001,1766,Pune,Delhi,2026-01-13
C039,P002,183,Pune,Ahmedabad,2026-06-24
C026,P004,1615,Jaipur,Delhi,2026-04-12
C040,P003,300,Mumbai,Pune,2026-03-31
C039,P004,1090,Mumbai,Pune,2026-04-16
C030,P003,937,Ahmedabad,Delhi,2026-01-21
C043,P004,557,Ahmedabad,Mumbai,2026-02-14
C008,P001,443,Mumbai,Ahmedabad,2026-04-11
C044,P002,707,Ahmedabad,Delhi,2026-04-21
C040,P002,1267,Mumbai,Jaipur,2026-04-29
C031,P004,1941,Ahmedabad,Mumbai,2026-03-13
C020,P002,545,Ahmedabad,Delhi,2026-02-16
C037,P003,1887,Jaipur,Delhi,2026-02-14
C003,P004,1670,Mumbai,Jaipur,2026-01-10
C004,P004,749,Mumbai,Jaipur,2026-04-10
C042,P004,1960,Jaipur,Ahmedabad,2026-06-16
C044,P004,1344,Mumbai,Ahmedabad,2026-05-07
C035,P001,197,Mumbai,Delhi,2026-03-15
C006,P002,1835,Jaipur,Ahmedabad,2026-06-27
C017,P004,727,Mumbai,Delhi,2026-06-26
C021,P002,1604,Pune,Mumbai,2026-06-07
C043,P002,104,Ahmedabad,Delhi,2026-06-24
C021,P004,1768,Mumbai,Jaipur,2026-05-06
C023,P003,1422,Pune,Jaipur,2026-06-18
C009,P004,920,Ahmedabad,Delhi,2026-05-11
C006,P002,1166,Delhi,Ahmedabad,2026-05-29
C008,P003,1468,Pune,Ahmedabad,2026-04-22
C022,P001,1740,Jaipur,Delhi,2026-06-30
C019,P001,1021,Jaipur,Ahmedabad,2026-06-03
C034,P001,1809,Mumbai,Jaipur,2026-02-21
C030,P002,931,Mumbai,Pune,2026-02-13
C005,P004,1235,Jaipur,Delhi,2026-04-19
C019,P001,669,Delhi,Mumbai,2026-05-06
C047,P003,685,Jaipur,Ahmedabad,2026-01-18
C050,P004,1579,Jaipur,Pune,2026-01-17
C031,P004,382,Delhi,Mumbai,2026-03-22
C004,P003,1111,Ahmedabad,Delhi,2026-03-06
C019,P001,938,Jaipur,Mumbai,2026-01-26
C042,P001,1455,Jaipur,Pune,2026-02-03
C042,P002,1956,Ahmedabad,Mumbai,2026-01-06
C045,P001,245,Mumbai,Delhi,2026-05-04
C047,P003,167,Jaipur,Mumbai,2026-04-25
C024,P001,1769,Delhi,Jaipur,2026-06-22
C028,P004,1632,Mumbai,Jaipur,2026-01-13
C033,P003,874,Jaipur,Pune,2026-03-02
C037,P004,971,Pune,Delhi,2026-05-19
C004,P001,1799,Pune,Delhi,2026-05-18
C023,P004,1924,Delhi,Pune,2026-04-11
C031,P004,553,Ahmedabad,Delhi,2026-03-25
C027,P002,753,Pune,Mumbai,2026-03-31
C007,P001,1165,Delhi,Pune,2026-05-04
C013,P003,1364,Jaipur,Delhi,2026-03-23
C034,P004,177,Pune,Ahmedabad,2026-04-19
C043,P001,1159,Jaipur,Delhi,2026-04-01
C007,P002,678,Ahmedabad,Delhi,2026-05-29
C022,P004,976,Jaipur,Mumbai,2026-02-11
C027,P001,1613,Pune,Jaipur,2026-06-09
C005,P003,959,Jaipur,Delhi,2026-05-07
C050,P003,865,Mumbai,Jaipur,2026-06-20
C008,P002,1747,Ahmedabad,Delhi,2026-06-08
C047,P002,1392,Jaipur,Ahmedabad,2026-03-18
C003,P002,651,Mumbai,Jaipur,2026-04-27
C025,P003,609,Ahmedabad,Delhi,2026-02-16
C002,P004,963,Ahmedabad,Pune,2026-02-23
C038,P004,1268,Pune,Jaipur,2026-01-03
C017,P002,1497,Mumbai,Delhi,2026-03-01
C041,P001,194,Jaipur,Pune,2026-01-08
C003,P002,177,Ahmedabad,Pune,2026-04-01
C043,P001,113,Pune,Delhi,2026-04-26
C013,P004,1073,Delhi,Pune,2026-02-08
C036,P002,238,Delhi,Ahmedabad,2026-06-10
C043,P004,186,Pune,Mumbai,2026-02-26
C025,P003,469,Pune,Delhi,2026-05-23
C041,P001,227,Mumbai,Ahmedabad,2026-02-18
C006,P004,357,Mumbai,Pune,2026-01-07
C022,P003,1772,Ahmedabad,Mumbai,2026-06-06
C014,P002,1627,Mumbai,Jaipur,2026-05-25
C022,P001,214,Jaipur,Pune,2026-01-22
C028,P004,1019,Delhi,Pune,2026-01-24
C021,P001,121,Mumbai,Pune,2026-04-27
C046,P004,701,Delhi,Ahmedabad,2026-06-22
C012,P001,255,Pune,Jaipur,2026-04-20
C007,P002,1980,Pune,Delhi,2026-01-06
C018,P001,885,Jaipur,Pune,2026-06-30
C024,P003,220,Ahmedabad,Jaipur,2026-03-07
C032,P002,1938,Ahmedabad,Pune,2026-03-01
C033,P001,1018,Ahmedabad,Mumbai,2026-03-29
C031,P003,1286,Ahmedabad,Pune,2026-06-04
C018,P004,1243,Ahmedabad,Jaipur,2026-05-12
C009,P002,1456,Ahmedabad,Pune,2026-05-19
C017,P001,733,Ahmedabad,Pune,2026-06-28
C023,P002,1171,Jaipur,Ahmedabad,2026-04-26
C041,P002,1408,Ahmedabad,Mumbai,2026-01-23
C018,P001,820,Mumbai,Delhi,2026-03-31
C035,P001,1200,Delhi,Mumbai,2026-03-31
C009,P004,1461,Delhi,Ahmedabad,2026-01-24
C006,P002,1860,Mumbai,Pune,2026-05-14
C040,P003,1955,Ahmedabad,Delhi,2026-05-31
C049,P003,477,Pune,Jaipur,2026-01-05
C002,P003,597,Ahmedabad,Jaipur,2026-06-07
C006,P003,1523,Jaipur,Delhi,2026-05-20
C044,P004,544,Jaipur,Delhi,2026-04-10
C020,P001,881,Pune,Ahmedabad,2026-03-08
C002,P004,576,Pune,Ahmedabad,2026-04-11
C014,P003,861,Pune,Delhi,2026-03-08
C049,P003,645,Delhi,Pune,2026-05-19
C022,P003,1041,Delhi,Pune,2026-01-13
C010,P002,247,Pune,Mumbai,2026-02-14
C011,P001,1229,Pune,Jaipur,2026-05-15
C029,P003,1111,Mumbai,Ahmedabad,2026-01-26
C002,P003,817,Jaipur,Pune,2026-02-18
C005,P004,1286,Ahmedabad,Delhi,2026-05-16
C031,P001,1997,Delhi,Jaipur,2026-06-28
C041,P004,595,Pune,Mumbai,2026-04-25
C003,P004,238,Jaipur,Pune,2026-02-27
C032,P001,230,Ahmedabad,Mumbai,2026-03-29
C027,P002,1573,Jaipur,Delhi,2026-02-04
C028,P002,1324,Pune,Delhi,2026-02-16
C009,P002,1982,Pune,Mumbai,2026-06-25
C050,P001,278,Mumbai,Delhi,2026-01-23
C040,P001,761,Delhi,Ahmedabad,2026-02-09
C010,P004,966,Delhi,Pune,2026-01-04
C004,P003,1522,Ahmedabad,Pune,2026-01-16
C046,P004,528,Jaipur,Ahmedabad,2026-04-18
C023,P003,436,Delhi,Jaipur,2026-03-01
C039,P002,1633,Mumbai,Pune,2026-05-18
C031,P003,909,Ahmedabad,Mumbai,2026-04-20
C006,P004,1278,Mumbai,Delhi,2026-04-18
C028,P004,216,Pune,Delhi,2026-02-27
C043,P001,532,Pune,Jaipur,2026-06-12
C010,P004,733,Delhi,Jaipur,2026-03-23
C006,P004,970,Jaipur,Ahmedabad,2026-05-23
C048,P004,1872,Pune,Delhi,2026-04-10
C027,P002,1602,Delhi,Ahmedabad,2026-04-20
C008,P003,1495,Ahmedabad,Jaipur,2026-03-02
C035,P001,1645,Ahmedabad,Jaipur,2026-05-17
C025,P001,201,Delhi,Pune,2026-03-20
C036,P002,1048,Mumbai,Delhi,2026-04-17
C028,P001,165,Jaipur,Ahmedabad,2026-02-10
C042,P003,1624,Delhi,Jaipur,2026-05-17
C050,P004,590,Pune,Mumbai,2026-01-12
C001,P004,722,Pune,Jaipur,2026-01-11
C030,P004,782,Delhi,Jaipur,2026-04-25
C015,P002,215,Delhi,Pune,2026-05-27
C022,P004,874,Jaipur,Pune,2026-04-16
C020,P002,1069,Delhi,Mumbai,2026-05-30
C045,P001,169,Delhi,Jaipur,2026-02-06
C032,P003,1646,Delhi,Ahmedabad,2026-05-25
C007,P002,1540,Mumbai,Jaipur,2026-01-31
C002,P001,555,Delhi,Mumbai,2026-01-25
C041,P003,1575,Delhi,Jaipur,2026-04-25
C005,P003,1432,Pune,Mumbai,2026-04-08
C030,P004,204,Ahmedabad,Delhi,2026-01-11
C007,P001,1687,Ahmedabad,Jaipur,2026-04-26
C049,P004,1089,Jaipur,Ahmedabad,2026-01-11
C021,P002,177,Pune,Ahmedabad,2026-02-17
C044,P001,888,Delhi,Mumbai,2026-03-25
C014,P002,417,Mumbai,Ahmedabad,2026-03-25
C004,P002,1831,Jaipur,Pune,2026-04-29
C034,P002,905,Ahmedabad,Pune,2026-05-18
C029,P003,1480,Mumbai,Pune,2026-03-20
C049,P001,1562,Pune,Mumbai,2026-06-14
C033,P004,109,Delhi,Jaipur,2026-03-04
C048,P003,1568,Pune,Jaipur,2026-04-18
C001,P001,1081,Delhi,Ahmedabad,2026-02-15
C037,P002,1847,Delhi,Ahmedabad,2026-04-13
C034,P001,279,Pune,Mumbai,2026-05-03
C014,P004,1401,Ahmedabad,Mumbai,2026-03-05
C049,P003,1592,Ahmedabad,Jaipur,2026-01-21
C040,P002,566,Mumbai,Delhi,2026-01-01
C048,P004,1271,Delhi,Jaipur,2026-06-05
C036,P002,1479,Mumbai,Ahmedabad,2026-05-05
C011,P001,1881,Jaipur,Delhi,2026-05-24
C039,P001,1288,Delhi,Jaipur,2026-05-05
C025,P003,1030,Ahmedabad,Jaipur,2026-05-01
C041,P001,874,Pune,Jaipur,2026-03-27
C003,P002,849,Mumbai,Ahmedabad,2026-05-21
C006,P002,1100,Ahmedabad,Pune,2026-01-14
C033,P004,1525,Ahmedabad,Pune,2026-01-16
C029,P003,1360,Delhi,Mumbai,2026-05-19
C002,P004,433,Ahmedabad,Mumbai,2026-04-21
C016,P002,1720,Mumbai,Pune,2026-03-18
C007,P002,380,Jaipur,Pune,2026-02-27
C021,P002,1380,Ahmedabad,Pune,2026-01-19
C025,P004,1087,Mumbai,Pune,2026-01-15
C020,P002,1776,Jaipur,Delhi,2026-06-17
C021,P003,500,Delhi,Ahmedabad,2026-01-07
C021,P003,1902,Delhi,Pune,2026-04-27
C036,P002,1219,Delhi,Pune,2026-01-19
C015,P001,1956,Mumbai,Ahmedabad,2026-05-28
C022,P001,281,Delhi,Mumbai,2026-03-14
C018,P002,1309,Jaipur,Mumbai,2026-05-09
C028,P004,382,Delhi,Jaipur,2026-03-02
C001,P001,628,Mumbai,Delhi,2026-02-23
C041,P001,1462,Delhi,Jaipur,2026-01-24
C015,P001,922,Mumbai,Pune,2026-02-26
C030,P002,235,Ahmedabad,Jaipur,2026-04-26
C017,P001,1637,Jaipur,Delhi,2026-06-01
C009,P003,376,Ahmedabad,Pune,2026-06-01
C005,P003,458,Ahmedabad,Pune,2026-03-05
C013,P001,1030,Pune,Ahmedabad,2026-01-12
C048,P003,1517,Delhi,Ahmedabad,2026-01-16
C039,P003,1124,Jaipur,Pune,2026-02-12
C016,P003,1975,Delhi,Ahmedabad,2026-03-20
C028,P004,1330,Delhi,Pune,2026-04-18
C041,P001,720,Delhi,Pune,2026-06-26
C024,P003,1516,Mumbai,Ahmedabad,2026-06-07
C011,P001,973,Jaipur,Ahmedabad,2026-01-09
C023,P003,1765,Ahmedabad,Jaipur,2026-02-24
C032,P002,1948,Jaipur,Mumbai,2026-02-11
C006,P002,760,Jaipur,Ahmedabad,2026-03-07
C007,P001,879,Jaipur,Ahmedabad,2026-06-02
C050,P003,249,Jaipur,Ahmedabad,2026-06-25
C031,P003,1228,Delhi,Jaipur,2026-06-27
C024,P001,1413,Mumbai,Delhi,2026-04-01
C041,P003,1317,Jaipur,Ahmedabad,2026-04-21
C011,P003,934,Delhi,Mumbai,2026-01-29
C044,P001,1736,Ahmedabad,Delhi,2026-02-19
C011,P004,264,Delhi,Jaipur,2026-04-20
C045,P001,1242,Delhi,Mumbai,2026-03-09
C037,P002,1262,Mumbai,Ahmedabad,2026-04-28
C035,P003,1862,Jaipur,Ahmedabad,2026-06-20
C049,P004,1781,Pune,Delhi,2026-03-13
C049,P003,857,Pune,Ahmedabad,2026-06-11
C037,P002,1381,Jaipur,Delhi,2026-05-04
C016,P004,238,Jaipur,Delhi,2026-06-22
C044,P002,1664,Mumbai,Pune,2026-04-14
C024,P004,1860,Delhi,Ahmedabad,2026-02-21
C037,P003,1023,Mumbai,Delhi,2026-01-11
C018,P002,1759,Jaipur,Mumbai,2026-02-08
C001,P003,319,Ahmedabad,Pune,2026-02-08
C038,P002,1834,Jaipur,Pune,2026-01-08
C042,P003,1559,Ahmedabad,Mumbai,2026-05-25
C048,P001,1192,Ahmedabad,Jaipur,2026-02-27
C042,P002,1962,Pune,Ahmedabad,2026-01-19
C008,P004,1194,Delhi,Pune,2026-01-22
C003,P003,1121,Ahmedabad,Pune,2026-05-06
C041,P001,1293,Delhi,Ahmedabad,2026-03-27
C047,P004,1851,Delhi,Pune,2026-03-01
C039,P002,1931,Mumbai,Delhi,2026-02-04
C034,P003,1652,Mumbai,Pune,2026-01-27
C004,P004,1194,Delhi,Mumbai,2026-05-29
C036,P003,1529,Delhi,Pune,2026-01-09
C015,P004,1214,Ahmedabad,Jaipur,2026-04-04
C030,P002,141,Mumbai,Pune,2026-05-27
C038,P002,1476,Delhi,Mumbai,2026-01-29
C015,P002,485,Pune,Mumbai,2026-05-13
C007,P001,706,Ahmedabad,Pune,2026-01-17
C048,P002,314,Ahmedabad,Mumbai,2026-01-28
C025,P003,1256,Ahmedabad,Jaipur,2026-02-22
C037,P002,1101,Mumbai,Jaipur,2026-04-29
C008,P002,1970,Ahmedabad,Mumbai,2026-05-10
C043,P001,204,Ahmedabad,Pune,2026-06-29
C033,P002,640,Jaipur,Delhi,2026-01-10
C034,P002,530,Ahmedabad,Jaipur,2026-02-05
C048,P001,1474,Pune,Delhi,2026-02-20
C034,P003,1418,Jaipur,Pune,2026-01-19
C033,P001,773,Ahmedabad,Mumbai,2026-05-24
C013,P004,1713,Pune,Ahmedabad,2026-02-22
C008,P004,611,Ahmedabad,Pune,2026-03-16
C029,P001,1509,Delhi,Mumbai,2026-05-11
C031,P002,283,Pune,Jaipur,2026-04-14
C034,P002,1174,Pune,Mumbai,2026-06-10
C038,P004,844,Ahmedabad,Pune,2026-05-25
C015,P003,728,Ahmedabad,Jaipur,2026-01-11
C047,P004,954,Jaipur,Delhi,2026-03-04
C044,P003,1346,Pune,Jaipur,2026-05-11
C035,P002,674,Pune,Ahmedabad,2026-04-05
C038,P001,1301,Jaipur,Pune,2026-05-05
C033,P003,249,Mumbai,Ahmedabad,2026-03-26
C021,P004,640,Mumbai,Ahmedabad,2026-03-15
C002,P001,227,Pune,Jaipur,2026-04-28
C033,P004,275,Delhi,Ahmedabad,2026-02-02
C047,P002,222,Pune,Jaipur,2026-06-06
C019,P002,613,Delhi,Mumbai,2026-02-08
C001,P004,915,Jaipur,Mumbai,2026-03-13
C022,P001,190,Delhi,Ahmedabad,2026-01-07
C021,P004,966,Mumbai,Ahmedabad,2026-02-02
C040,P001,785,Pune,Jaipur,2026-04-23
C038,P002,1000,Jaipur,Delhi,2026-01-24
C020,P003,1945,Delhi,Jaipur,2026-06-30
C019,P004,1021,Delhi,Pune,2026-01-06
C022,P003,479,Mumbai,Pune,2026-06-23
C050,P001,956,Delhi,Mumbai,2026-03-13
C003,P002,1438,Mumbai,Delhi,2026-04-23
C037,P003,1471,Ahmedabad,Mumbai,2026-01-07
C020,P003,1211,Mumbai,Ahmedabad,2026-06-17
C044,P001,923,Delhi,Ahmedabad,2026-02-04
C009,P002,1062,Pune,Mumbai,2026-03-21
C023,P002,471,Mumbai,Jaipur,2026-06-16
C026,P004,761,Jaipur,Ahmedabad,2026-02-03
C047,P002,624,Delhi,Mumbai,2026-05-23
C033,P003,1597,Mumbai,Ahmedabad,2026-02-12
C028,P002,414,Pune,Delhi,2026-03-29
C013,P003,413,Mumbai,Jaipur,2026-04-03
C041,P003,1847,Delhi,Pune,2026-06-15
C040,P002,1299,Pune,Ahmedabad,2026-01-24
C034,P001,1547,Jaipur,Delhi,2026-01-28
C021,P001,106,Delhi,Jaipur,2026-01-26
C037,P003,598,Jaipur,Delhi,2026-05-10
C002,P002,954,Jaipur,Delhi,2026-04-06
C022,P004,265,Jaipur,Pune,2026-03-16
C010,P003,1464,Mumbai,Delhi,2026-01-22
C034,P002,1117,Delhi,Mumbai,2026-06-13
C045,P004,1914,Delhi,Jaipur,2026-04-28
C045,P003,511,Jaipur,Delhi,2026-04-06
C019,P002,995,Mumbai,Ahmedabad,2026-06-11
C029,P003,583,Delhi,Pune,2026-03-02
C044,P001,293,Pune,Ahmedabad,2026-01-02
C005,P004,1364,Pune,Ahmedabad,2026-04-30
C015,P002,453,Delhi,Pune,2026-01-07
C048,P003,605,Mumbai,Jaipur,2026-05-18
C010,P004,1718,Jaipur,Mumbai,2026-02-08
C032,P002,357,Mumbai,Delhi,2026-04-19
C022,P004,188,Ahmedabad,Jaipur,2026-06-11
C014,P004,1713,Mumbai,Pune,2026-04-12
C030,P004,208,Jaipur,Ahmedabad,2026-05-16
C007,P001,1420,Delhi,Mumbai,2026-06-11
C033,P004,1784,Ahmedabad,Delhi,2026-06-16
C041,P004,1291,Delhi,Ahmedabad,2026-04-13
C038,P003,1994,Mumbai,Delhi,2026-02-01
C026,P003,1353,Ahmedabad,Pune,2026-04-15
C045,P003,1180,Pune,Ahmedabad,2026-02-21
C020,P001,755,Jaipur,Pune,2026-06-15
C010,P002,793,Jaipur,Ahmedabad,2026-02-23
C034,P003,782,Jaipur,Pune,2026-01-16
C037,P003,1622,Ahmedabad,Jaipur,2026-02-06
C040,P001,940,Ahmedabad,Delhi,2026-04-01
C015,P003,1890,Delhi,Pune,2026-06-17
C043,P004,361,Mumbai,Jaipur,2026-05-25
C002,P002,483,Pune,Jaipur,2026-01-30
C043,P001,1299,Jaipur,Mumbai,2026-01-30
C016,P002,442,Jaipur,Delhi,2026-04-17
C049,P003,107,Pune,Jaipur,2026-03-17
C023,P002,184,Pune,Mumbai,2026-01-16
C009,P002,1844,Pune,Delhi,2026-02-01
C018,P001,788,Ahmedabad,Delhi,2026-04-16
C025,P004,1953,Pune,Delhi,2026-02-19
C047,P001,603,Pune,Jaipur,2026-05-31
C012,P004,328,Mumbai,Delhi,2026-04-12
C016,P003,1065,Mumbai,Pune,2026-04-26
C033,P003,1137,Pune,Delhi,2026-03-15
C037,P002,1713,Jaipur,Ahmedabad,2026-02-26
C041,P004,445,Ahmedabad,Mumbai,2026-04-02
C017,P002,1356,Jaipur,Delhi,2026-03-17
C044,P001,1411,Jaipur,Ahmedabad,2026-04-06
C032,P002,1810,Delhi,Mumbai,2026-06-28
C015,P001,1540,Pune,Mumbai,2026-02-24
C042,P004,1199,Jaipur,Ahmedabad,2026-05-18
C004,P001,660,Pune,Delhi,2026-01-16
C008,P004,917,Pune,Mumbai,2026-01-17
C032,P002,1592,Delhi,Ahmedabad,2026-03-06
C016,P001,1193,Mumbai,Ahmedabad,2026-03-13
C039,P004,1014,Mumbai,Jaipur,2026-02-05
C022,P003,1667,Mumbai,Delhi,2026-01-03
C050,P002,1930,Jaipur,Ahmedabad,2026-04-17
C013,P003,1350,Jaipur,Mumbai,2026-04-18
C033,P003,898,Jaipur,Delhi,2026-04-03
C034,P001,557,Mumbai,Pune,2026-06-07
C020,P004,231,Ahmedabad,Pune,2026-05-30
C028,P002,116,Jaipur,Pune,2026-01-31
C044,P002,1378,Jaipur,Pune,2026-04-20
C025,P001,903,Delhi,Ahmedabad,2026-01-11
C002,P003,730,Jaipur,Mumbai,2026-05-29
C024,P001,904,Pune,Mumbai,2026-05-12
C003,P004,1304,Delhi,Ahmedabad,2026-02-07
C031,P003,1943,Mumbai,Pune,2026-04-23
C046,P004,507,Pune,Jaipur,2026-06-24
C022,P004,844,Pune,Jaipur,2026-02-11
C023,P003,1537,Jaipur,Delhi,2026-02-20
C037,P003,1382,Delhi,Jaipur,2026-01-15
C047,P001,221,Pune,Delhi,2026-04-12
C025,P001,571,Ahmedabad,Pune,2026-01-06
C005,P001,534,Mumbai,Ahmedabad,2026-05-27
C049,P002,1411,Mumbai,Pune,2026-05-02
C021,P003,1680,Jaipur,Ahmedabad,2026-03-29
C037,P004,704,Pune,Delhi,2026-01-20
C023,P002,1519,Delhi,Mumbai,2026-03-27
C001,P002,1573,Delhi,Mumbai,2026-03-08
C045,P002,1662,Delhi,Pune,2026-03-21
C047,P004,139,Pune,Jaipur,2026-03-31
C033,P004,212,Delhi,Mumbai,2026-01-11
C040,P004,1554,Ahmedabad,Pune,2026-06-23
C019,P003,1927,Jaipur,Delhi,2026-02-07
C032,P004,1311,Ahmedabad,Pune,2026-06-28
C001,P003,1932,Ahmedabad,Pune,2026-02-21
C001,P001,591,Pune,Jaipur,2026-01-09
C040,P004,611,Delhi,Jaipur,2026-01-31
C005,P002,1360,Pune,Delhi,2026-03-20
C014,P002,1210,Delhi,Ahmedabad,2026-04-12
C037,P003,1820,Delhi,Pune,2026-06-07
C025,P003,1309,Pune,Delhi,2026-02-10
C035,P001,1659,Ahmedabad,Delhi,2026-03-22
C045,P002,1428,Ahmedabad,Mumbai,2026-02-11
C037,P002,187,Jaipur,Ahmedabad,2026-01-12
C030,P004,1469,Pune,Mumbai,2026-05-14
C038,P001,1658,Ahmedabad,Delhi,2026-02-15
C013,P003,592,Jaipur,Mumbai,2026-05-25
C046,P001,839,Delhi,Mumbai,2026-04-21
C036,P004,366,Mumbai,Pune,2026-06-18
C047,P002,348,Mumbai,Delhi,2026-03-02
C038,P001,213,Pune,Ahmedabad,2026-01-05
C001,P002,1393,Delhi,Mumbai,2026-04-06
C022,P001,1275,Jaipur,Mumbai,2026-01-15
C048,P001,242,Jaipur,Ahmedabad,2026-01-14
C039,P004,664,Delhi,Mumbai,2026-04-13
C010,P002,576,Ahmedabad,Pune,2026-04-09
C020,P003,694,Jaipur,Mumbai,2026-03-23
C042,P004,1838,Delhi,Ahmedabad,2026-03-07
C041,P002,1157,Delhi,Ahmedabad,2026-04-28
C034,P001,1719,Delhi,Jaipur,2026-05-31
C011,P002,276,Jaipur,Mumbai,2026-06-01
C047,P002,1253,Pune,Mumbai,2026-05-09
C032,P003,839,Jaipur,Delhi,2026-03-30
C030,P004,1375,Delhi,Ahmedabad,2026-06-19
C036,P004,1880,Pune,Jaipur,2026-04-29
C008,P003,358,Pune,Jaipur,2026-06-22
C010,P004,116,Pune,Delhi,2026-01-04
C021,P003,1465,Ahmedabad,Jaipur,2026-01-08
C042,P002,383,Delhi,Jaipur,2026-05-27
C014,P004,1180,Pune,Mumbai,2026-04-26
C048,P003,1706,Ahmedabad,Jaipur,2026-06-29
C013,P003,306,Delhi,Jaipur,2026-01-13
C016,P003,1052,Ahmedabad,Pune,2026-03-25
C036,P004,349,Mumbai,Delhi,2026-06-05
C049,P003,1885,Pune,Mumbai,2026-05-10
C032,P004,1920,Ahmedabad,Mumbai,2026-01-12
C008,P004,208,Mumbai,Pune,2026-04-13
C020,P003,744,Ahmedabad,Pune,2026-04-01
C050,P001,201,Delhi,Jaipur,2026-02-24
C018,P002,1080,Mumbai,Ahmedabad,2026-01-09
C032,P002,129,Jaipur,Pune,2026-06-24
C001,P004,603,Mumbai,Pune,2026-02-06
C010,P004,480,Mumbai,Pune,2026-03-05
C005,P002,321,Mumbai,Jaipur,2026-03-16
C021,P001,493,Pune,Delhi,2026-01-20
C006,P004,998,Jaipur,Ahmedabad,2026-06-04
C042,P004,1068,Ahmedabad,Delhi,2026-01-20
C042,P003,279,Ahmedabad,Mumbai,2026-01-29
C001,P003,1489,Delhi,Ahmedabad,2026-02-11
C022,P001,751,Pune,Delhi,2026-06-02
C013,P003,1110,Pune,Ahmedabad,2026-01-21
C050,P003,147,Jaipur,Ahmedabad,2026-03-21
C029,P003,1590,Ahmedabad,Jaipur,2026-03-10
C027,P003,817,Delhi,Pune,2026-03-22
C022,P004,1439,Ahmedabad,Jaipur,2026-02-11
C008,P002,1069,Jaipur,Delhi,2026-03-17
C006,P001,1883,Jaipur,Pune,2026-01-31
C021,P003,1321,Mumbai,Delhi,2026-05-07
C021,P004,1606,Mumbai,Delhi,2026-01-28
C037,P004,103,Pune,Ahmedabad,2026-04-15
C005,P003,613,Pune,Mumbai,2026-05-30
C023,P004,344,Pune,Ahmedabad,2026-01-08
C047,P003,1780,Delhi,Ahmedabad,2026-04-21
C020,P001,1343,Pune,Mumbai,2026-05-10
C020,P004,220,Mumbai,Jaipur,2026-05-08
C048,P004,525,Pune,Ahmedabad,2026-03-27
C043,P001,1375,Ahmedabad,Mumbai,2026-04-15
C037,P004,1244,Jaipur,Mumbai,2026-01-29
C046,P004,1466,Pune,Ahmedabad,2026-01-21
C049,P002,1163,Delhi,Pune,2026-01-10
C035,P004,1955,Jaipur,Pune,2026-06-29
C012,P001,910,Ahmedabad,Jaipur,2026-01-25
C010,P002,625,Pune,Delhi,2026-06-20
C002,P004,1058,Ahmedabad,Jaipur,2026-05-22
C037,P002,1957,Delhi,Mumbai,2026-05-07
C034,P004,677,Ahmedabad,Jaipur,2026-05-12
C001,P004,1104,Jaipur,Pune,2026-06-07
C047,P004,1375,Pune,Ahmedabad,2026-02-01
C008,P003,1754,Ahmedabad,Delhi,2026-05-21
C025,P004,794,Jaipur,Ahmedabad,2026-02-11
C028,P002,678,Ahmedabad,Mumbai,2026-06-09
C016,P002,1149,Jaipur,Delhi,2026-05-05
C018,P002,1878,Pune,Ahmedabad,2026-06-21
C010,P003,1889,Delhi,Ahmedabad,2026-03-10
C047,P001,1233,Ahmedabad,Delhi,2026-02-26
C011,P003,1664,Mumbai,Ahmedabad,2026-02-19
C043,P001,1025,Delhi,Mumbai,2026-04-10
C022,P003,190,Mumbai,Ahmedabad,2026-06-27
C037,P002,801,Ahmedabad,Delhi,2026-02-01
C026,P003,1251,Delhi,Jaipur,2026-01-06
C035,P003,1350,Jaipur,Delhi,2026-06-19
C014,P003,1563,Jaipur,Mumbai,2026-05-31
C010,P003,301,Jaipur,Delhi,2026-05-07
C022,P001,1269,Pune,Mumbai,2026-01-19
C023,P002,1210,Delhi,Pune,2026-01-23
C009,P003,1683,Pune,Delhi,2026-05-02
C043,P002,202,Mumbai,Pune,2026-02-10
C039,P001,1921,Delhi,Jaipur,2026-05-02
C020,P003,383,Ahmedabad,Pune,2026-05-28
C032,P003,781,Mumbai,Pune,2026-02-24
C040,P003,253,Pune,Mumbai,2026-03-14
C040,P002,614,Pune,Ahmedabad,2026-01-27
C012,P003,1192,Jaipur,Ahmedabad,2026-02-09
C012,P002,1458,Mumbai,Jaipur,2026-05-14
C043,P004,977,Mumbai,Pune,2026-05-29
C019,P003,1191,Ahmedabad,Mumbai,2026-03-23
C048,P001,650,Ahmedabad,Jaipur,2026-05-14
C041,P001,1866,Mumbai,Ahmedabad,2026-02-27
C018,P002,1924,Jaipur,Mumbai,2026-05-24
C021,P002,175,Jaipur,Mumbai,2026-02-14
C011,P001,217,Mumbai,Ahmedabad,2026-01-02
C043,P004,955,Pune,Ahmedabad,2026-04-11
C007,P002,1159,Ahmedabad,Delhi,2026-03-23
C049,P004,1356,Jaipur,Pune,2026-02-02
C017,P002,457,Ahmedabad,Mumbai,2026-03-08
C028,P004,1324,Delhi,Jaipur,2026-02-21
C048,P003,1465,Pune,Jaipur,2026-02-11
C043,P003,746,Ahmedabad,Pune,2026-03-20
C003,P001,576,Jaipur,Delhi,2026-06-23
C043,P004,1170,Mumbai,Jaipur,2026-01-27
C044,P001,1569,Mumbai,Ahmedabad,2026-04-29
C019,P001,715,Jaipur,Mumbai,2026-01-24
C008,P004,1359,Jaipur,Delhi,2026-02-23
C016,P002,1565,Ahmedabad,Jaipur,2026-03-16
C004,P002,157,Mumbai,Jaipur,2026-04-08
C010,P001,1285,Jaipur,Mumbai,2026-01-09
C029,P002,1140,Delhi,Mumbai,2026-01-07
C037,P003,337,Ahmedabad,Mumbai,2026-01-14
C042,P003,1362,Delhi,Pune,2026-03-13
C047,P003,1384,Jaipur,Pune,2026-01-30
C035,P003,1224,Pune,Jaipur,2026-04-22
C049,P003,1450,Jaipur,Delhi,2026-06-20
C004,P003,278,Delhi,Mumbai,2026-06-11
C036,P004,770,Pune,Delhi,2026-02-22
C012,P003,1175,Pune,Delhi,2026-04-04
C010,P004,390,Jaipur,Mumbai,2026-06-15
C029,P002,971,Mumbai,Jaipur,2026-02-03
C014,P003,1097,Delhi,Jaipur,2026-01-05
C047,P003,955,Jaipur,Delhi,2026-01-30
C003,P001,1241,Jaipur,Ahmedabad,2026-03-08
C003,P004,330,Ahmedabad,Mumbai,2026-04-03
C022,P002,205,Mumbai,Delhi,2026-01-26
C038,P003,1681,Jaipur,Mumbai,2026-02-26
C045,P001,382,Ahmedabad,Delhi,2026-06-27
C020,P001,1032,Jaipur,Pune,2026-03-12
C048,P004,575,Pune,Mumbai,2026-04-25
C024,P003,786,Delhi,Ahmedabad,2026-05-22
C025,P003,1875,Mumbai,Ahmedabad,2026-01-17
C006,P001,105,Ahmedabad,Jaipur,2026-05-16
C035,P002,1210,Jaipur,Mumbai,2026-04-25
C044,P004,1110,Mumbai,Jaipur,2026-05-04
C036,P004,1292,Delhi,Pune,2026-06-22
C017,P001,1937,Delhi,Pune,2026-06-01
C013,P003,1669,Mumbai,Ahmedabad,2026-05-19
C022,P004,1517,Pune,Jaipur,2026-02-11
C019,P003,1933,Pune,Mumbai,2026-01-27
C014,P001,912,Mumbai,Pune,2026-04-27
C018,P004,1912,Delhi,Pune,2026-01-21
C038,P004,609,Ahmedabad,Delhi,2026-06-19
C043,P004,1835,Mumbai,Ahmedabad,2026-02-13
C028,P004,923,Ahmedabad,Pune,2026-02-09
C004,P001,1573,Delhi,Ahmedabad,2026-06-26
C019,P002,562,Ahmedabad,Pune,2026-05-28
C017,P002,831,Mumbai,Pune,2026-01-16
C042,P002,1727,Ahmedabad,Pune,2026-04-26
C010,P002,1930,Ahmedabad,Jaipur,2026-05-30
C044,P002,820,Mumbai,Delhi,2026-05-06
C029,P001,368,Delhi,Ahmedabad,2026-04-19
C021,P002,1526,Delhi,Ahmedabad,2026-03-10
C043,P003,848,Mumbai,Jaipur,2026-02-05
C026,P002,1806,Ahmedabad,Delhi,2026-06-14
C032,P001,527,Jaipur,Ahmedabad,2026-01-24
C041,P001,1209,Pune,Delhi,2026-05-28
C036,P002,132,Ahmedabad,Pune,2026-04-21
C040,P001,1765,Mumbai,Pune,2026-04-06
C043,P003,1470,Pune,Jaipur,2026-03-13
C050,P004,1507,Ahmedabad,Delhi,2026-05-19
C002,P001,1700,Ahmedabad,Pune,2026-05-07
C004,P002,1290,Ahmedabad,Delhi,2026-05-01
C006,P004,1104,Delhi,Ahmedabad,2026-05-12
C044,P001,1339,Mumbai,Jaipur,2026-02-20
C031,P004,397,Delhi,Jaipur,2026-05-16
C037,P003,1579,Delhi,Mumbai,2026-02-01
C039,P001,668,Mumbai,Ahmedabad,2026-02-04
C028,P002,810,Jaipur,Ahmedabad,2026-02-06
C030,P001,1765,Delhi,Jaipur,2026-02-22
C032,P001,853,Jaipur,Delhi,2026-05-27
C035,P001,503,Pune,Ahmedabad,2026-05-14
C012,P004,1212,Pune,Ahmedabad,2026-06-08
C022,P003,610,Delhi,Jaipur,2026-05-24
C032,P002,496,Pune,Jaipur,2026-06-15
C050,P002,802,Mumbai,Pune,2026-01-21
C028,P002,1321,Pune,Jaipur,2026-02-15
C003,P003,169,Ahmedabad,Pune,2026-02-05
C035,P002,1093,Jaipur,Delhi,2026-01-25
C043,P002,1934,Delhi,Ahmedabad,2026-04-29
C045,P004,1203,Jaipur,Ahmedabad,2026-01-02
C002,P003,1078,Jaipur,Ahmedabad,2026-01-16
C041,P001,1980,Pune,Jaipur,2026-01-28
C033,P001,1133,Pune,Ahmedabad,2026-06-16
C027,P003,509,Mumbai,Jaipur,2026-04-10
C006,P002,154,Jaipur,Delhi,2026-02-20
C012,P001,1213,Mumbai,Delhi,2026-04-18
C024,P001,1437,Delhi,Pune,2026-02-09
C043,P003,1271,Delhi,Mumbai,2026-06-09
C039,P001,1934,Mumbai,Ahmedabad,2026-01-11
C047,P002,1345,Jaipur,Delhi,2026-01-01
C037,P004,1377,Delhi,Ahmedabad,2026-06-08
C008,P002,1173,Jaipur,Mumbai,2026-04-21
C048,P001,225,Delhi,Mumbai,2026-01-23
C011,P004,354,Pune,Ahmedabad,2026-04-06
C047,P001,1308,Jaipur,Delhi,2026-03-27
C029,P003,394,Ahmedabad,Jaipur,2026-05-16
C028,P002,1138,Ahmedabad,Mumbai,2026-06-23
C035,P002,1340,Jaipur,Mumbai,2026-01-31
C039,P004,1027,Jaipur,Pune,2026-05-06
C035,P001,469,Delhi,Jaipur,2026-01-03
C021,P001,623,Pune,Mumbai,2026-05-30
C048,P004,1923,Jaipur,Mumbai,2026-06-04
C002,P001,1750,Delhi,Mumbai,2026-03-09
C010,P003,1176,Pune,Delhi,2026-02-25
C042,P002,1564,Mumbai,Pune,2026-03-09
C031,P004,852,Delhi,Jaipur,2026-01-13
C045,P004,471,Pune,Jaipur,2026-05-19
C039,P003,1208,Jaipur,Delhi,2026-04-28
C004,P002,711,Mumbai,Pune,2026-04-24
C037,P001,1192,Jaipur,Mumbai,2026-03-26
C039,P001,1090,Mumbai,Pune,2026-06-14
C021,P003,599,Mumbai,Ahmedabad,2026-05-25
C035,P002,1378,Jaipur,Ahmedabad,2026-04-04
C015,P001,964,Ahmedabad,Delhi,2026-02-08
C028,P002,124,Pune,Delhi,2026-04-05
C024,P001,1106,Ahmedabad,Mumbai,2026-06-27
C044,P003,1771,Ahmedabad,Jaipur,2026-01-22
C002,P004,1767,Pune,Mumbai,2026-01-16
C003,P002,1570,Pune,Ahmedabad,2026-02-08
C050,P002,1397,Delhi,Ahmedabad,2026-01-23
C009,P003,1552,Pune,Ahmedabad,2026-05-13
C042,P004,1480,Ahmedabad,Delhi,2026-01-23
C039,P003,1690,Jaipur,Delhi,2026-02-10
C006,P001,548,Jaipur,Pune,2026-06-17
C010,P002,750,Delhi,Jaipur,2026-06-02
C030,P001,266,Pune,Ahmedabad,2026-05-24
C030,P001,546,Delhi,Jaipur,2026-02-07
C006,P001,968,Pune,Delhi,2026-03-25
C016,P003,1572,Delhi,Pune,2026-04-27
C010,P004,1665,Delhi,Jaipur,2026-02-11
C004,P004,973,Ahmedabad,Jaipur,2026-02-08
C038,P003,804,Ahmedabad,Jaipur,2026-03-10
C017,P003,860,Delhi,Jaipur,2026-02-17
C011,P003,122,Jaipur,Ahmedabad,2026-06-22
C009,P002,1465,Jaipur,Pune,2026-06-11
C009,P004,877,Pune,Ahmedabad,2026-02-24
C016,P002,834,Jaipur,Mumbai,2026-04-03
C048,P001,1453,Delhi,Ahmedabad,2026-04-23
C002,P004,1305,Pune,Jaipur,2026-06-23
C003,P004,1006,Ahmedabad,Pune,2026-02-01
C001,P001,1602,Delhi,Mumbai,2026-03-12
C039,P001,1703,Jaipur,Ahmedabad,2026-03-31
C006,P004,989,Delhi,Ahmedabad,2026-05-17
C028,P003,1935,Pune,Mumbai,2026-03-05
C021,P002,307,Pune,Mumbai,2026-06-06
C003,P001,659,Mumbai,Delhi,2026-04-10
C041,P001,650,Ahmedabad,Mumbai,2026-03-11
C048,P003,352,Jaipur,Pune,2026-01-19
C044,P001,416,Delhi,Pune,2026-03-26
C050,P003,1360,Pune,Jaipur,2026-03-28
C016,P001,1869,Delhi,Jaipur,2026-06-11
C016,P004,1883,Mumbai,Jaipur,2026-01-16
C008,P004,1993,Pune,Jaipur,2026-03-28
C023,P002,391,Pune,Jaipur,2026-03-22
C022,P003,1186,Jaipur,Delhi,2026-03-16
C034,P001,752,Pune,Mumbai,2026-01-21
C037,P001,1391,Ahmedabad,Mumbai,2026-05-22
C005,P004,584,Mumbai,Delhi,2026-01-27
C039,P004,1257,Ahmedabad,Pune,2026-03-25
C049,P001,561,Jaipur,Pune,2026-05-31
C008,P001,462,Jaipur,Pune,2026-06-07
C014,P001,1983,Pune,Jaipur,2026-02-07
C034,P001,1569,Jaipur,Pune,2026-03-08
C036,P002,122,Delhi,Pune,2026-02-04
C050,P003,1720,Ahmedabad,Delhi,2026-03-31
C035,P001,1441,Jaipur,Mumbai,2026-06-14
C048,P001,325,Pune,Jaipur,2026-03-07
C035,P004,1674,Mumbai,Pune,2026-01-28
C034,P003,919,Jaipur,Delhi,2026-02-02
C048,P003,1413,Pune,Ahmedabad,2026-05-04
C010,P001,560,Mumbai,Delhi,2026-03-23
C050,P002,1036,Jaipur,Pune,2026-03-08
C039,P004,325,Ahmedabad,Delhi,2026-02-25
C047,P002,1265,Mumbai,Delhi,2026-03-17
C037,P002,528,Delhi,Jaipur,2026-03-31
C028,P002,920,Ahmedabad,Delhi,2026-04-25
C043,P003,903,Mumbai,Pune,2026-05-01
C022,P002,1885,Delhi,Jaipur,2026-03-31
C005,P004,1384,Pune,Jaipur,2026-06-06
C031,P003,1594,Mumbai,Delhi,2026-04-04
C029,P001,448,Delhi,Pune,2026-03-05
C009,P001,1899,Jaipur,Delhi,2026-03-25
C033,P001,1895,Ahmedabad,Mumbai,2026-05-07
C008,P002,1113,Pune,Jaipur,2026-03-28
C007,P003,1503,Jaipur,Pune,2026-03-07
C009,P003,1226,Pune,Jaipur,2026-03-08
C012,P004,1300,Ahmedabad,Mumbai,2026-02-04
C043,P004,251,Jaipur,Ahmedabad,2026-03-05
C024,P002,244,Mumbai,Jaipur,2026-01-16
C002,P001,1257,Ahmedabad,Pune,2026-05-24
C041,P004,1129,Jaipur,Delhi,2026-01-22
C034,P004,665,Mumbai,Pune,2026-03-17
C022,P004,1286,Mumbai,Pune,2026-03-23
C031,P002,102,Mumbai,Delhi,2026-05-11
C002,P002,1615,Jaipur,Pune,2026-05-29
C031,P002,1142,Delhi,Ahmedabad,2026-02-16
C037,P001,548,Delhi,Ahmedabad,2026-05-18
C038,P001,1460,Jaipur,Pune,2026-04-29
C021,P003,943,Pune,Ahmedabad,2026-04-07
C050,P002,592,Delhi,Jaipur,2026-06-05
C017,P003,743,Pune,Delhi,2026-02-08
C010,P002,714,Mumbai,Jaipur,2026-06-05
C005,P002,1288,Jaipur,Delhi,2026-04-23
C025,P002,1448,Delhi,Pune,2026-06-01
C045,P001,1459,Jaipur,Mumbai,2026-04-26
C026,P001,279,Pune,Jaipur,2026-02-22
C022,P002,550,Ahmedabad,Delhi,2026-05-18
C012,P004,1156,Jaipur,Pune,2026-06-12
C027,P003,959,Delhi,Pune,2026-03-29
C009,P001,1024,Ahmedabad,Jaipur,2026-04-03
C024,P004,785,Ahmedabad,Pune,2026-04-06
C043,P004,1217,Mumbai,Jaipur,2026-06-16
C036,P003,1101,Ahmedabad,Pune,2026-02-05
C028,P003,1097,Delhi,Ahmedabad,2026-03-18
C015,P002,1355,Delhi,Pune,2026-03-29
C023,P003,1437,Pune,Mumbai,2026-03-21
C049,P004,413,Mumbai,Jaipur,2026-05-16
C045,P001,268,Pune,Delhi,2026-06-22
C006,P001,1484,Pune,Ahmedabad,2026-03-06
C015,P004,1882,Jaipur,Delhi,2026-01-28
C043,P002,268,Delhi,Mumbai,2026-06-25
C006,P004,1852,Pune,Jaipur,2026-06-08
C029,P004,869,Delhi,Ahmedabad,2026-04-10
C039,P002,233,Jaipur,Delhi,2026-04-13
C044,P003,1297,Jaipur,Mumbai,2026-03-28
C039,P003,210,Pune,Jaipur,2026-06-23
C023,P001,585,Delhi,Mumbai,2026-03-14
C001,P003,198,Jaipur,Mumbai,2026-05-01
C002,P001,1018,Delhi,Ahmedabad,2026-01-09
C005,P001,991,Ahmedabad,Pune,2026-05-03
C042,P002,1005,Jaipur,Delhi,2026-02-21
C026,P003,906,Pune,Ahmedabad,2026-02-09
C044,P002,1854,Pune,Jaipur,2026-01-03
C002,P001,1977,Pune,Jaipur,2026-01-22
C003,P004,242,Pune,Jaipur,2026-05-21
C033,P003,1408,Mumbai,Delhi,2026-01-28
C012,P001,1184,Jaipur,Ahmedabad,2026-04-22
C032,P004,667,Pune,Mumbai,2026-01-04
C006,P003,1559,Jaipur,Ahmedabad,2026-06-20
C011,P002,1867,Ahmedabad,Delhi,2026-05-03
C001,P002,552,Jaipur,Pune,2026-06-08
C018,P001,1528,Jaipur,Pune,2026-06-02
C027,P004,1141,Delhi,Jaipur,2026-02-13
C045,P004,189,Mumbai,Pune,2026-01-10
C040,P002,295,Pune,Jaipur,2026-02-01
C045,P002,1828,Jaipur,Pune,2026-02-19
C023,P003,1785,Ahmedabad,Delhi,2026-06-19
C038,P004,1282,Delhi,Ahmedabad,2026-04-01
C002,P002,715,Ahmedabad,Mumbai,2026-06-14
C017,P001,404,Ahmedabad,Delhi,2026-02-27
C018,P004,142,Pune,Jaipur,2026-01-02
C037,P003,1797,Ahmedabad,Pune,2026-06-03
C003,P004,473,Ahmedabad,Pune,2026-04-24
C022,P004,726,Jaipur,Ahmedabad,2026-03-16
C015,P003,842,Ahmedabad,Pune,2026-06-16
C033,P002,587,Delhi,Jaipur,2026-04-14
C004,P001,1468,Pune,Delhi,2026-04-06
C050,P004,535,Ahmedabad,Mumbai,2026-05-21
C036,P002,1858,Mumbai,Pune,2026-04-10
C013,P003,1509,Delhi,Jaipur,2026-06-07
C037,P003,924,Ahmedabad,Mumbai,2026-04-03
C043,P004,547,Pune,Jaipur,2026-02-05
C024,P002,1567,Jaipur,Ahmedabad,2026-03-18
C001,P004,672,Delhi,Ahmedabad,2026-04-20
C009,P002,1751,Delhi,Mumbai,2026-01-28
C010,P001,1506,Pune,Jaipur,2026-04-04
C027,P003,1848,Ahmedabad,Pune,2026-04-03
C023,P001,1113,Pune,Mumbai,2026-02-18
C037,P002,1240,Pune,Delhi,2026-05-22
C020,P001,1466,Ahmedabad,Pune,2026-02-12
C043,P002,1734,Ahmedabad,Mumbai,2026-05-02
C008,P004,858,Delhi,Ahmedabad,2026-03-15
C022,P002,1558,Pune,Mumbai,2026-04-13
C016,P004,494,Mumbai,Jaipur,2026-04-18
C041,P002,266,Delhi,Ahmedabad,2026-06-16
C011,P003,1942,Pune,Delhi,2026-03-26
C046,P002,1828,Delhi,Jaipur,2026-01-01
C027,P001,508,Mumbai,Pune,2026-04-21
C019,P002,1382,Ahmedabad,Pune,2026-01-21
C021,P004,666,Jaipur,Ahmedabad,2026-05-09
C005,P004,1507,Ahmedabad,Jaipur,2026-01-19
C011,P004,196,Mumbai,Pune,2026-03-09
C041,P002,1634,Ahmedabad,Mumbai,2026-03-19
C028,P002,983,Jaipur,Ahmedabad,2026-01-29
C022,P004,1595,Mumbai,Ahmedabad,2026-04-19
C045,P002,839,Mumbai,Ahmedabad,2026-01-22
C027,P001,1643,Delhi,Jaipur,2026-06-10
C021,P003,629,Mumbai,Ahmedabad,2026-05-29
C011,P004,327,Ahmedabad,Pune,2026-04-08
C001,P001,519,Pune,Jaipur,2026-06-20
C029,P003,1299,Mumbai,Delhi,2026-05-04
C029,P003,599,Pune,Ahmedabad,2026-01-17
C042,P001,1647,Delhi,Mumbai,2026-02-14
C009,P004,1809,Jaipur,Delhi,2026-03-21
C048,P002,540,Delhi,Jaipur,2026-05-29
C046,P001,1494,Delhi,Pune,2026-01-11
C010,P003,311,Mumbai,Delhi,2026-03-09
C047,P004,798,Pune,Ahmedabad,2026-03-15
C039,P002,1835,Jaipur,Pune,2026-05-09
C019,P003,1757,Pune,Mumbai,2026-01-29
C010,P001,1837,Jaipur,Ahmedabad,2026-03-26
C043,P003,1037,Delhi,Pune,2026-04-17
C002,P004,1973,Delhi,Pune,2026-04-14
C036,P002,1020,Delhi,Jaipur,2026-01-21
C043,P004,810,Ahmedabad,Delhi,2026-06-11
C017,P004,107,Mumbai,Ahmedabad,2026-04-26
C010,P003,1295,Ahmedabad,Pune,2026-04-05
C032,P002,1284,Mumbai,Pune,2026-01-13
C025,P003,1723,Delhi,Jaipur,2026-01-12
C039,P003,1878,Delhi,Mumbai,2026-03-09
C001,P003,114,Mumbai,Jaipur,2026-04-29
C023,P001,1490,Delhi,Mumbai,2026-06-12
C020,P002,1308,Mumbai,Jaipur,2026-01-04
C027,P001,236,Pune,Mumbai,2026-01-19
C048,P004,349,Ahmedabad,Delhi,2026-06-19
C045,P001,172,Delhi,Jaipur,2026-05-23
C030,P001,652,Ahmedabad,Mumbai,2026-01-31
C035,P003,635,Ahmedabad,Mumbai,2026-04-15
C049,P001,704,Mumbai,Delhi,2026-04-29
C025,P003,129,Pune,Jaipur,2026-04-13
C021,P004,1697,Mumbai,Ahmedabad,2026-06-11
C049,P001,803,Pune,Delhi,2026-04-27
C019,P003,228,Mumbai,Delhi,2026-05-09
C021,P003,247,Pune,Ahmedabad,2026-02-16
C006,P003,1437,Ahmedabad,Delhi,2026-03-16
C044,P003,1154,Ahmedabad,Delhi,2026-04-13
C033,P003,952,Pune,Jaipur,2026-03-30
C026,P001,101,Jaipur,Ahmedabad,2026-06-16
C007,P003,1794,Ahmedabad,Jaipur,2026-06-16
C008,P004,1837,Jaipur,Mumbai,2026-03-01
C036,P001,1301,Jaipur,Delhi,2026-02-20
C042,P001,231,Delhi,Pune,2026-03-07
C048,P003,1171,Pune,Jaipur,2026-05-05
C005,P001,666,Ahmedabad,Jaipur,2026-01-25
C023,P003,1251,Jaipur,Ahmedabad,2026-06-25
C041,P002,412,Mumbai,Jaipur,2026-02-12
C046,P002,635,Delhi,Mumbai,2026-04-04
C021,P001,194,Mumbai,Jaipur,2026-03-31
C017,P001,972,Mumbai,Jaipur,2026-01-29
C025,P003,1466,Delhi,Mumbai,2026-04-17
C028,P004,508,Pune,Jaipur,2026-02-18
C021,P003,1531,Delhi,Pune,2026-02-12
C001,P002,1486,Delhi,Pune,2026-03-06
C040,P004,1898,Mumbai,Delhi,2026-05-28
C032,P002,528,Ahmedabad,Pune,2026-04-07
C009,P002,1116,Ahmedabad,Jaipur,2026-05-18
C049,P001,1152,Pune,Ahmedabad,2026-04-29
C005,P003,817,Pune,Jaipur,2026-02-21
C009,P001,127,Mumbai,Delhi,2026-03-05
C023,P002,1564,Jaipur,Pune,2026-04-15
C006,P003,191,Jaipur,Delhi,2026-01-14
C026,P001,1497,Pune,Delhi,2026-04-10
C022,P001,853,Ahmedabad,Pune,2026-02-06
C020,P001,456,Ahmedabad,Pune,2026-06-24
C006,P002,458,Pune,Ahmedabad,2026-05-05
C001,P002,1442,Mumbai,Ahmedabad,2026-02-21
C003,P001,1851,Ahmedabad,Jaipur,2026-03-11
C034,P003,409,Mumbai,Jaipur,2026-06-14
C011,P002,615,Ahmedabad,Delhi,2026-06-03
C044,P001,868,Ahmedabad,Mumbai,2026-01-03
C007,P002,188,Mumbai,Delhi,2026-01-15
C012,P004,1866,Delhi,Mumbai,2026-02-15
C025,P002,1394,Mumbai,Delhi,2026-04-02
C039,P004,206,Mumbai,Jaipur,2026-05-01
C044,P003,695,Jaipur,Delhi,2026-06-18
C012,P001,149,Jaipur,Pune,2026-05-19
C019,P004,965,Jaipur,Mumbai,2026-04-24
C001,P004,862,Delhi,Mumbai,2026-02-08
C045,P001,246,Mumbai,Delhi,2026-03-04
C025,P002,1642,Ahmedabad,Pune,2026-02-17
C008,P001,1997,Jaipur,Pune,2026-05-26
C011,P004,1926,Jaipur,Ahmedabad,2026-01-07
C005,P003,872,Mumbai,Ahmedabad,2026-01-26
C012,P001,1386,Pune,Delhi,2026-03-10
C038,P001,1000,Pune,Jaipur,2026-03-06
C029,P002,1681,Ahmedabad,Pune,2026-06-11
C027,P001,1874,Jaipur,Mumbai,2026-02-25
C030,P003,336,Ahmedabad,Delhi,2026-04-29
C036,P003,1921,Ahmedabad,Pune,2026-01-01
C022,P003,1886,Mumbai,Ahmedabad,2026-05-11
C038,P004,766,Ahmedabad,Jaipur,2026-01-19
C013,P004,1394,Ahmedabad,Mumbai,2026-02-26
C014,P001,712,Delhi,Pune,2026-06-27
C022,P002,150,Mumbai,Delhi,2026-06-10
C011,P001,1759,Jaipur,Pune,2026-05-16
C023,P004,405,Delhi,Pune,2026-03-11
C014,P004,1025,Ahmedabad,Pune,2026-06-25
C040,P001,1733,Ahmedabad,Pune,2026-04-14
C035,P004,1102,Mumbai,Delhi,2026-06-12
C026,P002,1140,Pune,Ahmedabad,2026-05-19
C001,P004,708,Delhi,Jaipur,2026-06-20
C045,P004,393,Ahmedabad,Jaipur,2026-01-08
C045,P004,760,Mumbai,Delhi,2026-01-23
C047,P002,371,Delhi,Mumbai,2026-01-24
C010,P004,1757,Pune,Ahmedabad,2026-02-04
C011,P001,654,Ahmedabad,Delhi,2026-01-27
C013,P001,834,Ahmedabad,Jaipur,2026-03-11
C039,P003,382,Pune,Jaipur,2026-01-17
C003,P002,1716,Pune,Jaipur,2026-01-03
C019,P004,652,Ahmedabad,Delhi,2026-04-16
C043,P001,1388,Ahmedabad,Pune,2026-01-18
C021,P002,1390,Ahmedabad,Jaipur,2026-03-23
C028,P004,812,Ahmedabad,Jaipur,2026-05-05
C031,P001,1196,Jaipur,Pune,2026-02-19
C018,P001,751,Pune,Ahmedabad,2026-06-06
C007,P002,855,Pune,Jaipur,2026-01-21
C029,P003,1883,Delhi,Ahmedabad,2026-05-15
C019,P002,1439,Jaipur,Delhi,2026-01-27
C015,P004,1302,Pune,Jaipur,2026-02-24
C010,P003,1814,Mumbai,Jaipur,2026-05-24
C026,P004,730,Delhi,Pune,2026-04-10
C018,P004,1274,Jaipur,Delhi,2026-03-09
C050,P002,1227,Delhi,Jaipur,2026-03-07
C001,P002,666,Jaipur,Ahmedabad,2026-05-19
C048,P004,606,Delhi,Mumbai,2026-05-30
C042,P001,1170,Mumbai,Pune,2026-03-14
C001,P003,1829,Jaipur,Pune,2026-01-03
C041,P003,921,Jaipur,Delhi,2026-03-26
C016,P004,676,Pune,Ahmedabad,2026-03-07
C036,P001,1528,Ahmedabad,Mumbai,2026-04-21
C047,P002,293,Pune,Delhi,2026-03-02
C027,P001,1203,Mumbai,Jaipur,2026-05-28
C031,P004,1391,Mumbai,Jaipur,2026-03-24
C019,P002,570,Jaipur,Delhi,2026-01-31
C003,P001,1281,Pune,Jaipur,2026-03-04
C032,P001,1714,Mumbai,Ahmedabad,2026-06-19
C032,P004,1326,Pune,Delhi,2026-02-25
C021,P001,1828,Delhi,Pune,2026-02-17
C026,P001,526,Pune,Delhi,2026-01-11
C017,P001,1682,Jaipur,Delhi,2026-03-11
C006,P004,1049,Ahmedabad,Pune,2026-02-08
C026,P002,1527,Ahmedabad,Jaipur,2026-05-11
C006,P001,1883,Ahmedabad,Pune,2026-02-28
C009,P001,1061,Ahmedabad,Jaipur,2026-06-15
C037,P003,1851,Pune,Delhi,2026-02-03
C050,P002,769,Delhi,Ahmedabad,2026-03-09
C018,P001,1376,Jaipur,Mumbai,2026-03-28
C020,P003,689,Ahmedabad,Pune,2026-05-28
C017,P002,953,Pune,Delhi,2026-05-22
C023,P003,786,Mumbai,Jaipur,2026-06-27
C012,P004,1665,Delhi,Mumbai,2026-01-08
C023,P003,177,Jaipur,Delhi,2026-03-08
C039,P004,1141,Ahmedabad,Mumbai,2026-05-10
C016,P001,928,Mumbai,Pune,2026-06-11
C047,P004,1108,Ahmedabad,Jaipur,2026-01-12
C004,P002,805,Mumbai,Jaipur,2026-05-05
C049,P003,464,Ahmedabad,Delhi,2026-06-08
C035,P002,322,Pune,Delhi,2026-03-26
C005,P003,1172,Delhi,Mumbai,2026-02-08
C003,P004,1766,Delhi,Mumbai,2026-05-19
C020,P003,154,Mumbai,Ahmedabad,2026-01-09
C040,P004,1965,Jaipur,Delhi,2026-02-13
C031,P003,1402,Ahmedabad,Delhi,2026-01-09
C044,P001,1871,Jaipur,Ahmedabad,2026-05-06
C048,P003,606,Jaipur,Pune,2026-01-12
C048,P004,156,Pune,Jaipur,2026-06-15
C024,P001,1759,Jaipur,Ahmedabad,2026-04-19
C044,P003,1736,Ahmedabad,Pune,2026-06-23
C030,P003,1746,Jaipur,Delhi,2026-05-14
C002,P002,679,Jaipur,Pune,2026-05-05
C037,P001,1684,Ahmedabad,Pune,2026-02-01
C037,P004,1998,Pune,Ahmedabad,2026-01-22
C047,P001,589,Jaipur,Ahmedabad,2026-04-12
C021,P004,1084,Mumbai,Jaipur,2026-04-11
C047,P002,1269,Mumbai,Delhi,2026-04-02
C024,P001,600,Mumbai,Ahmedabad,2026-05-20
C028,P002,383,Mumbai,Pune,2026-03-21
C047,P002,510,Pune,Jaipur,2026-01-29
C050,P001,544,Jaipur,Delhi,2026-03-01
C043,P004,557,Jaipur,Pune,2026-01-21
C002,P004,1623,Pune,Jaipur,2026-06-28
C047,P003,202,Mumbai,Jaipur,2026-05-01
C015,P004,1569,Delhi,Pune,2026-04-30
C047,P001,1337,Mumbai,Pune,2026-02-01
C002,P002,1961,Pune,Delhi,2026-03-11
C043,P004,887,Delhi,Ahmedabad,2026-05-31
C048,P001,168,Jaipur,Pune,2026-04-03
C014,P001,1031,Jaipur,Mumbai,2026-06-29
C035,P001,1149,Ahmedabad,Pune,2026-04-22
C031,P001,1033,Ahmedabad,Mumbai,2026-01-23
C019,P002,154,Ahmedabad,Delhi,2026-04-12
C043,P001,395,Ahmedabad,Pune,2026-03-31
C031,P003,607,Jaipur,Ahmedabad,2026-04-13
C050,P003,1518,Delhi,Mumbai,2026-04-16
C029,P003,177,Delhi,Mumbai,2026-03-17
C004,P004,247,Jaipur,Delhi,2026-04-10
C008,P004,337,Pune,Ahmedabad,2026-03-04
C024,P002,1509,Delhi,Ahmedabad,2026-05-31
C020,P001,1057,Pune,Mumbai,2026-01-30
C048,P003,1982,Ahmedabad,Mumbai,2026-06-09
C048,P001,1726,Ahmedabad,Pune,2026-03-31
C031,P003,949,Jaipur,Pune,2026-02-28
C012,P001,871,Mumbai,Pune,2026-01-06
C009,P001,291,Delhi,Jaipur,2026-06-22
C027,P001,381,Pune,Ahmedabad,2026-01-10
C040,P003,1981,Jaipur,Pune,2026-04-04
C007,P002,487,Jaipur,Mumbai,2026-06-11
C040,P003,1543,Ahmedabad,Pune,2026-02-24
C022,P003,152,Delhi,Mumbai,2026-02-13
C016,P001,1981,Delhi,Ahmedabad,2026-05-10
C038,P003,1404,Pune,Mumbai,2026-02-24
C040,P002,850,Mumbai,Delhi,2026-06-24
C016,P002,1326,Jaipur,Delhi,2026-04-21
C032,P003,253,Delhi,Jaipur,2026-05-09
C005,P001,1974,Mumbai,Ahmedabad,2026-05-10
C006,P002,238,Pune,Delhi,2026-03-27
C010,P003,1060,Mumbai,Pune,2026-05-11
C023,P001,1744,Ahmedabad,Delhi,2026-02-18
C042,P004,1008,Delhi,Pune,2026-04-28
C020,P004,1145,Pune,Delhi,2026-05-15
C007,P004,200,Pune,Mumbai,2026-06-04
C046,P003,383,Delhi,Jaipur,2026-06-30
C016,P004,1290,Jaipur,Pune,2026-06-25
C029,P004,1242,Jaipur,Pune,2026-02-20
C032,P004,1545,Jaipur,Ahmedabad,2026-01-28
C020,P003,1841,Ahmedabad,Jaipur,2026-04-01
C019,P003,1296,Delhi,Ahmedabad,2026-02-10
C036,P003,1764,Jaipur,Ahmedabad,2026-06-25
C001,P004,1115,Pune,Jaipur,2026-04-03
C004,P001,1199,Ahmedabad,Jaipur,2026-02-19
C025,P003,939,Jaipur,Mumbai,2026-04-22
C021,P002,859,Mumbai,Pune,2026-06-12
C014,P001,177,Ahmedabad,Jaipur,2026-06-01
C031,P003,1849,Ahmedabad,Mumbai,2026-05-27
C034,P002,354,Ahmedabad,Jaipur,2026-01-06
C001,P001,1876,Ahmedabad,Jaipur,2026-05-28
C019,P003,1213,Delhi,Mumbai,2026-04-16
C035,P002,1115,Jaipur,Ahmedabad,2026-02-04
C026,P001,734,Mumbai,Pune,2026-03-13
C005,P002,575,Jaipur,Mumbai,2026-06-28
C017,P001,257,Mumbai,Pune,2026-02-09
C011,P002,733,Delhi,Jaipur,2026-06-30
C047,P002,1059,Delhi,Pune,2026-06-04
C023,P002,1068,Mumbai,Ahmedabad,2026-02-16
C006,P003,1969,Ahmedabad,Delhi,2026-06-26
C019,P003,1673,Mumbai,Ahmedabad,2026-04-02
C019,P004,1189,Jaipur,Pune,2026-05-29
C023,P004,925,Mumbai,Delhi,2026-05-24
C012,P003,1657,Pune,Ahmedabad,2026-02-11
C050,P002,1680,Delhi,Ahmedabad,2026-05-16
C048,P004,1954,Jaipur,Delhi,2026-05-22
C032,P001,1721,Jaipur,Mumbai,2026-05-17
C028,P004,445,Mumbai,Jaipur,2026-06-08
C044,P002,536,Ahmedabad,Delhi,2026-04-11
C050,P001,1107,Delhi,Pune,2026-03-19
C038,P001,1835,Mumbai,Pune,2026-05-22
C037,P002,1257,Mumbai,Pune,2026-02-18
C017,P004,1640,Jaipur,Pune,2026-06-18
C015,P004,699,Jaipur,Mumbai,2026-06-12
C017,P003,1692,Mumbai,Jaipur,2026-05-11
C048,P001,1472,Pune,Delhi,2026-06-29
C043,P002,1218,Mumbai,Ahmedabad,2026-05-28
C018,P001,1614,Mumbai,Ahmedabad,2026-03-12
C024,P004,940,Ahmedabad,Jaipur,2026-04-23
C009,P001,646,Pune,Mumbai,2026-05-16
C013,P003,438,Mumbai,Ahmedabad,2026-01-01
C029,P004,1065,Pune,Ahmedabad,2026-01-30
C024,P003,834,Mumbai,Delhi,2026-06-29
C034,P003,350,Jaipur,Pune,2026-01-11
C013,P003,1309,Delhi,Mumbai,2026-02-21
C006,P001,1561,Mumbai,Pune,2026-02-25
C050,P003,1889,Jaipur,Delhi,2026-06-02
C008,P004,1968,Ahmedabad,Pune,2026-02-14
C027,P002,1345,Pune,Mumbai,2026-03-17
C029,P002,859,Jaipur,Delhi,2026-05-05
C026,P002,873,Jaipur,Ahmedabad,2026-02-07
C016,P003,917,Jaipur,Ahmedabad,2026-01-02
C016,P001,687,Ahmedabad,Delhi,2026-01-21
C024,P003,1095,Mumbai,Ahmedabad,2026-04-30
C031,P003,1928,Jaipur,Ahmedabad,2026-02-07
C044,P001,232,Delhi,Jaipur,2026-02-02
C049,P002,387,Jaipur,Pune,2026-02-17
C034,P002,636,Jaipur,Delhi,2026-06-17
C029,P004,1498,Mumbai,Jaipur,2026-05-01
C012,P004,1094,Delhi,Mumbai,2026-02-13
C018,P001,897,Jaipur,Mumbai,2026-04-12
C043,P004,1150,Mumbai,Ahmedabad,2026-04-21
C046,P001,1165,Delhi,Jaipur,2026-01-21
C035,P002,1657,Pune,Mumbai,2026-03-26
C023,P001,1290,Delhi,Ahmedabad,2026-04-11
C026,P004,1548,Mumbai,Pune,2026-01-23
C036,P002,154,Pune,Delhi,2026-06-03
C048,P004,552,Jaipur,Ahmedabad,2026-06-08
C031,P004,416,Jaipur,Pune,2026-01-05
C027,P003,953,Mumbai,Jaipur,2026-06-29
C028,P003,1700,Delhi,Mumbai,2026-03-15
C009,P003,959,Mumbai,Jaipur,2026-02-27
C012,P001,915,Ahmedabad,Pune,2026-04-27
C036,P002,607,Ahmedabad,Delhi,2026-04-19
C030,P004,873,Mumbai,Jaipur,2026-03-02
C013,P001,905,Pune,Ahmedabad,2026-02-06
C020,P003,1052,Mumbai,Delhi,2026-03-11
C024,P004,963,Jaipur,Mumbai,2026-02-02
C047,P001,1378,Pune,Mumbai,2026-04-21
C038,P003,863,Ahmedabad,Mumbai,2026-05-04
C030,P003,198,Pune,Jaipur,2026-06-01
C032,P004,172,Mumbai,Ahmedabad,2026-01-22
C041,P004,811,Jaipur,Delhi,2026-01-24
C015,P001,1045,Mumbai,Jaipur,2026-04-14
C003,P004,150,Ahmedabad,Delhi,2026-05-27
C007,P001,1652,Delhi,Ahmedabad,2026-01-07
C041,P001,731,Ahmedabad,Delhi,2026-01-27
C019,P001,1293,Pune,Jaipur,2026-04-30
C006,P004,1504,Ahmedabad,Delhi,2026-04-29
C046,P004,1902,Pune,Mumbai,2026-02-10
C026,P004,172,Delhi,Mumbai,2026-05-26
C008,P004,1206,Mumbai,Jaipur,2026-06-27
C028,P001,1327,Delhi,Jaipur,2026-06-06
C037,P003,1473,Mumbai,Jaipur,2026-05-15
C025,P001,522,Jaipur,Delhi,2026-03-16
C047,P004,1819,Mumbai,Jaipur,2026-01-13
C014,P003,1300,Jaipur,Pune,2026-03-13
C026,P001,1273,Jaipur,Pune,2026-05-11
C011,P004,1211,Delhi,Pune,2026-04-04
C034,P001,924,Pune,Ahmedabad,2026-01-17
C029,P004,502,Jaipur,Pune,2026-03-03
C031,P002,1231,Pune,Jaipur,2026-03-09
C037,P004,305,Delhi,Mumbai,2026-03-19
C006,P002,1866,Delhi,Ahmedabad,2026-03-22
C003,P001,1746,Ahmedabad,Jaipur,2026-05-26
C033,P002,892,Mumbai,Pune,2026-04-17
C019,P002,1794,Delhi,Pune,2026-04-20
C016,P001,950,Delhi,Mumbai,2026-05-22
C010,P002,313,Mumbai,Delhi,2026-03-06
C048,P002,108,Pune,Jaipur,2026-06-25
C028,P002,492,Jaipur,Ahmedabad,2026-05-28
C009,P002,166,Pune,Ahmedabad,2026-05-11
C023,P001,1154,Pune,Jaipur,2026-04-12
C034,P001,783,Delhi,Jaipur,2026-01-06
C004,P003,1529,Mumbai,Delhi,2026-03-14
C048,P004,724,Mumbai,Ahmedabad,2026-03-18
C007,P001,1566,Jaipur,Pune,2026-02-19
C021,P004,1810,Delhi,Mumbai,2026-05-31
C010,P002,284,Ahmedabad,Mumbai,2026-03-05
C004,P004,1713,Delhi,Ahmedabad,2026-05-14
C006,P002,342,Ahmedabad,Mumbai,2026-02-08
C039,P003,1263,Pune,Jaipur,2026-01-05
C044,P002,1612,Jaipur,Mumbai,2026-06-26
C040,P001,1583,Mumbai,Jaipur,2026-06-06
C012,P001,1110,Pune,Mumbai,2026-02-10
C034,P001,1425,Jaipur,Mumbai,2026-04-11
C023,P003,1799,Ahmedabad,Delhi,2026-01-06
C006,P002,385,Delhi,Pune,2026-06-13
C044,P001,1101,Mumbai,Pune,2026-06-23
C046,P001,757,Pune,Mumbai,2026-02-20
C034,P002,1730,Ahmedabad,Pune,2026-04-25
C028,P002,647,Delhi,Ahmedabad,2026-03-02
C046,P001,1128,Pune,Jaipur,2026-02-10
C023,P003,1982,Jaipur,Mumbai,2026-05-14
C011,P002,1834,Ahmedabad,Pune,2026-06-02
C026,P001,732,Pune,Delhi,2026-02-06
C030,P001,1500,Ahmedabad,Mumbai,2026-06-09
C033,P001,1437,Mumbai,Delhi,2026-01-05
C014,P002,1533,Delhi,Jaipur,2026-02-03
C042,P001,1007,Jaipur,Pune,2026-04-06
C013,P002,1490,Jaipur,Delhi,2026-01-09
C022,P003,1401,Mumbai,Ahmedabad,2026-01-14
C023,P001,534,Jaipur,Pune,2026-02-14
C002,P004,297,Ahmedabad,Jaipur,2026-05-24
C021,P002,1051,Jaipur,Mumbai,2026-04-14
C017,P002,352,Mumbai,Jaipur,2026-03-23
C017,P002,1530,Pune,Ahmedabad,2026-01-23
C029,P002,167,Jaipur,Mumbai,2026-02-07
C050,P002,256,Jaipur,Mumbai,2026-06-08
C005,P002,685,Jaipur,Mumbai,2026-02-10
C015,P003,1133,Mumbai,Ahmedabad,2026-01-17
C014,P002,1791,Delhi,Mumbai,2026-01-06
C011,P002,1936,Mumbai,Delhi,2026-01-24
C019,P002,280,Delhi,Mumbai,2026-01-23
C044,P001,277,Ahmedabad,Jaipur,2026-02-24
C007,P002,1973,Delhi,Jaipur,2026-02-23
C032,P002,531,Mumbai,Ahmedabad,2026-01-05
C030,P001,662,Pune,Jaipur,2026-04-17
C050,P003,110,Mumbai,Jaipur,2026-01-12
C001,P003,1582,Delhi,Ahmedabad,2026-02-20
C006,P003,1705,Delhi,Ahmedabad,2026-02-06
C047,P001,391,Mumbai,Jaipur,2026-01-20
C001,P001,139,Delhi,Ahmedabad,2026-04-25
C010,P004,1481,Delhi,Pune,2026-05-10
C048,P003,708,Mumbai,Pune,2026-05-04
C017,P003,516,Ahmedabad,Pune,2026-06-01
C007,P004,1075,Jaipur,Ahmedabad,2026-06-18
C044,P001,1747,Pune,Mumbai,2026-02-01
C032,P001,871,Mumbai,Ahmedabad,2026-04-24
C023,P002,1318,Mumbai,Pune,2026-01-29
C007,P004,208,Ahmedabad,Jaipur,2026-06-26
C020,P001,399,Jaipur,Ahmedabad,2026-03-02
C025,P003,517,Ahmedabad,Mumbai,2026-03-29
C020,P004,781,Jaipur,Pune,2026-05-09
C043,P002,1804,Ahmedabad,Delhi,2026-03-05
C002,P002,1318,Pune,Jaipur,2026-06-14
C017,P002,890,Mumbai,Ahmedabad,2026-02-08
C018,P002,381,Mumbai,Pune,2026-05-15
C032,P001,1562,Mumbai,Ahmedabad,2026-04-28
C018,P004,1916,Ahmedabad,Delhi,2026-06-02
C045,P004,1323,Ahmedabad,Mumbai,2026-05-26
C010,P002,310,Pune,Mumbai,2026-01-04
C015,P004,973,Mumbai,Pune,2026-02-03
C002,P001,833,Ahmedabad,Jaipur,2026-06-10
C018,P001,529,Mumbai,Jaipur,2026-06-03
C013,P002,362,Mumbai,Delhi,2026-03-26
C017,P003,1481,Pune,Delhi,2026-01-13
C021,P004,388,Ahmedabad,Mumbai,2026-05-05
C040,P001,1017,Delhi,Mumbai,2026-06-25
C041,P004,956,Pune,Delhi,2026-01-31
C024,P003,226,Mumbai,Jaipur,2026-06-18
C015,P003,1214,Mumbai,Pune,2026-02-15
C035,P001,702,Delhi,Pune,2026-04-17
C001,P001,566,Delhi,Mumbai,2026-04-15
C035,P004,168,Mumbai,Jaipur,2026-01-03
C033,P003,1794,Delhi,Ahmedabad,2026-04-12
C022,P004,1435,Jaipur,Mumbai,2026-05-31
C005,P002,1849,Delhi,Jaipur,2026-03-23
C045,P003,1068,Delhi,Pune,2026-04-28
C008,P001,984,Delhi,Pune,2026-02-18
C022,P004,1732,Delhi,Ahmedabad,2026-01-07
C007,P002,790,Pune,Mumbai,2026-06-26
C040,P004,468,Pune,Delhi,2026-01-08
C012,P003,872,Delhi,Jaipur,2026-06-28
C030,P003,1972,Delhi,Pune,2026-01-02
C015,P003,1956,Delhi,Pune,2026-02-15
C043,P004,1294,Mumbai,Ahmedabad,2026-01-12
C037,P004,300,Jaipur,Pune,2026-06-25
C037,P004,533,Ahmedabad,Mumbai,2026-04-24
C042,P003,1684,Pune,Ahmedabad,2026-01-18
C045,P003,896,Delhi,Jaipur,2026-02-18
C023,P004,1099,Mumbai,Ahmedabad,2026-02-25
C014,P002,973,Delhi,Ahmedabad,2026-05-22
C043,P004,244,Delhi,Pune,2026-01-21
C012,P002,1813,Mumbai,Ahmedabad,2026-01-23
C036,P003,1460,Jaipur,Pune,2026-05-09
C039,P004,817,Ahmedabad,Jaipur,2026-02-12
C011,P004,1308,Jaipur,Mumbai,2026-04-05
C010,P003,944,Ahmedabad,Delhi,2026-06-03
C007,P003,1710,Jaipur,Ahmedabad,2026-03-09
C027,P001,918,Ahmedabad,Jaipur,2026-01-23
C040,P004,1655,Delhi,Mumbai,2026-05-30
C042,P002,1037,Jaipur,Ahmedabad,2026-04-17
C026,P001,1323,Ahmedabad,Pune,2026-05-27
C024,P003,1604,Ahmedabad,Jaipur,2026-04-19
C019,P002,626,Ahmedabad,Pune,2026-06-28
C003,P004,1942,Pune,Ahmedabad,2026-01-01
C024,P003,1260,Jaipur,Delhi,2026-03-14
C029,P004,1848,Delhi,Mumbai,2026-05-06
C002,P001,276,Delhi,Pune,2026-02-20
C046,P002,1461,Ahmedabad,Pune,2026-01-22
C018,P004,168,Ahmedabad,Jaipur,2026-04-16
C042,P003,637,Jaipur,Pune,2026-02-03
C003,P002,859,Ahmedabad,Delhi,2026-02-23
C043,P003,1243,Pune,Mumbai,2026-03-22
C005,P004,960,Jaipur,Mumbai,2026-02-28
C050,P004,1187,Mumbai,Ahmedabad,2026-04-08
C041,P003,1377,Ahmedabad,Pune,2026-04-11
C048,P001,1020,Ahmedabad,Jaipur,2026-05-31
C013,P003,1567,Pune,Mumbai,2026-06-22
C046,P002,1321,Jaipur,Mumbai,2026-02-28
C027,P001,1992,Mumbai,Ahmedabad,2026-03-04
C029,P001,1635,Mumbai,Delhi,2026-05-14
C021,P002,1727,Mumbai,Delhi,2026-04-17
C041,P002,117,Pune,Ahmedabad,2026-02-20
C020,P003,1614,Ahmedabad,Jaipur,2026-03-14
C048,P002,687,Delhi,Ahmedabad,2026-02-04
C041,P003,1695,Pune,Mumbai,2026-01-14
C034,P001,1072,Delhi,Mumbai,2026-06-06
C012,P004,633,Pune,Delhi,2026-01-08
C007,P004,1146,Mumbai,Ahmedabad,2026-01-13
C026,P004,1684,Ahmedabad,Jaipur,2026-04-17
C016,P001,786,Mumbai,Ahmedabad,2026-04-18
C015,P003,1756,Mumbai,Ahmedabad,2026-02-27
C048,P001,1109,Ahmedabad,Pune,2026-05-28
C030,P001,101,Mumbai,Delhi,2026-06-12
C007,P001,691,Jaipur,Pune,2026-06-04
C049,P003,472,Pune,Ahmedabad,2026-03-01
C030,P002,343,Jaipur,Ahmedabad,2026-03-09
C007,P004,1808,Jaipur,Pune,2026-02-22
C019,P001,1160,Mumbai,Jaipur,2026-02-13
C003,P001,1046,Ahmedabad,Delhi,2026-01-02
C012,P001,978,Mumbai,Delhi,2026-06-10
C007,P001,1252,Ahmedabad,Jaipur,2026-05-18
C049,P001,1303,Ahmedabad,Pune,2026-01-15
C049,P001,490,Jaipur,Pune,2026-02-03
C028,P001,173,Jaipur,Mumbai,2026-04-16
C033,P003,1639,Delhi,Pune,2026-04-26
C026,P002,1393,Mumbai,Ahmedabad,2026-05-25
C006,P003,502,Delhi,Jaipur,2026-01-07
C001,P002,1788,Jaipur,Ahmedabad,2026-05-28
C025,P004,1003,Pune,Mumbai,2026-02-17
C038,P003,555,Ahmedabad,Jaipur,2026-05-30
C042,P001,606,Delhi,Mumbai,2026-05-13
C025,P001,1933,Jaipur,Delhi,2026-05-18
C046,P004,1990,Delhi,Mumbai,2026-02-21
C023,P002,883,Pune,Delhi,2026-04-29
C037,P003,1842,Delhi,Jaipur,2026-04-09
C042,P001,1728,Jaipur,Pune,2026-05-05
C039,P004,950,Mumbai,Pune,2026-06-19
C045,P002,1841,Mumbai,Pune,2026-05-29
C044,P003,1393,Mumbai,Delhi,2026-04-19
C041,P003,480,Pune,Jaipur,2026-02-16
C035,P003,1352,Jaipur,Mumbai,2026-04-27
C041,P004,1985,Jaipur,Ahmedabad,2026-04-27
C032,P004,1438,Delhi,Pune,2026-01-12
C040,P001,344,Mumbai,Pune,2026-01-02
C015,P003,428,Mumbai,Delhi,2026-03-18
C025,P002,1579,Jaipur,Ahmedabad,2026-04-15
C015,P004,967,Pune,Jaipur,2026-02-28
C002,P004,1288,Ahmedabad,Mumbai,2026-04-01
C039,P001,376,Mumbai,Pune,2026-02-02
C035,P004,211,Delhi,Pune,2026-02-10
C045,P003,1900,Mumbai,Jaipur,2026-02-03
C015,P003,397,Ahmedabad,Pune,2026-02-21
C008,P004,869,Mumbai,Ahmedabad,2026-02-01
C015,P002,672,Ahmedabad,Pune,2026-05-01
C024,P004,484,Pune,Delhi,2026-02-18
C002,P002,1512,Ahmedabad,Mumbai,2026-02-18
C011,P003,1123,Jaipur,Delhi,2026-02-25
C008,P003,385,Mumbai,Ahmedabad,2026-01-24
C024,P004,844,Mumbai,Pune,2026-03-03
C039,P002,494,Ahmedabad,Jaipur,2026-01-01
C007,P002,1844,Jaipur,Mumbai,2026-02-11
C022,P003,1524,Delhi,Ahmedabad,2026-05-20
C024,P004,1380,Pune,Ahmedabad,2026-01-27
C039,P002,211,Ahmedabad,Delhi,2026-01-27
C038,P003,1191,Jaipur,Delhi,2026-06-14
C030,P002,1241,Delhi,Ahmedabad,2026-06-09
C003,P002,123,Pune,Mumbai,2026-05-10
C020,P004,460,Jaipur,Pune,2026-03-06
C045,P001,1821,Jaipur,Delhi,2026-04-19
C020,P002,1327,Jaipur,Mumbai,2026-05-17
C001,P003,1151,Delhi,Ahmedabad,2026-01-16
C025,P004,782,Ahmedabad,Jaipur,2026-04-12
C043,P003,1770,Mumbai,Ahmedabad,2026-01-31
C046,P001,987,Mumbai,Delhi,2026-03-17
C019,P002,1623,Ahmedabad,Pune,2026-01-13
C043,P004,994,Mumbai,Jaipur,2026-04-02
C034,P004,1822,Ahmedabad,Delhi,2026-06-21
C038,P004,597,Mumbai,Delhi,2026-05-15
C045,P002,790,Delhi,Pune,2026-03-23
C039,P001,1644,Pune,Delhi,2026-05-08
C048,P001,1523,Pune,Ahmedabad,2026-05-14
C050,P004,1246,Delhi,Mumbai,2026-03-07
C026,P002,1117,Pune,Jaipur,2026-03-04
C003,P002,135,Pune,Delhi,2026-04-30
C001,P001,1750,Jaipur,Delhi,2026-01-31
C044,P003,911,Mumbai,Ahmedabad,2026-02-27
C034,P002,1518,Jaipur,Delhi,2026-06-30
C008,P002,941,Jaipur,Pune,2026-05-04
C050,P002,886,Jaipur,Mumbai,2026-05-07
C034,P004,913,Pune,Jaipur,2026-06-11
C050,P002,1481,Jaipur,Delhi,2026-03-18
C046,P002,518,Mumbai,Ahmedabad,2026-05-26
C015,P004,1181,Mumbai,Pune,2026-01-27
C009,P001,1744,Ahmedabad,Pune,2026-02-07
C026,P001,1953,Jaipur,Delhi,2026-04-01
C025,P004,679,Jaipur,Pune,2026-01-30
C023,P002,1836,Delhi,Pune,2026-04-14
C019,P004,246,Delhi,Jaipur,2026-01-05
C009,P004,1432,Jaipur,Ahmedabad,2026-01-12
C030,P003,745,Delhi,Ahmedabad,2026-03-28
C017,P003,1039,Ahmedabad,Pune,2026-04-14
C004,P003,400,Ahmedabad,Delhi,2026-06-25
C042,P003,810,Mumbai,Jaipur,2026-03-25
C013,P002,999,Mumbai,Delhi,2026-06-08
C006,P003,872,Jaipur,Pune,2026-03-12
C027,P001,737,Jaipur,Mumbai,2026-05-09
C043,P004,910,Pune,Delhi,2026-04-15
C019,P001,1644,Jaipur,Ahmedabad,2026-05-19
C027,P004,904,Pune,Ahmedabad,2026-02-13
C050,P003,1681,Ahmedabad,Mumbai,2026-06-01
C016,P002,1718,Delhi,Ahmedabad,2026-01-23
C012,P001,176,Mumbai,Jaipur,2026-03-14
C002,P004,743,Mumbai,Jaipur,2026-05-28
C017,P002,1250,Jaipur,Mumbai,2026-04-03
C027,P003,719,Ahmedabad,Mumbai,2026-05-25
C034,P002,1950,Ahmedabad,Mumbai,2026-01-05
C017,P003,1422,Jaipur,Pune,2026-01-21
C017,P004,1772,Pune,Jaipur,2026-02-14
C045,P001,632,Jaipur,Ahmedabad,2026-01-22
C040,P004,589,Ahmedabad,Delhi,2026-02-09
C047,P004,239,Jaipur,Pune,2026-02-18
C041,P002,747,Pune,Delhi,2026-05-26
C026,P001,1142,Pune,Delhi,2026-01-28
C032,P003,1411,Jaipur,Mumbai,2026-01-21
C039,P002,225,Pune,Ahmedabad,2026-06-18
C023,P001,1194,Mumbai,Jaipur,2026-04-29
C005,P001,792,Ahmedabad,Delhi,2026-02-15
C022,P002,414,Pune,Delhi,2026-05-28
C010,P001,1074,Ahmedabad,Pune,2026-02-23
C014,P002,1715,Jaipur,Pune,2026-01-24
C035,P003,1616,Delhi,Ahmedabad,2026-06-14
C032,P003,697,Delhi,Pune,2026-02-22
C011,P004,1041,Delhi,Mumbai,2026-06-28
C013,P001,1683,Jaipur,Pune,2026-02-15
C046,P001,1462,Jaipur,Pune,2026-06-02
C017,P001,256,Delhi,Ahmedabad,2026-05-30
C041,P002,292,Delhi,Ahmedabad,2026-05-09
C003,P002,1628,Pune,Ahmedabad,2026-03-04
C039,P003,1313,Mumbai,Delhi,2026-05-18
C035,P002,1056,Jaipur,Ahmedabad,2026-05-22
C005,P003,935,Ahmedabad,Mumbai,2026-03-20
C046,P002,1605,Mumbai,Delhi,2026-02-17
C010,P002,1342,Ahmedabad,Delhi,2026-06-17
C009,P003,269,Pune,Ahmedabad,2026-04-05
C043,P004,286,Delhi,Ahmedabad,2026-04-09
C011,P002,279,Ahmedabad,Pune,2026-02-03
C025,P001,1814,Mumbai,Jaipur,2026-02-22
C008,P003,1061,Delhi,Ahmedabad,2026-02-03
C002,P004,1626,Pune,Mumbai,2026-03-29
C017,P004,1724,Jaipur,Pune,2026-05-07
C041,P002,1657,Delhi,Mumbai,2026-03-28
C001,P001,629,Mumbai,Ahmedabad,2026-06-23
C023,P001,1901,Pune,Ahmedabad,2026-02-12
C020,P004,1162,Pune,Delhi,2026-05-07
C037,P001,745,Mumbai,Jaipur,2026-04-16
C016,P003,1725,Jaipur,Delhi,2026-05-29
C028,P002,231,Mumbai,Delhi,2026-05-23
C013,P001,673,Mumbai,Delhi,2026-04-21
C047,P002,1401,Jaipur,Delhi,2026-05-13
C041,P001,734,Jaipur,Ahmedabad,2026-02-28
C044,P003,1531,Pune,Delhi,2026-03-07
C041,P001,1180,Pune,Jaipur,2026-03-18
C049,P001,227,Mumbai,Jaipur,2026-05-25
C007,P002,585,Ahmedabad,Mumbai,2026-01-01
C048,P002,1588,Mumbai,Ahmedabad,2026-02-23
C022,P004,487,Pune,Jaipur,2026-01-21
C019,P002,260,Ahmedabad,Pune,2026-03-27
C044,P001,927,Delhi,Pune,2026-03-06
C009,P001,1908,Mumbai,Ahmedabad,2026-05-15
C013,P001,1227,Pune,Delhi,2026-03-23
C031,P001,1550,Jaipur,Mumbai,2026-05-04
C001,P003,533,Delhi,Ahmedabad,2026-01-28
C032,P003,941,Jaipur,Mumbai,2026-05-15
C021,P003,1431,Ahmedabad,Delhi,2026-03-14
C033,P001,926,Delhi,Ahmedabad,2026-05-03
C018,P003,539,Jaipur,Delhi,2026-02-05
C002,P003,150,Jaipur,Mumbai,2026-06-06
C029,P003,1657,Ahmedabad,Jaipur,2026-03-29
C037,P004,1250,Mumbai,Delhi,2026-01-22
C016,P004,1095,Ahmedabad,Delhi,2026-05-01
C009,P003,1111,Ahmedabad,Pune,2026-04-14
C022,P001,1567,Ahmedabad,Pune,2026-06-18
C015,P004,422,Mumbai,Delhi,2026-03-11
C026,P003,1406,Delhi,Mumbai,2026-03-06
C012,P003,244,Pune,Delhi,2026-02-18
C034,P001,804,Ahmedabad,Mumbai,2026-02-14
C023,P001,1339,Mumbai,Delhi,2026-05-08
C015,P002,860,Delhi,Mumbai,2026-06-13
C018,P001,205,Jaipur,Ahmedabad,2026-01-05
C021,P001,1764,Delhi,Jaipur,2026-04-28
C031,P004,1641,Pune,Jaipur,2026-05-07
C031,P002,264,Delhi,Mumbai,2026-05-18
C013,P003,1786,Delhi,Jaipur,2026-03-17
C009,P003,1673,Delhi,Ahmedabad,2026-02-24
C024,P003,1541,Mumbai,Jaipur,2026-01-29
C016,P004,1988,Jaipur,Ahmedabad,2026-05-07
C015,P001,421,Jaipur,Ahmedabad,2026-03-27
C021,P004,504,Pune,Delhi,2026-06-09
C043,P004,613,Pune,Delhi,2026-04-29
C030,P001,678,Delhi,Mumbai,2026-04-16
C015,P004,1652,Mumbai,Jaipur,2026-06-17
C028,P003,1690,Pune,Mumbai,2026-01-25
C042,P003,551,Ahmedabad,Mumbai,2026-02-18
C010,P004,1151,Ahmedabad,Pune,2026-02-16
C028,P003,269,Delhi,Mumbai,2026-02-24
C021,P003,1805,Pune,Delhi,2026-05-25
C035,P004,246,Ahmedabad,Jaipur,2026-04-23
C031,P001,1068,Delhi,Pune,2026-06-17
C033,P001,481,Ahmedabad,Mumbai,2026-06-04
C046,P004,1662,Mumbai,Pune,2026-03-01
C032,P004,766,Ahmedabad,Mumbai,2026-06-01
C024,P004,1903,Delhi,Ahmedabad,2026-05-24
C034,P002,768,Delhi,Mumbai,2026-01-23
C036,P001,1409,Delhi,Ahmedabad,2026-06-12
C050,P002,635,Delhi,Ahmedabad,2026-05-18
C025,P002,1374,Delhi,Ahmedabad,2026-02-13
C016,P002,864,Jaipur,Delhi,2026-03-13
C046,P004,338,Pune,Mumbai,2026-01-03
C043,P003,1048,Mumbai,Jaipur,2026-02-20
C026,P003,134,Ahmedabad,Jaipur,2026-03-12
C004,P003,872,Pune,Ahmedabad,2026-06-24
C049,P004,1367,Ahmedabad,Pune,2026-06-04
C016,P001,819,Delhi,Mumbai,2026-01-06
C023,P004,1011,Pune,Jaipur,2026-04-22
C026,P004,624,Jaipur,Mumbai,2026-03-06
C030,P002,208,Pune,Mumbai,2026-05-07
C025,P003,1831,Delhi,Mumbai,2026-06-28
C029,P001,881,Ahmedabad,Delhi,2026-05-25
C016,P003,453,Mumbai,Pune,2026-06-09
C015,P003,1762,Jaipur,Mumbai,2026-06-22
C008,P003,1457,Ahmedabad,Jaipur,2026-06-11
C048,P003,1742,Pune,Ahmedabad,2026-03-25
C041,P003,1329,Delhi,Mumbai,2026-01-12
C044,P004,1051,Delhi,Pune,2026-03-10
C039,P002,1854,Pune,Jaipur,2026-04-24
C012,P004,1835,Ahmedabad,Jaipur,2026-05-09
C027,P003,1478,Pune,Ahmedabad,2026-05-31
C014,P004,1728,Jaipur,Mumbai,2026-02-02
C045,P004,185,Pune,Mumbai,2026-06-06
C005,P001,794,Delhi,Mumbai,2026-04-28
C028,P003,561,Jaipur,Ahmedabad,2026-03-12
C032,P002,1270,Pune,Delhi,2026-04-25
C026,P004,1373,Pune,Delhi,2026-05-05
C049,P001,1939,Mumbai,Delhi,2026-06-05
C001,P002,517,Mumbai,Delhi,2026-02-07
C045,P001,1392,Delhi,Ahmedabad,2026-03-19
C017,P002,583,Ahmedabad,Pune,2026-01-22
C039,P002,1180,Pune,Ahmedabad,2026-06-11
C039,P001,1890,Ahmedabad,Mumbai,2026-02-10
C050,P003,504,Ahmedabad,Mumbai,2026-03-11
C045,P002,842,Delhi,Jaipur,2026-01-02
C017,P001,292,Mumbai,Ahmedabad,2026-02-09
C019,P004,1070,Jaipur,Mumbai,2026-04-23
C028,P002,1442,Jaipur,Delhi,2026-06-07
C036,P004,1651,Delhi,Jaipur,2026-06-28
C036,P001,857,Pune,Delhi,2026-05-09
C004,P004,108,Jaipur,Delhi,2026-03-06
C047,P003,776,Pune,Mumbai,2026-05-23
C006,P001,769,Jaipur,Ahmedabad,2026-03-27
C013,P001,1345,Pune,Mumbai,2026-03-26
C035,P002,1656,Pune,Delhi,2026-04-20
C021,P002,1006,Delhi,Jaipur,2026-05-11
C031,P003,683,Jaipur,Delhi,2026-05-22
C036,P004,1943,Ahmedabad,Jaipur,2026-03-06
C042,P001,1616,Mumbai,Jaipur,2026-06-26
C041,P003,652,Pune,Delhi,2026-02-18
C003,P003,693,Jaipur,Ahmedabad,2026-06-29
C040,P004,360,Pune,Delhi,2026-06-07
C014,P002,504,Delhi,Mumbai,2026-04-05
C036,P003,256,Mumbai,Pune,2026-06-22
C029,P004,733,Pune,Ahmedabad,2026-06-09
C046,P001,743,Delhi,Mumbai,2026-02-18
C045,P003,561,Jaipur,Ahmedabad,2026-03-06
C025,P004,1463,Delhi,Pune,2026-03-07
C027,P004,1017,Jaipur,Mumbai,2026-05-04
C045,P002,992,Mumbai,Ahmedabad,2026-01-20
C029,P004,511,Ahmedabad,Delhi,2026-04-16
C038,P001,1507,Delhi,Ahmedabad,2026-01-31
C010,P004,111,Delhi,Ahmedabad,2026-03-03
C011,P004,1331,Jaipur,Mumbai,2026-04-25
C042,P002,308,Pune,Mumbai,2026-03-13
C027,P003,1380,Ahmedabad,Mumbai,2026-01-06
C011,P001,1260,Delhi,Ahmedabad,2026-06-01
C030,P003,1378,Delhi,Ahmedabad,2026-03-29
C043,P001,1203,Delhi,Pune,2026-05-05
C019,P004,1237,Ahmedabad,Jaipur,2026-06-02
C034,P003,318,Pune,Ahmedabad,2026-03-28
C048,P003,401,Delhi,Jaipur,2026-05-10
C009,P002,421,Mumbai,Jaipur,2026-01-07
C014,P002,1587,Pune,Mumbai,2026-05-03
C024,P004,1661,Jaipur,Delhi,2026-04-06
C018,P004,514,Jaipur,Ahmedabad,2026-05-19
C046,P003,1022,Delhi,Ahmedabad,2026-06-17
C035,P003,1871,Pune,Delhi,2026-02-13
C002,P004,1271,Mumbai,Pune,2026-01-11
C011,P002,1606,Jaipur,Delhi,2026-06-30
C007,P003,293,Ahmedabad,Mumbai,2026-03-20
C001,P001,1099,Jaipur,Delhi,2026-03-18
C001,P003,1364,Jaipur,Delhi,2026-03-22
C027,P004,1937,Mumbai,Delhi,2026-06-24
C031,P001,1661,Delhi,Jaipur,2026-04-18
C002,P001,1599,Mumbai,Ahmedabad,2026-04-21
C028,P001,796,Ahmedabad,Jaipur,2026-06-13
C013,P003,1760,Delhi,Ahmedabad,2026-01-11
C009,P004,1893,Mumbai,Pune,2026-03-23
C016,P004,234,Delhi,Ahmedabad,2026-04-24
C046,P004,630,Pune,Delhi,2026-05-20
C031,P003,1052,Delhi,Pune,2026-01-04
C034,P003,810,Mumbai,Delhi,2026-01-12
C040,P004,1518,Pune,Mumbai,2026-04-16
C007,P002,942,Ahmedabad,Pune,2026-05-16
C039,P001,1564,Pune,Ahmedabad,2026-02-07
C048,P001,560,Jaipur,Delhi,2026-06-09
C028,P001,754,Delhi,Mumbai,2026-02-04
C030,P003,1659,Pune,Delhi,2026-05-02
C001,P002,462,Pune,Delhi,2026-04-28
C028,P002,635,Pune,Mumbai,2026-02-02
C046,P003,1452,Delhi,Mumbai,2026-03-03
C001,P001,1984,Mumbai,Jaipur,2026-04-15
C010,P003,172,Delhi,Mumbai,2026-04-01
C020,P001,603,Mumbai,Ahmedabad,2026-01-26
C003,P004,850,Jaipur,Pune,2026-01-12
C032,P001,1844,Mumbai,Delhi,2026-01-17
C021,P003,1690,Ahmedabad,Delhi,2026-05-05
C009,P001,1162,Ahmedabad,Mumbai,2026-06-29
C030,P004,1549,Ahmedabad,Pune,2026-01-18
C042,P004,242,Ahmedabad,Pune,2026-05-14
C023,P002,1572,Mumbai,Jaipur,2026-02-12
C024,P002,1653,Mumbai,Ahmedabad,2026-03-17
C038,P002,168,Jaipur,Pune,2026-03-17
C046,P001,1117,Pune,Jaipur,2026-02-05
C009,P003,1146,Pune,Jaipur,2026-02-16
C022,P001,1628,Jaipur,Delhi,2026-02-21
C047,P001,1733,Jaipur,Ahmedabad,2026-06-16
C010,P004,1323,Jaipur,Mumbai,2026-04-13
C014,P001,1703,Delhi,Ahmedabad,2026-06-15
C010,P003,1615,Pune,Jaipur,2026-01-03
C008,P002,122,Pune,Mumbai,2026-02-06
C012,P002,328,Mumbai,Pune,2026-05-16
C032,P004,625,Mumbai,Ahmedabad,2026-03-04
C023,P004,1437,Pune,Delhi,2026-05-04
C037,P003,408,Delhi,Ahmedabad,2026-05-01
C037,P004,1320,Pune,Mumbai,2026-02-06
C020,P001,1597,Jaipur,Pune,2026-04-02
C038,P004,1738,Pune,Jaipur,2026-01-08
C031,P004,679,Delhi,Jaipur,2026-05-19
C045,P003,1089,Pune,Delhi,2026-05-31
C036,P003,427,Jaipur,Delhi,2026-05-04
C031,P003,1711,Mumbai,Pune,2026-05-24
C035,P003,449,Jaipur,Ahmedabad,2026-02-16
C035,P001,280,Ahmedabad,Jaipur,2026-03-27
C027,P003,1003,Delhi,Jaipur,2026-06-29
C046,P004,658,Mumbai,Delhi,2026-04-23
C018,P001,1214,Delhi,Ahmedabad,2026-06-11
C007,P003,226,Mumbai,Ahmedabad,2026-04-28
C040,P002,170,Ahmedabad,Mumbai,2026-05-19
C043,P001,1516,Pune,Ahmedabad,2026-02-14
C039,P003,1685,Mumbai,Ahmedabad,2026-05-20
C015,P002,1015,Pune,Mumbai,2026-02-16
C034,P004,1425,Ahmedabad,Jaipur,2026-06-21
C030,P004,978,Delhi,Jaipur,2026-03-01
C032,P003,967,Ahmedabad,Jaipur,2026-01-19
C022,P001,1705,Jaipur,Delhi,2026-02-21
C046,P002,1492,Mumbai,Pune,2026-03-29
C021,P002,1205,Ahmedabad,Pune,2026-06-10
C049,P003,970,Pune,Mumbai,2026-02-04
C041,P003,565,Delhi,Mumbai,2026-05-12
C036,P004,1827,Jaipur,Mumbai,2026-06-27
C031,P004,1829,Pune,Jaipur,2026-02-12
C042,P004,583,Jaipur,Ahmedabad,2026-03-29
C035,P004,1564,Delhi,Jaipur,2026-03-06
C009,P004,1650,Pune,Jaipur,2026-06-13
C013,P004,1121,Ahmedabad,Jaipur,2026-02-11
C026,P003,752,Delhi,Jaipur,2026-06-07
C041,P001,668,Mumbai,Ahmedabad,2026-05-11
C026,P003,109,Mumbai,Jaipur,2026-03-12
C018,P004,1333,Delhi,Mumbai,2026-03-21
C002,P004,1756,Jaipur,Mumbai,2026-01-04
C026,P002,171,Pune,Ahmedabad,2026-01-28
C032,P001,1051,Mumbai,Pune,2026-02-17
C043,P003,1310,Jaipur,Ahmedabad,2026-01-10
C028,P002,171,Mumbai,Jaipur,2026-02-07
C050,P002,1604,Delhi,Pune,2026-01-14
C016,P003,1189,Ahmedabad,Delhi,2026-05-21
C047,P004,1192,Jaipur,Ahmedabad,2026-04-12
C039,P001,1849,Jaipur,Pune,2026-01-21
C024,P003,604,Mumbai,Jaipur,2026-01-29
C006,P001,1076,Pune,Mumbai,2026-06-14
C043,P003,693,Ahmedabad,Pune,2026-03-06
C033,P004,240,Ahmedabad,Jaipur,2026-01-07
C004,P004,1316,Mumbai,Jaipur,2026-04-26
C007,P004,1399,Pune,Jaipur,2026-03-03
C017,P002,944,Pune,Mumbai,2026-06-18
C019,P002,222,Jaipur,Delhi,2026-02-06
C015,P004,787,Mumbai,Delhi,2026-02-26
C012,P002,1165,Mumbai,Ahmedabad,2026-06-10
C036,P004,697,Delhi,Pune,2026-01-08
C030,P002,153,Pune,Mumbai,2026-01-21
C022,P003,1188,Pune,Delhi,2026-06-03
C016,P002,1838,Pune,Jaipur,2026-05-02
C017,P001,744,Ahmedabad,Pune,2026-01-17
C010,P003,1423,Pune,Ahmedabad,2026-06-14
C040,P003,1591,Mumbai,Pune,2026-06-07
C019,P003,1745,Pune,Delhi,2026-01-23
C016,P004,1839,Delhi,Mumbai,2026-03-25
C040,P002,874,Pune,Delhi,2026-05-21
C012,P001,976,Ahmedabad,Pune,2026-01-05
C031,P004,838,Delhi,Mumbai,2026-02-03
C020,P003,744,Delhi,Mumbai,2026-02-23
C026,P002,490,Ahmedabad,Pune,2026-03-29
C024,P001,1233,Pune,Delhi,2026-02-05
C027,P003,1795,Pune,Mumbai,2026-06-23
C013,P001,418,Delhi,Jaipur,2026-02-27
C046,P001,1473,Mumbai,Delhi,2026-02-03
C023,P002,1966,Delhi,Ahmedabad,2026-04-14
C020,P004,608,Pune,Mumbai,2026-01-25
C006,P004,1238,Ahmedabad,Jaipur,2026-03-27
C048,P002,241,Ahmedabad,Pune,2026-01-01
C033,P003,488,Ahmedabad,Delhi,2026-03-28
C026,P001,507,Jaipur,Delhi,2026-04-25
C030,P003,1313,Pune,Ahmedabad,2026-01-08
C037,P003,1803,Jaipur,Mumbai,2026-04-04
C023,P004,1892,Mumbai,Pune,2026-05-19
C001,P001,1582,Ahmedabad,Delhi,2026-01-31
C015,P003,1502,Jaipur,Delhi,2026-02-20
C013,P001,1770,Delhi,Jaipur,2026-04-26
C015,P002,1852,Ahmedabad,Mumbai,2026-01-17
C043,P002,698,Jaipur,Mumbai,2026-04-13
C019,P002,1048,Jaipur,Pune,2026-03-21
C039,P004,390,Delhi,Mumbai,2026-06-21
C042,P002,205,Mumbai,Delhi,2026-02-26
C034,P001,1404,Delhi,Jaipur,2026-05-28
C001,P001,435,Ahmedabad,Mumbai,2026-04-18
C041,P004,851,Mumbai,Pune,2026-06-08
C043,P003,306,Pune,Jaipur,2026-06-24
C010,P001,391,Delhi,Jaipur,2026-02-21
C013,P003,1265,Delhi,Jaipur,2026-03-14
C016,P003,142,Ahmedabad,Jaipur,2026-03-30
C027,P001,200,Pune,Mumbai,2026-02-11
C047,P003,1110,Mumbai,Delhi,2026-03-12
C020,P003,693,Mumbai,Pune,2026-02-07
C038,P001,1214,Ahmedabad,Jaipur,2026-02-01
C028,P001,526,Pune,Ahmedabad,2026-04-25
C040,P002,1647,Jaipur,Delhi,2026-05-05
C027,P004,1764,Delhi,Pune,2026-06-15
C002,P003,241,Pune,Delhi,2026-02-06
C016,P003,333,Mumbai,Pune,2026-01-02
C004,P002,693,Ahmedabad,Mumbai,2026-03-17
C008,P004,1372,Jaipur,Pune,2026-05-17
C050,P004,1603,Pune,Mumbai,2026-05-12
C018,P002,135,Pune,Mumbai,2026-04-18
C048,P001,1000,Pune,Delhi,2026-03-22
C046,P004,1247,Delhi,Mumbai,2026-04-06
C017,P003,569,Mumbai,Ahmedabad,2026-05-28
C031,P002,577,Jaipur,Ahmedabad,2026-04-25
C040,P003,1698,Pune,Mumbai,2026-03-26
C049,P003,1735,Delhi,Ahmedabad,2026-05-31
C039,P002,1565,Delhi,Ahmedabad,2026-05-14
C043,P002,1931,Ahmedabad,Jaipur,2026-05-09
C018,P001,1308,Mumbai,Delhi,2026-01-12
C033,P004,139,Pune,Jaipur,2026-03-29
C033,P001,825,Mumbai,Pune,2026-06-14
C026,P001,589,Ahmedabad,Jaipur,2026-04-04
C028,P002,768,Delhi,Mumbai,2026-01-27
C011,P003,172,Mumbai,Ahmedabad,2026-03-17
C035,P001,569,Jaipur,Pune,2026-05-30
C003,P004,861,Ahmedabad,Pune,2026-03-23
C027,P003,1713,Pune,Ahmedabad,2026-05-23
C011,P003,269,Delhi,Ahmedabad,2026-04-20
C036,P003,1520,Pune,Mumbai,2026-06-17
C009,P001,1592,Mumbai,Delhi,2026-01-17
C004,P001,228,Jaipur,Delhi,2026-01-10
C021,P002,1915,Mumbai,Jaipur,2026-02-12
C025,P001,874,Delhi,Mumbai,2026-01-10
C043,P002,1107,Pune,Ahmedabad,2026-01-29
C023,P002,1842,Delhi,Pune,2026-05-02
C003,P004,1798,Delhi,Ahmedabad,2026-06-03
C009,P003,1166,Ahmedabad,Jaipur,2026-04-27
C025,P001,1712,Pune,Ahmedabad,2026-01-25
C003,P002,245,Pune,Delhi,2026-06-27
C013,P003,1528,Mumbai,Jaipur,2026-05-24
C003,P004,1133,Delhi,Ahmedabad,2026-02-03
C014,P003,1786,Pune,Mumbai,2026-06-02
C025,P004,412,Jaipur,Ahmedabad,2026-04-29
C024,P002,1132,Pune,Delhi,2026-02-16
C012,P001,200,Pune,Ahmedabad,2026-06-02
C004,P003,1773,Jaipur,Ahmedabad,2026-06-04
C031,P004,1574,Jaipur,Mumbai,2026-01-01
C021,P003,1867,Pune,Jaipur,2026-04-05
C003,P002,1872,Delhi,Mumbai,2026-05-01
C031,P002,438,Mumbai,Ahmedabad,2026-01-30
C014,P001,1970,Mumbai,Jaipur,2026-04-24
C045,P004,572,Delhi,Mumbai,2026-02-26
C024,P004,904,Jaipur,Pune,2026-03-30
C015,P001,646,Ahmedabad,Pune,2026-04-18
C003,P002,178,Jaipur,Pune,2026-03-22
C038,P003,822,Delhi,Mumbai,2026-01-22
C030,P002,1133,Delhi,Mumbai,2026-03-25
C005,P003,1361,Jaipur,Mumbai,2026-04-09
C019,P001,101,Jaipur,Pune,2026-04-08
C022,P003,611,Delhi,Ahmedabad,2026-06-19
C003,P003,451,Pune,Delhi,2026-04-02
C010,P002,1243,Ahmedabad,Mumbai,2026-01-15
C020,P001,384,Ahmedabad,Delhi,2026-01-25
C011,P001,701,Pune,Ahmedabad,2026-03-16
C047,P002,945,Mumbai,Pune,2026-04-12
C027,P002,677,Pune,Ahmedabad,2026-04-18
C003,P003,238,Pune,Mumbai,2026-04-02
C019,P002,1340,Jaipur,Pune,2026-03-03
C007,P002,1018,Ahmedabad,Jaipur,2026-06-23
C009,P004,347,Mumbai,Pune,2026-05-05
C046,P002,525,Jaipur,Pune,2026-02-02
C003,P004,449,Ahmedabad,Pune,2026-06-11
C002,P001,476,Jaipur,Pune,2026-03-14
C050,P002,816,Ahmedabad,Mumbai,2026-02-14
C046,P001,1859,Pune,Ahmedabad,2026-03-01
C023,P001,204,Delhi,Ahmedabad,2026-01-06
C039,P003,1468,Delhi,Ahmedabad,2026-05-26
C028,P004,1520,Pune,Mumbai,2026-06-15
C023,P004,1548,Delhi,Ahmedabad,2026-06-20
C042,P004,1655,Jaipur,Delhi,2026-01-08
C037,P003,1863,Mumbai,Delhi,2026-05-07
C047,P003,1066,Mumbai,Pune,2026-02-27
C035,P002,655,Ahmedabad,Pune,2026-03-27
C044,P002,1785,Ahmedabad,Delhi,2026-05-12
C030,P002,900,Pune,Jaipur,2026-06-10
C018,P004,1380,Ahmedabad,Jaipur,2026-02-20
C001,P003,117,Ahmedabad,Pune,2026-02-07
C049,P002,606,Jaipur,Ahmedabad,2026-05-29
C012,P004,549,Jaipur,Delhi,2026-01-11
C032,P002,114,Jaipur,Ahmedabad,2026-05-02
C017,P002,1035,Pune,Mumbai,2026-05-13
C050,P002,1891,Ahmedabad,Mumbai,2026-03-19
C020,P002,394,Mumbai,Pune,2026-01-12
C030,P003,1684,Delhi,Pune,2026-02-21
C016,P004,193,Mumbai,Ahmedabad,2026-02-24
C008,P003,659,Jaipur,Mumbai,2026-06-24
C027,P002,1396,Ahmedabad,Pune,2026-01-09
C047,P004,1818,Mumbai,Delhi,2026-05-11
C012,P002,1478,Pune,Delhi,2026-03-05
C008,P001,1647,Mumbai,Delhi,2026-03-28
C048,P004,382,Pune,Ahmedabad,2026-05-16
C032,P004,1176,Jaipur,Ahmedabad,2026-03-23
C014,P002,1103,Jaipur,Ahmedabad,2026-05-26
C021,P002,1743,Mumbai,Ahmedabad,2026-04-28
C015,P003,1109,Jaipur,Delhi,2026-01-23
C028,P002,944,Delhi,Mumbai,2026-05-08
C031,P002,1490,Jaipur,Pune,2026-06-07
C043,P002,521,Pune,Ahmedabad,2026-01-30
C015,P004,1368,Mumbai,Delhi,2026-03-12
C013,P002,1786,Jaipur,Pune,2026-03-18
C031,P003,1910,Jaipur,Ahmedabad,2026-03-19
C003,P003,1320,Jaipur,Pune,2026-06-21
C027,P001,1592,Pune,Delhi,2026-01-18
C045,P003,519,Ahmedabad,Mumbai,2026-01-26
C019,P004,392,Pune,Jaipur,2026-03-05
C039,P002,623,Ahmedabad,Mumbai,2026-06-16
C040,P004,403,Mumbai,Pune,2026-05-01
C037,P004,1148,Pune,Jaipur,2026-01-04
C033,P002,799,Jaipur,Mumbai,2026-04-16
C010,P002,472,Delhi,Jaipur,2026-05-23
C042,P002,533,Jaipur,Mumbai,2026-05-30
C020,P001,193,Pune,Mumbai,2026-01-02
C041,P004,1818,Pune,Ahmedabad,2026-02-12
C045,P004,1256,Jaipur,Ahmedabad,2026-03-06
C034,P004,1270,Pune,Delhi,2026-06-01
C030,P002,1459,Pune,Delhi,2026-02-12
C045,P001,775,Jaipur,Mumbai,2026-01-11
C006,P002,869,Mumbai,Pune,2026-01-18
C029,P002,585,Ahmedabad,Mumbai,2026-01-23
C002,P002,109,Ahmedabad,Jaipur,2026-05-05
C001,P004,1532,Delhi,Mumbai,2026-01-01
C032,P003,1941,Jaipur,Delhi,2026-03-21
C009,P003,1254,Mumbai,Pune,2026-02-26
C003,P003,721,Pune,Mumbai,2026-02-18
C010,P001,590,Jaipur,Pune,2026-01-08
C010,P004,1275,Pune,Mumbai,2026-03-18
C043,P001,1178,Delhi,Pune,2026-01-08
C012,P001,1152,Pune,Mumbai,2026-03-13
C046,P001,209,Jaipur,Pune,2026-01-21
C028,P002,1544,Delhi,Mumbai,2026-04-30
C028,P003,1850,Delhi,Mumbai,2026-06-04
C010,P004,569,Mumbai,Pune,2026-02-02
C040,P004,769,Pune,Jaipur,2026-06-05
C007,P004,1947,Delhi,Pune,2026-04-05
C029,P004,366,Pune,Mumbai,2026-02-04
C036,P004,324,Jaipur,Pune,2026-01-06
C005,P004,1715,Delhi,Jaipur,2026-03-04
C041,P002,1560,Delhi,Jaipur,2026-05-19
C010,P003,1667,Delhi,Pune,2026-06-01
C013,P002,329,Ahmedabad,Pune,2026-06-28
C009,P004,326,Jaipur,Mumbai,2026-03-13
C007,P004,334,Delhi,Jaipur,2026-01-19
C015,P001,179,Ahmedabad,Delhi,2026-06-28
C013,P002,1940,Jaipur,Mumbai,2026-03-24
C049,P001,983,Jaipur,Ahmedabad,2026-04-17
C028,P003,793,Delhi,Mumbai,2026-05-25
C029,P004,1578,Ahmedabad,Mumbai,2026-05-20
C046,P004,1364,Delhi,Ahmedabad,2026-04-04
C041,P003,843,Pune,Ahmedabad,2026-01-23
C049,P001,1010,Pune,Ahmedabad,2026-05-19
C007,P002,675,Mumbai,Jaipur,2026-03-26
C037,P003,388,Jaipur,Delhi,2026-03-13
C008,P001,1616,Jaipur,Mumbai,2026-03-25
C006,P001,413,Delhi,Ahmedabad,2026-03-27
C044,P002,1653,Jaipur,Delhi,2026-02-04
C048,P004,1953,Pune,Ahmedabad,2026-05-08
C022,P001,1502,Mumbai,Delhi,2026-02-04
C001,P004,1818,Jaipur,Mumbai,2026-05-02
C033,P002,1498,Jaipur,Delhi,2026-01-30
C036,P002,1462,Delhi,Ahmedabad,2026-02-17
C029,P001,407,Ahmedabad,Delhi,2026-05-22
C006,P004,390,Jaipur,Mumbai,2026-01-24
C022,P002,1744,Ahmedabad,Delhi,2026-02-13
C046,P001,1866,Mumbai,Pune,2026-04-18
C035,P003,136,Ahmedabad,Mumbai,2026-03-12
C013,P002,1967,Ahmedabad,Delhi,2026-03-21
C036,P001,1362,Delhi,Pune,2026-02-15
C042,P002,963,Pune,Mumbai,2026-06-12
C019,P004,502,Mumbai,Ahmedabad,2026-02-21
C043,P001,1127,Mumbai,Pune,2026-01-25
C002,P003,551,Pune,Jaipur,2026-05-03
C023,P002,757,Ahmedabad,Jaipur,2026-05-18
C027,P003,1744,Delhi,Pune,2026-01-19
C033,P001,606,Mumbai,Jaipur,2026-05-19
C041,P003,666,Jaipur,Delhi,2026-01-13
C014,P003,1661,Pune,Ahmedabad,2026-05-01
C037,P003,1006,Jaipur,Delhi,2026-03-28
C046,P001,655,Ahmedabad,Pune,2026-02-20
C008,P002,1711,Jaipur,Pune,2026-04-11
C029,P004,328,Pune,Mumbai,2026-03-11
C027,P001,160,Delhi,Pune,2026-04-25
C040,P003,1100,Pune,Jaipur,2026-03-04
C049,P004,1111,Delhi,Mumbai,2026-02-21
C009,P004,566,Mumbai,Jaipur,2026-01-01
C005,P001,1874,Mumbai,Delhi,2026-02-19
C048,P003,1388,Pune,Jaipur,2026-02-01
C010,P001,1860,Delhi,Ahmedabad,2026-03-31
C042,P001,1286,Delhi,Jaipur,2026-04-09
C023,P004,608,Mumbai,Pune,2026-03-24
C049,P002,1751,Delhi,Jaipur,2026-03-11
C031,P002,1097,Ahmedabad,Delhi,2026-05-08
C016,P003,1061,Mumbai,Jaipur,2026-06-27
C037,P001,349,Ahmedabad,Jaipur,2026-04-10
C004,P003,979,Jaipur,Mumbai,2026-01-02
C035,P004,155,Jaipur,Delhi,2026-01-12
C044,P001,900,Delhi,Jaipur,2026-02-20
C003,P001,378,Pune,Delhi,2026-01-08
C003,P003,1254,Pune,Ahmedabad,2026-02-21
C015,P001,1416,Jaipur,Mumbai,2026-06-28
C019,P004,1198,Jaipur,Delhi,2026-05-21
C013,P001,906,Jaipur,Mumbai,2026-05-29
C033,P004,1061,Mumbai,Ahmedabad,2026-01-22
C035,P003,768,Ahmedabad,Delhi,2026-04-24
C012,P004,550,Delhi,Ahmedabad,2026-06-09
C002,P003,332,Pune,Mumbai,2026-03-01
C041,P004,1752,Mumbai,Pune,2026-04-24
C028,P003,298,Mumbai,Jaipur,2026-03-16
C027,P001,1231,Ahmedabad,Pune,2026-04-24
C036,P004,670,Ahmedabad,Pune,2026-06-26
C021,P003,484,Delhi,Jaipur,2026-01-22
C046,P002,1903,Jaipur,Delhi,2026-01-23
C031,P003,746,Pune,Delhi,2026-02-14
C024,P002,1657,Delhi,Jaipur,2026-06-22
C013,P003,790,Pune,Jaipur,2026-06-23
C038,P002,1184,Ahmedabad,Pune,2026-03-28
C030,P003,416,Ahmedabad,Delhi,2026-05-05
C012,P003,1613,Delhi,Mumbai,2026-06-08
C008,P001,1162,Mumbai,Ahmedabad,2026-04-22
C025,P002,136,Delhi,Mumbai,2026-06-12
C009,P002,144,Mumbai,Ahmedabad,2026-04-15
C002,P002,443,Delhi,Ahmedabad,2026-03-03
C014,P002,872,Delhi,Jaipur,2026-02-16
C038,P001,535,Pune,Jaipur,2026-02-09
C022,P002,705,Mumbai,Delhi,2026-05-28
C008,P003,1837,Jaipur,Delhi,2026-01-22
C040,P004,351,Mumbai,Ahmedabad,2026-04-04
C016,P001,1055,Pune,Mumbai,2026-01-16
C017,P001,274,Delhi,Jaipur,2026-01-29
C047,P002,1077,Mumbai,Delhi,2026-01-20
C013,P004,713,Pune,Jaipur,2026-02-19
C002,P003,868,Mumbai,Ahmedabad,2026-06-19
C017,P001,1484,Jaipur,Delhi,2026-06-14
C026,P003,647,Ahmedabad,Pune,2026-06-08
C040,P001,1295,Ahmedabad,Jaipur,2026-01-07
C032,P001,261,Delhi,Mumbai,2026-05-23
C009,P004,1843,Ahmedabad,Pune,2026-02-12
C034,P003,1671,Pune,Jaipur,2026-04-24
C049,P004,1093,Jaipur,Delhi,2026-05-04
C018,P004,515,Delhi,Mumbai,2026-06-28
C047,P003,1929,Jaipur,Mumbai,2026-05-02
C029,P003,688,Pune,Ahmedabad,2026-01-04
C027,P001,370,Pune,Ahmedabad,2026-04-24
C032,P001,1783,Delhi,Ahmedabad,2026-02-27
C027,P001,224,Mumbai,Pune,2026-03-03
C043,P001,182,Delhi,Mumbai,2026-06-28
C045,P004,1167,Mumbai,Jaipur,2026-03-20
C038,P001,1732,Mumbai,Jaipur,2026-01-10
C048,P004,173,Mumbai,Ahmedabad,2026-05-31
C023,P002,1961,Ahmedabad,Jaipur,2026-01-10
C024,P004,1555,Mumbai,Jaipur,2026-02-04
C013,P001,1283,Mumbai,Jaipur,2026-04-04
C009,P004,1586,Mumbai,Delhi,2026-04-08
C027,P002,1467,Jaipur,Pune,2026-06-30
C045,P001,589,Delhi,Jaipur,2026-03-29
C022,P003,151,Pune,Jaipur,2026-05-30
C002,P001,1195,Jaipur,Delhi,2026-04-07
C026,P004,1959,Delhi,Jaipur,2026-06-06
C026,P001,1877,Pune,Jaipur,2026-02-06
C009,P001,317,Pune,Ahmedabad,2026-06-03
C018,P003,1978,Delhi,Mumbai,2026-01-29
C038,P004,929,Jaipur,Pune,2026-02-01
C033,P003,1270,Ahmedabad,Mumbai,2026-02-25
C048,P004,1416,Pune,Jaipur,2026-03-26
C009,P004,112,Ahmedabad,Jaipur,2026-01-06
C017,P001,1211,Pune,Jaipur,2026-05-10
C016,P001,607,Pune,Jaipur,2026-01-23
C024,P002,1960,Mumbai,Ahmedabad,2026-01-16
C017,P003,999,Ahmedabad,Pune,2026-06-02
C040,P002,217,Delhi,Jaipur,2026-04-10
C045,P003,462,Mumbai,Jaipur,2026-01-25
C007,P001,1596,Delhi,Pune,2026-04-23
C013,P002,1101,Pune,Mumbai,2026-04-14
C004,P004,593,Mumbai,Ahmedabad,2026-03-31
C013,P002,378,Jaipur,Ahmedabad,2026-04-14
C049,P001,1905,Pune,Mumbai,2026-02-07
C010,P004,1679,Pune,Ahmedabad,2026-02-09
C016,P001,1143,Delhi,Ahmedabad,2026-05-29
C046,P002,1883,Jaipur,Pune,2026-01-23
C008,P004,1071,Delhi,Mumbai,2026-04-21
C027,P003,1219,Mumbai,Jaipur,2026-03-12
C038,P002,368,Jaipur,Mumbai,2026-04-25
C032,P002,1210,Delhi,Pune,2026-05-19
C004,P004,990,Pune,Ahmedabad,2026-01-07
C042,P002,1185,Pune,Jaipur,2026-03-19
C041,P003,1276,Jaipur,Pune,2026-03-02
C020,P003,114,Pune,Ahmedabad,2026-02-07
C035,P002,1294,Pune,Jaipur,2026-05-09
C022,P001,1574,Pune,Jaipur,2026-06-06
C022,P003,993,Jaipur,Ahmedabad,2026-05-13
C033,P002,1706,Mumbai,Delhi,2026-06-17
C046,P004,1800,Mumbai,Pune,2026-04-24
C035,P002,158,Mumbai,Pune,2026-02-04
C024,P001,145,Mumbai,Ahmedabad,2026-02-04
C046,P003,947,Ahmedabad,Jaipur,2026-04-17
C017,P002,1617,Delhi,Jaipur,2026-05-17
C017,P001,1389,Jaipur,Ahmedabad,2026-01-31
C035,P001,1011,Pune,Delhi,2026-04-07
C007,P004,352,Mumbai,Ahmedabad,2026-06-11
C009,P003,277,Ahmedabad,Mumbai,2026-04-29
C042,P002,662,Mumbai,Delhi,2026-02-09
C047,P001,928,Delhi,Mumbai,2026-06-11
C007,P004,1417,Mumbai,Ahmedabad,2026-05-10
C049,P003,1249,Mumbai,Delhi,2026-01-01
C022,P002,1271,Jaipur,Ahmedabad,2026-06-18
C043,P004,876,Pune,Delhi,2026-01-21
C040,P003,1983,Delhi,Ahmedabad,2026-02-26
C026,P003,1038,Delhi,Jaipur,2026-05-17
C045,P001,1903,Pune,Jaipur,2026-01-22
C036,P004,1464,Delhi,Mumbai,2026-01-22
C012,P002,696,Delhi,Jaipur,2026-03-31
C045,P001,1971,Delhi,Pune,2026-02-05
C001,P004,682,Mumbai,Jaipur,2026-01-02
C002,P001,1405,Mumbai,Pune,2026-01-12
C040,P001,683,Ahmedabad,Jaipur,2026-06-21
C047,P001,263,Ahmedabad,Delhi,2026-01-13
C031,P001,255,Mumbai,Jaipur,2026-03-30
C049,P004,155,Ahmedabad,Pune,2026-04-14
C043,P002,1063,Ahmedabad,Delhi,2026-01-05
C041,P002,187,Jaipur,Mumbai,2026-05-14
C020,P004,1805,Ahmedabad,Mumbai,2026-03-10
C015,P002,830,Jaipur,Pune,2026-06-02
C021,P003,1037,Delhi,Jaipur,2026-04-11
C024,P001,548,Pune,Delhi,2026-01-02
C030,P002,1918,Pune,Jaipur,2026-03-05
C024,P001,1428,Delhi,Mumbai,2026-03-23
C024,P004,693,Mumbai,Pune,2026-04-18
C038,P003,1612,Ahmedabad,Pune,2026-01-25
C039,P001,1109,Mumbai,Delhi,2026-05-23
C032,P003,165,Mumbai,Delhi,2026-03-13
C039,P001,929,Mumbai,Delhi,2026-03-14
C010,P002,1405,Pune,Mumbai,2026-01-30
C039,P001,419,Jaipur,Mumbai,2026-06-10
C031,P002,154,Delhi,Jaipur,2026-05-13
C017,P004,1201,Jaipur,Pune,2026-03-31
C012,P002,114,Ahmedabad,Mumbai,2026-06-25
C003,P004,1495,Mumbai,Pune,2026-03-31
C048,P003,1468,Pune,Mumbai,2026-04-08
C027,P002,1334,Delhi,Ahmedabad,2026-04-25
C047,P003,1541,Jaipur,Mumbai,2026-03-15
C048,P001,961,Pune,Jaipur,2026-04-01
C008,P002,427,Delhi,Mumbai,2026-01-04
C013,P002,463,Pune,Jaipur,2026-03-06
C033,P001,1032,Ahmedabad,Mumbai,2026-02-19
C022,P004,1471,Delhi,Pune,2026-01-14
C023,P002,1982,Delhi,Pune,2026-03-06
C019,P003,659,Mumbai,Delhi,2026-02-18
C032,P004,912,Delhi,Pune,2026-03-01
C010,P001,1441,Jaipur,Pune,2026-06-16
C003,P002,569,Jaipur,Pune,2026-03-03
C028,P003,1032,Mumbai,Jaipur,2026-05-26
C017,P003,1347,Ahmedabad,Jaipur,2026-01-15
C030,P004,115,Mumbai,Ahmedabad,2026-06-30
C047,P003,1216,Mumbai,Ahmedabad,2026-06-27
C016,P003,1896,Jaipur,Mumbai,2026-06-06
C021,P004,1178,Jaipur,Mumbai,2026-05-02
C032,P003,1981,Ahmedabad,Jaipur,2026-03-17
C015,P004,872,Ahmedabad,Jaipur,2026-05-16
C047,P001,564,Ahmedabad,Jaipur,2026-04-03
C046,P004,1697,Delhi,Pune,2026-02-09
C013,P003,771,Pune,Delhi,2026-05-27
C017,P002,645,Jaipur,Ahmedabad,2026-03-20
C038,P003,488,Ahmedabad,Jaipur,2026-03-20
C017,P003,1586,Mumbai,Jaipur,2026-05-28
C035,P001,546,Jaipur,Delhi,2026-02-28
C040,P002,595,Ahmedabad,Pune,2026-02-15
C043,P003,585,Delhi,Mumbai,2026-03-26
C017,P003,299,Pune,Jaipur,2026-03-04
C011,P004,1813,Mumbai,Pune,2026-02-10
C014,P002,1080,Ahmedabad,Pune,2026-01-08
C020,P002,1333,Ahmedabad,Mumbai,2026-04-01
C002,P001,1621,Jaipur,Delhi,2026-04-02
C020,P001,439,Jaipur,Ahmedabad,2026-04-20
C017,P001,458,Delhi,Pune,2026-01-14
C001,P004,901,Jaipur,Ahmedabad,2026-01-02
C003,P003,452,Ahmedabad,Delhi,2026-05-01
C043,P001,715,Delhi,Ahmedabad,2026-05-07
C015,P001,989,Jaipur,Mumbai,2026-02-08
C024,P001,1288,Ahmedabad,Jaipur,2026-02-23
C040,P003,1320,Pune,Ahmedabad,2026-04-11
C022,P003,1930,Delhi,Pune,2026-04-05
C039,P002,643,Ahmedabad,Mumbai,2026-03-18
C029,P003,1643,Jaipur,Delhi,2026-01-16
C031,P003,986,Mumbai,Jaipur,2026-04-23
C002,P003,769,Ahmedabad,Pune,2026-03-27
C022,P001,1107,Pune,Mumbai,2026-01-08
C018,P001,1157,Jaipur,Mumbai,2026-01-24
C036,P004,1876,Pune,Jaipur,2026-01-01
C030,P004,124,Pune,Mumbai,2026-02-27
C024,P002,987,Pune,Ahmedabad,2026-06-23
C044,P004,1366,Mumbai,Jaipur,2026-02-09
C030,P004,703,Delhi,Pune,2026-01-13
C037,P002,1879,Pune,Ahmedabad,2026-02-05
C022,P001,874,Ahmedabad,Jaipur,2026-05-03
C045,P004,952,Ahmedabad,Delhi,2026-04-03
C023,P002,1208,Jaipur,Pune,2026-03-21
C021,P003,366,Delhi,Ahmedabad,2026-06-04
C010,P001,687,Pune,Ahmedabad,2026-02-13
C041,P004,893,Pune,Mumbai,2026-05-16
C036,P001,1225,Delhi,Ahmedabad,2026-01-29
C044,P004,462,Ahmedabad,Mumbai,2026-02-08
C005,P004,1900,Jaipur,Delhi,2026-02-22
C032,P003,1959,Mumbai,Delhi,2026-02-05
C006,P001,1027,Mumbai,Jaipur,2026-06-02
C005,P001,435,Delhi,Jaipur,2026-06-15
C021,P002,1568,Pune,Ahmedabad,2026-02-02
C050,P002,921,Ahmedabad,Jaipur,2026-02-15
C045,P002,1332,Jaipur,Delhi,2026-04-07
C047,P002,1778,Ahmedabad,Pune,2026-01-06
C001,P002,1906,Ahmedabad,Pune,2026-06-17
C005,P002,498,Mumbai,Pune,2026-03-27
C028,P004,475,Delhi,Jaipur,2026-06-27
C031,P001,319,Ahmedabad,Mumbai,2026-02-12
C029,P001,1627,Jaipur,Delhi,2026-03-17
C002,P002,600,Ahmedabad,Jaipur,2026-04-25
C016,P001,239,Ahmedabad,Jaipur,2026-05-13
C002,P001,639,Jaipur,Pune,2026-06-02
C006,P002,340,Delhi,Ahmedabad,2026-06-05
C026,P002,1585,Mumbai,Ahmedabad,2026-06-24
C017,P002,1969,Mumbai,Pune,2026-03-31
C042,P002,187,Delhi,Ahmedabad,2026-02-22
C016,P004,1589,Mumbai,Pune,2026-05-29
C005,P002,1165,Pune,Delhi,2026-05-09
C050,P002,703,Delhi,Pune,2026-06-04
C033,P001,1908,Mumbai,Pune,2026-04-11
C018,P001,300,Pune,Ahmedabad,2026-04-23
C028,P003,130,Jaipur,Mumbai,2026-01-02
C007,P002,113,Pune,Delhi,2026-04-19
C004,P002,1861,Pune,Mumbai,2026-02-09
C047,P003,114,Pune,Jaipur,2026-01-13
C024,P002,1321,Jaipur,Delhi,2026-02-28
C015,P002,581,Delhi,Pune,2026-04-25
C032,P004,1157,Delhi,Mumbai,2026-05-25
C014,P003,1206,Jaipur,Ahmedabad,2026-04-21
C014,P004,165,Ahmedabad,Pune,2026-04-30
C030,P002,700,Ahmedabad,Mumbai,2026-01-18
C048,P003,1502,Pune,Delhi,2026-03-05
C020,P001,198,Jaipur,Pune,2026-02-01
C006,P001,503,Jaipur,Pune,2026-01-17
C003,P003,1417,Ahmedabad,Delhi,2026-04-02
C045,P002,1855,Jaipur,Delhi,2026-05-28
C028,P001,334,Delhi,Pune,2026-05-21
C015,P002,938,Delhi,Pune,2026-01-04
C010,P001,1682,Jaipur,Ahmedabad,2026-03-21
C029,P004,1993,Jaipur,Pune,2026-04-01
C050,P001,1179,Delhi,Mumbai,2026-04-12
C004,P003,939,Pune,Delhi,2026-02-23
C001,P002,1348,Delhi,Mumbai,2026-03-15
C044,P004,204,Delhi,Jaipur,2026-03-01
C003,P004,1496,Jaipur,Delhi,2026-05-10
C001,P001,1900,Jaipur,Mumbai,2026-06-28
C016,P004,1613,Ahmedabad,Delhi,2026-01-20
C039,P004,827,Ahmedabad,Jaipur,2026-03-03
C011,P001,1627,Jaipur,Pune,2026-06-22
C047,P004,1072,Ahmedabad,Jaipur,2026-05-08
C050,P001,420,Jaipur,Ahmedabad,2026-06-02
C022,P004,1621,Pune,Delhi,2026-02-24
C048,P003,453,Delhi,Pune,2026-03-26
C043,P003,121,Delhi,Mumbai,2026-04-10
C006,P004,1871,Pune,Ahmedabad,2026-05-29
C030,P004,1516,Delhi,Pune,2026-06-15
C015,P003,571,Mumbai,Pune,2026-04-30
C001,P002,737,Pune,Delhi,2026-05-05
C032,P002,946,Delhi,Mumbai,2026-01-03
C010,P001,1819,Jaipur,Mumbai,2026-04-12
C012,P004,966,Mumbai,Delhi,2026-01-26
C024,P002,421,Pune,Mumbai,2026-04-15
C019,P002,1521,Jaipur,Pune,2026-04-26
C004,P001,739,Delhi,Pune,2026-02-23
C012,P002,1186,Pune,Mumbai,2026-02-27
C041,P002,1742,Ahmedabad,Mumbai,2026-05-22
C047,P003,606,Delhi,Pune,2026-03-31
C046,P003,1291,Delhi,Pune,2026-04-09
C038,P003,1778,Pune,Jaipur,2026-04-04
C048,P001,795,Pune,Delhi,2026-02-27
C027,P004,552,Mumbai,Jaipur,2026-03-20
C032,P003,1830,Jaipur,Pune,2026-06-02
C036,P001,1376,Jaipur,Pune,2026-01-06
C042,P004,1619,Mumbai,Delhi,2026-02-20
C006,P003,1017,Jaipur,Delhi,2026-03-27
C040,P004,1278,Ahmedabad,Delhi,2026-04-14
C040,P004,705,Ahmedabad,Mumbai,2026-04-06
C012,P001,1390,Mumbai,Delhi,2026-03-05
C021,P004,776,Delhi,Mumbai,2026-04-15
C013,P003,1036,Delhi,Ahmedabad,2026-02-23
C009,P003,1531,Jaipur,Ahmedabad,2026-03-15
C008,P001,547,Ahmedabad,Mumbai,2026-02-22
C049,P001,1354,Pune,Jaipur,2026-03-22
C035,P004,283,Pune,Jaipur,2026-04-25
C037,P001,366,Delhi,Ahmedabad,2026-04-26
C009,P003,786,Delhi,Pune,2026-04-12
C006,P001,580,Pune,Delhi,2026-01-19
C011,P004,1164,Jaipur,Ahmedabad,2026-02-26
C044,P001,874,Mumbai,Ahmedabad,2026-02-18
C027,P001,1134,Delhi,Pune,2026-04-30
C004,P002,1317,Ahmedabad,Delhi,2026-01-17
C030,P003,1031,Pune,Mumbai,2026-05-23
C048,P004,1770,Mumbai,Delhi,2026-03-15
C020,P003,1187,Jaipur,Pune,2026-01-28
C022,P003,784,Jaipur,Delhi,2026-06-11
C042,P001,444,Jaipur,Pune,2026-01-13
C021,P003,1074,Delhi,Pune,2026-03-25
C015,P004,102,Delhi,Mumbai,2026-02-08
C010,P001,421,Jaipur,Ahmedabad,2026-05-24
C028,P003,648,Pune,Ahmedabad,2026-04-11
C045,P003,1897,Jaipur,Pune,2026-02-14
C001,P002,1561,Mumbai,Delhi,2026-01-28
C046,P004,1318,Mumbai,Jaipur,2026-01-09
C032,P003,106,Ahmedabad,Mumbai,2026-03-15
C011,P004,425,Ahmedabad,Jaipur,2026-02-16
C025,P003,1067,Jaipur,Mumbai,2026-05-12
C001,P003,866,Ahmedabad,Delhi,2026-01-27
C044,P001,481,Mumbai,Pune,2026-05-07
C035,P004,556,Delhi,Mumbai,2026-02-10
C044,P003,434,Jaipur,Ahmedabad,2026-03-14
C007,P002,1384,Delhi,Ahmedabad,2026-02-21
C038,P002,1275,Ahmedabad,Pune,2026-05-22
C043,P002,639,Jaipur,Delhi,2026-06-23
C015,P003,449,Jaipur,Mumbai,2026-06-03
C027,P002,319,Pune,Ahmedabad,2026-01-27
C035,P001,322,Ahmedabad,Jaipur,2026-05-25
C016,P004,274,Pune,Mumbai,2026-02-23
C030,P003,1187,Jaipur,Pune,2026-02-25
C019,P004,612,Mumbai,Pune,2026-05-06
C007,P001,1778,Pune,Mumbai,2026-05-19
C025,P001,1916,Pune,Mumbai,2026-02-12
C030,P001,972,Pune,Delhi,2026-03-17
C047,P003,1964,Jaipur,Mumbai,2026-03-23
C027,P001,430,Jaipur,Mumbai,2026-02-20
C006,P003,1855,Jaipur,Delhi,2026-01-31
C018,P003,884,Delhi,Pune,2026-04-22
C043,P004,1336,Ahmedabad,Mumbai,2026-06-13
C042,P004,470,Mumbai,Jaipur,2026-03-17
C013,P004,943,Jaipur,Pune,2026-03-29
C037,P003,757,Jaipur,Pune,2026-02-12
C042,P001,519,Delhi,Jaipur,2026-06-07
C005,P002,1459,Jaipur,Ahmedabad,2026-05-16
C023,P001,399,Mumbai,Ahmedabad,2026-01-16
C001,P004,1524,Ahmedabad,Jaipur,2026-04-26
C006,P002,568,Mumbai,Ahmedabad,2026-06-23
C035,P003,1455,Pune,Delhi,2026-01-23
C008,P004,312,Ahmedabad,Delhi,2026-01-20
C043,P004,697,Mumbai,Pune,2026-03-28
C015,P001,639,Ahmedabad,Mumbai,2026-06-02
C014,P004,555,Jaipur,Delhi,2026-02-25
C033,P003,1007,Jaipur,Mumbai,2026-04-21
C002,P002,1931,Mumbai,Jaipur,2026-04-11
C015,P002,1524,Ahmedabad,Jaipur,2026-01-10
C026,P003,679,Delhi,Ahmedabad,2026-06-23
C013,P001,781,Pune,Ahmedabad,2026-04-16
C029,P003,930,Mumbai,Pune,2026-02-08
C026,P002,1376,Ahmedabad,Mumbai,2026-03-19
C007,P002,1879,Jaipur,Mumbai,2026-01-24
C023,P002,484,Delhi,Jaipur,2026-05-29
C019,P004,1724,Jaipur,Delhi,2026-01-12
C046,P002,1453,Pune,Delhi,2026-06-18
C037,P002,196,Mumbai,Delhi,2026-05-22
C023,P001,1801,Delhi,Mumbai,2026-05-11
C010,P002,707,Pune,Ahmedabad,2026-03-10
C047,P002,954,Jaipur,Ahmedabad,2026-04-04
C009,P003,1060,Mumbai,Ahmedabad,2026-03-07
C004,P003,928,Pune,Ahmedabad,2026-06-01
C045,P004,1352,Pune,Mumbai,2026-06-12
C005,P003,106,Pune,Delhi,2026-05-15
C049,P004,481,Ahmedabad,Pune,2026-03-05
C046,P003,1699,Pune,Mumbai,2026-05-26
C008,P001,1394,Jaipur,Mumbai,2026-02-12
C009,P003,1838,Delhi,Jaipur,2026-01-18
C042,P004,1447,Mumbai,Pune,2026-03-20
C034,P004,868,Mumbai,Jaipur,2026-01-25
C035,P004,1822,Ahmedabad,Delhi,2026-01-05
C035,P001,1448,Jaipur,Delhi,2026-03-16
C015,P001,341,Ahmedabad,Mumbai,2026-03-04
C047,P001,1413,Mumbai,Delhi,2026-02-04
C009,P004,518,Pune,Ahmedabad,2026-04-07
C010,P001,511,Ahmedabad,Jaipur,2026-01-31
C001,P002,527,Pune,Ahmedabad,2026-01-07
C043,P001,815,Jaipur,Mumbai,2026-05-16
C019,P004,1855,Jaipur,Mumbai,2026-02-10
C040,P002,1153,Mumbai,Jaipur,2026-05-30
C020,P002,670,Jaipur,Mumbai,2026-01-20
C019,P002,1389,Pune,Jaipur,2026-01-11
C009,P002,389,Ahmedabad,Mumbai,2026-01-23
C015,P003,1509,Pune,Jaipur,2026-06-12
C035,P002,1644,Mumbai,Jaipur,2026-03-31
C017,P003,1639,Delhi,Ahmedabad,2026-02-03
C036,P004,1033,Ahmedabad,Delhi,2026-01-16
C046,P004,1654,Mumbai,Ahmedabad,2026-05-28
C015,P003,1283,Jaipur,Delhi,2026-06-15
C026,P002,1505,Pune,Ahmedabad,2026-03-31
C008,P002,1327,Mumbai,Ahmedabad,2026-01-28
C030,P004,1477,Mumbai,Pune,2026-03-07
C041,P002,660,Pune,Delhi,2026-05-18
C010,P001,1191,Pune,Ahmedabad,2026-03-28
C047,P004,1768,Jaipur,Delhi,2026-05-24
C001,P002,1767,Mumbai,Delhi,2026-01-25
C046,P001,1510,Jaipur,Pune,2026-03-10
C002,P004,1722,Pune,Ahmedabad,2026-05-06
C012,P003,1646,Pune,Jaipur,2026-03-06
C004,P003,664,Pune,Mumbai,2026-06-14
C048,P002,1881,Mumbai,Jaipur,2026-06-04
C032,P002,1081,Mumbai,Delhi,2026-02-21
C033,P004,1450,Pune,Mumbai,2026-03-21
C031,P003,688,Mumbai,Delhi,2026-06-11
C036,P001,984,Ahmedabad,Jaipur,2026-05-24
C042,P002,1575,Pune,Mumbai,2026-02-28
C023,P002,1698,Jaipur,Mumbai,2026-06-02
C028,P003,465,Delhi,Jaipur,2026-04-25
C018,P001,1438,Jaipur,Mumbai,2026-05-14
C045,P004,1557,Mumbai,Delhi,2026-02-22
C028,P002,655,Ahmedabad,Pune,2026-02-07
C022,P003,1686,Mumbai,Ahmedabad,2026-05-16
C024,P002,1152,Mumbai,Ahmedabad,2026-05-19
C021,P001,208,Pune,Mumbai,2026-03-17
C007,P004,811,Pune,Ahmedabad,2026-01-01
C018,P002,1760,Mumbai,Delhi,2026-06-04
C004,P003,471,Mumbai,Jaipur,2026-04-27
C037,P001,1958,Pune,Ahmedabad,2026-02-08
C031,P002,1899,Jaipur,Delhi,2026-04-08
C048,P003,1249,Mumbai,Ahmedabad,2026-06-15
C050,P002,1471,Ahmedabad,Mumbai,2026-05-04
C046,P004,205,Ahmedabad,Mumbai,2026-01-11
C044,P003,1027,Mumbai,Ahmedabad,2026-02-02
C013,P003,1577,Ahmedabad,Mumbai,2026-02-16
C049,P004,542,Mumbai,Jaipur,2026-01-28
C028,P003,572,Mumbai,Pune,2026-06-06
C009,P004,899,Mumbai,Pune,2026-03-21
C007,P004,1536,Jaipur,Ahmedabad,2026-06-26
C039,P003,1799,Ahmedabad,Delhi,2026-01-21
C022,P003,1642,Ahmedabad,Jaipur,2026-01-19
C028,P001,1011,Ahmedabad,Pune,2026-02-20
C028,P001,1386,Jaipur,Delhi,2026-05-16
C031,P001,1238,Pune,Delhi,2026-03-31
C017,P003,1833,Jaipur,Ahmedabad,2026-06-12
C026,P004,562,Mumbai,Jaipur,2026-03-31
C021,P003,1171,Mumbai,Delhi,2026-03-22
C032,P004,648,Delhi,Mumbai,2026-03-03
C045,P003,1717,Delhi,Jaipur,2026-01-17
C012,P002,873,Pune,Mumbai,2026-01-24
C045,P003,772,Delhi,Ahmedabad,2026-01-21
C027,P003,1871,Jaipur,Delhi,2026-06-02
C025,P004,847,Ahmedabad,Delhi,2026-05-20
C006,P003,1594,Pune,Mumbai,2026-02-07
C046,P001,760,Mumbai,Pune,2026-06-03
C043,P002,1467,Jaipur,Pune,2026-04-23
C032,P002,1751,Pune,Delhi,2026-06-27
C047,P002,558,Pune,Delhi,2026-03-09
C004,P002,1742,Delhi,Mumbai,2026-03-10
C025,P001,796,Ahmedabad,Delhi,2026-05-02
C011,P002,1787,Pune,Mumbai,2026-03-11
C044,P004,1175,Delhi,Mumbai,2026-04-13
C003,P001,1854,Delhi,Mumbai,2026-06-17
C038,P001,392,Pune,Ahmedabad,2026-01-02
C029,P002,1316,Pune,Jaipur,2026-03-24
C001,P003,220,Jaipur,Delhi,2026-05-31
C026,P004,1405,Mumbai,Jaipur,2026-01-02
C044,P001,730,Ahmedabad,Pune,2026-05-16
C001,P001,524,Mumbai,Delhi,2026-05-06
C011,P003,231,Jaipur,Delhi,2026-01-24
C026,P001,921,Pune,Mumbai,2026-02-27
C036,P004,1947,Mumbai,Pune,2026-01-28
C023,P001,1194,Pune,Mumbai,2026-02-19
C026,P002,619,Ahmedabad,Pune,2026-05-23
C023,P001,220,Delhi,Jaipur,2026-04-21
C011,P001,1477,Pune,Mumbai,2026-01-24
C043,P003,1555,Jaipur,Delhi,2026-03-01
C014,P002,1746,Mumbai,Jaipur,2026-06-01
C032,P001,381,Ahmedabad,Pune,2026-06-11
C036,P004,1079,Pune,Delhi,2026-06-03
C002,P002,524,Ahmedabad,Mumbai,2026-06-22
C045,P001,1783,Jaipur,Delhi,2026-02-01
C027,P002,1417,Delhi,Mumbai,2026-02-28
C008,P002,1377,Pune,Delhi,2026-05-08
C007,P004,1486,Delhi,Mumbai,2026-06-09
C029,P004,1175,Pune,Jaipur,2026-06-07
C020,P001,1511,Pune,Jaipur,2026-03-08
C004,P003,1801,Delhi,Jaipur,2026-01-04
C020,P001,350,Pune,Ahmedabad,2026-02-09
C028,P001,1995,Ahmedabad,Delhi,2026-01-05
C023,P004,281,Mumbai,Delhi,2026-05-30
C045,P003,1659,Ahmedabad,Jaipur,2026-03-08
C040,P002,714,Jaipur,Delhi,2026-04-30
C026,P002,1613,Pune,Jaipur,2026-01-10
C013,P002,1108,Ahmedabad,Mumbai,2026-01-20
C009,P002,877,Pune,Ahmedabad,2026-06-26
C008,P003,723,Delhi,Jaipur,2026-06-07
C018,P001,1379,Mumbai,Jaipur,2026-01-08
C016,P003,409,Mumbai,Pune,2026-01-28
C014,P003,142,Jaipur,Pune,2026-03-03
C036,P004,1292,Ahmedabad,Pune,2026-02-13
C031,P004,1772,Mumbai,Jaipur,2026-04-09
C042,P003,1972,Mumbai,Delhi,2026-06-16
C023,P004,1060,Mumbai,Ahmedabad,2026-04-30
C041,P003,1761,Jaipur,Pune,2026-04-23
C012,P002,1108,Delhi,Jaipur,2026-01-25
C005,P002,1038,Ahmedabad,Pune,2026-06-17
C016,P001,1025,Pune,Delhi,2026-02-14
C034,P003,1240,Mumbai,Pune,2026-05-14
C020,P001,1243,Delhi,Pune,2026-05-14
C010,P002,908,Delhi,Ahmedabad,2026-01-14
C037,P004,407,Mumbai,Jaipur,2026-05-08
C021,P003,931,Mumbai,Jaipur,2026-03-27
C020,P004,285,Delhi,Ahmedabad,2026-01-28
C008,P002,417,Delhi,Jaipur,2026-02-11
C034,P001,1976,Ahmedabad,Pune,2026-04-22
C037,P004,1803,Jaipur,Ahmedabad,2026-04-29
C019,P003,1775,Pune,Jaipur,2026-01-15
C019,P001,257,Pune,Mumbai,2026-05-22
C011,P003,1776,Delhi,Pune,2026-05-23
C011,P003,1161,Mumbai,Pune,2026-01-29
C035,P002,1263,Pune,Ahmedabad,2026-05-25
C026,P003,907,Pune,Ahmedabad,2026-02-04
C049,P001,1485,Ahmedabad,Mumbai,2026-03-10
C033,P004,208,Ahmedabad,Pune,2026-01-29
C016,P002,1730,Jaipur,Delhi,2026-06-25
C022,P002,183,Mumbai,Jaipur,2026-01-14
C046,P001,994,Delhi,Ahmedabad,2026-05-17
C009,P004,125,Pune,Delhi,2026-03-16
C044,P004,624,Delhi,Pune,2026-05-14
C043,P004,978,Mumbai,Jaipur,2026-01-31
C004,P003,773,Pune,Mumbai,2026-03-15
C027,P004,122,Pune,Ahmedabad,2026-04-21
C014,P001,1512,Jaipur,Ahmedabad,2026-04-06
C030,P003,268,Ahmedabad,Mumbai,2026-02-05
C035,P001,1764,Mumbai,Jaipur,2026-05-28
C020,P003,1851,Ahmedabad,Mumbai,2026-03-23
C046,P003,1049,Delhi,Mumbai,2026-01-10
C029,P002,1756,Mumbai,Jaipur,2026-01-04
C028,P002,642,Pune,Jaipur,2026-04-10
C045,P004,1472,Mumbai,Ahmedabad,2026-03-08
C028,P004,962,Ahmedabad,Jaipur,2026-01-14
C032,P004,213,Delhi,Ahmedabad,2026-03-15
C014,P004,364,Mumbai,Ahmedabad,2026-01-16
C004,P001,125,Ahmedabad,Jaipur,2026-05-09
C045,P001,1442,Ahmedabad,Pune,2026-05-21
C048,P003,1260,Mumbai,Delhi,2026-01-13
C014,P004,468,Pune,Ahmedabad,2026-01-24
C015,P003,1957,Ahmedabad,Delhi,2026-03-13
C010,P004,564,Pune,Mumbai,2026-05-28
C028,P002,1337,Jaipur,Mumbai,2026-02-19
C020,P002,287,Delhi,Jaipur,2026-06-13
C046,P004,1544,Delhi,Mumbai,2026-05-10
C028,P001,1250,Jaipur,Pune,2026-06-11
C045,P002,926,Mumbai,Ahmedabad,2026-04-23
C002,P003,941,Jaipur,Mumbai,2026-06-10
C014,P004,424,Delhi,Ahmedabad,2026-06-26
C005,P001,599,Jaipur,Delhi,2026-03-25
C038,P004,1049,Delhi,Ahmedabad,2026-06-19
C022,P002,1909,Jaipur,Mumbai,2026-06-15
C017,P004,781,Delhi,Pune,2026-06-23
C042,P002,1023,Mumbai,Pune,2026-02-27
C035,P001,466,Pune,Mumbai,2026-01-02
C047,P002,148,Ahmedabad,Pune,2026-03-30
C015,P002,101,Pune,Jaipur,2026-04-19
C003,P004,506,Delhi,Ahmedabad,2026-05-16
C035,P001,727,Delhi,Mumbai,2026-06-06
C008,P004,1377,Pune,Jaipur,2026-06-16
C013,P004,1896,Jaipur,Ahmedabad,2026-04-25
C007,P002,105,Delhi,Pune,2026-04-15
C026,P004,222,Jaipur,Delhi,2026-04-20
C004,P004,434,Ahmedabad,Mumbai,2026-01-10
C001,P003,1751,Mumbai,Pune,2026-06-21
C003,P002,296,Jaipur,Ahmedabad,2026-05-03
C042,P004,1569,Jaipur,Delhi,2026-04-17
C005,P003,476,Jaipur,Pune,2026-05-10
C036,P001,388,Delhi,Mumbai,2026-05-17
C022,P002,895,Jaipur,Delhi,2026-06-24
C040,P003,1455,Delhi,Mumbai,2026-03-17
C030,P003,845,Ahmedabad,Delhi,2026-03-14
C004,P003,519,Ahmedabad,Pune,2026-02-01
C005,P003,1128,Pune,Jaipur,2026-04-06
C025,P001,908,Delhi,Mumbai,2026-04-16
C037,P001,1104,Pune,Mumbai,2026-06-18
C050,P004,963,Delhi,Pune,2026-06-15
C030,P001,1767,Ahmedabad,Pune,2026-02-22
C027,P001,375,Delhi,Ahmedabad,2026-01-11
C011,P001,1622,Mumbai,Jaipur,2026-02-19
C021,P001,1037,Pune,Jaipur,2026-01-01
C029,P003,340,Delhi,Ahmedabad,2026-01-07
C015,P002,1024,Mumbai,Delhi,2026-06-27
C008,P001,1570,Jaipur,Ahmedabad,2026-01-08
C012,P004,193,Ahmedabad,Mumbai,2026-04-15
C012,P003,480,Ahmedabad,Delhi,2026-04-30
C040,P002,396,Pune,Jaipur,2026-01-05
C024,P004,1940,Jaipur,Delhi,2026-03-11
C044,P003,1677,Pune,Jaipur,2026-03-18
C038,P001,195,Ahmedabad,Jaipur,2026-05-17
C019,P004,562,Delhi,Pune,2026-05-03
C004,P002,1792,Ahmedabad,Jaipur,2026-02-20
C034,P003,1071,Pune,Ahmedabad,2026-04-09
C011,P002,597,Pune,Delhi,2026-02-19
C024,P002,827,Jaipur,Pune,2026-03-29
C031,P001,943,Pune,Delhi,2026-06-26
C050,P001,1973,Jaipur,Ahmedabad,2026-06-24
C019,P003,1731,Mumbai,Delhi,2026-02-05
C048,P004,1043,Mumbai,Jaipur,2026-01-27
C026,P001,110,Delhi,Ahmedabad,2026-04-09
C023,P004,1505,Delhi,Pune,2026-06-10
C009,P004,439,Ahmedabad,Pune,2026-02-05
C047,P001,1047,Ahmedabad,Pune,2026-03-31
C001,P001,836,Delhi,Pune,2026-04-07
C029,P003,1180,Jaipur,Delhi,2026-01-27
C010,P003,1130,Jaipur,Mumbai,2026-06-13
C021,P001,1386,Delhi,Mumbai,2026-05-09
C015,P004,1429,Ahmedabad,Pune,2026-02-07
C015,P003,476,Ahmedabad,Pune,2026-03-07
C001,P001,1027,Mumbai,Delhi,2026-01-22
C046,P001,660,Jaipur,Pune,2026-01-26
C024,P003,1812,Jaipur,Ahmedabad,2026-03-07
C041,P004,1918,Delhi,Pune,2026-04-08
C007,P001,1535,Mumbai,Pune,2026-02-19
C049,P002,1428,Jaipur,Delhi,2026-02-12
C002,P003,1402,Ahmedabad,Jaipur,2026-02-13
C022,P003,1815,Mumbai,Jaipur,2026-01-07
C010,P002,702,Ahmedabad,Mumbai,2026-06-17
C035,P001,1655,Mumbai,Delhi,2026-04-13
C039,P002,970,Delhi,Ahmedabad,2026-02-12
C028,P002,160,Jaipur,Pune,2026-04-01
C027,P004,753,Jaipur,Pune,2026-01-11
C033,P001,1799,Ahmedabad,Delhi,2026-02-22
C021,P004,1460,Pune,Delhi,2026-03-23
C043,P004,1264,Ahmedabad,Mumbai,2026-03-01
C024,P004,554,Pune,Jaipur,2026-05-12
C006,P004,1909,Ahmedabad,Delhi,2026-01-20
C038,P003,1178,Jaipur,Pune,2026-05-08
C039,P003,250,Jaipur,Pune,2026-03-07
C029,P003,1251,Delhi,Ahmedabad,2026-05-13
C023,P002,1356,Delhi,Jaipur,2026-01-08
C022,P001,1223,Jaipur,Pune,2026-01-28
C007,P003,1325,Jaipur,Pune,2026-05-08
C035,P002,1269,Delhi,Mumbai,2026-05-13
C020,P002,1797,Delhi,Mumbai,2026-05-30
C019,P001,722,Pune,Delhi,2026-02-17
C045,P001,754,Ahmedabad,Delhi,2026-03-13
C009,P004,1925,Mumbai,Delhi,2026-02-20
C011,P002,1483,Delhi,Jaipur,2026-04-20
C045,P001,1657,Pune,Delhi,2026-01-17
C019,P002,1931,Jaipur,Pune,2026-06-19
C028,P003,1161,Pune,Mumbai,2026-05-01
C023,P002,1185,Jaipur,Ahmedabad,2026-06-12
C011,P002,1684,Jaipur,Ahmedabad,2026-01-21
C007,P002,1066,Jaipur,Ahmedabad,2026-06-27
C042,P002,1844,Mumbai,Delhi,2026-04-29
C004,P001,1542,Delhi,Ahmedabad,2026-03-01
C037,P004,792,Ahmedabad,Delhi,2026-02-25
C029,P001,1609,Ahmedabad,Mumbai,2026-06-15
C044,P004,1005,Jaipur,Ahmedabad,2026-02-13
C044,P002,1622,Ahmedabad,Jaipur,2026-06-13
C045,P003,1024,Mumbai,Delhi,2026-04-03
C023,P004,1896,Ahmedabad,Delhi,2026-06-18
C030,P001,992,Pune,Delhi,2026-01-14
C005,P001,1320,Ahmedabad,Delhi,2026-02-01
C008,P001,434,Jaipur,Pune,2026-03-31
C023,P003,830,Ahmedabad,Pune,2026-06-15
C035,P003,1706,Pune,Jaipur,2026-04-23
C005,P002,907,Delhi,Ahmedabad,2026-01-28
C028,P003,1208,Mumbai,Delhi,2026-01-09
C001,P002,885,Jaipur,Mumbai,2026-05-24
C036,P001,656,Mumbai,Pune,2026-03-20
C013,P001,1947,Pune,Delhi,2026-05-08
C024,P001,1864,Mumbai,Delhi,2026-05-31
C030,P001,157,Jaipur,Pune,2026-03-08
C014,P004,577,Mumbai,Ahmedabad,2026-04-26
C004,P001,752,Mumbai,Ahmedabad,2026-03-28
C024,P004,1558,Delhi,Pune,2026-05-13
C043,P002,446,Ahmedabad,Jaipur,2026-02-26
C014,P003,1440,Pune,Mumbai,2026-02-02
C030,P001,949,Ahmedabad,Mumbai,2026-06-24
C032,P001,445,Mumbai,Pune,2026-02-05
C001,P002,1101,Delhi,Mumbai,2026-03-25
C049,P004,296,Pune,Delhi,2026-01-22
C003,P003,1024,Ahmedabad,Mumbai,2026-03-31
C011,P003,1897,Ahmedabad,Mumbai,2026-05-28
C041,P003,1911,Ahmedabad,Mumbai,2026-03-17
C003,P004,1798,Mumbai,Delhi,2026-03-22
C024,P004,1336,Mumbai,Delhi,2026-03-28
C032,P003,1791,Jaipur,Delhi,2026-03-22
C025,P001,1847,Pune,Ahmedabad,2026-03-07
C049,P003,1539,Jaipur,Mumbai,2026-04-15
C013,P003,511,Delhi,Jaipur,2026-04-14
C032,P001,1394,Delhi,Mumbai,2026-02-10
C033,P003,635,Ahmedabad,Jaipur,2026-01-12
C033,P003,842,Pune,Mumbai,2026-01-28
C027,P003,1956,Delhi,Mumbai,2026-01-09
C042,P004,764,Ahmedabad,Jaipur,2026-01-03
C013,P003,753,Ahmedabad,Jaipur,2026-02-24
C040,P002,567,Mumbai,Jaipur,2026-05-16
C034,P001,1110,Ahmedabad,Delhi,2026-02-06
C045,P002,1464,Mumbai,Delhi,2026-04-29
C048,P003,1771,Jaipur,Ahmedabad,2026-01-23
C017,P002,1390,Mumbai,Pune,2026-01-05
C009,P004,1709,Mumbai,Ahmedabad,2026-03-10
C039,P002,117,Ahmedabad,Mumbai,2026-02-17
C043,P004,400,Delhi,Pune,2026-03-31
C018,P003,355,Ahmedabad,Delhi,2026-05-12
C020,P004,645,Pune,Ahmedabad,2026-06-27
C027,P001,1032,Delhi,Jaipur,2026-04-18
C002,P002,747,Ahmedabad,Delhi,2026-01-03
C039,P003,602,Jaipur,Mumbai,2026-02-26
C033,P004,1007,Delhi,Pune,2026-05-17
C001,P003,1096,Delhi,Jaipur,2026-04-17
C026,P003,1694,Pune,Mumbai,2026-05-25
C019,P002,914,Delhi,Ahmedabad,2026-05-07
C009,P001,1888,Ahmedabad,Delhi,2026-05-22
C030,P002,538,Ahmedabad,Delhi,2026-03-09
C042,P003,1776,Pune,Delhi,2026-06-21
C030,P004,212,Delhi,Ahmedabad,2026-01-04
C046,P004,1601,Mumbai,Jaipur,2026-05-19
C005,P004,380,Jaipur,Pune,2026-01-05
C050,P004,293,Delhi,Ahmedabad,2026-06-10
C047,P002,109,Pune,Delhi,2026-05-18
C039,P002,1775,Pune,Jaipur,2026-01-26
C025,P004,1466,Mumbai,Jaipur,2026-01-17
C040,P001,1831,Delhi,Ahmedabad,2026-05-06
C010,P004,985,Mumbai,Pune,2026-06-15
C004,P004,784,Delhi,Pune,2026-05-03
C047,P004,462,Ahmedabad,Delhi,2026-02-14
C012,P001,627,Mumbai,Jaipur,2026-06-27
C003,P002,682,Jaipur,Mumbai,2026-05-18
C003,P002,601,Jaipur,Mumbai,2026-03-31
C033,P004,360,Delhi,Mumbai,2026-03-15
C020,P004,339,Pune,Ahmedabad,2026-03-13
C018,P004,1333,Ahmedabad,Mumbai,2026-02-02
C038,P002,841,Jaipur,Ahmedabad,2026-01-28
C007,P004,715,Mumbai,Ahmedabad,2026-03-20
C004,P001,1192,Jaipur,Pune,2026-01-18
C009,P002,1884,Pune,Ahmedabad,2026-05-23
C046,P001,195,Ahmedabad,Mumbai,2026-02-03
C041,P001,1133,Ahmedabad,Delhi,2026-01-06
C047,P003,1271,Ahmedabad,Mumbai,2026-05-26
C047,P002,302,Ahmedabad,Pune,2026-06-02
C037,P002,563,Ahmedabad,Delhi,2026-06-02
C012,P001,239,Delhi,Jaipur,2026-03-21
C022,P004,1354,Ahmedabad,Delhi,2026-02-20
C032,P003,1999,Pune,Jaipur,2026-06-03
C013,P003,915,Delhi,Mumbai,2026-04-11
C020,P001,1110,Jaipur,Delhi,2026-02-09
C018,P003,1723,Delhi,Jaipur,2026-03-07
C022,P002,1625,Delhi,Ahmedabad,2026-01-08
C044,P001,1772,Jaipur,Pune,2026-01-14
C049,P004,1838,Pune,Delhi,2026-02-02
C024,P002,1358,Ahmedabad,Jaipur,2026-03-07
C044,P004,860,Delhi,Ahmedabad,2026-01-18
C047,P003,1972,Ahmedabad,Pune,2026-01-15
C015,P002,1239,Pune,Jaipur,2026-01-19
C003,P003,1905,Delhi,Mumbai,2026-04-20
C036,P004,957,Mumbai,Pune,2026-03-14
C019,P004,1286,Mumbai,Ahmedabad,2026-03-25
C018,P003,849,Jaipur,Mumbai,2026-01-01
C018,P003,1937,Mumbai,Pune,2026-03-27
C016,P001,235,Pune,Jaipur,2026-01-20
C005,P001,1953,Jaipur,Pune,2026-01-27
C018,P001,1429,Jaipur,Ahmedabad,2026-04-19
C031,P003,1191,Pune,Mumbai,2026-05-28
C033,P004,782,Pune,Delhi,2026-02-12
C013,P001,392,Delhi,Pune,2026-03-09
C016,P001,1636,Delhi,Jaipur,2026-01-20
C033,P003,538,Pune,Jaipur,2026-03-13
C017,P001,1770,Ahmedabad,Jaipur,2026-05-09
C041,P003,1255,Pune,Ahmedabad,2026-02-25
C013,P003,538,Mumbai,Ahmedabad,2026-02-11
C031,P003,490,Mumbai,Pune,2026-01-12
C015,P002,209,Jaipur,Ahmedabad,2026-04-14
C018,P002,695,Jaipur,Mumbai,2026-05-03
C041,P002,140,Pune,Mumbai,2026-02-06
C018,P003,1275,Pune,Ahmedabad,2026-05-03
C017,P002,582,Mumbai,Ahmedabad,2026-05-24
C044,P004,197,Ahmedabad,Pune,2026-02-28
C025,P001,1900,Pune,Mumbai,2026-04-19
C007,P001,1917,Mumbai,Jaipur,2026-03-28
C020,P004,133,Jaipur,Delhi,2026-06-25
C026,P001,461,Jaipur,Ahmedabad,2026-06-26
C017,P003,1238,Mumbai,Pune,2026-01-30
C020,P003,1923,Pune,Jaipur,2026-04-08
C034,P003,897,Delhi,Ahmedabad,2026-06-15
C028,P004,1020,Mumbai,Delhi,2026-04-02
C023,P004,1641,Pune,Delhi,2026-05-04
C050,P004,1065,Ahmedabad,Delhi,2026-02-14
C009,P003,754,Mumbai,Pune,2026-06-18
C008,P002,1933,Jaipur,Ahmedabad,2026-05-15
C004,P002,1059,Delhi,Pune,2026-03-15
C024,P003,924,Jaipur,Ahmedabad,2026-05-14
C021,P002,1436,Delhi,Pune,2026-04-20
C018,P001,1887,Ahmedabad,Mumbai,2026-04-20
C033,P001,1858,Delhi,Jaipur,2026-01-14
C018,P004,1049,Mumbai,Pune,2026-03-09
C050,P004,377,Ahmedabad,Pune,2026-01-30
C037,P001,1772,Mumbai,Ahmedabad,2026-06-02
C048,P002,1980,Mumbai,Ahmedabad,2026-01-27
C024,P004,177,Mumbai,Ahmedabad,2026-03-07
C031,P002,691,Ahmedabad,Jaipur,2026-06-26
C005,P003,1689,Delhi,Ahmedabad,2026-01-23
C043,P002,910,Delhi,Mumbai,2026-06-27
C048,P003,1726,Delhi,Jaipur,2026-02-10
C002,P004,404,Mumbai,Delhi,2026-02-28
C047,P001,1176,Ahmedabad,Delhi,2026-05-30
C008,P002,503,Jaipur,Pune,2026-06-21
C035,P003,1124,Pune,Ahmedabad,2026-04-18
C014,P004,565,Mumbai,Pune,2026-01-19
C047,P004,376,Mumbai,Pune,2026-03-28
C044,P002,762,Pune,Ahmedabad,2026-04-13
C043,P002,1611,Pune,Delhi,2026-06-10
C023,P003,780,Mumbai,Jaipur,2026-04-13
C014,P003,735,Ahmedabad,Mumbai,2026-04-27
C045,P003,1226,Mumbai,Jaipur,2026-06-30
C034,P003,158,Mumbai,Ahmedabad,2026-01-20
C049,P002,1340,Mumbai,Delhi,2026-06-24
C049,P002,1231,Jaipur,Delhi,2026-04-02
C003,P001,614,Mumbai,Jaipur,2026-04-10
C015,P004,893,Pune,Ahmedabad,2026-03-16
C007,P002,1093,Delhi,Mumbai,2026-03-03
C047,P004,1831,Jaipur,Ahmedabad,2026-05-11
C034,P003,520,Delhi,Jaipur,2026-03-30
C010,P004,339,Mumbai,Jaipur,2026-02-12
C042,P002,1911,Ahmedabad,Delhi,2026-01-09
C043,P003,455,Mumbai,Pune,2026-05-03
C026,P002,398,Mumbai,Jaipur,2026-03-22
C032,P003,1044,Delhi,Pune,2026-01-24
C001,P004,1647,Mumbai,Delhi,2026-02-03
C010,P002,1800,Mumbai,Ahmedabad,2026-02-26
C032,P001,443,Delhi,Mumbai,2026-06-08
C030,P002,917,Ahmedabad,Delhi,2026-06-14
C030,P002,1053,Pune,Delhi,2026-02-18
C003,P002,1971,Jaipur,Ahmedabad,2026-06-18
C042,P002,1963,Delhi,Pune,2026-04-03
C045,P003,1563,Jaipur,Pune,2026-02-28
C037,P002,725,Jaipur,Mumbai,2026-04-11
C034,P001,570,Delhi,Jaipur,2026-06-12
C045,P001,1088,Delhi,Ahmedabad,2026-01-28
C035,P002,552,Pune,Ahmedabad,2026-02-15
C012,P004,197,Pune,Ahmedabad,2026-04-09
C036,P004,1055,Mumbai,Ahmedabad,2026-04-09
C002,P002,241,Ahmedabad,Mumbai,2026-03-01
C043,P002,1068,Pune,Jaipur,2026-06-13
C031,P003,1374,Ahmedabad,Pune,2026-04-06
C009,P003,870,Jaipur,Delhi,2026-06-20
C050,P003,240,Delhi,Ahmedabad,2026-03-27
C045,P002,223,Ahmedabad,Pune,2026-06-15
C021,P001,473,Jaipur,Ahmedabad,2026-03-14
C040,P001,1248,Pune,Jaipur,2026-03-09
C044,P004,1586,Delhi,Jaipur,2026-06-12
C037,P001,1608,Mumbai,Pune,2026-02-01
C034,P003,770,Delhi,Mumbai,2026-03-29
C003,P004,1486,Pune,Ahmedabad,2026-06-03
C018,P003,454,Jaipur,Pune,2026-03-02
C039,P002,751,Mumbai,Pune,2026-02-04
C002,P003,904,Mumbai,Jaipur,2026-05-29
C010,P003,685,Delhi,Pune,2026-02-26
C034,P003,702,Jaipur,Pune,2026-04-02
C023,P003,651,Mumbai,Ahmedabad,2026-02-12
C016,P002,1584,Pune,Jaipur,2026-06-24
C005,P004,1740,Delhi,Ahmedabad,2026-05-26
C019,P004,1804,Delhi,Ahmedabad,2026-05-07
C009,P004,1843,Pune,Mumbai,2026-01-11
C018,P001,644,Pune,Jaipur,2026-05-14
C046,P004,1937,Mumbai,Ahmedabad,2026-03-30
C018,P002,1459,Delhi,Pune,2026-01-09
C025,P003,847,Pune,Mumbai,2026-03-28
C050,P003,422,Ahmedabad,Jaipur,2026-01-07
C048,P004,637,Jaipur,Pune,2026-04-25
C042,P002,1476,Delhi,Pune,2026-01-06
C015,P001,1124,Delhi,Jaipur,2026-01-31
C028,P001,101,Delhi,Ahmedabad,2026-02-09
C023,P004,1606,Delhi,Mumbai,2026-01-17
C029,P004,575,Ahmedabad,Pune,2026-04-04
C021,P004,1627,Jaipur,Delhi,2026-01-12
C049,P004,527,Pune,Ahmedabad,2026-04-10
C050,P003,1624,Jaipur,Pune,2026-01-10
C024,P003,135,Delhi,Mumbai,2026-01-15
C022,P001,911,Jaipur,Pune,2026-02-11
C011,P001,1758,Delhi,Jaipur,2026-03-24
C019,P003,1970,Delhi,Ahmedabad,2026-06-06
C044,P002,1394,Jaipur,Ahmedabad,2026-05-17
C035,P004,671,Pune,Ahmedabad,2026-03-25
C043,P004,920,Pune,Jaipur,2026-06-17
C022,P001,1771,Ahmedabad,Jaipur,2026-06-30
C044,P004,233,Ahmedabad,Jaipur,2026-05-18
C011,P004,1951,Jaipur,Mumbai,2026-03-25
C015,P003,1562,Jaipur,Pune,2026-05-11
C029,P001,1765,Mumbai,Jaipur,2026-01-06
C015,P003,1166,Pune,Jaipur,2026-01-25
C048,P002,1735,Pune,Jaipur,2026-06-08
C014,P002,766,Pune,Mumbai,2026-04-12
C014,P004,1772,Jaipur,Delhi,2026-02-10
C040,P001,871,Delhi,Ahmedabad,2026-02-04
C004,P002,1186,Pune,Jaipur,2026-03-01
C048,P001,1840,Pune,Jaipur,2026-02-27
C020,P003,589,Jaipur,Mumbai,2026-01-04
C024,P003,1672,Ahmedabad,Jaipur,2026-02-20
C012,P002,1650,Mumbai,Ahmedabad,2026-04-01
C045,P002,1353,Ahmedabad,Pune,2026-04-27
C030,P003,1981,Pune,Delhi,2026-03-09
C031,P004,870,Jaipur,Mumbai,2026-06-02
C004,P003,1817,Jaipur,Delhi,2026-03-25
C015,P003,1847,Jaipur,Mumbai,2026-06-10
C024,P004,1716,Pune,Ahmedabad,2026-05-18
C024,P001,132,Mumbai,Jaipur,2026-01-09
C043,P003,1226,Mumbai,Delhi,2026-03-13
C025,P002,709,Mumbai,Ahmedabad,2026-01-27
C001,P003,654,Jaipur,Delhi,2026-01-24
C011,P003,532,Delhi,Mumbai,2026-03-28
C034,P003,1005,Mumbai,Pune,2026-02-08
C037,P002,1350,Delhi,Ahmedabad,2026-02-16
C030,P001,1444,Ahmedabad,Pune,2026-01-05
C012,P003,1831,Ahmedabad,Pune,2026-06-21
C046,P001,1617,Delhi,Ahmedabad,2026-05-30
C036,P002,638,Pune,Mumbai,2026-03-19
C039,P001,202,Mumbai,Pune,2026-06-28
C038,P002,1908,Delhi,Pune,2026-06-07
C014,P003,580,Pune,Jaipur,2026-02-22
C040,P002,1129,Mumbai,Jaipur,2026-03-24
C037,P001,1717,Ahmedabad,Mumbai,2026-05-14
C035,P002,158,Ahmedabad,Delhi,2026-05-19
C003,P004,1943,Ahmedabad,Pune,2026-06-26
C003,P004,1001,Pune,Delhi,2026-03-10
C004,P002,1780,Ahmedabad,Delhi,2026-06-25
C033,P004,211,Jaipur,Delhi,2026-04-29
C042,P003,1454,Mumbai,Ahmedabad,2026-01-26
C033,P004,1190,Pune,Jaipur,2026-05-11
C020,P003,1286,Mumbai,Jaipur,2026-06-29
C001,P003,546,Mumbai,Delhi,2026-04-25
C046,P001,852,Mumbai,Pune,2026-04-15
C010,P003,1538,Mumbai,Delhi,2026-04-24
C021,P001,1457,Delhi,Pune,2026-01-10
C018,P004,851,Mumbai,Jaipur,2026-03-08
C026,P003,1837,Delhi,Jaipur,2026-04-06
C041,P001,1740,Delhi,Jaipur,2026-01-15
C015,P004,425,Jaipur,Ahmedabad,2026-02-11
C001,P003,218,Pune,Jaipur,2026-06-20
C008,P003,1248,Mumbai,Ahmedabad,2026-06-03
C026,P004,1464,Ahmedabad,Mumbai,2026-02-20
C007,P003,1762,Pune,Mumbai,2026-02-15
C041,P003,1134,Ahmedabad,Pune,2026-01-06
C022,P001,1019,Pune,Jaipur,2026-06-05
C014,P004,313,Delhi,Jaipur,2026-01-20
C046,P002,553,Pune,Mumbai,2026-05-13
C003,P002,1338,Mumbai,Pune,2026-05-31
C019,P001,1809,Ahmedabad,Jaipur,2026-01-17
C030,P003,462,Mumbai,Delhi,2026-01-21
C027,P001,638,Delhi,Mumbai,2026-06-21
C040,P003,1759,Pune,Ahmedabad,2026-03-15
C016,P004,640,Ahmedabad,Mumbai,2026-02-23
C045,P003,1498,Mumbai,Delhi,2026-02-21
C020,P004,970,Delhi,Mumbai,2026-02-16
C038,P001,1539,Mumbai,Ahmedabad,2026-01-30
C026,P004,1962,Jaipur,Mumbai,2026-06-16
C025,P002,928,Mumbai,Delhi,2026-04-13
C030,P003,239,Jaipur,Delhi,2026-03-07
C021,P003,1458,Delhi,Ahmedabad,2026-06-07
C038,P003,1121,Pune,Jaipur,2026-05-27
C041,P001,325,Jaipur,Pune,2026-03-19
C041,P004,1700,Pune,Mumbai,2026-02-17
C014,P004,811,Ahmedabad,Pune,2026-01-04
C004,P003,387,Ahmedabad,Delhi,2026-04-07
C034,P004,194,Jaipur,Delhi,2026-06-07
C045,P002,1891,Ahmedabad,Jaipur,2026-06-23
C033,P004,741,Pune,Mumbai,2026-06-02
C036,P003,1063,Ahmedabad,Jaipur,2026-04-02
C011,P001,1791,Jaipur,Mumbai,2026-06-13
C027,P003,1122,Mumbai,Delhi,2026-06-25
C010,P004,843,Ahmedabad,Pune,2026-06-26
C024,P003,1744,Ahmedabad,Pune,2026-01-10
C046,P002,810,Mumbai,Delhi,2026-02-13
C004,P001,1025,Jaipur,Ahmedabad,2026-05-30
C008,P001,907,Delhi,Pune,2026-01-24
C034,P004,1703,Delhi,Mumbai,2026-02-08
C037,P004,695,Ahmedabad,Delhi,2026-01-30
C010,P002,1593,Pune,Mumbai,2026-04-15
C041,P001,287,Jaipur,Ahmedabad,2026-01-31
C038,P001,979,Mumbai,Jaipur,2026-02-27
C005,P001,852,Mumbai,Pune,2026-05-17
C005,P004,1018,Delhi,Ahmedabad,2026-02-22
C005,P003,1385,Pune,Jaipur,2026-01-23
C004,P001,334,Jaipur,Ahmedabad,2026-06-03
C001,P001,1886,Jaipur,Delhi,2026-05-28
C006,P001,1505,Pune,Delhi,2026-05-24
C037,P004,1569,Pune,Jaipur,2026-03-01
C026,P001,691,Jaipur,Pune,2026-02-19
C005,P003,1475,Delhi,Jaipur,2026-01-10
C029,P001,640,Jaipur,Delhi,2026-03-24
C043,P004,890,Ahmedabad,Pune,2026-06-29
C006,P002,1692,Ahmedabad,Mumbai,2026-05-23
C042,P003,1048,Ahmedabad,Jaipur,2026-06-26
C039,P003,163,Pune,Ahmedabad,2026-05-21
C039,P004,746,Ahmedabad,Mumbai,2026-03-23
C014,P003,563,Pune,Mumbai,2026-02-06
C024,P003,350,Jaipur,Ahmedabad,2026-06-03
C016,P002,321,Mumbai,Jaipur,2026-05-17
C001,P003,1088,Delhi,Jaipur,2026-02-19
C026,P001,1166,Jaipur,Delhi,2026-06-07
C044,P002,219,Delhi,Jaipur,2026-06-01
C024,P004,1446,Jaipur,Pune,2026-05-31
C046,P001,1873,Mumbai,Ahmedabad,2026-03-14
C027,P003,1565,Mumbai,Ahmedabad,2026-02-20
C012,P002,422,Pune,Jaipur,2026-04-04
C039,P004,445,Pune,Mumbai,2026-06-13
C023,P001,1830,Jaipur,Pune,2026-03-28
C028,P003,795,Ahmedabad,Delhi,2026-02-19
C039,P004,1838,Mumbai,Ahmedabad,2026-02-24
C049,P002,119,Delhi,Jaipur,2026-06-05
C012,P003,1818,Pune,Delhi,2026-02-13
C050,P004,137,Jaipur,Mumbai,2026-05-08
C040,P002,453,Jaipur,Ahmedabad,2026-04-24
C003,P002,603,Delhi,Ahmedabad,2026-03-01
C042,P004,253,Delhi,Mumbai,2026-05-05
C014,P001,350,Mumbai,Pune,2026-06-27
C019,P002,1106,Ahmedabad,Mumbai,2026-02-17
C026,P003,773,Jaipur,Delhi,2026-03-03
C015,P001,570,Ahmedabad,Jaipur,2026-02-11
C037,P003,1691,Mumbai,Jaipur,2026-01-29
C007,P003,978,Jaipur,Delhi,2026-06-14
C029,P002,1459,Delhi,Ahmedabad,2026-05-20
C007,P001,716,Ahmedabad,Pune,2026-02-26
C002,P002,783,Mumbai,Pune,2026-06-19
C005,P004,1043,Jaipur,Pune,2026-04-14
C029,P003,203,Delhi,Pune,2026-05-29
C011,P004,769,Ahmedabad,Delhi,2026-01-11
C041,P001,932,Delhi,Pune,2026-02-23
C040,P001,1434,Pune,Ahmedabad,2026-04-08
C017,P004,741,Jaipur,Mumbai,2026-06-23
C021,P001,221,Ahmedabad,Delhi,2026-02-21
C038,P003,205,Delhi,Pune,2026-01-30
C003,P003,1763,Mumbai,Jaipur,2026-01-23
C023,P002,821,Jaipur,Mumbai,2026-04-22
C026,P004,1216,Jaipur,Mumbai,2026-03-07
C040,P003,1774,Delhi,Ahmedabad,2026-06-29
C010,P002,139,Pune,Mumbai,2026-05-02
C012,P004,990,Jaipur,Ahmedabad,2026-03-31
C035,P002,1770,Ahmedabad,Mumbai,2026-04-30
C031,P002,1984,Jaipur,Ahmedabad,2026-02-17
C038,P004,959,Delhi,Pune,2026-04-20
C005,P002,787,Mumbai,Ahmedabad,2026-02-20
C037,P002,1158,Ahmedabad,Mumbai,2026-05-14
C020,P001,688,Ahmedabad,Jaipur,2026-06-30
C021,P004,1773,Ahmedabad,Pune,2026-01-16
C011,P002,447,Pune,Jaipur,2026-04-05
C018,P004,1139,Ahmedabad,Jaipur,2026-01-22
C048,P002,1781,Jaipur,Delhi,2026-01-22
C028,P004,684,Pune,Jaipur,2026-02-11
C022,P003,220,Mumbai,Jaipur,2026-06-08
C049,P004,277,Mumbai,Pune,2026-05-17
C019,P003,1137,Jaipur,Ahmedabad,2026-01-20
C012,P001,1851,Delhi,Pune,2026-03-13
C013,P001,706,Ahmedabad,Jaipur,2026-02-18
C041,P002,666,Ahmedabad,Pune,2026-06-18
C005,P004,458,Jaipur,Ahmedabad,2026-03-30
C025,P002,1856,Jaipur,Ahmedabad,2026-04-25
C018,P001,1503,Ahmedabad,Jaipur,2026-05-29
C034,P001,198,Ahmedabad,Jaipur,2026-03-15
C017,P004,852,Ahmedabad,Pune,2026-02-14
C025,P001,1362,Delhi,Jaipur,2026-05-09
C023,P003,296,Mumbai,Delhi,2026-03-20
C007,P001,541,Pune,Jaipur,2026-06-10
C034,P001,1609,Delhi,Ahmedabad,2026-03-28
C016,P003,465,Mumbai,Pune,2026-05-07
C043,P002,1459,Jaipur,Ahmedabad,2026-01-20
C019,P002,867,Delhi,Pune,2026-06-10
C014,P004,1463,Ahmedabad,Mumbai,2026-03-16
C028,P002,503,Jaipur,Delhi,2026-02-14
C046,P003,1753,Jaipur,Pune,2026-06-18
C025,P004,379,Jaipur,Delhi,2026-05-05
C025,P004,1540,Delhi,Ahmedabad,2026-02-16
C014,P004,799,Delhi,Mumbai,2026-05-17
C015,P002,290,Delhi,Jaipur,2026-02-14
C008,P003,1736,Delhi,Mumbai,2026-02-05
C025,P002,571,Jaipur,Pune,2026-04-27
C017,P001,345,Delhi,Pune,2026-04-09
C023,P001,471,Pune,Mumbai,2026-04-24
C005,P001,1255,Mumbai,Pune,2026-01-09
C020,P003,1702,Jaipur,Delhi,2026-04-14
C001,P001,1222,Delhi,Mumbai,2026-04-04
C033,P004,903,Ahmedabad,Delhi,2026-02-01
C037,P003,230,Ahmedabad,Jaipur,2026-03-20
C047,P003,1040,Jaipur,Ahmedabad,2026-03-27
C048,P002,1123,Delhi,Mumbai,2026-05-10
C021,P001,1528,Jaipur,Pune,2026-01-11
C022,P002,310,Jaipur,Delhi,2026-04-22
C013,P001,806,Mumbai,Jaipur,2026-06-21
C009,P002,1085,Ahmedabad,Pune,2026-02-05
C036,P003,1850,Pune,Ahmedabad,2026-01-26
C005,P002,982,Delhi,Ahmedabad,2026-04-28
C005,P001,766,Ahmedabad,Jaipur,2026-04-30
C006,P001,760,Mumbai,Ahmedabad,2026-05-05
C037,P001,1886,Mumbai,Ahmedabad,2026-05-23
C044,P003,1025,Mumbai,Delhi,2026-04-22
C008,P001,1390,Pune,Ahmedabad,2026-03-21
C013,P004,1759,Delhi,Ahmedabad,2026-05-22
C049,P002,335,Ahmedabad,Jaipur,2026-04-13
C032,P001,1838,Pune,Jaipur,2026-01-10
C010,P001,1721,Pune,Delhi,2026-02-22
C006,P004,293,Pune,Mumbai,2026-05-01
C043,P003,1048,Mumbai,Ahmedabad,2026-05-28
C043,P002,1453,Mumbai,Jaipur,2026-03-09
C008,P002,525,Ahmedabad,Pune,2026-01-18
C039,P002,1607,Jaipur,Pune,2026-03-27
C031,P002,214,Delhi,Jaipur,2026-03-17
C049,P003,1533,Mumbai,Jaipur,2026-06-13
C006,P001,266,Mumbai,Ahmedabad,2026-01-05
C044,P003,1477,Jaipur,Pune,2026-02-22
C043,P003,244,Delhi,Mumbai,2026-05-25
C013,P004,351,Jaipur,Pune,2026-06-26
C029,P004,480,Pune,Delhi,2026-01-10
C029,P003,1739,Mumbai,Pune,2026-01-11
C035,P004,1549,Jaipur,Pune,2026-02-22
C019,P003,621,Pune,Delhi,2026-03-07
C035,P001,711,Ahmedabad,Mumbai,2026-03-23
C003,P001,1831,Mumbai,Pune,2026-05-07
C038,P004,376,Pune,Jaipur,2026-06-07
C025,P002,1552,Pune,Ahmedabad,2026-01-14
C003,P001,1821,Pune,Jaipur,2026-01-28
C031,P001,872,Jaipur,Pune,2026-04-21
C011,P004,806,Mumbai,Pune,2026-06-05
C047,P004,556,Delhi,Mumbai,2026-03-20
C003,P004,1642,Ahmedabad,Delhi,2026-05-24
C024,P002,529,Mumbai,Ahmedabad,2026-03-23
C049,P003,677,Mumbai,Jaipur,2026-01-30
C029,P004,525,Ahmedabad,Pune,2026-01-27
C041,P003,1495,Jaipur,Ahmedabad,2026-06-16
C028,P001,410,Mumbai,Pune,2026-06-18
C019,P001,540,Delhi,Ahmedabad,2026-02-24
C040,P003,322,Ahmedabad,Pune,2026-04-11
C030,P001,114,Delhi,Jaipur,2026-02-25
C025,P003,961,Delhi,Mumbai,2026-02-07
C032,P002,626,Mumbai,Jaipur,2026-01-08
C028,P003,1922,Ahmedabad,Pune,2026-01-18
C011,P002,581,Delhi,Pune,2026-06-20
C049,P002,292,Ahmedabad,Pune,2026-04-18
C035,P001,346,Pune,Jaipur,2026-04-20
C028,P001,314,Delhi,Pune,2026-03-10
C015,P002,1050,Delhi,Pune,2026-06-08
C007,P003,1194,Delhi,Ahmedabad,2026-06-20
C046,P004,1060,Ahmedabad,Pune,2026-02-12
C017,P002,766,Jaipur,Pune,2026-04-14
C028,P001,1300,Mumbai,Ahmedabad,2026-04-06
C010,P004,1056,Delhi,Pune,2026-03-06
C031,P003,1670,Jaipur,Mumbai,2026-01-09
C048,P003,1286,Jaipur,Ahmedabad,2026-06-27
C027,P002,399,Mumbai,Pune,2026-03-23
C050,P003,1744,Jaipur,Ahmedabad,2026-04-20
C008,P002,1377,Delhi,Mumbai,2026-02-19
C040,P001,993,Delhi,Ahmedabad,2026-04-01
C001,P001,852,Delhi,Pune,2026-05-27
C037,P003,1330,Pune,Delhi,2026-03-18
C037,P003,527,Delhi,Pune,2026-05-27
C041,P003,548,Mumbai,Delhi,2026-03-07
C009,P002,109,Delhi,Jaipur,2026-02-06
C003,P001,1149,Pune,Jaipur,2026-04-24
C029,P002,356,Pune,Mumbai,2026-02-20
C033,P002,997,Pune,Mumbai,2026-05-28
C017,P004,733,Ahmedabad,Pune,2026-01-09
C006,P001,1979,Jaipur,Ahmedabad,2026-05-18
C049,P004,1857,Ahmedabad,Pune,2026-04-27
C010,P003,1462,Delhi,Ahmedabad,2026-04-28
C043,P002,1612,Delhi,Jaipur,2026-06-04
C018,P001,961,Jaipur,Delhi,2026-04-29
C030,P002,1783,Ahmedabad,Mumbai,2026-01-31
C048,P004,229,Mumbai,Pune,2026-03-10
C021,P004,1334,Ahmedabad,Pune,2026-06-11
C003,P004,952,Pune,Delhi,2026-05-12
C012,P004,1642,Ahmedabad,Delhi,2026-05-31
C026,P001,425,Pune,Delhi,2026-02-23
C033,P001,1865,Jaipur,Mumbai,2026-06-08
C019,P003,309,Pune,Delhi,2026-04-27
C034,P002,271,Mumbai,Jaipur,2026-01-21
C004,P002,434,Ahmedabad,Pune,2026-06-16
C031,P002,1196,Delhi,Ahmedabad,2026-03-22
C008,P004,1025,Mumbai,Pune,2026-05-22
C003,P001,829,Mumbai,Jaipur,2026-01-29
C009,P004,1228,Jaipur,Pune,2026-03-20
C010,P002,855,Jaipur,Ahmedabad,2026-02-22
C012,P002,1040,Jaipur,Mumbai,2026-01-19
C027,P003,683,Pune,Delhi,2026-06-13
C023,P004,992,Pune,Jaipur,2026-03-03
C003,P001,1162,Delhi,Pune,2026-06-01
C050,P002,1485,Pune,Delhi,2026-03-28
C020,P003,1847,Mumbai,Delhi,2026-01-20
C003,P003,1099,Jaipur,Pune,2026-02-21
C015,P001,1165,Delhi,Ahmedabad,2026-04-15
C013,P004,474,Delhi,Ahmedabad,2026-05-05
C008,P003,702,Ahmedabad,Mumbai,2026-05-05
C013,P002,227,Jaipur,Ahmedabad,2026-03-30
C031,P004,1765,Ahmedabad,Jaipur,2026-05-16
C008,P003,1673,Mumbai,Pune,2026-05-09
C035,P004,473,Jaipur,Mumbai,2026-05-05
C007,P002,765,Jaipur,Ahmedabad,2026-05-21
C050,P001,1007,Ahmedabad,Delhi,2026-01-19
C006,P004,1938,Jaipur,Mumbai,2026-04-29
C024,P002,822,Mumbai,Ahmedabad,2026-02-10
C044,P003,1087,Pune,Jaipur,2026-03-26
C044,P004,1523,Ahmedabad,Pune,2026-02-19
C014,P001,1354,Mumbai,Pune,2026-06-12
C013,P003,254,Mumbai,Pune,2026-02-01
C048,P001,1824,Pune,Jaipur,2026-01-25
C046,P003,915,Mumbai,Ahmedabad,2026-03-05
C035,P003,780,Delhi,Jaipur,2026-04-25
C027,P003,413,Mumbai,Pune,2026-06-07
C039,P004,585,Ahmedabad,Mumbai,2026-03-10
C012,P002,442,Ahmedabad,Delhi,2026-02-04
C026,P001,1271,Delhi,Pune,2026-06-01
C044,P003,401,Ahmedabad,Jaipur,2026-05-30
C026,P003,1076,Pune,Mumbai,2026-02-23
C021,P004,1522,Pune,Mumbai,2026-06-16
C001,P003,376,Jaipur,Delhi,2026-05-24
C034,P003,1866,Jaipur,Mumbai,2026-02-18
C009,P002,1114,Jaipur,Ahmedabad,2026-05-28
C020,P003,1740,Mumbai,Jaipur,2026-01-17
C023,P004,787,Pune,Delhi,2026-01-10
C006,P001,152,Ahmedabad,Delhi,2026-02-11
C032,P003,717,Jaipur,Pune,2026-06-10
C047,P001,1658,Mumbai,Delhi,2026-04-15
C005,P002,1044,Delhi,Jaipur,2026-06-18
C032,P002,504,Ahmedabad,Pune,2026-05-23
C027,P003,679,Delhi,Pune,2026-01-14
C006,P003,462,Jaipur,Mumbai,2026-06-28
C025,P004,999,Delhi,Jaipur,2026-04-21
C043,P001,1791,Delhi,Pune,2026-06-08
C024,P001,1662,Delhi,Pune,2026-01-01
C008,P004,560,Ahmedabad,Delhi,2026-02-20
C007,P004,580,Jaipur,Pune,2026-04-07
C041,P004,1014,Mumbai,Pune,2026-05-21
C041,P004,1746,Jaipur,Delhi,2026-06-17
C046,P004,1076,Ahmedabad,Delhi,2026-04-26
C031,P002,1780,Pune,Jaipur,2026-02-18
C019,P002,1951,Delhi,Mumbai,2026-01-03
C046,P001,1852,Mumbai,Delhi,2026-06-30
C017,P002,559,Delhi,Mumbai,2026-06-17
C040,P001,1405,Pune,Ahmedabad,2026-04-21
C022,P002,1983,Delhi,Ahmedabad,2026-05-28
C042,P003,835,Delhi,Pune,2026-03-26
C042,P002,847,Pune,Mumbai,2026-01-01
C012,P003,373,Pune,Ahmedabad,2026-04-24
C039,P001,1796,Pune,Mumbai,2026-02-24
C044,P004,396,Mumbai,Jaipur,2026-04-01
C018,P004,1862,Pune,Ahmedabad,2026-04-21
C012,P004,1485,Ahmedabad,Pune,2026-05-11
C014,P002,1873,Ahmedabad,Mumbai,2026-04-22
C025,P002,1024,Ahmedabad,Delhi,2026-02-05
C013,P001,1518,Jaipur,Mumbai,2026-01-13
C023,P001,651,Mumbai,Jaipur,2026-01-22
C002,P003,616,Pune,Ahmedabad,2026-06-24
C013,P002,926,Jaipur,Pune,2026-02-09
C014,P001,1451,Mumbai,Jaipur,2026-04-12
C025,P002,1221,Ahmedabad,Delhi,2026-03-30
C018,P002,1163,Ahmedabad,Mumbai,2026-01-29
C037,P004,1196,Pune,Jaipur,2026-02-24
C049,P004,1403,Ahmedabad,Pune,2026-06-04
C041,P001,1261,Pune,Jaipur,2026-01-18
C016,P004,727,Pune,Delhi,2026-02-08
C033,P001,343,Mumbai,Jaipur,2026-01-03
C017,P002,1296,Ahmedabad,Jaipur,2026-04-18
C041,P004,305,Pune,Jaipur,2026-03-01
C001,P004,1228,Ahmedabad,Delhi,2026-05-19
C018,P003,867,Mumbai,Jaipur,2026-02-28
C014,P003,1274,Jaipur,Mumbai,2026-04-08
C003,P001,1850,Pune,Jaipur,2026-01-01
C019,P004,882,Ahmedabad,Delhi,2026-01-08
C015,P004,1406,Ahmedabad,Pune,2026-01-12
C015,P003,769,Pune,Jaipur,2026-05-24
C046,P003,1423,Ahmedabad,Mumbai,2026-04-04
C032,P001,1574,Jaipur,Ahmedabad,2026-06-12
C003,P002,1993,Ahmedabad,Jaipur,2026-01-14
C022,P003,670,Delhi,Ahmedabad,2026-02-14
C020,P003,1802,Mumbai,Jaipur,2026-06-10
C008,P003,609,Ahmedabad,Pune,2026-01-31
C039,P003,935,Pune,Mumbai,2026-04-27
C040,P001,446,Ahmedabad,Delhi,2026-03-26
C009,P002,618,Pune,Jaipur,2026-02-10
C027,P004,1187,Jaipur,Pune,2026-06-12
C012,P002,939,Pune,Mumbai,2026-04-27
C017,P004,483,Ahmedabad,Jaipur,2026-05-23
C032,P002,1403,Mumbai,Jaipur,2026-05-04
C016,P004,288,Pune,Jaipur,2026-06-08
C015,P001,1441,Mumbai,Delhi,2026-01-26
C041,P004,433,Mumbai,Pune,2026-02-09
C043,P004,1927,Mumbai,Ahmedabad,2026-01-22
C021,P001,1015,Jaipur,Ahmedabad,2026-02-03
C028,P003,1480,Pune,Delhi,2026-02-16
C036,P001,1021,Ahmedabad,Delhi,2026-02-16
C018,P001,1579,Pune,Mumbai,2026-05-15
C015,P001,370,Jaipur,Pune,2026-01-30
C013,P002,1633,Mumbai,Pune,2026-03-07
C024,P001,777,Delhi,Mumbai,2026-02-17
C015,P001,993,Ahmedabad,Pune,2026-03-10
C025,P004,237,Ahmedabad,Jaipur,2026-05-12
C008,P001,163,Pune,Delhi,2026-02-12
C017,P002,707,Delhi,Pune,2026-02-14
C029,P002,229,Mumbai,Ahmedabad,2026-01-15
C031,P004,403,Mumbai,Ahmedabad,2026-03-05
C030,P001,1179,Pune,Ahmedabad,2026-05-22
C037,P002,1997,Pune,Jaipur,2026-01-31
C007,P004,1058,Mumbai,Jaipur,2026-06-26
C014,P001,908,Pune,Delhi,2026-02-01
C014,P003,716,Ahmedabad,Mumbai,2026-01-28
C010,P002,657,Mumbai,Jaipur,2026-06-03
C015,P003,1770,Pune,Jaipur,2026-04-10
C009,P004,159,Pune,Jaipur,2026-04-28
C034,P003,610,Delhi,Pune,2026-01-17
C016,P002,995,Delhi,Pune,2026-01-05
C028,P004,660,Mumbai,Ahmedabad,2026-05-04
C012,P001,1387,Delhi,Pune,2026-02-19
C018,P004,309,Jaipur,Mumbai,2026-06-04
C049,P001,1006,Delhi,Pune,2026-01-22
C019,P001,792,Ahmedabad,Pune,2026-02-06
C037,P002,1619,Jaipur,Ahmedabad,2026-02-10
C025,P001,1769,Delhi,Ahmedabad,2026-03-01
C009,P004,960,Delhi,Mumbai,2026-04-13
C018,P003,434,Mumbai,Delhi,2026-02-16
C017,P002,1999,Delhi,Pune,2026-05-31
C025,P003,339,Pune,Jaipur,2026-05-20
C028,P004,1761,Mumbai,Ahmedabad,2026-05-09
C040,P004,1951,Pune,Ahmedabad,2026-06-05
C050,P004,1977,Mumbai,Jaipur,2026-03-25
C039,P002,1939,Pune,Ahmedabad,2026-01-26
C045,P003,1705,Ahmedabad,Delhi,2026-02-16
C050,P002,1877,Pune,Delhi,2026-02-27
C027,P002,592,Ahmedabad,Jaipur,2026-02-23
C040,P001,879,Mumbai,Delhi,2026-02-02
C005,P003,968,Delhi,Jaipur,2026-05-03
C044,P001,1961,Pune,Ahmedabad,2026-01-21
C021,P003,194,Ahmedabad,Mumbai,2026-01-30
C003,P002,1663,Ahmedabad,Delhi,2026-04-21
C040,P002,1637,Jaipur,Pune,2026-04-11
C026,P003,181,Ahmedabad,Mumbai,2026-05-27
C047,P002,354,Jaipur,Mumbai,2026-02-07
C045,P001,721,Jaipur,Mumbai,2026-06-30
C046,P002,512,Mumbai,Jaipur,2026-06-13
C049,P004,160,Ahmedabad,Pune,2026-03-18
C011,P001,144,Mumbai,Pune,2026-01-15
C005,P003,1492,Delhi,Jaipur,2026-02-28
C021,P002,700,Ahmedabad,Pune,2026-02-05
C028,P004,1477,Jaipur,Mumbai,2026-01-29
C035,P001,715,Delhi,Ahmedabad,2026-06-06
C020,P001,275,Delhi,Ahmedabad,2026-05-05
C018,P002,1238,Pune,Mumbai,2026-04-22
C035,P002,558,Ahmedabad,Jaipur,2026-02-22
C033,P002,1231,Jaipur,Mumbai,2026-01-08
C015,P003,668,Delhi,Pune,2026-05-24
C029,P004,250,Mumbai,Pune,2026-03-25
C006,P003,1487,Ahmedabad,Mumbai,2026-04-22
C018,P001,1152,Jaipur,Delhi,2026-03-21
C021,P004,812,Pune,Mumbai,2026-05-06
C011,P002,623,Mumbai,Ahmedabad,2026-05-02
C042,P004,1441,Delhi,Jaipur,2026-04-24
C034,P004,1647,Jaipur,Delhi,2026-03-30
C018,P002,155,Jaipur,Ahmedabad,2026-05-12
C020,P004,1393,Delhi,Jaipur,2026-04-25
C032,P003,686,Delhi,Jaipur,2026-06-21
C048,P003,927,Mumbai,Pune,2026-04-06
C019,P003,114,Mumbai,Ahmedabad,2026-03-27
C048,P002,569,Delhi,Pune,2026-04-26
C023,P001,1229,Mumbai,Pune,2026-01-30
C013,P001,1147,Jaipur,Ahmedabad,2026-06-27
C002,P003,1721,Ahmedabad,Delhi,2026-01-07
C050,P001,1303,Ahmedabad,Pune,2026-02-15
C019,P001,164,Mumbai,Jaipur,2026-01-24
C043,P004,1989,Ahmedabad,Pune,2026-02-14
C031,P001,788,Jaipur,Pune,2026-04-06
C001,P002,394,Mumbai,Ahmedabad,2026-01-30
C032,P002,771,Jaipur,Mumbai,2026-05-31
C005,P002,1176,Ahmedabad,Mumbai,2026-05-01
C006,P004,695,Ahmedabad,Pune,2026-06-08
C023,P004,1101,Pune,Ahmedabad,2026-02-26
C044,P004,913,Mumbai,Ahmedabad,2026-05-27
C006,P003,1111,Ahmedabad,Jaipur,2026-02-02
C014,P003,1921,Delhi,Pune,2026-03-19
C040,P001,1399,Mumbai,Ahmedabad,2026-05-11
C044,P002,1291,Ahmedabad,Jaipur,2026-06-06
C022,P001,1816,Mumbai,Pune,2026-02-16
C044,P004,1138,Delhi,Ahmedabad,2026-02-07
C035,P003,1238,Delhi,Ahmedabad,2026-05-29
C012,P002,1918,Mumbai,Ahmedabad,2026-05-01
C007,P004,1085,Ahmedabad,Pune,2026-04-02
C007,P001,999,Mumbai,Pune,2026-03-07
C018,P004,1223,Jaipur,Ahmedabad,2026-05-07
C005,P001,1540,Pune,Delhi,2026-03-24
C025,P003,1852,Delhi,Jaipur,2026-03-19
C005,P001,199,Delhi,Jaipur,2026-04-12
C047,P002,1374,Ahmedabad,Jaipur,2026-02-20
C040,P003,631,Jaipur,Ahmedabad,2026-04-01
C046,P004,1827,Jaipur,Delhi,2026-01-14
C016,P003,1243,Delhi,Jaipur,2026-01-28
C014,P004,951,Delhi,Pune,2026-02-28
C032,P003,750,Pune,Ahmedabad,2026-06-20
C010,P004,985,Delhi,Jaipur,2026-04-05
C048,P004,511,Ahmedabad,Jaipur,2026-01-11
C002,P001,1413,Ahmedabad,Pune,2026-03-31
C004,P001,1999,Pune,Ahmedabad,2026-05-31
C033,P003,1987,Jaipur,Ahmedabad,2026-04-07
C030,P003,1156,Pune,Jaipur,2026-03-09
C023,P001,1358,Ahmedabad,Pune,2026-02-02
C035,P001,1053,Mumbai,Ahmedabad,2026-05-13
C039,P003,585,Jaipur,Delhi,2026-03-19
C023,P001,302,Mumbai,Delhi,2026-06-22
C037,P002,337,Ahmedabad,Pune,2026-01-20
C050,P001,1221,Mumbai,Pune,2026-04-19
C027,P004,902,Jaipur,Pune,2026-05-13
C023,P004,981,Pune,Jaipur,2026-04-28
C039,P002,574,Pune,Delhi,2026-01-15
C031,P003,1227,Pune,Mumbai,2026-02-23
C044,P004,535,Ahmedabad,Mumbai,2026-01-01
C037,P001,110,Jaipur,Pune,2026-05-01
C029,P003,554,Pune,Delhi,2026-06-01
C050,P002,1283,Jaipur,Pune,2026-04-15
C003,P004,1025,Delhi,Jaipur,2026-01-13
C044,P003,1170,Mumbai,Jaipur,2026-04-02
C022,P003,517,Pune,Jaipur,2026-06-12
C043,P003,239,Pune,Mumbai,2026-04-02
C028,P002,857,Delhi,Pune,2026-03-04
C044,P004,760,Mumbai,Pune,2026-04-23
C023,P001,319,Ahmedabad,Mumbai,2026-06-04
C048,P001,1168,Jaipur,Delhi,2026-01-21
C040,P003,1932,Jaipur,Ahmedabad,2026-06-26
C044,P003,1716,Pune,Ahmedabad,2026-05-23
C026,P003,169,Jaipur,Pune,2026-04-16
C049,P001,1528,Jaipur,Ahmedabad,2026-04-15
C033,P003,239,Jaipur,Delhi,2026-02-05
C035,P002,140,Jaipur,Pune,2026-03-06
C026,P004,1867,Pune,Mumbai,2026-05-17
C018,P001,147,Ahmedabad,Pune,2026-03-07
C045,P003,1987,Delhi,Mumbai,2026-05-12
C029,P001,690,Ahmedabad,Mumbai,2026-03-04
C039,P004,1307,Mumbai,Ahmedabad,2026-04-14
C035,P003,734,Ahmedabad,Delhi,2026-06-22
C019,P003,175,Pune,Mumbai,2026-02-14
C026,P004,296,Ahmedabad,Mumbai,2026-03-08
C036,P003,239,Delhi,Ahmedabad,2026-05-10
C007,P001,771,Mumbai,Jaipur,2026-04-18
C008,P002,1681,Ahmedabad,Pune,2026-05-20
C005,P002,1638,Jaipur,Ahmedabad,2026-06-11
C003,P002,607,Mumbai,Delhi,2026-02-24
C044,P001,1930,Jaipur,Pune,2026-03-21
C031,P002,1066,Jaipur,Pune,2026-02-23
C023,P003,856,Ahmedabad,Mumbai,2026-03-09
C041,P001,1491,Jaipur,Ahmedabad,2026-03-27
C048,P003,881,Ahmedabad,Jaipur,2026-06-18
C021,P002,1442,Delhi,Ahmedabad,2026-04-13
C049,P004,933,Delhi,Jaipur,2026-04-07
C031,P001,1046,Mumbai,Jaipur,2026-03-06
C042,P002,1326,Ahmedabad,Delhi,2026-05-30
C050,P003,1563,Pune,Jaipur,2026-04-20
C038,P004,1993,Mumbai,Pune,2026-03-26
C002,P002,246,Delhi,Ahmedabad,2026-06-19
C045,P001,843,Ahmedabad,Mumbai,2026-03-08
C011,P004,1379,Delhi,Jaipur,2026-01-05
C024,P004,1761,Ahmedabad,Delhi,2026-03-17
C041,P003,1816,Delhi,Mumbai,2026-06-10
C009,P003,384,Delhi,Ahmedabad,2026-02-25
C013,P004,603,Jaipur,Ahmedabad,2026-03-23
C014,P002,649,Delhi,Mumbai,2026-01-15
C018,P002,1981,Mumbai,Ahmedabad,2026-05-19
C024,P004,1078,Pune,Mumbai,2026-06-28
C025,P002,918,Mumbai,Jaipur,2026-05-20
C035,P003,1159,Delhi,Mumbai,2026-02-13
C009,P002,1329,Pune,Delhi,2026-04-06
C033,P001,1421,Jaipur,Ahmedabad,2026-06-02
C010,P002,1059,Mumbai,Delhi,2026-05-24
C003,P002,936,Ahmedabad,Mumbai,2026-03-02
C005,P001,776,Mumbai,Delhi,2026-02-28
C046,P002,749,Delhi,Ahmedabad,2026-02-24
C023,P001,1599,Delhi,Jaipur,2026-05-21
C025,P003,434,Delhi,Jaipur,2026-02-04
C018,P003,1206,Ahmedabad,Mumbai,2026-05-06
C025,P002,934,Ahmedabad,Delhi,2026-04-28
C038,P003,1949,Pune,Delhi,2026-01-19
C049,P004,872,Pune,Ahmedabad,2026-04-18
C008,P001,1936,Jaipur,Delhi,2026-02-07
C025,P002,854,Jaipur,Mumbai,2026-01-16
C038,P001,1653,Jaipur,Ahmedabad,2026-06-14
C001,P004,1414,Pune,Jaipur,2026-04-04
C029,P002,1094,Ahmedabad,Delhi,2026-06-25
C011,P002,1067,Jaipur,Pune,2026-03-24
C015,P002,1523,Pune,Mumbai,2026-04-27
C032,P003,1823,Jaipur,Mumbai,2026-04-06
C050,P001,874,Pune,Mumbai,2026-03-11
C024,P004,1850,Ahmedabad,Delhi,2026-03-14
C031,P001,781,Ahmedabad,Pune,2026-03-29
C009,P004,383,Ahmedabad,Mumbai,2026-02-22
C042,P003,653,Jaipur,Ahmedabad,2026-04-30
C031,P002,1254,Pune,Jaipur,2026-04-23
C006,P004,261,Jaipur,Mumbai,2026-06-18
C042,P004,1259,Ahmedabad,Jaipur,2026-01-31
C011,P001,1649,Ahmedabad,Mumbai,2026-03-19
C050,P004,1049,Ahmedabad,Jaipur,2026-04-18
C024,P001,1111,Mumbai,Delhi,2026-05-29
C048,P004,1067,Jaipur,Mumbai,2026-01-16
C014,P001,1798,Ahmedabad,Mumbai,2026-04-14
C021,P001,1730,Mumbai,Delhi,2026-03-20
C027,P004,270,Pune,Mumbai,2026-06-16
C008,P003,1727,Delhi,Mumbai,2026-05-31
C013,P003,1800,Delhi,Mumbai,2026-06-07
C045,P003,493,Mumbai,Pune,2026-03-05
C043,P002,1344,Delhi,Ahmedabad,2026-02-21
C046,P003,595,Mumbai,Ahmedabad,2026-05-20
C024,P002,1170,Delhi,Jaipur,2026-06-01
C008,P002,548,Pune,Delhi,2026-02-24
C025,P004,805,Ahmedabad,Pune,2026-05-20
C033,P002,592,Ahmedabad,Mumbai,2026-05-01
C045,P003,958,Mumbai,Jaipur,2026-04-07
C008,P002,1040,Delhi,Mumbai,2026-06-22
C004,P002,1531,Pune,Ahmedabad,2026-06-27
C019,P004,1785,Pune,Delhi,2026-02-13
C034,P004,1654,Mumbai,Pune,2026-04-17
C017,P001,1422,Pune,Ahmedabad,2026-03-23
C035,P002,1535,Mumbai,Pune,2026-04-04
C030,P002,1149,Delhi,Mumbai,2026-06-01
C022,P001,1178,Delhi,Jaipur,2026-06-19
C044,P003,1129,Pune,Ahmedabad,2026-01-03
C049,P001,909,Jaipur,Mumbai,2026-01-10
C012,P004,280,Pune,Jaipur,2026-06-06
C017,P002,367,Delhi,Pune,2026-03-29
C036,P003,1442,Mumbai,Pune,2026-05-20
C023,P004,342,Ahmedabad,Mumbai,2026-03-01
C001,P004,682,Pune,Delhi,2026-04-19
C007,P004,1533,Delhi,Pune,2026-04-11
C030,P001,1290,Mumbai,Pune,2026-05-14
C044,P003,984,Jaipur,Ahmedabad,2026-02-13
C050,P003,1473,Delhi,Ahmedabad,2026-03-16
C017,P004,1291,Pune,Delhi,2026-02-22
C045,P002,919,Jaipur,Delhi,2026-06-28
C023,P001,1507,Pune,Delhi,2026-05-23
C019,P002,643,Ahmedabad,Delhi,2026-05-28
C015,P002,1885,Jaipur,Delhi,2026-01-13
C034,P002,309,Jaipur,Pune,2026-02-11
C027,P001,686,Mumbai,Ahmedabad,2026-01-16
C027,P002,1445,Ahmedabad,Mumbai,2026-03-04
C016,P003,1996,Jaipur,Mumbai,2026-06-09
C012,P004,222,Delhi,Jaipur,2026-02-21
C024,P001,754,Ahmedabad,Pune,2026-05-03
C024,P003,230,Ahmedabad,Mumbai,2026-04-14
C039,P001,1423,Delhi,Mumbai,2026-05-23
C010,P003,106,Delhi,Jaipur,2026-02-23
C036,P001,1826,Delhi,Jaipur,2026-02-11
C027,P002,1845,Ahmedabad,Delhi,2026-03-08
C014,P001,129,Mumbai,Pune,2026-06-10
C041,P004,575,Mumbai,Jaipur,2026-03-12
C002,P001,677,Delhi,Jaipur,2026-04-21
C044,P002,1372,Pune,Mumbai,2026-05-20
C022,P002,1552,Ahmedabad,Mumbai,2026-02-19
C034,P002,1864,Jaipur,Delhi,2026-06-24
C010,P003,375,Pune,Mumbai,2026-01-04
C021,P002,1834,Mumbai,Jaipur,2026-04-24
C012,P001,1392,Pune,Jaipur,2026-03-08
C047,P004,1258,Mumbai,Pune,2026-02-09
C021,P001,1806,Delhi,Ahmedabad,2026-03-30
C048,P003,1895,Ahmedabad,Jaipur,2026-02-14
C046,P003,1289,Pune,Delhi,2026-05-15
C026,P002,1430,Ahmedabad,Delhi,2026-01-06
C024,P003,737,Mumbai,Delhi,2026-04-17
C015,P002,1195,Mumbai,Ahmedabad,2026-01-09
C031,P002,1559,Jaipur,Mumbai,2026-04-19
C025,P003,963,Delhi,Ahmedabad,2026-05-10
C018,P002,1944,Mumbai,Delhi,2026-06-10
C042,P001,1475,Delhi,Jaipur,2026-02-04
C014,P003,1399,Pune,Delhi,2026-01-26
C025,P004,505,Pune,Delhi,2026-01-28
C041,P003,1980,Jaipur,Mumbai,2026-05-22
C020,P003,260,Mumbai,Jaipur,2026-05-26
C026,P004,215,Mumbai,Jaipur,2026-05-05
C036,P003,1890,Ahmedabad,Jaipur,2026-05-27
C042,P003,1908,Jaipur,Mumbai,2026-03-06
C003,P001,1769,Ahmedabad,Mumbai,2026-02-22
C006,P003,121,Ahmedabad,Jaipur,2026-05-01
C039,P001,371,Jaipur,Ahmedabad,2026-03-17
C017,P001,1960,Delhi,Pune,2026-03-24
C045,P001,624,Mumbai,Delhi,2026-03-01
C034,P001,1014,Pune,Mumbai,2026-03-21
C038,P003,1927,Jaipur,Pune,2026-03-04
C038,P004,263,Pune,Ahmedabad,2026-04-18
C028,P001,399,Ahmedabad,Jaipur,2026-05-24
C041,P003,1312,Jaipur,Mumbai,2026-01-08
C024,P001,485,Delhi,Ahmedabad,2026-04-15
C033,P001,681,Jaipur,Mumbai,2026-04-29
C021,P001,818,Jaipur,Mumbai,2026-05-05
C021,P002,1538,Ahmedabad,Jaipur,2026-05-22
C045,P004,1397,Delhi,Ahmedabad,2026-02-03
C005,P003,339,Ahmedabad,Delhi,2026-01-04
C042,P002,374,Delhi,Ahmedabad,2026-06-03
C047,P002,139,Jaipur,Ahmedabad,2026-03-02
C036,P002,1464,Delhi,Pune,2026-04-22
C024,P004,1005,Jaipur,Pune,2026-04-14
C033,P003,1687,Jaipur,Mumbai,2026-05-02
C030,P004,1120,Mumbai,Jaipur,2026-05-20
C040,P003,991,Jaipur,Pune,2026-05-25
C004,P001,713,Delhi,Ahmedabad,2026-01-27
C006,P004,1526,Delhi,Mumbai,2026-04-29
C047,P001,1475,Delhi,Ahmedabad,2026-02-09
C029,P002,878,Pune,Delhi,2026-03-05
C003,P001,1354,Pune,Ahmedabad,2026-06-12
C040,P003,1939,Ahmedabad,Delhi,2026-02-05
C021,P001,124,Ahmedabad,Delhi,2026-04-28
C031,P004,1315,Mumbai,Delhi,2026-01-06
C010,P003,1337,Ahmedabad,Mumbai,2026-04-02
C029,P002,383,Delhi,Mumbai,2026-05-22
C048,P004,1283,Mumbai,Pune,2026-06-13
C002,P001,395,Mumbai,Delhi,2026-03-02
C034,P002,1497,Delhi,Jaipur,2026-04-27
C010,P001,1618,Pune,Jaipur,2026-06-22
C030,P004,1190,Ahmedabad,Jaipur,2026-05-25
C034,P001,781,Mumbai,Ahmedabad,2026-05-26
C026,P003,892,Delhi,Ahmedabad,2026-05-01
C020,P002,1986,Pune,Delhi,2026-02-09
C047,P002,168,Jaipur,Delhi,2026-02-18
C028,P002,1756,Ahmedabad,Delhi,2026-02-04
C041,P001,1956,Delhi,Jaipur,2026-06-08
C042,P001,1262,Ahmedabad,Mumbai,2026-06-05
C018,P002,1703,Mumbai,Jaipur,2026-02-14
C034,P002,1875,Mumbai,Pune,2026-06-16
C012,P004,1787,Ahmedabad,Jaipur,2026-01-21
C003,P002,1500,Ahmedabad,Delhi,2026-03-12
C036,P004,690,Mumbai,Pune,2026-01-18
C003,P003,626,Jaipur,Ahmedabad,2026-05-09
C018,P003,1640,Ahmedabad,Pune,2026-05-19
C047,P004,247,Jaipur,Delhi,2026-03-07
C044,P004,1642,Jaipur,Delhi,2026-04-17
C026,P001,875,Delhi,Ahmedabad,2026-06-10
C023,P004,497,Delhi,Mumbai,2026-04-06
C046,P003,574,Pune,Ahmedabad,2026-02-08
C004,P001,1164,Delhi,Pune,2026-03-14
C022,P003,609,Ahmedabad,Jaipur,2026-01-02
C010,P004,1353,Delhi,Ahmedabad,2026-05-21
C025,P003,1853,Jaipur,Mumbai,2026-05-04
C032,P004,974,Delhi,Mumbai,2026-06-20
C022,P004,1683,Pune,Mumbai,2026-05-19
C047,P003,1626,Mumbai,Pune,2026-02-03
C037,P002,176,Jaipur,Mumbai,2026-06-03
C026,P004,1275,Ahmedabad,Delhi,2026-06-13
C042,P004,1038,Ahmedabad,Mumbai,2026-03-19
C015,P004,1847,Mumbai,Pune,2026-06-17
C029,P002,870,Jaipur,Mumbai,2026-02-19
C015,P002,1479,Ahmedabad,Delhi,2026-03-28
C031,P002,1172,Pune,Delhi,2026-04-02
C028,P001,1470,Pune,Ahmedabad,2026-04-24
C039,P002,1154,Delhi,Pune,2026-03-02
C001,P001,1751,Jaipur,Ahmedabad,2026-03-04
C004,P002,1033,Mumbai,Delhi,2026-06-28
C047,P003,1347,Mumbai,Jaipur,2026-01-14
C015,P004,1744,Ahmedabad,Jaipur,2026-03-22
C045,P001,673,Mumbai,Delhi,2026-03-16
C004,P004,797,Mumbai,Pune,2026-04-10
C049,P001,399,Pune,Delhi,2026-04-17
C010,P001,1241,Pune,Jaipur,2026-03-24
C029,P003,258,Mumbai,Ahmedabad,2026-04-12
C036,P004,1587,Pune,Delhi,2026-01-28
C036,P002,167,Pune,Delhi,2026-01-16
C027,P001,1715,Mumbai,Pune,2026-03-24
C040,P004,318,Jaipur,Ahmedabad,2026-01-02
C034,P002,1802,Mumbai,Jaipur,2026-06-27
C021,P002,1114,Delhi,Mumbai,2026-06-29
C034,P004,937,Mumbai,Ahmedabad,2026-06-25
C025,P003,846,Mumbai,Ahmedabad,2026-02-28
C031,P004,1783,Ahmedabad,Pune,2026-04-03
C012,P001,253,Jaipur,Pune,2026-06-03
C034,P002,403,Jaipur,Ahmedabad,2026-06-01
C041,P002,1574,Delhi,Ahmedabad,2026-03-21
C035,P004,971,Jaipur,Delhi,2026-06-17
C012,P003,1359,Pune,Delhi,2026-01-03
C030,P004,1271,Mumbai,Jaipur,2026-06-21
C005,P003,1744,Mumbai,Pune,2026-06-29
C011,P001,1459,Pune,Delhi,2026-04-18
C025,P001,1355,Delhi,Jaipur,2026-02-26
C013,P004,775,Jaipur,Pune,2026-05-14
C042,P002,219,Pune,Jaipur,2026-06-12
C037,P002,1966,Delhi,Ahmedabad,2026-03-19
C028,P004,601,Jaipur,Delhi,2026-03-01
C012,P003,1940,Ahmedabad,Pune,2026-03-14
C023,P001,995,Jaipur,Pune,2026-03-04
C047,P002,1730,Mumbai,Jaipur,2026-01-23
C043,P001,1142,Ahmedabad,Mumbai,2026-02-24
C039,P002,1389,Jaipur,Delhi,2026-05-09
C040,P004,370,Delhi,Pune,2026-01-27
C010,P003,426,Jaipur,Pune,2026-06-30
C007,P004,843,Jaipur,Pune,2026-04-10
C007,P001,530,Jaipur,Mumbai,2026-03-01
C028,P002,605,Delhi,Pune,2026-06-14
C044,P003,1595,Ahmedabad,Pune,2026-02-17
C038,P001,1493,Ahmedabad,Pune,2026-03-06
C045,P003,1380,Jaipur,Mumbai,2026-03-24
C027,P002,1970,Jaipur,Pune,2026-02-16
C008,P003,1926,Mumbai,Delhi,2026-02-24
C011,P003,1058,Mumbai,Pune,2026-06-19
C010,P003,1384,Delhi,Jaipur,2026-06-07
C035,P002,1366,Mumbai,Delhi,2026-01-29
C008,P001,445,Pune,Mumbai,2026-01-31
C038,P004,537,Mumbai,Delhi,2026-06-15
C030,P004,600,Ahmedabad,Mumbai,2026-05-07
C005,P003,1327,Jaipur,Ahmedabad,2026-01-15
C046,P004,501,Jaipur,Ahmedabad,2026-06-25
C026,P003,1031,Ahmedabad,Mumbai,2026-02-18
C005,P004,1718,Jaipur,Delhi,2026-05-02
C044,P004,291,Mumbai,Ahmedabad,2026-06-07
C014,P004,1447,Jaipur,Mumbai,2026-02-25
C010,P002,856,Ahmedabad,Mumbai,2026-02-15
C003,P004,1131,Pune,Mumbai,2026-05-06
C028,P002,1214,Delhi,Pune,2026-06-20
C039,P001,212,Mumbai,Delhi,2026-03-01
C031,P003,771,Delhi,Ahmedabad,2026-03-05
C013,P002,1157,Mumbai,Jaipur,2026-03-21
C026,P002,1121,Ahmedabad,Mumbai,2026-03-02
C032,P001,1285,Ahmedabad,Mumbai,2026-01-29
C019,P001,1294,Mumbai,Ahmedabad,2026-04-30
C011,P002,1814,Pune,Ahmedabad,2026-06-23
C039,P002,1057,Ahmedabad,Delhi,2026-05-30
C009,P004,1444,Pune,Mumbai,2026-04-29
C025,P001,933,Jaipur,Pune,2026-05-09
C020,P004,477,Jaipur,Ahmedabad,2026-05-20
C045,P001,1507,Pune,Jaipur,2026-05-17
C002,P002,359,Delhi,Ahmedabad,2026-01-30
C026,P002,1859,Jaipur,Delhi,2026-04-06
C031,P003,1394,Ahmedabad,Delhi,2026-01-12
C009,P001,832,Jaipur,Mumbai,2026-05-26
C007,P002,427,Pune,Jaipur,2026-02-01
C033,P004,577,Ahmedabad,Jaipur,2026-03-16
C016,P004,596,Jaipur,Mumbai,2026-03-31
C001,P001,1507,Mumbai,Ahmedabad,2026-05-20
C007,P004,1920,Delhi,Ahmedabad,2026-03-01
C004,P002,1528,Delhi,Jaipur,2026-06-13
C014,P003,1428,Mumbai,Ahmedabad,2026-01-27
C009,P003,1575,Mumbai,Ahmedabad,2026-04-22
C007,P004,1025,Ahmedabad,Jaipur,2026-01-01
C028,P002,1360,Pune,Jaipur,2026-01-09
C026,P001,1917,Mumbai,Jaipur,2026-06-08
C011,P002,382,Mumbai,Pune,2026-04-02
C031,P001,1774,Ahmedabad,Mumbai,2026-01-24
C008,P001,161,Jaipur,Delhi,2026-06-18
C024,P001,1592,Ahmedabad,Mumbai,2026-04-04
C028,P004,632,Mumbai,Delhi,2026-06-08
C024,P004,920,Mumbai,Ahmedabad,2026-04-11
C039,P001,349,Mumbai,Ahmedabad,2026-01-15
C020,P004,1544,Ahmedabad,Delhi,2026-02-13
C001,P001,1390,Mumbai,Ahmedabad,2026-04-24
C020,P004,1141,Delhi,Jaipur,2026-03-25
C040,P002,1400,Pune,Delhi,2026-02-27
C028,P003,1289,Ahmedabad,Jaipur,2026-01-06
C042,P004,389,Pune,Jaipur,2026-03-26
C043,P003,889,Jaipur,Delhi,2026-03-27
C031,P003,1684,Mumbai,Ahmedabad,2026-03-05
C032,P001,803,Mumbai,Delhi,2026-02-21
C004,P004,207,Delhi,Pune,2026-03-30
C046,P004,1732,Delhi,Ahmedabad,2026-05-29
C035,P001,932,Ahmedabad,Pune,2026-06-04
C004,P002,1713,Delhi,Mumbai,2026-04-08
C047,P004,154,Mumbai,Delhi,2026-05-07
C015,P002,539,Delhi,Ahmedabad,2026-03-09
C009,P004,1053,Delhi,Ahmedabad,2026-04-20
C032,P004,269,Ahmedabad,Mumbai,2026-05-27
C022,P002,1994,Jaipur,Ahmedabad,2026-02-24
C002,P004,1869,Pune,Ahmedabad,2026-06-03
C048,P001,827,Mumbai,Delhi,2026-04-09
C026,P002,1024,Ahmedabad,Mumbai,2026-02-27
C026,P003,1083,Jaipur,Pune,2026-03-08
C045,P001,1379,Jaipur,Delhi,2026-03-14
C026,P003,1448,Delhi,Jaipur,2026-05-12
C008,P002,1888,Mumbai,Pune,2026-01-12
C018,P001,1020,Pune,Mumbai,2026-03-28
C001,P003,245,Delhi,Mumbai,2026-05-25
C009,P002,852,Mumbai,Ahmedabad,2026-01-10
C026,P001,1260,Mumbai,Ahmedabad,2026-04-22
C020,P003,1699,Ahmedabad,Pune,2026-03-05
C003,P002,1239,Ahmedabad,Jaipur,2026-02-02
C021,P002,391,Mumbai,Jaipur,2026-03-22
C040,P001,777,Delhi,Pune,2026-04-14
C014,P004,983,Jaipur,Ahmedabad,2026-01-08
C024,P004,1406,Mumbai,Delhi,2026-01-08
C013,P002,383,Pune,Delhi,2026-02-22
C004,P003,1075,Delhi,Ahmedabad,2026-03-05
C019,P001,571,Jaipur,Delhi,2026-03-30
C020,P002,1317,Ahmedabad,Mumbai,2026-02-15
C041,P004,121,Mumbai,Delhi,2026-02-02
C040,P001,1694,Mumbai,Ahmedabad,2026-01-06
C033,P002,1864,Delhi,Mumbai,2026-01-13
C046,P003,1044,Jaipur,Mumbai,2026-05-08
C009,P002,324,Delhi,Jaipur,2026-05-23
C019,P004,1074,Jaipur,Ahmedabad,2026-01-06
C022,P004,332,Delhi,Mumbai,2026-05-23
C025,P002,808,Pune,Mumbai,2026-05-16
C043,P004,1891,Mumbai,Pune,2026-03-24
C045,P003,1182,Mumbai,Jaipur,2026-05-19
C021,P003,162,Delhi,Jaipur,2026-02-04
C019,P004,102,Delhi,Pune,2026-05-11
C022,P002,1983,Jaipur,Pune,2026-01-28
C002,P002,1937,Mumbai,Pune,2026-05-23
C006,P001,895,Ahmedabad,Pune,2026-05-16
C008,P001,287,Delhi,Ahmedabad,2026-02-24
C027,P002,760,Delhi,Mumbai,2026-03-04
C004,P002,415,Delhi,Pune,2026-05-17
C016,P003,1470,Mumbai,Ahmedabad,2026-03-22
C043,P001,1788,Ahmedabad,Jaipur,2026-03-05
C034,P003,214,Pune,Ahmedabad,2026-05-30
C011,P003,1103,Delhi,Jaipur,2026-05-30
C047,P001,690,Delhi,Jaipur,2026-02-20
C012,P001,299,Jaipur,Pune,2026-05-27
C032,P003,1138,Ahmedabad,Delhi,2026-04-10
C013,P003,854,Pune,Mumbai,2026-05-22
C023,P001,1789,Jaipur,Pune,2026-04-22
C016,P004,465,Ahmedabad,Jaipur,2026-05-20
C048,P001,1662,Jaipur,Pune,2026-06-09
C050,P003,1988,Ahmedabad,Jaipur,2026-01-10
C040,P001,1987,Jaipur,Mumbai,2026-06-17
C030,P002,1438,Mumbai,Jaipur,2026-04-15
C029,P004,748,Ahmedabad,Delhi,2026-04-18
C024,P003,946,Mumbai,Jaipur,2026-01-13
C032,P001,1801,Delhi,Ahmedabad,2026-04-09
C030,P004,547,Jaipur,Mumbai,2026-06-23
C023,P001,1956,Jaipur,Mumbai,2026-06-18
C033,P002,579,Ahmedabad,Pune,2026-04-27
C013,P002,1622,Delhi,Jaipur,2026-06-07
C010,P002,734,Mumbai,Jaipur,2026-02-17
C047,P002,1736,Jaipur,Ahmedabad,2026-03-26
C039,P002,1114,Jaipur,Pune,2026-03-25
C043,P001,1765,Mumbai,Ahmedabad,2026-06-18
C037,P001,1405,Delhi,Pune,2026-04-10
C045,P002,660,Pune,Ahmedabad,2026-02-26
C029,P002,793,Pune,Mumbai,2026-01-09
C021,P001,1716,Pune,Ahmedabad,2026-05-01
C014,P004,771,Jaipur,Mumbai,2026-05-25
C021,P002,255,Jaipur,Pune,2026-04-27
C025,P002,1125,Mumbai,Delhi,2026-05-25
C005,P002,223,Delhi,Mumbai,2026-03-14
C044,P004,1027,Mumbai,Pune,2026-05-18
C001,P003,1409,Ahmedabad,Mumbai,2026-04-15
C023,P001,1039,Ahmedabad,Mumbai,2026-01-12
C032,P004,1372,Pune,Mumbai,2026-04-22
C038,P001,435,Ahmedabad,Pune,2026-05-05
C039,P002,1045,Delhi,Pune,2026-01-14
C003,P001,544,Jaipur,Mumbai,2026-03-26
C029,P001,137,Jaipur,Mumbai,2026-06-17
C045,P003,602,Jaipur,Delhi,2026-05-19
C019,P002,779,Pune,Mumbai,2026-02-07
C032,P003,974,Mumbai,Delhi,2026-06-25
C015,P001,1210,Jaipur,Ahmedabad,2026-02-08
C024,P003,1828,Jaipur,Ahmedabad,2026-05-12
C010,P002,990,Jaipur,Mumbai,2026-04-14
C023,P002,167,Ahmedabad,Mumbai,2026-04-06
C049,P004,943,Ahmedabad,Mumbai,2026-05-05
C003,P001,1009,Ahmedabad,Mumbai,2026-03-11
C008,P002,1419,Delhi,Mumbai,2026-05-06
C012,P004,910,Mumbai,Jaipur,2026-04-17
C046,P001,1758,Pune,Jaipur,2026-03-09
C009,P001,322,Jaipur,Mumbai,2026-06-04
C029,P002,1421,Delhi,Ahmedabad,2026-04-20
C025,P003,1521,Mumbai,Ahmedabad,2026-06-01
C018,P002,972,Mumbai,Pune,2026-05-23
C012,P003,823,Pune,Delhi,2026-01-05
C015,P001,275,Ahmedabad,Mumbai,2026-05-31
C002,P004,120,Ahmedabad,Jaipur,2026-01-08
C050,P004,1132,Mumbai,Jaipur,2026-03-23
C009,P002,1523,Delhi,Jaipur,2026-05-16
C014,P002,225,Jaipur,Mumbai,2026-05-01
C001,P003,1415,Pune,Jaipur,2026-03-21
C036,P003,738,Jaipur,Pune,2026-01-27
C009,P002,659,Jaipur,Mumbai,2026-03-07
C018,P003,1284,Ahmedabad,Jaipur,2026-03-29
C016,P004,1243,Delhi,Jaipur,2026-03-29
C009,P003,1628,Pune,Ahmedabad,2026-02-19
C029,P002,1785,Pune,Ahmedabad,2026-05-22
C028,P002,300,Mumbai,Pune,2026-05-14
C026,P004,418,Delhi,Mumbai,2026-04-10
C035,P003,153,Jaipur,Pune,2026-06-06
C042,P002,917,Delhi,Ahmedabad,2026-04-04
C015,P001,849,Jaipur,Delhi,2026-05-31
C011,P001,459,Mumbai,Delhi,2026-06-06
C001,P002,1145,Ahmedabad,Mumbai,2026-02-03
C002,P004,1689,Pune,Ahmedabad,2026-04-16
C035,P001,408,Jaipur,Mumbai,2026-03-20
C043,P001,1739,Delhi,Jaipur,2026-02-28
C018,P002,1069,Pune,Delhi,2026-02-07
C044,P003,1396,Delhi,Mumbai,2026-03-13
C001,P001,543,Pune,Jaipur,2026-05-28
C028,P001,1770,Ahmedabad,Pune,2026-03-24
C004,P002,1918,Ahmedabad,Jaipur,2026-06-05
C040,P004,1506,Delhi,Jaipur,2026-05-06
C005,P003,1079,Mumbai,Delhi,2026-03-03
C015,P002,735,Jaipur,Mumbai,2026-03-01
C034,P002,607,Delhi,Jaipur,2026-02-02
C019,P004,423,Ahmedabad,Pune,2026-02-20
C023,P004,555,Mumbai,Pune,2026-03-04
C004,P001,876,Ahmedabad,Pune,2026-05-25
C034,P002,858,Delhi,Ahmedabad,2026-05-11
C050,P001,1505,Mumbai,Pune,2026-05-05
C016,P001,1434,Ahmedabad,Pune,2026-06-22
C036,P001,1152,Pune,Ahmedabad,2026-03-22
C031,P003,1647,Delhi,Pune,2026-04-15
C001,P001,1178,Ahmedabad,Pune,2026-05-22
C037,P001,700,Mumbai,Ahmedabad,2026-01-29
C049,P001,691,Pune,Jaipur,2026-05-20
C014,P002,1193,Mumbai,Ahmedabad,2026-05-12
C007,P004,438,Mumbai,Pune,2026-02-25
C045,P001,805,Ahmedabad,Jaipur,2026-05-15
C018,P002,190,Jaipur,Delhi,2026-03-05
C033,P001,1081,Ahmedabad,Pune,2026-05-03
C032,P004,1318,Delhi,Jaipur,2026-02-01
C006,P001,1069,Ahmedabad,Mumbai,2026-06-26
C020,P003,1624,Pune,Ahmedabad,2026-01-25
C039,P004,1927,Mumbai,Jaipur,2026-01-30
C005,P002,559,Mumbai,Jaipur,2026-05-25
C032,P003,946,Delhi,Ahmedabad,2026-02-21
C039,P001,1195,Ahmedabad,Mumbai,2026-01-05
C017,P001,1497,Mumbai,Ahmedabad,2026-05-09
C047,P003,1490,Ahmedabad,Delhi,2026-01-02
C018,P001,1893,Mumbai,Jaipur,2026-01-27
C042,P002,761,Delhi,Ahmedabad,2026-05-29
C029,P004,162,Jaipur,Mumbai,2026-05-04
C017,P003,948,Jaipur,Delhi,2026-04-11
C023,P001,492,Pune,Jaipur,2026-05-15
C009,P001,1639,Mumbai,Pune,2026-05-16
C026,P004,853,Pune,Delhi,2026-06-07
C031,P003,163,Jaipur,Ahmedabad,2026-04-24
C003,P002,767,Delhi,Pune,2026-03-31
C018,P001,1192,Pune,Ahmedabad,2026-03-15
C025,P002,689,Ahmedabad,Mumbai,2026-05-08
C045,P001,1179,Mumbai,Delhi,2026-06-26
C041,P004,363,Jaipur,Ahmedabad,2026-01-16
C046,P001,1977,Jaipur,Ahmedabad,2026-03-24
C005,P003,446,Mumbai,Delhi,2026-03-10
C027,P002,1881,Jaipur,Ahmedabad,2026-06-30
C013,P002,157,Delhi,Ahmedabad,2026-02-16
C048,P003,436,Jaipur,Ahmedabad,2026-02-27
C003,P001,855,Jaipur,Ahmedabad,2026-03-23
C028,P003,333,Ahmedabad,Pune,2026-04-13
C030,P003,1879,Ahmedabad,Jaipur,2026-06-12
C016,P003,1302,Delhi,Jaipur,2026-05-09
C044,P004,1800,Ahmedabad,Delhi,2026-06-06
C030,P004,568,Ahmedabad,Mumbai,2026-06-21
C032,P002,1802,Jaipur,Ahmedabad,2026-06-06
C042,P003,228,Mumbai,Pune,2026-01-08
C031,P002,687,Pune,Jaipur,2026-01-03
C040,P004,1653,Delhi,Jaipur,2026-05-11
C008,P001,1156,Pune,Delhi,2026-05-05
C028,P002,1563,Pune,Jaipur,2026-01-14
C010,P001,1174,Jaipur,Pune,2026-03-31
C009,P004,1787,Delhi,Jaipur,2026-04-18
C019,P003,1842,Ahmedabad,Mumbai,2026-04-25
C041,P002,840,Jaipur,Delhi,2026-06-20
C021,P001,1812,Ahmedabad,Jaipur,2026-06-06
C046,P004,1839,Pune,Mumbai,2026-06-28
C034,P002,773,Delhi,Jaipur,2026-01-27
C016,P001,1959,Mumbai,Jaipur,2026-05-31
C038,P004,1664,Delhi,Jaipur,2026-01-20
C049,P004,1522,Ahmedabad,Pune,2026-04-07
C009,P002,603,Jaipur,Ahmedabad,2026-03-09
C003,P003,449,Ahmedabad,Mumbai,2026-04-30
C021,P001,1194,Mumbai,Delhi,2026-03-17
C019,P001,231,Pune,Delhi,2026-01-26
C004,P003,211,Pune,Mumbai,2026-04-22
C012,P004,500,Jaipur,Mumbai,2026-03-31
C012,P003,1336,Pune,Ahmedabad,2026-06-15
C001,P004,286,Ahmedabad,Jaipur,2026-04-03
C043,P001,1459,Mumbai,Jaipur,2026-06-27
C022,P003,346,Mumbai,Ahmedabad,2026-01-07
C044,P001,1691,Ahmedabad,Jaipur,2026-05-08
C018,P002,1341,Pune,Mumbai,2026-05-11
C009,P001,550,Ahmedabad,Delhi,2026-03-30
C018,P003,1313,Mumbai,Delhi,2026-06-18
C018,P002,588,Ahmedabad,Delhi,2026-06-14
C028,P002,1995,Mumbai,Delhi,2026-02-18
C002,P004,826,Pune,Delhi,2026-02-28
C050,P002,842,Delhi,Pune,2026-04-16
C050,P002,1482,Delhi,Mumbai,2026-02-06
C017,P002,1096,Mumbai,Ahmedabad,2026-03-03
C019,P003,229,Mumbai,Jaipur,2026-04-08
C048,P002,1352,Pune,Mumbai,2026-02-23
C044,P003,1783,Ahmedabad,Pune,2026-01-07
C014,P004,1421,Delhi,Jaipur,2026-04-22
C011,P002,370,Mumbai,Pune,2026-01-04
C006,P003,1250,Pune,Jaipur,2026-03-07
C016,P004,1617,Delhi,Pune,2026-01-29
C049,P001,777,Ahmedabad,Pune,2026-03-16
C029,P001,544,Mumbai,Jaipur,2026-02-25
C004,P002,394,Pune,Jaipur,2026-05-08
C035,P004,1269,Pune,Ahmedabad,2026-04-28
C029,P003,167,Pune,Ahmedabad,2026-04-08
C040,P001,429,Delhi,Mumbai,2026-03-05
C004,P003,1398,Jaipur,Delhi,2026-06-24
C049,P001,477,Jaipur,Delhi,2026-02-19
C018,P001,994,Mumbai,Ahmedabad,2026-03-02
C025,P003,370,Ahmedabad,Jaipur,2026-02-12
C047,P004,1378,Pune,Delhi,2026-05-30
C008,P003,1623,Mumbai,Delhi,2026-06-15
C029,P001,659,Delhi,Ahmedabad,2026-06-05
C007,P001,303,Delhi,Ahmedabad,2026-04-13
C008,P003,415,Ahmedabad,Pune,2026-04-18
C022,P002,614,Mumbai,Pune,2026-06-27
C017,P002,1768,Pune,Jaipur,2026-04-07
C033,P001,295,Jaipur,Ahmedabad,2026-06-08
C003,P004,1028,Mumbai,Jaipur,2026-02-09
C041,P001,832,Jaipur,Mumbai,2026-01-16
C016,P003,1636,Mumbai,Delhi,2026-06-22
C046,P003,1677,Mumbai,Delhi,2026-03-07
C021,P001,1186,Pune,Mumbai,2026-05-21
C009,P002,707,Mumbai,Delhi,2026-04-03
C031,P001,1494,Pune,Mumbai,2026-02-19
C024,P001,953,Pune,Mumbai,2026-01-30
C028,P001,1651,Pune,Delhi,2026-03-11
C035,P002,671,Jaipur,Pune,2026-02-24
C021,P002,1897,Mumbai,Delhi,2026-02-02
C031,P004,1122,Jaipur,Delhi,2026-03-18
C050,P004,1728,Delhi,Pune,2026-04-12
C047,P001,217,Jaipur,Mumbai,2026-03-11
C044,P003,1288,Delhi,Pune,2026-02-25
C047,P003,1792,Jaipur,Ahmedabad,2026-05-15
C024,P001,549,Delhi,Pune,2026-05-18
C032,P001,981,Mumbai,Pune,2026-02-03
C039,P003,1477,Jaipur,Delhi,2026-05-07
C013,P002,1776,Delhi,Mumbai,2026-02-25
C007,P001,1290,Jaipur,Ahmedabad,2026-01-11
C041,P002,1728,Pune,Mumbai,2026-05-27
C049,P003,910,Jaipur,Delhi,2026-01-27
C014,P001,333,Ahmedabad,Pune,2026-01-16
C045,P003,1354,Pune,Delhi,2026-02-28
C048,P002,1171,Delhi,Mumbai,2026-03-02
C049,P004,200,Delhi,Pune,2026-05-14
C034,P002,1640,Delhi,Ahmedabad,2026-06-11
C018,P002,1834,Pune,Delhi,2026-05-19
C004,P002,631,Jaipur,Mumbai,2026-02-09
C019,P004,420,Delhi,Jaipur,2026-01-17
C006,P001,1159,Ahmedabad,Mumbai,2026-03-05
C028,P002,598,Jaipur,Mumbai,2026-01-14
C005,P003,1815,Ahmedabad,Delhi,2026-04-14
C026,P002,1901,Delhi,Ahmedabad,2026-02-12
C049,P002,451,Delhi,Pune,2026-05-04
C050,P004,1357,Jaipur,Pune,2026-02-15
C045,P004,1764,Jaipur,Mumbai,2026-02-08
C037,P003,1125,Jaipur,Delhi,2026-01-28
C010,P004,757,Pune,Ahmedabad,2026-02-01
C036,P003,736,Jaipur,Delhi,2026-02-15
C025,P002,486,Jaipur,Pune,2026-05-13
C040,P004,1151,Ahmedabad,Jaipur,2026-06-21
C012,P002,115,Ahmedabad,Delhi,2026-03-03
C018,P002,1890,Delhi,Jaipur,2026-02-08
C046,P001,1042,Delhi,Jaipur,2026-05-29
C020,P004,967,Jaipur,Pune,2026-01-31
C026,P004,1703,Mumbai,Jaipur,2026-03-14
C004,P004,235,Mumbai,Delhi,2026-02-28
C038,P002,1016,Delhi,Pune,2026-02-20
C005,P001,1104,Ahmedabad,Delhi,2026-01-15
C032,P001,252,Ahmedabad,Pune,2026-01-27
C046,P002,121,Mumbai,Ahmedabad,2026-06-13
C015,P003,439,Jaipur,Ahmedabad,2026-06-28
C035,P004,159,Jaipur,Ahmedabad,2026-01-15
C021,P003,1093,Pune,Jaipur,2026-06-30
C046,P004,999,Jaipur,Ahmedabad,2026-04-27
C004,P003,1952,Ahmedabad,Pune,2026-01-16
C020,P002,1213,Delhi,Pune,2026-01-22
C015,P004,1050,Mumbai,Ahmedabad,2026-03-30
C014,P001,1989,Ahmedabad,Mumbai,2026-03-13
C037,P003,117,Delhi,Ahmedabad,2026-02-14
C014,P002,958,Delhi,Ahmedabad,2026-04-25
C004,P003,1765,Ahmedabad,Mumbai,2026-06-28
C046,P002,1039,Jaipur,Pune,2026-02-24
C037,P001,648,Ahmedabad,Delhi,2026-05-17
C019,P004,415,Jaipur,Mumbai,2026-04-09
C009,P004,1077,Mumbai,Delhi,2026-03-20
C010,P003,226,Ahmedabad,Jaipur,2026-05-10
C003,P003,1872,Ahmedabad,Pune,2026-05-24
C036,P001,195,Delhi,Pune,2026-05-28
C010,P004,1913,Jaipur,Delhi,2026-01-23
C009,P004,1280,Jaipur,Ahmedabad,2026-05-13
C042,P002,1303,Jaipur,Ahmedabad,2026-04-27
C029,P001,1120,Jaipur,Delhi,2026-04-24
C042,P004,1254,Mumbai,Jaipur,2026-06-26
C033,P004,1972,Ahmedabad,Mumbai,2026-02-28
C007,P004,1668,Mumbai,Delhi,2026-02-23
C039,P002,676,Mumbai,Delhi,2026-02-11
C029,P001,1435,Jaipur,Pune,2026-05-30
C032,P004,205,Delhi,Jaipur,2026-06-09
C033,P003,198,Mumbai,Ahmedabad,2026-05-07
C038,P003,630,Pune,Mumbai,2026-05-07
C036,P004,487,Ahmedabad,Delhi,2026-06-24
C019,P001,994,Ahmedabad,Jaipur,2026-05-26
C020,P001,1278,Ahmedabad,Pune,2026-04-07
C025,P004,1508,Jaipur,Pune,2026-03-12
C015,P001,503,Pune,Delhi,2026-03-11
C006,P002,1699,Pune,Jaipur,2026-05-05
C031,P001,855,Ahmedabad,Pune,2026-06-11
C019,P001,1714,Ahmedabad,Jaipur,2026-01-19
C033,P002,1101,Pune,Ahmedabad,2026-04-06
C040,P001,770,Delhi,Jaipur,2026-02-02
C016,P002,1381,Jaipur,Ahmedabad,2026-04-12
C001,P001,1038,Pune,Jaipur,2026-03-16
C008,P003,668,Jaipur,Pune,2026-01-14
C030,P003,1017,Jaipur,Ahmedabad,2026-02-27
C007,P004,609,Pune,Ahmedabad,2026-05-11
C024,P004,1266,Mumbai,Ahmedabad,2026-05-12
C041,P004,699,Mumbai,Jaipur,2026-04-29
C019,P004,1467,Jaipur,Pune,2026-01-27
C005,P002,1317,Jaipur,Ahmedabad,2026-04-04
C017,P003,669,Delhi,Mumbai,2026-06-27
C036,P003,542,Jaipur,Ahmedabad,2026-05-15
C017,P003,1817,Delhi,Pune,2026-02-16
C028,P001,1008,Delhi,Jaipur,2026-05-09
C023,P004,776,Jaipur,Pune,2026-01-15
C050,P002,1599,Jaipur,Delhi,2026-03-26
C047,P003,778,Jaipur,Pune,2026-05-21
C012,P003,1924,Jaipur,Pune,2026-06-09
C016,P004,1391,Ahmedabad,Pune,2026-04-21
C003,P004,900,Pune,Jaipur,2026-05-14
C014,P004,1271,Pune,Delhi,2026-05-21
C024,P003,217,Jaipur,Delhi,2026-03-03
C011,P003,342,Jaipur,Delhi,2026-03-23
C042,P002,1439,Mumbai,Delhi,2026-02-02
C016,P003,1969,Pune,Delhi,2026-04-05
C024,P002,362,Ahmedabad,Jaipur,2026-05-22
C028,P003,2000,Delhi,Jaipur,2026-06-24
C026,P003,110,Delhi,Pune,2026-01-29
C003,P002,1028,Delhi,Pune,2026-02-26
C029,P004,1790,Jaipur,Delhi,2026-02-03
C046,P003,1831,Pune,Ahmedabad,2026-02-18
C021,P004,1927,Mumbai,Jaipur,2026-04-16
C004,P001,264,Delhi,Ahmedabad,2026-02-19
C037,P001,1199,Pune,Delhi,2026-05-07
C009,P001,179,Mumbai,Delhi,2026-03-25
C021,P002,1580,Ahmedabad,Pune,2026-04-27
C039,P004,960,Delhi,Pune,2026-02-16
C025,P004,318,Pune,Jaipur,2026-05-09
C020,P002,1432,Jaipur,Delhi,2026-04-27
C033,P002,451,Pune,Jaipur,2026-05-08
C022,P002,967,Delhi,Jaipur,2026-03-27
C021,P003,1767,Ahmedabad,Mumbai,2026-06-06
C033,P004,1516,Pune,Jaipur,2026-04-12
C020,P004,1246,Jaipur,Mumbai,2026-01-23
C035,P001,1422,Delhi,Jaipur,2026-06-16
C009,P004,161,Ahmedabad,Jaipur,2026-03-03
C044,P004,1618,Pune,Jaipur,2026-06-16
C003,P004,1553,Pune,Jaipur,2026-03-19
C011,P002,666,Delhi,Pune,2026-01-23
C007,P002,999,Ahmedabad,Delhi,2026-01-02
C049,P003,1677,Delhi,Ahmedabad,2026-01-02
C023,P001,138,Pune,Jaipur,2026-06-05
C013,P001,505,Mumbai,Delhi,2026-04-12
C013,P004,400,Ahmedabad,Pune,2026-04-26
C002,P002,274,Pune,Jaipur,2026-03-24
C014,P004,786,Ahmedabad,Delhi,2026-02-16
C045,P002,1857,Ahmedabad,Pune,2026-02-20
C045,P002,250,Mumbai,Delhi,2026-01-21
C024,P004,995,Pune,Delhi,2026-03-11
C004,P004,1293,Mumbai,Delhi,2026-01-08
C040,P001,647,Pune,Delhi,2026-02-24
C041,P002,531,Jaipur,Delhi,2026-04-14
C009,P001,208,Delhi,Pune,2026-05-12
C010,P004,1129,Mumbai,Delhi,2026-03-13
C028,P003,852,Mumbai,Ahmedabad,2026-03-01
C012,P004,1052,Mumbai,Jaipur,2026-06-29
C004,P003,876,Delhi,Pune,2026-03-30
C036,P003,496,Jaipur,Mumbai,2026-01-19
C048,P004,1456,Pune,Delhi,2026-02-18
C039,P001,810,Jaipur,Ahmedabad,2026-01-26
C048,P003,1774,Jaipur,Delhi,2026-05-27
C024,P002,141,Ahmedabad,Delhi,2026-06-28
C025,P003,128,Pune,Ahmedabad,2026-05-11
C012,P003,1359,Ahmedabad,Mumbai,2026-06-03
C005,P003,1903,Pune,Mumbai,2026-02-03
C023,P003,1268,Ahmedabad,Mumbai,2026-06-01
C044,P002,1711,Jaipur,Pune,2026-01-14
C023,P004,1555,Ahmedabad,Delhi,2026-01-06
C039,P001,685,Delhi,Ahmedabad,2026-02-16
C044,P002,628,Ahmedabad,Mumbai,2026-06-30
C015,P002,877,Pune,Jaipur,2026-06-27
C025,P002,469,Pune,Mumbai,2026-04-01
C030,P004,1205,Delhi,Mumbai,2026-02-15
C003,P004,1315,Pune,Mumbai,2026-06-18
C044,P003,133,Pune,Mumbai,2026-01-21
C007,P001,1186,Jaipur,Pune,2026-05-08
C005,P004,763,Delhi,Ahmedabad,2026-05-27
C010,P001,771,Mumbai,Jaipur,2026-04-27
C041,P002,1537,Jaipur,Ahmedabad,2026-04-08
C048,P001,1099,Delhi,Pune,2026-06-08
C016,P003,1385,Jaipur,Pune,2026-06-15
C004,P002,223,Mumbai,Delhi,2026-05-20
C038,P001,729,Ahmedabad,Mumbai,2026-01-29
C045,P003,358,Mumbai,Delhi,2026-01-24
C001,P001,1640,Delhi,Ahmedabad,2026-03-13
C002,P002,735,Jaipur,Delhi,2026-01-20
C005,P001,1016,Jaipur,Mumbai,2026-03-03
C012,P002,894,Jaipur,Ahmedabad,2026-06-24
C041,P001,1095,Pune,Mumbai,2026-05-02
C024,P001,189,Jaipur,Delhi,2026-04-08
C005,P001,182,Ahmedabad,Pune,2026-04-24
C036,P004,1379,Pune,Delhi,2026-03-12
C017,P004,1843,Mumbai,Pune,2026-03-07
C014,P003,1689,Delhi,Mumbai,2026-04-18
C023,P004,939,Mumbai,Pune,2026-04-29
C009,P002,525,Jaipur,Ahmedabad,2026-06-10
C016,P002,171,Pune,Mumbai,2026-03-07
C031,P001,346,Delhi,Ahmedabad,2026-02-10
C045,P001,1524,Ahmedabad,Delhi,2026-04-02
C018,P001,778,Ahmedabad,Delhi,2026-01-08
C036,P004,1461,Jaipur,Delhi,2026-01-10
C006,P001,467,Jaipur,Delhi,2026-06-05
C015,P003,868,Ahmedabad,Mumbai,2026-03-09
C008,P002,1936,Ahmedabad,Jaipur,2026-05-04
C011,P001,514,Delhi,Mumbai,2026-01-23
C007,P004,1600,Pune,Ahmedabad,2026-05-15
C048,P002,585,Ahmedabad,Delhi,2026-01-12
C011,P003,301,Jaipur,Mumbai,2026-05-23
C003,P004,937,Jaipur,Mumbai,2026-02-07
C037,P002,1042,Ahmedabad,Pune,2026-01-08
C024,P004,1876,Mumbai,Delhi,2026-03-20
C036,P002,590,Ahmedabad,Mumbai,2026-01-12
C003,P002,556,Delhi,Mumbai,2026-06-29
C038,P004,1850,Jaipur,Pune,2026-06-14
C042,P001,1882,Delhi,Mumbai,2026-05-26
C041,P004,1030,Mumbai,Pune,2026-04-15
C038,P004,1735,Jaipur,Mumbai,2026-03-24
C027,P001,1176,Pune,Jaipur,2026-03-17
C035,P002,1235,Delhi,Mumbai,2026-05-28
C012,P002,940,Ahmedabad,Mumbai,2026-06-24
C043,P004,488,Mumbai,Ahmedabad,2026-02-19
C030,P002,1987,Pune,Ahmedabad,2026-05-21
C020,P002,1732,Pune,Mumbai,2026-05-21
C045,P002,998,Ahmedabad,Jaipur,2026-04-19
C037,P002,248,Delhi,Jaipur,2026-01-27
C015,P004,1342,Pune,Jaipur,2026-06-30
C013,P004,1839,Mumbai,Delhi,2026-06-25
C035,P003,202,Jaipur,Mumbai,2026-03-11
C008,P001,1684,Jaipur,Pune,2026-02-23
C033,P004,1167,Pune,Mumbai,2026-01-29
C041,P003,209,Pune,Mumbai,2026-06-12
C023,P004,1047,Pune,Ahmedabad,2026-03-29
C031,P002,1272,Mumbai,Pune,2026-03-24
C048,P002,908,Delhi,Mumbai,2026-01-16
C033,P003,1024,Pune,Ahmedabad,2026-05-21
C005,P004,559,Mumbai,Pune,2026-01-23
C050,P002,791,Jaipur,Ahmedabad,2026-04-22
C010,P001,1097,Ahmedabad,Mumbai,2026-04-30
C004,P003,1154,Delhi,Pune,2026-04-11
C024,P004,676,Mumbai,Delhi,2026-01-07
C028,P001,1278,Mumbai,Pune,2026-02-12
C011,P001,1681,Jaipur,Delhi,2026-01-18
C012,P003,668,Delhi,Pune,2026-04-02
C043,P002,1010,Jaipur,Pune,2026-02-09
C016,P004,1343,Jaipur,Pune,2026-05-04
C005,P004,1027,Mumbai,Jaipur,2026-01-25
C043,P002,722,Delhi,Jaipur,2026-03-18
C010,P002,280,Pune,Mumbai,2026-04-09
C004,P001,1490,Mumbai,Pune,2026-04-07
C013,P004,892,Pune,Mumbai,2026-03-16
C037,P003,825,Pune,Ahmedabad,2026-02-24
C050,P001,236,Delhi,Pune,2026-01-11
C022,P003,1968,Mumbai,Delhi,2026-03-31
C003,P004,108,Mumbai,Delhi,2026-05-23
C041,P003,365,Ahmedabad,Pune,2026-04-16
C008,P004,1193,Ahmedabad,Delhi,2026-05-03
C041,P004,150,Mumbai,Jaipur,2026-01-13
C021,P002,278,Ahmedabad,Pune,2026-04-25
C034,P004,1800,Delhi,Ahmedabad,2026-01-04
C013,P001,533,Delhi,Pune,2026-02-05
C035,P001,1647,Mumbai,Jaipur,2026-06-17
C004,P003,335,Pune,Mumbai,2026-02-18
C022,P002,824,Delhi,Jaipur,2026-02-13
C018,P003,638,Delhi,Ahmedabad,2026-03-31
C005,P003,217,Ahmedabad,Jaipur,2026-06-19
C045,P002,701,Delhi,Pune,2026-02-13
C005,P003,1846,Jaipur,Mumbai,2026-01-01
C022,P001,1661,Ahmedabad,Pune,2026-03-16
C031,P001,1596,Ahmedabad,Jaipur,2026-03-09
C035,P004,427,Jaipur,Mumbai,2026-05-28
C010,P003,1909,Pune,Mumbai,2026-03-05
C004,P002,1442,Jaipur,Delhi,2026-06-12
C020,P002,1411,Pune,Ahmedabad,2026-06-04
C042,P004,1111,Mumbai,Pune,2026-01-25
C022,P002,305,Pune,Mumbai,2026-03-31
C016,P004,558,Ahmedabad,Delhi,2026-03-02
C040,P001,1449,Pune,Ahmedabad,2026-01-05
C023,P002,422,Ahmedabad,Pune,2026-04-03
C032,P002,558,Ahmedabad,Pune,2026-02-16
C005,P002,1586,Pune,Delhi,2026-01-26
C001,P001,204,Delhi,Jaipur,2026-06-11
C014,P003,1703,Delhi,Mumbai,2026-03-11
C008,P003,1326,Jaipur,Mumbai,2026-01-16
C025,P002,1627,Delhi,Jaipur,2026-02-05
C030,P004,836,Delhi,Jaipur,2026-06-26
C020,P003,252,Pune,Jaipur,2026-05-10
C020,P001,617,Jaipur,Pune,2026-06-30
C008,P003,788,Pune,Mumbai,2026-01-29
C002,P001,1149,Mumbai,Ahmedabad,2026-01-16
C019,P003,675,Ahmedabad,Jaipur,2026-03-29
C047,P004,1652,Ahmedabad,Mumbai,2026-06-22
C034,P001,1706,Ahmedabad,Pune,2026-03-08
C009,P003,1696,Pune,Ahmedabad,2026-02-28
C015,P004,989,Mumbai,Ahmedabad,2026-02-01
C007,P002,1613,Jaipur,Mumbai,2026-04-09
C010,P003,1397,Jaipur,Mumbai,2026-02-20
C012,P003,1932,Ahmedabad,Pune,2026-06-27
C012,P001,263,Delhi,Ahmedabad,2026-02-17
C022,P002,1643,Ahmedabad,Mumbai,2026-05-30
C048,P003,398,Delhi,Jaipur,2026-05-27
C046,P003,1768,Mumbai,Pune,2026-01-08
C046,P003,1289,Ahmedabad,Jaipur,2026-06-05
C026,P003,1399,Ahmedabad,Jaipur,2026-01-20
C006,P002,264,Ahmedabad,Jaipur,2026-02-24
C034,P002,871,Jaipur,Delhi,2026-04-03
C010,P001,706,Delhi,Ahmedabad,2026-01-10
C040,P002,382,Delhi,Ahmedabad,2026-04-10
C024,P001,1980,Pune,Mumbai,2026-05-22
C004,P003,1624,Jaipur,Pune,2026-02-05
C034,P004,487,Mumbai,Ahmedabad,2026-04-08
C001,P003,292,Jaipur,Delhi,2026-06-05
C036,P004,160,Pune,Delhi,2026-01-31
C001,P003,843,Ahmedabad,Delhi,2026-01-18
C044,P004,1890,Pune,Mumbai,2026-05-18
C034,P002,1778,Ahmedabad,Jaipur,2026-04-11
C031,P002,1440,Mumbai,Jaipur,2026-01-18
C029,P001,857,Jaipur,Ahmedabad,2026-01-06
C031,P004,100,Mumbai,Ahmedabad,2026-05-02
C009,P002,581,Ahmedabad,Pune,2026-05-23
C014,P003,1811,Pune,Jaipur,2026-02-02
C020,P002,1704,Delhi,Ahmedabad,2026-03-15
C030,P002,1421,Delhi,Pune,2026-06-22
C025,P003,930,Mumbai,Ahmedabad,2026-06-02
C039,P002,945,Pune,Ahmedabad,2026-02-24
C003,P003,1898,Mumbai,Ahmedabad,2026-04-03
C015,P001,1817,Delhi,Jaipur,2026-04-26
C009,P002,1776,Delhi,Pune,2026-06-17
C012,P004,1675,Mumbai,Delhi,2026-01-23
C048,P003,908,Jaipur,Mumbai,2026-06-29
C020,P004,375,Ahmedabad,Pune,2026-05-29
C038,P004,1532,Jaipur,Pune,2026-05-03
C037,P002,1162,Pune,Jaipur,2026-05-09
C033,P004,388,Jaipur,Pune,2026-06-09
C030,P003,1987,Delhi,Pune,2026-05-15
C017,P002,736,Pune,Delhi,2026-02-09
C007,P004,1756,Jaipur,Mumbai,2026-04-11
C044,P003,1047,Ahmedabad,Mumbai,2026-03-31
C039,P003,891,Pune,Jaipur,2026-01-19
C040,P003,938,Pune,Jaipur,2026-04-29
C047,P001,1473,Delhi,Ahmedabad,2026-01-28
C002,P002,1406,Jaipur,Pune,2026-03-12
C030,P001,1428,Jaipur,Ahmedabad,2026-06-12
C035,P003,760,Mumbai,Delhi,2026-06-14
C043,P003,389,Pune,Jaipur,2026-04-29
C008,P004,1361,Mumbai,Ahmedabad,2026-01-28
C025,P004,1071,Pune,Delhi,2026-01-02
C039,P002,881,Mumbai,Jaipur,2026-03-09
C009,P003,651,Ahmedabad,Jaipur,2026-02-20
C036,P001,289,Delhi,Jaipur,2026-05-13
C007,P003,720,Delhi,Pune,2026-04-17
C001,P001,1467,Ahmedabad,Jaipur,2026-04-13
C027,P003,953,Pune,Delhi,2026-04-06
C021,P001,1826,Ahmedabad,Mumbai,2026-06-22
C048,P003,890,Pune,Jaipur,2026-02-27
C033,P003,1936,Pune,Delhi,2026-01-01
C044,P002,683,Mumbai,Ahmedabad,2026-05-02
C045,P002,1358,Delhi,Ahmedabad,2026-02-22
C006,P001,938,Pune,Delhi,2026-06-06
C007,P001,578,Mumbai,Pune,2026-02-20
C030,P003,1396,Delhi,Mumbai,2026-02-26
C025,P004,1974,Ahmedabad,Pune,2026-06-27
C043,P003,534,Jaipur,Mumbai,2026-06-10
C040,P003,835,Pune,Ahmedabad,2026-04-03
C013,P001,1523,Mumbai,Jaipur,2026-05-15
C020,P001,1495,Pune,Mumbai,2026-04-06
C020,P002,200,Pune,Mumbai,2026-02-09
C038,P003,1469,Ahmedabad,Jaipur,2026-06-28
C009,P003,1042,Ahmedabad,Delhi,2026-05-28
C049,P002,1894,Jaipur,Ahmedabad,2026-05-12
C041,P001,1444,Jaipur,Mumbai,2026-02-18
C002,P002,373,Mumbai,Ahmedabad,2026-02-10
C004,P001,1130,Delhi,Pune,2026-04-05
C035,P002,1818,Ahmedabad,Jaipur,2026-01-17
C018,P003,536,Jaipur,Pune,2026-03-31
C038,P002,1426,Mumbai,Delhi,2026-05-17
C022,P002,522,Delhi,Jaipur,2026-01-02
C010,P001,262,Delhi,Jaipur,2026-06-22
C010,P003,791,Mumbai,Jaipur,2026-06-18
C016,P003,1105,Ahmedabad,Jaipur,2026-06-05
C044,P004,1670,Ahmedabad,Jaipur,2026-01-07
C049,P002,493,Ahmedabad,Delhi,2026-05-04
C045,P003,925,Jaipur,Pune,2026-06-29
C019,P003,1356,Delhi,Ahmedabad,2026-06-14
C013,P003,1602,Pune,Mumbai,2026-02-20
C021,P003,706,Mumbai,Jaipur,2026-01-16
C033,P004,1623,Delhi,Mumbai,2026-01-01
C049,P003,612,Jaipur,Pune,2026-02-05
C008,P003,397,Mumbai,Pune,2026-03-14
C037,P003,1997,Pune,Delhi,2026-05-05
C017,P002,1612,Pune,Jaipur,2026-04-15
C046,P002,225,Mumbai,Jaipur,2026-03-11
C006,P004,977,Jaipur,Ahmedabad,2026-04-09
C043,P003,1755,Jaipur,Mumbai,2026-05-01
C030,P001,107,Delhi,Ahmedabad,2026-04-08
C040,P003,419,Jaipur,Mumbai,2026-02-23
C021,P002,335,Ahmedabad,Mumbai,2026-06-30
C042,P001,232,Jaipur,Pune,2026-06-18
C011,P001,1544,Mumbai,Ahmedabad,2026-05-15
C048,P001,521,Mumbai,Ahmedabad,2026-03-23
C032,P003,1365,Pune,Mumbai,2026-06-16
C006,P003,1945,Jaipur,Ahmedabad,2026-01-08
C031,P003,902,Mumbai,Delhi,2026-05-02
C033,P001,1537,Delhi,Ahmedabad,2026-05-03
C039,P003,1128,Pune,Delhi,2026-05-13
C029,P003,378,Delhi,Ahmedabad,2026-02-09
C019,P001,1792,Jaipur,Delhi,2026-01-25
C046,P001,1759,Mumbai,Jaipur,2026-01-21
C036,P002,112,Ahmedabad,Pune,2026-02-10
C020,P001,301,Pune,Mumbai,2026-05-21
C042,P002,103,Delhi,Pune,2026-04-05
C042,P003,1398,Ahmedabad,Mumbai,2026-03-28
C007,P004,1857,Ahmedabad,Delhi,2026-04-16
C001,P003,1291,Mumbai,Pune,2026-06-15
C049,P001,598,Jaipur,Delhi,2026-01-31
C017,P004,815,Pune,Ahmedabad,2026-06-08
C040,P002,393,Delhi,Pune,2026-05-16
C002,P004,918,Ahmedabad,Jaipur,2026-06-26
C017,P004,1791,Ahmedabad,Mumbai,2026-03-09
C014,P002,1038,Ahmedabad,Delhi,2026-04-29
C045,P003,1507,Pune,Ahmedabad,2026-05-09
C030,P003,934,Pune,Delhi,2026-01-01
C031,P001,1378,Jaipur,Pune,2026-05-09
C017,P004,1375,Mumbai,Delhi,2026-05-14
C028,P003,1857,Pune,Delhi,2026-02-13
C032,P004,654,Pune,Jaipur,2026-05-18
C019,P001,897,Delhi,Mumbai,2026-04-30
C039,P004,1176,Jaipur,Pune,2026-05-18
C004,P003,1645,Mumbai,Jaipur,2026-03-16
C040,P004,1633,Jaipur,Pune,2026-02-04
C011,P001,1752,Mumbai,Jaipur,2026-02-16
C041,P001,799,Mumbai,Delhi,2026-02-18
C008,P002,560,Pune,Jaipur,2026-02-27
C010,P004,1662,Delhi,Ahmedabad,2026-04-17
C017,P002,101,Mumbai,Delhi,2026-03-30
C010,P003,1444,Pune,Jaipur,2026-06-01
C028,P002,962,Delhi,Mumbai,2026-02-04
C033,P004,1389,Ahmedabad,Delhi,2026-05-26
C022,P001,1051,Delhi,Ahmedabad,2026-03-15
C024,P003,1686,Delhi,Pune,2026-04-23
C045,P004,1597,Mumbai,Jaipur,2026-03-07
C050,P004,1216,Ahmedabad,Mumbai,2026-01-01
C050,P002,1759,Pune,Delhi,2026-06-03
C028,P001,1949,Delhi,Mumbai,2026-06-12
C003,P004,109,Ahmedabad,Jaipur,2026-05-17
C018,P003,1243,Delhi,Ahmedabad,2026-02-27
C021,P001,1678,Mumbai,Delhi,2026-05-26
C007,P003,264,Ahmedabad,Pune,2026-01-26
C008,P001,264,Jaipur,Ahmedabad,2026-06-06
C019,P002,1117,Jaipur,Mumbai,2026-05-21
C028,P002,412,Pune,Mumbai,2026-03-01
C028,P002,615,Delhi,Ahmedabad,2026-04-06
C039,P002,446,Jaipur,Mumbai,2026-03-03
C049,P003,1240,Delhi,Ahmedabad,2026-02-05
C009,P001,383,Ahmedabad,Delhi,2026-05-10
C050,P004,1719,Pune,Delhi,2026-03-06
C009,P002,954,Mumbai,Pune,2026-02-16
C028,P002,689,Ahmedabad,Mumbai,2026-03-11
C048,P001,1411,Mumbai,Pune,2026-06-21
C013,P001,241,Pune,Mumbai,2026-02-12
C021,P001,892,Pune,Jaipur,2026-03-01
C007,P004,671,Ahmedabad,Mumbai,2026-04-28
C025,P002,1277,Pune,Ahmedabad,2026-02-08
C002,P002,541,Ahmedabad,Pune,2026-05-06
C013,P001,931,Delhi,Mumbai,2026-05-22
C048,P004,1626,Pune,Jaipur,2026-01-09
C012,P003,642,Ahmedabad,Mumbai,2026-03-19
C043,P002,441,Mumbai,Jaipur,2026-05-21
C022,P003,1191,Ahmedabad,Pune,2026-02-25
C037,P004,709,Delhi,Pune,2026-02-04
C022,P003,749,Pune,Mumbai,2026-02-03
C042,P004,1702,Jaipur,Mumbai,2026-06-01
C005,P002,1820,Jaipur,Ahmedabad,2026-04-06
C008,P004,774,Delhi,Mumbai,2026-02-15
C026,P003,1614,Ahmedabad,Delhi,2026-06-03
C005,P003,1398,Pune,Delhi,2026-04-17
C028,P004,1849,Delhi,Pune,2026-06-06
C030,P001,1796,Ahmedabad,Pune,2026-01-19
C039,P004,1212,Ahmedabad,Pune,2026-01-07
C005,P001,1780,Pune,Mumbai,2026-06-28
C020,P002,232,Delhi,Ahmedabad,2026-02-18
C033,P004,666,Ahmedabad,Jaipur,2026-05-27
C018,P004,1566,Delhi,Ahmedabad,2026-06-23
C038,P001,461,Jaipur,Pune,2026-02-14
C036,P003,1393,Ahmedabad,Mumbai,2026-02-22
C021,P003,596,Jaipur,Ahmedabad,2026-04-26
C019,P002,681,Pune,Ahmedabad,2026-06-19
C027,P004,1972,Jaipur,Delhi,2026-06-23
C001,P004,285,Ahmedabad,Mumbai,2026-05-27
C037,P004,1065,Ahmedabad,Jaipur,2026-01-04
C046,P001,295,Mumbai,Delhi,2026-05-31
C014,P003,1977,Ahmedabad,Pune,2026-05-12
C003,P001,397,Pune,Ahmedabad,2026-02-09
C023,P003,401,Mumbai,Pune,2026-05-23
C033,P002,1026,Ahmedabad,Jaipur,2026-01-18
C016,P003,1964,Ahmedabad,Pune,2026-03-26
C008,P004,874,Delhi,Pune,2026-06-05
C004,P001,1909,Pune,Jaipur,2026-02-17
C027,P003,1453,Mumbai,Ahmedabad,2026-04-23
C030,P001,1049,Mumbai,Ahmedabad,2026-04-27
C008,P001,1901,Jaipur,Delhi,2026-03-15
C034,P001,185,Pune,Mumbai,2026-02-18
C014,P003,1307,Delhi,Jaipur,2026-01-31
C029,P003,1790,Mumbai,Pune,2026-01-14
C048,P003,763,Ahmedabad,Pune,2026-02-28
C039,P003,1265,Jaipur,Mumbai,2026-06-03
C005,P003,1689,Mumbai,Ahmedabad,2026-05-09
C006,P002,162,Mumbai,Ahmedabad,2026-01-19
C044,P002,410,Pune,Delhi,2026-02-09
C006,P003,283,Mumbai,Ahmedabad,2026-04-26
C041,P004,1258,Pune,Delhi,2026-03-29
C019,P004,1783,Pune,Ahmedabad,2026-06-25
C034,P002,951,Mumbai,Pune,2026-01-18
C027,P002,799,Mumbai,Delhi,2026-02-24
C023,P003,322,Jaipur,Pune,2026-01-04
C018,P004,926,Mumbai,Pune,2026-03-12
C011,P004,627,Jaipur,Ahmedabad,2026-05-24
C031,P004,1871,Jaipur,Ahmedabad,2026-06-11
C006,P001,1231,Ahmedabad,Mumbai,2026-01-18
C042,P003,1311,Delhi,Jaipur,2026-06-23
C021,P004,1991,Mumbai,Jaipur,2026-02-11
C021,P001,928,Mumbai,Jaipur,2026-05-28
C016,P001,559,Delhi,Mumbai,2026-02-25
C023,P001,1640,Mumbai,Ahmedabad,2026-03-27
C004,P001,233,Delhi,Pune,2026-02-05
C014,P004,1948,Delhi,Ahmedabad,2026-06-24
C012,P004,1129,Delhi,Mumbai,2026-02-08
C045,P002,533,Jaipur,Mumbai,2026-03-30
C020,P001,1218,Pune,Jaipur,2026-05-09
C014,P004,514,Ahmedabad,Jaipur,2026-02-18
C027,P004,1410,Mumbai,Delhi,2026-03-26
C030,P002,484,Delhi,Ahmedabad,2026-02-18
C032,P001,467,Delhi,Jaipur,2026-01-20
C013,P004,1457,Mumbai,Delhi,2026-02-13
C035,P004,1159,Mumbai,Delhi,2026-02-05
C042,P004,1069,Mumbai,Jaipur,2026-04-14
C017,P001,723,Pune,Ahmedabad,2026-06-15
C016,P004,474,Jaipur,Mumbai,2026-02-06
C006,P001,1763,Pune,Mumbai,2026-04-06
C049,P003,891,Mumbai,Delhi,2026-01-23
C010,P003,1816,Ahmedabad,Jaipur,2026-01-15
C017,P003,1130,Delhi,Jaipur,2026-05-05
C022,P004,1114,Delhi,Mumbai,2026-03-20
C019,P002,1145,Pune,Ahmedabad,2026-03-27
C029,P001,498,Mumbai,Delhi,2026-01-15
C045,P003,733,Mumbai,Ahmedabad,2026-04-28
C049,P004,1018,Delhi,Ahmedabad,2026-01-04
C012,P003,842,Ahmedabad,Delhi,2026-02-22
C047,P004,1864,Delhi,Jaipur,2026-05-14
C024,P004,239,Delhi,Ahmedabad,2026-02-07
C015,P003,298,Delhi,Pune,2026-04-07
C030,P002,658,Jaipur,Mumbai,2026-02-14
C027,P004,218,Jaipur,Pune,2026-06-20
C026,P004,557,Pune,Jaipur,2026-01-04
C037,P004,1129,Delhi,Ahmedabad,2026-03-06
C030,P003,812,Delhi,Mumbai,2026-01-11
C013,P001,988,Ahmedabad,Mumbai,2026-04-28
C010,P003,1320,Mumbai,Jaipur,2026-04-01
C043,P002,1172,Ahmedabad,Jaipur,2026-06-17
C021,P004,111,Delhi,Ahmedabad,2026-02-10
C032,P001,1588,Jaipur,Pune,2026-06-07
C019,P004,1129,Jaipur,Ahmedabad,2026-03-04
C001,P001,628,Pune,Jaipur,2026-01-16
C031,P003,275,Delhi,Ahmedabad,2026-04-18
C021,P001,1881,Mumbai,Ahmedabad,2026-03-05
C013,P004,1451,Ahmedabad,Jaipur,2026-01-10
C007,P001,1111,Delhi,Ahmedabad,2026-04-10
C022,P004,1014,Mumbai,Ahmedabad,2026-05-29
C036,P001,174,Jaipur,Mumbai,2026-01-07
C024,P002,1063,Ahmedabad,Pune,2026-03-25
C005,P004,479,Mumbai,Ahmedabad,2026-05-09
C047,P001,482,Pune,Mumbai,2026-05-10
C035,P002,1575,Jaipur,Delhi,2026-01-11
C002,P001,1317,Delhi,Ahmedabad,2026-01-05
C038,P001,363,Delhi,Pune,2026-02-25
C011,P004,1295,Mumbai,Delhi,2026-06-26
C004,P001,1251,Ahmedabad,Jaipur,2026-05-18
C040,P003,778,Delhi,Ahmedabad,2026-04-15
C045,P002,1837,Pune,Mumbai,2026-06-23
C048,P002,552,Jaipur,Mumbai,2026-05-22
C013,P001,833,Delhi,Jaipur,2026-05-01
C009,P001,1568,Ahmedabad,Mumbai,2026-01-07
C026,P003,186,Pune,Jaipur,2026-05-21
C029,P004,327,Pune,Jaipur,2026-01-16
C034,P003,1814,Ahmedabad,Mumbai,2026-06-26
C003,P002,1728,Pune,Jaipur,2026-02-21
C048,P004,1294,Mumbai,Delhi,2026-01-13
C026,P003,910,Delhi,Mumbai,2026-01-19
C013,P001,1868,Ahmedabad,Jaipur,2026-05-02
C021,P001,1548,Mumbai,Jaipur,2026-06-22
C006,P003,1116,Pune,Jaipur,2026-01-17
C018,P002,1980,Delhi,Pune,2026-01-11
C033,P003,1027,Delhi,Jaipur,2026-02-10
C016,P003,944,Pune,Jaipur,2026-05-17
C029,P003,950,Delhi,Mumbai,2026-06-13
C031,P004,384,Pune,Mumbai,2026-06-01
C034,P004,460,Ahmedabad,Pune,2026-04-21
C005,P002,1719,Jaipur,Ahmedabad,2026-06-11
C022,P001,259,Delhi,Pune,2026-05-12
C038,P001,600,Pune,Ahmedabad,2026-02-20
C023,P003,1580,Pune,Ahmedabad,2026-02-11
C024,P002,615,Jaipur,Pune,2026-05-29
C038,P001,150,Mumbai,Pune,2026-03-05
C007,P002,468,Pune,Jaipur,2026-06-02
C016,P002,1869,Ahmedabad,Mumbai,2026-05-05
C049,P001,1410,Mumbai,Pune,2026-04-25
C010,P001,1397,Ahmedabad,Delhi,2026-01-06
C030,P003,805,Pune,Jaipur,2026-01-17
C002,P002,830,Jaipur,Ahmedabad,2026-01-11
C023,P003,1665,Jaipur,Pune,2026-03-05
C044,P004,1092,Jaipur,Pune,2026-05-22
C034,P002,114,Pune,Delhi,2026-01-27
C049,P004,230,Delhi,Pune,2026-05-13
C048,P004,1423,Delhi,Ahmedabad,2026-01-04
C045,P003,516,Mumbai,Delhi,2026-05-24
C037,P003,1645,Delhi,Ahmedabad,2026-03-25
C045,P004,1897,Delhi,Mumbai,2026-01-31
C021,P004,245,Delhi,Jaipur,2026-05-21
C023,P002,149,Ahmedabad,Jaipur,2026-03-30
C021,P003,1697,Mumbai,Pune,2026-02-05
C027,P002,1719,Jaipur,Ahmedabad,2026-01-29
C004,P001,1752,Pune,Delhi,2026-01-02
C044,P004,1995,Pune,Ahmedabad,2026-01-05
C015,P004,434,Jaipur,Ahmedabad,2026-02-07
C026,P004,902,Delhi,Mumbai,2026-02-21
C004,P001,565,Pune,Jaipur,2026-06-03
C013,P001,1726,Ahmedabad,Delhi,2026-03-16
C036,P002,969,Pune,Mumbai,2026-04-30
C006,P001,302,Jaipur,Mumbai,2026-06-13
C016,P002,1459,Mumbai,Pune,2026-03-13
C027,P002,1333,Pune,Ahmedabad,2026-02-02
C049,P004,1047,Pune,Mumbai,2026-01-09
C035,P003,1956,Pune,Mumbai,2026-02-17
C032,P003,417,Delhi,Ahmedabad,2026-06-28
C048,P002,1860,Delhi,Jaipur,2026-06-24
C022,P002,1349,Mumbai,Jaipur,2026-02-23
C016,P002,767,Mumbai,Ahmedabad,2026-04-23
C011,P001,1723,Mumbai,Ahmedabad,2026-02-02
C024,P002,447,Ahmedabad,Jaipur,2026-06-03
C037,P004,1868,Ahmedabad,Jaipur,2026-04-10
C026,P002,1171,Mumbai,Delhi,2026-03-28
C045,P001,857,Pune,Ahmedabad,2026-02-28
C019,P001,1385,Jaipur,Mumbai,2026-01-23
C044,P002,787,Ahmedabad,Delhi,2026-05-24
C035,P001,763,Mumbai,Pune,2026-06-09
C039,P004,1119,Ahmedabad,Jaipur,2026-03-18
C033,P004,1617,Mumbai,Ahmedabad,2026-01-07
C035,P004,1874,Jaipur,Pune,2026-05-08
C023,P001,1352,Ahmedabad,Delhi,2026-01-20
C029,P004,959,Pune,Ahmedabad,2026-06-08
C041,P004,182,Pune,Mumbai,2026-02-07
C047,P002,1802,Delhi,Mumbai,2026-03-02
C009,P003,632,Pune,Mumbai,2026-06-26
C037,P001,824,Mumbai,Pune,2026-02-12
C039,P004,1193,Ahmedabad,Mumbai,2026-05-30
C013,P002,1583,Jaipur,Ahmedabad,2026-01-18
C025,P003,1983,Ahmedabad,Mumbai,2026-06-30
C007,P003,1442,Jaipur,Pune,2026-02-26
C002,P003,816,Ahmedabad,Jaipur,2026-05-26
C009,P003,956,Mumbai,Ahmedabad,2026-06-22
C033,P002,275,Delhi,Mumbai,2026-05-19
C009,P001,1273,Ahmedabad,Jaipur,2026-01-12
C013,P002,854,Ahmedabad,Jaipur,2026-01-27
C038,P001,832,Mumbai,Pune,2026-05-07
C039,P002,100,Delhi,Mumbai,2026-05-02
C039,P002,1510,Delhi,Pune,2026-05-13
C048,P001,375,Delhi,Mumbai,2026-05-25
C020,P002,1577,Pune,Ahmedabad,2026-06-04
C008,P004,827,Pune,Ahmedabad,2026-03-02
C001,P003,1560,Delhi,Jaipur,2026-03-04
C006,P003,951,Ahmedabad,Mumbai,2026-02-27
C034,P004,1622,Pune,Ahmedabad,2026-01-11
C028,P001,771,Mumbai,Delhi,2026-04-29
C029,P003,1770,Ahmedabad,Mumbai,2026-02-19
C041,P002,1542,Mumbai,Delhi,2026-02-09
C014,P004,1115,Delhi,Pune,2026-05-08
C039,P002,1109,Mumbai,Jaipur,2026-02-18
C024,P001,1248,Mumbai,Pune,2026-04-10
C010,P003,940,Pune,Ahmedabad,2026-03-15
C036,P001,1017,Delhi,Jaipur,2026-03-01
C010,P004,166,Mumbai,Pune,2026-04-27
C012,P004,1220,Delhi,Ahmedabad,2026-06-05
C046,P001,1665,Pune,Mumbai,2026-03-03
C018,P004,1618,Delhi,Ahmedabad,2026-06-24
C018,P002,905,Ahmedabad,Jaipur,2026-01-18
C028,P002,166,Pune,Ahmedabad,2026-01-17
C026,P001,1930,Delhi,Mumbai,2026-05-08
C042,P001,1723,Delhi,Jaipur,2026-03-12
C019,P001,353,Delhi,Pune,2026-03-02
C031,P004,1871,Jaipur,Delhi,2026-01-04
C044,P004,121,Pune,Jaipur,2026-03-12
C002,P001,1508,Ahmedabad,Delhi,2026-01-11
C018,P004,1703,Mumbai,Pune,2026-01-04
C007,P003,674,Pune,Jaipur,2026-02-03
C043,P001,1051,Delhi,Mumbai,2026-06-05
C041,P004,1776,Pune,Jaipur,2026-01-16
C005,P004,1295,Pune,Ahmedabad,2026-03-08
C034,P003,1385,Pune,Ahmedabad,2026-03-25
C013,P003,832,Mumbai,Jaipur,2026-02-14
C026,P001,408,Delhi,Mumbai,2026-03-30
C018,P003,1599,Pune,Delhi,2026-02-01
C002,P004,790,Mumbai,Pune,2026-04-30
C016,P002,1453,Delhi,Mumbai,2026-03-17
C024,P001,1824,Mumbai,Delhi,2026-02-27
C027,P004,371,Pune,Mumbai,2026-05-05
C034,P002,1345,Jaipur,Mumbai,2026-06-10
C047,P003,785,Jaipur,Delhi,2026-03-14
C014,P001,1280,Mumbai,Pune,2026-01-16
C043,P004,190,Jaipur,Delhi,2026-04-14
C005,P001,171,Jaipur,Pune,2026-05-11
C050,P004,949,Mumbai,Jaipur,2026-05-13
C026,P002,1193,Pune,Ahmedabad,2026-06-27
C037,P004,1558,Pune,Jaipur,2026-03-08
C001,P004,1525,Pune,Delhi,2026-01-27
C028,P003,110,Delhi,Ahmedabad,2026-03-09
C029,P001,1621,Mumbai,Pune,2026-05-23
C011,P001,1260,Ahmedabad,Delhi,2026-02-14
C037,P004,529,Mumbai,Ahmedabad,2026-02-16
C018,P001,1690,Pune,Mumbai,2026-03-09
C023,P002,1359,Ahmedabad,Mumbai,2026-03-29
C019,P003,654,Pune,Jaipur,2026-05-29
C022,P001,1879,Mumbai,Ahmedabad,2026-06-06
C047,P002,932,Mumbai,Jaipur,2026-05-28
C007,P003,1538,Delhi,Ahmedabad,2026-03-05
C039,P003,1048,Delhi,Pune,2026-06-06
C034,P002,755,Ahmedabad,Pune,2026-03-30
C003,P004,199,Mumbai,Jaipur,2026-03-25
C013,P004,304,Pune,Jaipur,2026-06-26
C011,P001,739,Delhi,Ahmedabad,2026-01-22
C033,P004,365,Delhi,Jaipur,2026-06-28
C026,P004,603,Delhi,Mumbai,2026-03-23
C038,P001,1766,Delhi,Jaipur,2026-01-22
C009,P003,1849,Jaipur,Delhi,2026-01-14
C015,P002,1021,Delhi,Mumbai,2026-05-27
C022,P002,745,Jaipur,Ahmedabad,2026-02-12
C034,P001,917,Ahmedabad,Mumbai,2026-05-03
C017,P002,229,Pune,Delhi,2026-01-22
C039,P004,220,Mumbai,Delhi,2026-05-25
C024,P001,713,Delhi,Mumbai,2026-01-13
C043,P001,795,Mumbai,Delhi,2026-05-16
C020,P004,1652,Delhi,Ahmedabad,2026-01-05
C040,P004,1441,Delhi,Ahmedabad,2026-01-21
C014,P004,1784,Ahmedabad,Mumbai,2026-05-14
C006,P001,188,Jaipur,Delhi,2026-01-11
C001,P002,1189,Mumbai,Jaipur,2026-02-02
C043,P004,1950,Ahmedabad,Delhi,2026-03-15
C014,P002,130,Jaipur,Delhi,2026-03-17
C030,P002,1615,Mumbai,Ahmedabad,2026-04-15
C009,P004,944,Pune,Delhi,2026-03-01
C002,P002,1553,Delhi,Ahmedabad,2026-06-01
C048,P002,1446,Ahmedabad,Delhi,2026-04-15
C043,P003,1500,Mumbai,Pune,2026-05-09
C048,P002,407,Pune,Ahmedabad,2026-05-21
C009,P002,791,Mumbai,Ahmedabad,2026-05-10
C025,P003,625,Pune,Jaipur,2026-03-10
C025,P003,368,Pune,Ahmedabad,2026-02-19
C006,P001,270,Mumbai,Pune,2026-06-28
C019,P002,1710,Ahmedabad,Delhi,2026-05-21
C002,P003,1547,Pune,Jaipur,2026-01-13
C018,P001,1923,Pune,Delhi,2026-04-13
C050,P002,1710,Pune,Jaipur,2026-05-24
C010,P002,1856,Ahmedabad,Jaipur,2026-02-06
C040,P003,1989,Jaipur,Pune,2026-06-21
C019,P004,825,Jaipur,Ahmedabad,2026-05-11
C044,P001,818,Mumbai,Pune,2026-06-13
C022,P001,1821,Ahmedabad,Jaipur,2026-02-08
C031,P003,788,Ahmedabad,Pune,2026-01-30
C005,P004,911,Mumbai,Pune,2026-02-24
C043,P003,1832,Pune,Jaipur,2026-06-24
C013,P004,545,Mumbai,Jaipur,2026-02-01
C047,P002,1256,Jaipur,Pune,2026-02-10
C028,P002,215,Delhi,Pune,2026-04-05
C034,P001,495,Mumbai,Ahmedabad,2026-04-18
C040,P001,1877,Pune,Mumbai,2026-02-25
C009,P002,1070,Delhi,Pune,2026-06-08
C038,P001,679,Ahmedabad,Pune,2026-06-15
C023,P004,502,Ahmedabad,Delhi,2026-03-01
C026,P002,1445,Ahmedabad,Pune,2026-04-20
C002,P002,1157,Ahmedabad,Delhi,2026-02-23
C039,P002,934,Ahmedabad,Jaipur,2026-05-11
C007,P003,1078,Jaipur,Pune,2026-04-23
C050,P001,703,Delhi,Pune,2026-06-04
C017,P001,454,Jaipur,Pune,2026-02-23
C040,P004,146,Pune,Jaipur,2026-05-15
C041,P002,1404,Delhi,Jaipur,2026-04-22
C036,P002,1188,Delhi,Mumbai,2026-06-27
C007,P002,1410,Delhi,Jaipur,2026-04-15
C028,P004,868,Jaipur,Delhi,2026-01-02
C018,P002,391,Ahmedabad,Mumbai,2026-03-01
C047,P004,1768,Ahmedabad,Mumbai,2026-06-05
C015,P001,1444,Mumbai,Pune,2026-03-29
C046,P002,1279,Jaipur,Delhi,2026-05-27
C015,P004,958,Ahmedabad,Mumbai,2026-01-12
C018,P004,1234,Delhi,Ahmedabad,2026-05-23
C005,P002,1099,Pune,Mumbai,2026-03-04
C018,P002,1549,Delhi,Pune,2026-02-07
C042,P003,1243,Jaipur,Pune,2026-01-22
C038,P002,1090,Jaipur,Ahmedabad,2026-03-21
C031,P003,1293,Pune,Ahmedabad,2026-01-10
C046,P001,697,Delhi,Pune,2026-04-14
C005,P001,1789,Ahmedabad,Delhi,2026-05-11
C024,P001,826,Ahmedabad,Pune,2026-02-28
C034,P001,1755,Delhi,Mumbai,2026-06-19
C047,P003,1689,Jaipur,Pune,2026-06-04
C025,P002,1301,Pune,Ahmedabad,2026-01-09
C028,P001,1154,Jaipur,Ahmedabad,2026-02-16
C049,P003,1046,Pune,Jaipur,2026-01-10
C022,P004,353,Pune,Mumbai,2026-03-06
C036,P004,1950,Jaipur,Delhi,2026-03-26
C011,P001,1029,Delhi,Mumbai,2026-04-13
C011,P003,774,Mumbai,Ahmedabad,2026-01-15
C047,P001,756,Pune,Jaipur,2026-01-10
C042,P002,940,Ahmedabad,Pune,2026-02-09
C045,P003,1787,Mumbai,Ahmedabad,2026-06-21
C049,P001,1938,Pune,Ahmedabad,2026-03-24
C009,P002,1797,Pune,Mumbai,2026-04-02
C006,P003,531,Pune,Jaipur,2026-03-23
C017,P002,321,Jaipur,Mumbai,2026-05-02
C046,P001,875,Mumbai,Pune,2026-06-29
C007,P003,1693,Jaipur,Mumbai,2026-03-17
C024,P001,1571,Ahmedabad,Mumbai,2026-05-14
C017,P001,1459,Pune,Jaipur,2026-05-23
C038,P002,315,Ahmedabad,Mumbai,2026-05-15
C011,P003,1815,Pune,Mumbai,2026-06-05
C044,P001,110,Jaipur,Mumbai,2026-05-29
C001,P002,1163,Mumbai,Pune,2026-02-22
C034,P002,1444,Ahmedabad,Mumbai,2026-01-05
C006,P001,891,Mumbai,Pune,2026-02-17
C002,P004,1782,Ahmedabad,Delhi,2026-02-28
C032,P004,1185,Delhi,Pune,2026-02-13
C026,P004,1125,Ahmedabad,Mumbai,2026-03-27
C043,P003,498,Jaipur,Ahmedabad,2026-03-17
C015,P004,1389,Delhi,Jaipur,2026-04-18
C048,P003,1828,Jaipur,Delhi,2026-06-05
C041,P001,1637,Delhi,Jaipur,2026-03-12
C012,P001,1825,Mumbai,Ahmedabad,2026-04-18
C038,P001,674,Ahmedabad,Mumbai,2026-05-24
C011,P004,677,Mumbai,Pune,2026-01-29
C040,P002,614,Ahmedabad,Jaipur,2026-02-20
C005,P003,480,Ahmedabad,Mumbai,2026-05-08
C018,P002,1893,Ahmedabad,Mumbai,2026-02-04
C006,P002,760,Pune,Mumbai,2026-01-28
C043,P003,915,Mumbai,Delhi,2026-04-13
C017,P004,413,Pune,Delhi,2026-01-05
C012,P004,179,Jaipur,Ahmedabad,2026-04-01
C025,P004,750,Ahmedabad,Pune,2026-05-24
C002,P004,449,Delhi,Ahmedabad,2026-06-15
C033,P003,1885,Delhi,Ahmedabad,2026-03-11
C035,P004,1130,Pune,Mumbai,2026-01-06
C020,P001,255,Mumbai,Ahmedabad,2026-06-30
C001,P003,453,Ahmedabad,Delhi,2026-04-28
C021,P001,638,Pune,Mumbai,2026-06-23
C031,P003,860,Jaipur,Ahmedabad,2026-03-19
C019,P001,1590,Ahmedabad,Pune,2026-01-02
C013,P003,1802,Mumbai,Pune,2026-01-10
C017,P003,263,Delhi,Pune,2026-02-05
C029,P002,1641,Pune,Mumbai,2026-02-01
C017,P002,594,Ahmedabad,Jaipur,2026-06-22
C049,P004,507,Pune,Ahmedabad,2026-01-23
C042,P003,1834,Pune,Delhi,2026-05-18
C028,P002,1935,Jaipur,Ahmedabad,2026-05-15
C048,P003,186,Pune,Mumbai,2026-02-05
C007,P001,571,Pune,Mumbai,2026-05-31
C047,P001,287,Delhi,Mumbai,2026-01-27
C048,P001,417,Ahmedabad,Mumbai,2026-04-15
C007,P001,1026,Pune,Delhi,2026-05-15
C047,P002,592,Delhi,Pune,2026-04-29
C043,P002,1404,Delhi,Mumbai,2026-05-27
C026,P003,1967,Mumbai,Ahmedabad,2026-06-04
C033,P003,194,Pune,Jaipur,2026-06-06
C018,P004,760,Delhi,Ahmedabad,2026-01-02
C033,P002,1687,Mumbai,Pune,2026-01-29
C045,P002,1534,Ahmedabad,Pune,2026-05-05
C048,P002,862,Delhi,Pune,2026-04-01
C016,P002,536,Pune,Delhi,2026-01-31
C041,P004,843,Ahmedabad,Pune,2026-01-24
C003,P002,1091,Jaipur,Mumbai,2026-02-28
C010,P003,240,Ahmedabad,Jaipur,2026-06-21
C032,P003,235,Jaipur,Pune,2026-02-14
C048,P001,134,Ahmedabad,Mumbai,2026-05-20
C011,P002,529,Mumbai,Pune,2026-03-21
C021,P002,1669,Pune,Jaipur,2026-03-25
C049,P003,415,Delhi,Pune,2026-02-08
C008,P004,744,Pune,Ahmedabad,2026-06-25
C029,P004,1062,Delhi,Ahmedabad,2026-05-05
C037,P001,163,Delhi,Pune,2026-03-30
C046,P001,277,Jaipur,Ahmedabad,2026-02-10
C017,P004,647,Delhi,Ahmedabad,2026-05-20
C036,P001,1469,Pune,Ahmedabad,2026-06-02
C034,P003,336,Pune,Mumbai,2026-01-31
C001,P002,1497,Mumbai,Ahmedabad,2026-04-08
C036,P001,1174,Ahmedabad,Pune,2026-03-16
C019,P004,1479,Pune,Mumbai,2026-02-13
C026,P003,1593,Ahmedabad,Mumbai,2026-04-03
C047,P001,1189,Delhi,Mumbai,2026-03-13
C012,P001,1015,Delhi,Pune,2026-05-30
C026,P003,858,Delhi,Jaipur,2026-02-14
C027,P002,1938,Pune,Mumbai,2026-01-08
C002,P002,1120,Ahmedabad,Mumbai,2026-06-10
C025,P003,997,Mumbai,Ahmedabad,2026-01-29
C001,P002,343,Jaipur,Delhi,2026-03-06
C015,P002,827,Delhi,Mumbai,2026-04-30
C021,P004,301,Jaipur,Mumbai,2026-04-17
C017,P004,1182,Jaipur,Mumbai,2026-06-30
C042,P001,1904,Ahmedabad,Delhi,2026-03-29
C043,P001,958,Delhi,Pune,2026-05-16
C015,P004,340,Ahmedabad,Jaipur,2026-05-27
C009,P002,1001,Mumbai,Jaipur,2026-06-20
C001,P004,1755,Mumbai,Jaipur,2026-06-17
C033,P003,355,Delhi,Pune,2026-06-23
C033,P001,195,Pune,Mumbai,2026-04-30
C044,P003,1390,Jaipur,Delhi,2026-06-13
C034,P004,364,Delhi,Jaipur,2026-02-13
C049,P004,915,Ahmedabad,Pune,2026-01-11
C016,P004,631,Ahmedabad,Mumbai,2026-03-02
C012,P003,394,Ahmedabad,Mumbai,2026-04-15
C009,P002,1988,Mumbai,Delhi,2026-01-13
C002,P002,1241,Pune,Mumbai,2026-01-12
C028,P002,1849,Pune,Mumbai,2026-06-22
C001,P001,980,Mumbai,Delhi,2026-04-05
C016,P001,505,Delhi,Mumbai,2026-02-21
C048,P002,1724,Jaipur,Ahmedabad,2026-01-18
C042,P002,1813,Pune,Ahmedabad,2026-06-30
C020,P003,1407,Ahmedabad,Pune,2026-04-18
C014,P004,348,Pune,Delhi,2026-06-23
C024,P002,264,Pune,Delhi,2026-05-14
C011,P004,600,Ahmedabad,Jaipur,2026-03-20
C017,P003,1480,Delhi,Mumbai,2026-01-31
C046,P002,1305,Ahmedabad,Jaipur,2026-02-25
C044,P001,1003,Jaipur,Pune,2026-03-24
C012,P003,1921,Ahmedabad,Pune,2026-01-02
C013,P004,225,Pune,Jaipur,2026-04-13
C045,P003,792,Jaipur,Mumbai,2026-02-04
C009,P001,1515,Jaipur,Pune,2026-02-08
C024,P002,1081,Ahmedabad,Delhi,2026-05-10
C024,P003,715,Jaipur,Pune,2026-03-01
C010,P004,1739,Jaipur,Delhi,2026-06-14
C004,P004,634,Mumbai,Delhi,2026-05-03
C025,P003,1948,Mumbai,Ahmedabad,2026-03-17
C008,P004,1202,Ahmedabad,Mumbai,2026-06-09
C014,P003,388,Pune,Ahmedabad,2026-06-26
C026,P003,304,Jaipur,Mumbai,2026-02-06
C015,P002,1979,Mumbai,Delhi,2026-06-25
C012,P004,1542,Ahmedabad,Pune,2026-04-26
C008,P004,755,Ahmedabad,Delhi,2026-06-14
C008,P004,240,Delhi,Jaipur,2026-01-09
C010,P001,632,Delhi,Mumbai,2026-05-30
C009,P002,1370,Jaipur,Delhi,2026-06-26
C002,P002,391,Ahmedabad,Pune,2026-02-09
C041,P002,1936,Mumbai,Jaipur,2026-04-08
C041,P001,1542,Jaipur,Ahmedabad,2026-03-20
C025,P004,1021,Mumbai,Pune,2026-05-03
C042,P001,1788,Delhi,Mumbai,2026-02-04
C038,P003,173,Mumbai,Jaipur,2026-04-06
C023,P003,1519,Pune,Jaipur,2026-05-19
C042,P003,108,Delhi,Pune,2026-04-15
C010,P004,1815,Delhi,Jaipur,2026-02-20
C030,P003,1235,Ahmedabad,Mumbai,2026-02-17
C040,P003,1861,Delhi,Pune,2026-03-30
C008,P003,228,Delhi,Jaipur,2026-02-03
C047,P001,1697,Delhi,Mumbai,2026-03-31
C030,P002,172,Jaipur,Mumbai,2026-05-02
C029,P002,405,Ahmedabad,Mumbai,2026-01-18
C040,P003,517,Ahmedabad,Pune,2026-06-03
C023,P004,1913,Ahmedabad,Jaipur,2026-06-21
C043,P002,1320,Pune,Delhi,2026-03-27
C011,P004,755,Delhi,Pune,2026-06-12
C048,P004,1379,Jaipur,Ahmedabad,2026-02-22
C014,P002,1250,Delhi,Mumbai,2026-05-04
C034,P003,1460,Mumbai,Delhi,2026-01-05
C029,P002,1504,Mumbai,Delhi,2026-05-08
C009,P001,692,Mumbai,Ahmedabad,2026-02-07
C006,P004,301,Ahmedabad,Jaipur,2026-06-06
C024,P004,309,Delhi,Ahmedabad,2026-02-20
C049,P002,1772,Mumbai,Ahmedabad,2026-05-19
C038,P004,495,Jaipur,Pune,2026-01-13
C047,P001,1256,Pune,Delhi,2026-06-23
C050,P001,190,Jaipur,Ahmedabad,2026-06-14
C021,P004,611,Jaipur,Pune,2026-05-05
C008,P004,1961,Mumbai,Delhi,2026-06-23
C014,P001,376,Mumbai,Ahmedabad,2026-03-30
C017,P003,142,Pune,Mumbai,2026-01-26
C048,P003,1834,Pune,Delhi,2026-01-03
C014,P002,517,Jaipur,Delhi,2026-02-19
C049,P002,523,Delhi,Mumbai,2026-01-11
C007,P003,907,Mumbai,Pune,2026-06-05
C035,P002,1270,Mumbai,Jaipur,2026-06-19
C010,P004,1590,Pune,Jaipur,2026-04-08
C013,P004,269,Ahmedabad,Jaipur,2026-06-04
C021,P001,981,Jaipur,Mumbai,2026-05-17
C006,P003,362,Mumbai,Pune,2026-01-31
C048,P004,296,Ahmedabad,Pune,2026-05-12
C024,P003,721,Ahmedabad,Delhi,2026-04-14
C028,P003,687,Mumbai,Pune,2026-02-14
C043,P002,1141,Pune,Jaipur,2026-04-13
C035,P003,1767,Delhi,Mumbai,2026-05-04
C044,P004,1545,Jaipur,Mumbai,2026-05-02
C029,P004,1103,Mumbai,Jaipur,2026-03-06
C039,P003,870,Ahmedabad,Delhi,2026-01-31
C009,P002,1758,Delhi,Mumbai,2026-04-11
C002,P002,1755,Pune,Delhi,2026-02-19
C031,P004,1884,Delhi,Pune,2026-03-02
C019,P003,822,Ahmedabad,Mumbai,2026-02-13
C029,P001,409,Ahmedabad,Mumbai,2026-04-24
C037,P002,471,Jaipur,Delhi,2026-01-10
C010,P002,1277,Mumbai,Pune,2026-05-25
C001,P002,384,Delhi,Mumbai,2026-03-20
C033,P004,1953,Ahmedabad,Jaipur,2026-06-21
C005,P001,1895,Jaipur,Delhi,2026-05-19
C019,P003,1934,Pune,Mumbai,2026-06-09
C038,P004,115,Pune,Ahmedabad,2026-06-14
C029,P003,110,Pune,Ahmedabad,2026-05-05
C008,P003,117,Ahmedabad,Jaipur,2026-01-04
C040,P001,960,Jaipur,Pune,2026-03-16
C041,P003,609,Pune,Ahmedabad,2026-01-08
C035,P004,330,Jaipur,Delhi,2026-03-25
C021,P004,677,Jaipur,Mumbai,2026-04-28
C041,P004,1817,Jaipur,Delhi,2026-04-04
C035,P004,740,Ahmedabad,Pune,2026-04-11
C026,P001,1447,Pune,Delhi,2026-01-23
C024,P001,222,Mumbai,Pune,2026-01-05
C007,P001,822,Jaipur,Ahmedabad,2026-06-16
C025,P004,1533,Ahmedabad,Jaipur,2026-03-18
C014,P004,1564,Jaipur,Delhi,2026-06-29
C049,P004,1366,Mumbai,Pune,2026-02-22
C038,P003,313,Jaipur,Mumbai,2026-01-29
C019,P002,177,Delhi,Pune,2026-01-22
C031,P001,563,Mumbai,Ahmedabad,2026-05-07
C024,P004,1235,Pune,Jaipur,2026-01-06
C009,P002,1878,Jaipur,Mumbai,2026-02-05
C020,P004,758,Pune,Jaipur,2026-01-26
C009,P002,418,Pune,Jaipur,2026-03-27
C029,P003,837,Pune,Ahmedabad,2026-01-20
C031,P004,1592,Jaipur,Mumbai,2026-05-16
C001,P001,1154,Ahmedabad,Jaipur,2026-03-27
C048,P004,104,Pune,Ahmedabad,2026-02-02
C005,P003,207,Mumbai,Jaipur,2026-01-05
C036,P003,366,Delhi,Ahmedabad,2026-04-08
C002,P003,1933,Delhi,Mumbai,2026-04-08
C048,P003,2000,Pune,Ahmedabad,2026-01-03
C014,P002,422,Delhi,Ahmedabad,2026-04-30
C018,P001,708,Pune,Ahmedabad,2026-05-16
C010,P004,425,Ahmedabad,Jaipur,2026-01-20
C012,P002,758,Delhi,Ahmedabad,2026-01-24
C005,P003,1806,Ahmedabad,Jaipur,2026-01-17
C020,P001,830,Ahmedabad,Mumbai,2026-06-25
C022,P004,996,Ahmedabad,Jaipur,2026-03-06
C039,P002,716,Mumbai,Delhi,2026-06-05
C023,P004,1168,Pune,Delhi,2026-02-23
C001,P004,1992,Pune,Jaipur,2026-02-05
C003,P001,911,Delhi,Mumbai,2026-05-26
C049,P004,365,Delhi,Jaipur,2026-03-08
C046,P004,119,Delhi,Ahmedabad,2026-05-25
C007,P001,1003,Pune,Delhi,2026-04-21
C037,P004,404,Ahmedabad,Jaipur,2026-02-11
C016,P002,877,Jaipur,Mumbai,2026-03-12
C033,P003,1264,Jaipur,Mumbai,2026-01-19
C005,P003,1606,Pune,Delhi,2026-04-04
C040,P002,1511,Pune,Jaipur,2026-06-23
C002,P002,985,Mumbai,Delhi,2026-03-27
C023,P002,1287,Pune,Ahmedabad,2026-04-11
C008,P003,895,Delhi,Jaipur,2026-04-29
C026,P002,1339,Pune,Delhi,2026-03-08
C038,P001,370,Delhi,Ahmedabad,2026-03-04
C018,P001,1988,Delhi,Ahmedabad,2026-05-11
C022,P002,1331,Ahmedabad,Jaipur,2026-04-15
C008,P004,1682,Mumbai,Jaipur,2026-01-19
C042,P004,790,Delhi,Mumbai,2026-03-19
C025,P003,1630,Ahmedabad,Delhi,2026-06-26
C027,P003,191,Mumbai,Delhi,2026-03-16
C016,P002,130,Pune,Ahmedabad,2026-04-07
C046,P004,523,Jaipur,Ahmedabad,2026-02-12
C010,P003,1796,Mumbai,Delhi,2026-05-31
C005,P002,948,Mumbai,Pune,2026-01-22
C025,P002,1294,Ahmedabad,Pune,2026-05-06
C009,P001,433,Jaipur,Delhi,2026-02-07
C022,P004,601,Ahmedabad,Pune,2026-03-04
C020,P002,1633,Mumbai,Pune,2026-03-20
C025,P004,758,Mumbai,Delhi,2026-03-20
C047,P003,1766,Pune,Mumbai,2026-05-19
C012,P002,1005,Ahmedabad,Delhi,2026-06-28
C010,P003,962,Pune,Mumbai,2026-04-11
C047,P001,1656,Pune,Mumbai,2026-03-18
C029,P004,1013,Ahmedabad,Delhi,2026-01-19
C032,P002,1286,Delhi,Jaipur,2026-06-27
C033,P002,1256,Delhi,Jaipur,2026-02-25
C010,P002,1395,Ahmedabad,Pune,2026-04-13
C025,P004,248,Pune,Jaipur,2026-06-03
C007,P003,1125,Delhi,Mumbai,2026-03-08
C021,P001,1177,Ahmedabad,Mumbai,2026-04-02
C034,P003,1832,Jaipur,Ahmedabad,2026-04-22
C011,P004,1021,Ahmedabad,Delhi,2026-04-15
C037,P003,1556,Jaipur,Mumbai,2026-01-01
C021,P004,216,Jaipur,Delhi,2026-01-14
C028,P004,1289,Jaipur,Ahmedabad,2026-02-05
C040,P002,1534,Pune,Mumbai,2026-06-29
C014,P002,1227,Mumbai,Pune,2026-05-04
C020,P004,613,Jaipur,Mumbai,2026-04-23
C039,P001,314,Jaipur,Mumbai,2026-02-12
C015,P003,580,Mumbai,Ahmedabad,2026-04-28
C032,P002,1679,Mumbai,Jaipur,2026-06-08
C019,P001,935,Jaipur,Pune,2026-04-10
C021,P002,1260,Jaipur,Pune,2026-02-11
C009,P003,1088,Pune,Ahmedabad,2026-05-15
C049,P002,116,Ahmedabad,Jaipur,2026-02-20
C041,P004,295,Jaipur,Pune,2026-06-21
C025,P003,1094,Ahmedabad,Jaipur,2026-01-27
C002,P001,220,Mumbai,Jaipur,2026-05-04
C022,P003,1204,Pune,Delhi,2026-01-15
C028,P001,1711,Pune,Mumbai,2026-05-17
C005,P002,873,Pune,Delhi,2026-02-26
C046,P003,1055,Mumbai,Jaipur,2026-06-27
C018,P001,261,Jaipur,Mumbai,2026-06-21
C002,P004,1625,Jaipur,Delhi,2026-05-20
C029,P004,310,Delhi,Jaipur,2026-06-23
C032,P002,1898,Ahmedabad,Jaipur,2026-06-11
C030,P003,1332,Ahmedabad,Delhi,2026-03-31
C044,P003,682,Jaipur,Pune,2026-02-08
C017,P001,153,Jaipur,Mumbai,2026-06-27
C041,P001,230,Ahmedabad,Jaipur,2026-03-16
C034,P003,649,Ahmedabad,Delhi,2026-01-05
C007,P002,667,Mumbai,Delhi,2026-05-22
C015,P001,1850,Delhi,Pune,2026-03-22
C021,P003,260,Pune,Mumbai,2026-02-19
C039,P003,891,Mumbai,Pune,2026-02-23
C019,P003,1299,Pune,Delhi,2026-06-23
C048,P001,1210,Delhi,Pune,2026-05-26
C034,P001,925,Ahmedabad,Jaipur,2026-05-22
C017,P003,1749,Ahmedabad,Jaipur,2026-01-26
C032,P002,1247,Jaipur,Pune,2026-06-30
C027,P002,640,Pune,Delhi,2026-03-23
C033,P001,1861,Delhi,Ahmedabad,2026-05-22
C046,P001,1183,Mumbai,Jaipur,2026-03-25
C048,P001,1784,Pune,Jaipur,2026-03-13
C030,P004,1214,Mumbai,Ahmedabad,2026-01-06
C049,P003,451,Ahmedabad,Jaipur,2026-06-27
C006,P002,856,Delhi,Pune,2026-05-03
C029,P004,802,Jaipur,Pune,2026-02-15
C003,P001,780,Pune,Ahmedabad,2026-02-08
C009,P003,969,Ahmedabad,Mumbai,2026-03-29
C040,P003,585,Pune,Mumbai,2026-02-26
C028,P003,124,Mumbai,Delhi,2026-05-29
C048,P003,1305,Pune,Delhi,2026-04-09
C010,P002,256,Jaipur,Ahmedabad,2026-01-02
C032,P001,1905,Ahmedabad,Delhi,2026-05-13
C027,P003,258,Jaipur,Ahmedabad,2026-03-03
C030,P002,802,Delhi,Pune,2026-04-22
C024,P001,1126,Ahmedabad,Jaipur,2026-04-16
C029,P004,379,Mumbai,Jaipur,2026-06-11
C030,P003,1565,Pune,Mumbai,2026-05-11
C047,P004,1334,Ahmedabad,Mumbai,2026-02-13
C034,P002,1036,Jaipur,Delhi,2026-04-01
C004,P004,468,Pune,Delhi,2026-05-20
C008,P004,327,Ahmedabad,Jaipur,2026-02-24
C028,P003,362,Delhi,Ahmedabad,2026-01-03
C018,P002,943,Mumbai,Jaipur,2026-03-11
C016,P001,107,Delhi,Jaipur,2026-03-13
C005,P002,1107,Ahmedabad,Pune,2026-04-03
C036,P004,739,Pune,Ahmedabad,2026-03-08
C009,P002,337,Delhi,Pune,2026-01-20
C050,P001,1315,Jaipur,Ahmedabad,2026-05-27
C029,P001,1530,Jaipur,Pune,2026-02-21
C029,P002,1070,Jaipur,Mumbai,2026-04-15
C003,P003,1575,Pune,Ahmedabad,2026-04-11
C023,P002,710,Pune,Ahmedabad,2026-01-06
C026,P004,1591,Ahmedabad,Mumbai,2026-01-26
C043,P001,563,Ahmedabad,Delhi,2026-05-24
C026,P001,720,Pune,Mumbai,2026-02-25
C038,P001,929,Pune,Mumbai,2026-04-26
C011,P003,1954,Jaipur,Mumbai,2026-01-10
C042,P001,787,Jaipur,Mumbai,2026-06-21
C024,P003,850,Mumbai,Jaipur,2026-03-04
C030,P001,1197,Ahmedabad,Delhi,2026-02-03
C005,P004,1823,Mumbai,Pune,2026-02-10
C045,P004,1870,Jaipur,Delhi,2026-02-02
C005,P002,1071,Jaipur,Mumbai,2026-01-20
C013,P004,479,Mumbai,Pune,2026-04-25
C015,P001,1323,Mumbai,Delhi,2026-05-18
C017,P002,1517,Pune,Ahmedabad,2026-04-09
C017,P002,404,Mumbai,Pune,2026-03-22
C029,P003,347,Delhi,Mumbai,2026-05-13
C011,P002,105,Jaipur,Pune,2026-06-19
C025,P002,1294,Pune,Delhi,2026-05-13
C031,P001,1323,Mumbai,Jaipur,2026-04-07
C012,P001,796,Pune,Mumbai,2026-04-27
C020,P002,1779,Pune,Ahmedabad,2026-01-11
C019,P001,1240,Mumbai,Delhi,2026-04-02
C003,P002,615,Jaipur,Delhi,2026-01-25
C045,P004,1321,Mumbai,Jaipur,2026-04-12
C022,P002,760,Jaipur,Delhi,2026-06-14
C031,P003,821,Ahmedabad,Mumbai,2026-06-28
C036,P002,436,Jaipur,Mumbai,2026-01-21
C031,P002,593,Delhi,Mumbai,2026-04-29
C020,P001,1323,Mumbai,Ahmedabad,2026-04-13
C047,P001,1022,Jaipur,Mumbai,2026-03-05
C036,P003,1080,Delhi,Mumbai,2026-01-19
C038,P003,1660,Mumbai,Pune,2026-05-17
C005,P001,1797,Mumbai,Jaipur,2026-04-19
C024,P002,1003,Jaipur,Delhi,2026-01-09
C041,P004,578,Jaipur,Mumbai,2026-03-13
C035,P002,991,Mumbai,Ahmedabad,2026-04-25
C008,P001,305,Jaipur,Mumbai,2026-03-10
C037,P003,1080,Pune,Delhi,2026-05-16
C023,P001,603,Mumbai,Pune,2026-03-14
C012,P004,1449,Jaipur,Mumbai,2026-01-27
C002,P002,669,Mumbai,Ahmedabad,2026-05-22
C048,P002,208,Delhi,Mumbai,2026-04-20
C018,P001,817,Mumbai,Ahmedabad,2026-04-28
C006,P001,1018,Pune,Jaipur,2026-01-29
C016,P001,920,Pune,Delhi,2026-05-31
C031,P002,940,Ahmedabad,Pune,2026-05-24
C032,P004,484,Delhi,Ahmedabad,2026-05-08
C025,P004,1850,Delhi,Ahmedabad,2026-06-15
C028,P003,786,Mumbai,Ahmedabad,2026-02-02
C034,P004,910,Ahmedabad,Pune,2026-04-16
C042,P002,250,Pune,Ahmedabad,2026-03-07
C036,P001,902,Pune,Delhi,2026-03-09
C004,P004,1178,Delhi,Jaipur,2026-01-12
C020,P001,153,Jaipur,Delhi,2026-05-08
C035,P003,299,Delhi,Mumbai,2026-05-23
C034,P002,1149,Delhi,Ahmedabad,2026-02-08
C012,P003,693,Jaipur,Delhi,2026-02-06
C027,P004,1592,Ahmedabad,Pune,2026-05-08
C041,P001,1954,Jaipur,Mumbai,2026-03-29
C018,P003,861,Ahmedabad,Jaipur,2026-05-24
C019,P002,531,Pune,Delhi,2026-01-27
C034,P003,601,Ahmedabad,Pune,2026-02-17
C017,P002,960,Pune,Ahmedabad,2026-06-27
C049,P001,1221,Ahmedabad,Jaipur,2026-06-10
C027,P004,1063,Delhi,Mumbai,2026-04-03
C045,P002,379,Jaipur,Delhi,2026-03-02
C037,P003,564,Pune,Ahmedabad,2026-01-31
C029,P003,502,Jaipur,Pune,2026-05-22
C044,P004,626,Jaipur,Ahmedabad,2026-02-17
C027,P003,380,Ahmedabad,Mumbai,2026-05-04
C045,P003,565,Pune,Jaipur,2026-03-07
C015,P002,1653,Mumbai,Delhi,2026-02-26
C003,P003,889,Pune,Delhi,2026-03-20
C038,P001,1740,Mumbai,Ahmedabad,2026-04-14
C011,P002,291,Mumbai,Delhi,2026-02-21
C047,P003,1774,Jaipur,Delhi,2026-01-02
C050,P003,1004,Mumbai,Delhi,2026-02-01
C005,P003,1235,Pune,Delhi,2026-01-16
C022,P004,1237,Mumbai,Pune,2026-04-29
C017,P001,114,Mumbai,Delhi,2026-03-14
C023,P002,1431,Ahmedabad,Delhi,2026-01-18
C009,P002,1803,Jaipur,Delhi,2026-05-19
C006,P002,155,Mumbai,Ahmedabad,2026-06-27
C016,P003,150,Delhi,Mumbai,2026-02-11
C042,P001,239,Mumbai,Jaipur,2026-01-30
C049,P003,1719,Jaipur,Pune,2026-03-31
C002,P001,1526,Pune,Mumbai,2026-05-11
C003,P002,1599,Delhi,Pune,2026-02-16
C050,P001,336,Pune,Ahmedabad,2026-05-17
C042,P004,1005,Jaipur,Pune,2026-01-16
C005,P001,550,Delhi,Ahmedabad,2026-04-30
C017,P003,1381,Jaipur,Pune,2026-03-05
C029,P003,1489,Jaipur,Pune,2026-01-08
C020,P002,827,Jaipur,Ahmedabad,2026-06-10
C038,P003,714,Mumbai,Jaipur,2026-04-30
C020,P003,479,Ahmedabad,Mumbai,2026-01-16
C008,P003,1680,Pune,Delhi,2026-06-12
C031,P001,143,Pune,Ahmedabad,2026-04-28
C005,P002,138,Mumbai,Pune,2026-02-05
C040,P002,421,Mumbai,Pune,2026-04-09
C016,P003,677,Delhi,Mumbai,2026-02-11
C015,P002,1255,Pune,Ahmedabad,2026-03-03
C026,P003,870,Mumbai,Delhi,2026-03-20
C046,P003,1818,Mumbai,Pune,2026-06-26
C020,P002,1386,Pune,Delhi,2026-05-16
C043,P001,1359,Jaipur,Ahmedabad,2026-01-14
C048,P002,616,Pune,Delhi,2026-05-04
C005,P002,405,Mumbai,Pune,2026-01-03
C027,P003,423,Ahmedabad,Mumbai,2026-01-07
C003,P002,1825,Ahmedabad,Delhi,2026-02-02
C028,P004,895,Pune,Delhi,2026-04-24
C044,P003,1420,Delhi,Pune,2026-01-11
C028,P004,487,Mumbai,Ahmedabad,2026-03-12
C036,P002,516,Jaipur,Ahmedabad,2026-05-22
C007,P003,487,Delhi,Pune,2026-01-12
C003,P004,467,Pune,Mumbai,2026-06-04
C018,P003,648,Delhi,Ahmedabad,2026-01-25
C021,P001,1367,Ahmedabad,Delhi,2026-06-28
C015,P002,887,Delhi,Jaipur,2026-04-28
C005,P003,214,Jaipur,Pune,2026-03-12
C028,P004,210,Ahmedabad,Jaipur,2026-06-23
C037,P001,705,Delhi,Mumbai,2026-03-30
C012,P001,970,Delhi,Ahmedabad,2026-06-21
C021,P001,1716,Ahmedabad,Jaipur,2026-02-11
C025,P003,1076,Mumbai,Jaipur,2026-05-08
C013,P001,1051,Ahmedabad,Pune,2026-04-10
C001,P003,1291,Ahmedabad,Pune,2026-05-22
C039,P004,938,Pune,Delhi,2026-05-19
C006,P001,965,Mumbai,Jaipur,2026-01-03
C050,P001,1367,Jaipur,Mumbai,2026-01-23
C033,P003,1817,Pune,Jaipur,2026-02-10
C029,P003,241,Jaipur,Delhi,2026-02-11
C019,P004,907,Mumbai,Ahmedabad,2026-04-30
C023,P001,692,Delhi,Mumbai,2026-05-10
C024,P002,966,Mumbai,Delhi,2026-02-19
C013,P002,710,Pune,Ahmedabad,2026-04-05
C009,P004,857,Jaipur,Mumbai,2026-06-19
C035,P002,266,Mumbai,Ahmedabad,2026-03-01
C009,P004,868,Mumbai,Pune,2026-05-27
C026,P001,372,Mumbai,Ahmedabad,2026-02-20
C030,P002,1088,Delhi,Ahmedabad,2026-05-11
C011,P002,1587,Ahmedabad,Jaipur,2026-03-03
C040,P002,1508,Mumbai,Ahmedabad,2026-02-05
C033,P003,770,Ahmedabad,Mumbai,2026-01-12
C023,P004,402,Jaipur,Ahmedabad,2026-02-02
C007,P002,1317,Ahmedabad,Pune,2026-03-17
C047,P004,1149,Ahmedabad,Mumbai,2026-06-14
C004,P004,938,Delhi,Jaipur,2026-03-14
C035,P002,479,Ahmedabad,Pune,2026-02-04
C032,P004,1867,Pune,Mumbai,2026-04-15
C014,P002,1106,Pune,Jaipur,2026-05-10
C027,P002,1368,Mumbai,Delhi,2026-02-14
C017,P003,1024,Delhi,Mumbai,2026-04-27
C036,P002,190,Ahmedabad,Mumbai,2026-05-18
C019,P002,493,Mumbai,Jaipur,2026-03-12
C025,P004,318,Mumbai,Pune,2026-06-03
C047,P001,1965,Ahmedabad,Jaipur,2026-04-23
C017,P001,1614,Ahmedabad,Mumbai,2026-06-17
C032,P003,1841,Jaipur,Pune,2026-05-11
C003,P001,340,Pune,Delhi,2026-04-13
C032,P002,1724,Ahmedabad,Pune,2026-06-16
C003,P004,1550,Pune,Delhi,2026-02-03
C036,P003,1637,Pune,Mumbai,2026-06-22
C031,P002,1544,Ahmedabad,Jaipur,2026-03-18
C005,P003,1193,Pune,Jaipur,2026-05-12
C023,P002,955,Pune,Jaipur,2026-02-24
C041,P001,330,Mumbai,Ahmedabad,2026-05-10
C010,P003,1640,Pune,Ahmedabad,2026-04-10
C003,P001,1487,Jaipur,Delhi,2026-05-15
C020,P001,1496,Pune,Delhi,2026-05-16
C038,P001,548,Delhi,Ahmedabad,2026-01-05
C004,P001,702,Delhi,Pune,2026-01-09
C014,P002,378,Jaipur,Pune,2026-01-11
C033,P001,911,Jaipur,Pune,2026-04-04
C027,P003,235,Pune,Mumbai,2026-02-06
C008,P002,1011,Delhi,Ahmedabad,2026-01-11
C025,P004,1220,Ahmedabad,Delhi,2026-06-21
C019,P004,1603,Jaipur,Delhi,2026-01-02
C043,P001,1410,Pune,Jaipur,2026-03-30
C034,P003,763,Jaipur,Delhi,2026-02-20
C033,P004,1811,Delhi,Pune,2026-05-17
C009,P002,309,Delhi,Jaipur,2026-06-18
C005,P002,238,Pune,Jaipur,2026-03-26
C024,P003,1587,Jaipur,Pune,2026-06-15
C023,P004,1701,Jaipur,Ahmedabad,2026-05-08
C010,P002,995,Delhi,Jaipur,2026-01-15
C022,P003,319,Delhi,Ahmedabad,2026-03-09
C002,P001,1840,Ahmedabad,Pune,2026-05-09
C017,P002,1010,Ahmedabad,Pune,2026-05-11
C007,P002,1628,Ahmedabad,Pune,2026-05-28
C008,P004,209,Mumbai,Jaipur,2026-02-06
C017,P003,460,Pune,Delhi,2026-05-07
C027,P002,1167,Mumbai,Pune,2026-06-16
C033,P004,1173,Delhi,Pune,2026-05-29
C020,P004,1576,Mumbai,Pune,2026-06-01
C004,P003,928,Jaipur,Ahmedabad,2026-01-05
C012,P002,974,Jaipur,Mumbai,2026-04-11
C005,P001,1592,Mumbai,Pune,2026-05-02
C002,P004,1218,Ahmedabad,Jaipur,2026-05-25
C017,P001,1281,Jaipur,Delhi,2026-04-16
C019,P004,666,Jaipur,Mumbai,2026-03-21
C006,P001,427,Mumbai,Delhi,2026-02-11
C034,P002,417,Delhi,Jaipur,2026-05-04
C038,P004,1527,Delhi,Mumbai,2026-03-21
C019,P002,1517,Mumbai,Ahmedabad,2026-01-19
C046,P004,1781,Ahmedabad,Mumbai,2026-03-06
C024,P001,173,Ahmedabad,Pune,2026-05-06
C005,P003,1678,Jaipur,Mumbai,2026-01-10
C001,P004,1491,Jaipur,Pune,2026-03-07
C003,P002,1876,Delhi,Jaipur,2026-04-23
C038,P002,1439,Delhi,Ahmedabad,2026-03-06
C013,P002,1477,Jaipur,Ahmedabad,2026-02-24
C005,P004,929,Ahmedabad,Delhi,2026-06-14
C043,P003,837,Pune,Delhi,2026-03-31
C011,P003,187,Jaipur,Mumbai,2026-02-03
C022,P001,994,Ahmedabad,Mumbai,2026-01-18
C016,P002,786,Delhi,Jaipur,2026-04-10
C029,P003,1324,Delhi,Ahmedabad,2026-01-13
C018,P001,323,Ahmedabad,Mumbai,2026-05-13
C010,P004,1966,Ahmedabad,Delhi,2026-03-16
C042,P001,427,Delhi,Jaipur,2026-04-09
C002,P004,281,Jaipur,Delhi,2026-02-26
C016,P001,576,Delhi,Ahmedabad,2026-02-28
C024,P003,1679,Mumbai,Jaipur,2026-06-28
C025,P004,412,Pune,Ahmedabad,2026-01-12
C008,P004,1262,Mumbai,Jaipur,2026-06-28
C010,P002,796,Pune,Ahmedabad,2026-05-04
C007,P001,1127,Pune,Mumbai,2026-03-06
C024,P001,1458,Mumbai,Ahmedabad,2026-04-09
C038,P002,1741,Jaipur,Ahmedabad,2026-05-14
C043,P003,997,Jaipur,Delhi,2026-01-31
C042,P001,1906,Jaipur,Delhi,2026-01-22
C015,P002,614,Mumbai,Pune,2026-04-03
C030,P003,1431,Ahmedabad,Mumbai,2026-03-12
C007,P002,904,Ahmedabad,Jaipur,2026-06-04
C005,P003,799,Delhi,Pune,2026-05-21
C024,P003,1399,Delhi,Jaipur,2026-02-19
C047,P004,1400,Jaipur,Ahmedabad,2026-03-18
C007,P002,974,Pune,Mumbai,2026-05-30
C004,P003,665,Jaipur,Ahmedabad,2026-06-01
C043,P003,1507,Jaipur,Ahmedabad,2026-01-09
C017,P003,1665,Ahmedabad,Jaipur,2026-02-05
C030,P003,568,Delhi,Pune,2026-05-18
C016,P001,1624,Delhi,Mumbai,2026-04-20
C042,P001,1345,Pune,Ahmedabad,2026-03-11
C031,P003,1305,Jaipur,Ahmedabad,2026-01-01
C047,P004,1453,Jaipur,Delhi,2026-04-22
C004,P004,277,Jaipur,Mumbai,2026-03-29
C029,P001,1380,Jaipur,Ahmedabad,2026-06-10
C049,P004,811,Pune,Jaipur,2026-03-18
C032,P004,1221,Ahmedabad,Jaipur,2026-01-28
C002,P004,1573,Jaipur,Delhi,2026-04-21
C034,P002,1715,Delhi,Pune,2026-04-10
C007,P003,669,Delhi,Ahmedabad,2026-06-17
C017,P004,1163,Pune,Mumbai,2026-05-29
C015,P002,677,Delhi,Mumbai,2026-05-09
C017,P001,738,Pune,Jaipur,2026-06-15
C013,P004,1882,Ahmedabad,Jaipur,2026-04-13
C010,P001,1214,Pune,Mumbai,2026-06-09
C033,P004,536,Jaipur,Delhi,2026-04-24
C016,P004,400,Delhi,Pune,2026-03-09
C013,P003,541,Jaipur,Pune,2026-05-24
C047,P004,1649,Ahmedabad,Delhi,2026-06-02
C025,P004,470,Ahmedabad,Delhi,2026-06-23
C014,P004,170,Mumbai,Delhi,2026-04-22
C038,P002,1405,Delhi,Ahmedabad,2026-05-20
C007,P002,1839,Ahmedabad,Delhi,2026-03-22
C032,P001,1718,Jaipur,Mumbai,2026-06-21
C005,P003,1160,Mumbai,Jaipur,2026-05-23
C012,P003,1279,Pune,Ahmedabad,2026-06-06
C008,P003,1765,Delhi,Jaipur,2026-03-24
C011,P002,1216,Ahmedabad,Jaipur,2026-02-12
C033,P003,629,Delhi,Mumbai,2026-04-28
C016,P004,1446,Jaipur,Ahmedabad,2026-04-15
C003,P003,1055,Pune,Ahmedabad,2026-03-09
C042,P002,1797,Pune,Jaipur,2026-01-05
C017,P004,141,Pune,Mumbai,2026-04-15
C038,P004,1131,Pune,Mumbai,2026-01-29
C013,P004,495,Pune,Delhi,2026-01-18
C025,P002,1778,Pune,Jaipur,2026-05-05
C004,P004,1940,Ahmedabad,Pune,2026-03-10
C004,P004,1637,Pune,Delhi,2026-04-02
C021,P002,1356,Ahmedabad,Delhi,2026-04-21
C020,P001,1421,Pune,Delhi,2026-03-20
C040,P004,366,Delhi,Pune,2026-04-28
C048,P002,986,Ahmedabad,Jaipur,2026-01-01
C046,P002,1555,Pune,Jaipur,2026-04-02
C037,P001,485,Ahmedabad,Jaipur,2026-02-24
C008,P004,1679,Delhi,Mumbai,2026-02-03
C041,P001,845,Mumbai,Delhi,2026-06-04
C036,P002,1317,Ahmedabad,Pune,2026-03-16
C021,P003,103,Mumbai,Jaipur,2026-04-11
C047,P002,839,Pune,Jaipur,2026-04-02
C005,P001,380,Pune,Mumbai,2026-02-05
C021,P002,1877,Delhi,Jaipur,2026-02-02
C017,P002,105,Delhi,Mumbai,2026-04-23
C004,P002,429,Pune,Mumbai,2026-05-17
C031,P004,968,Ahmedabad,Pune,2026-01-15
C018,P001,1276,Jaipur,Pune,2026-02-16
C004,P002,935,Delhi,Mumbai,2026-04-04
C034,P003,795,Jaipur,Pune,2026-01-01
C043,P001,942,Ahmedabad,Mumbai,2026-01-04
C030,P002,1793,Jaipur,Ahmedabad,2026-01-05
C005,P003,1916,Pune,Jaipur,2026-04-17
C007,P004,1875,Delhi,Pune,2026-03-22
C023,P001,837,Delhi,Mumbai,2026-05-01
C015,P003,306,Ahmedabad,Delhi,2026-02-05
C042,P001,1020,Pune,Mumbai,2026-01-17
C024,P003,850,Pune,Ahmedabad,2026-06-07
C023,P004,148,Ahmedabad,Delhi,2026-06-09
C030,P002,688,Delhi,Jaipur,2026-01-03
C021,P004,1117,Delhi,Ahmedabad,2026-02-09
C010,P003,1281,Mumbai,Ahmedabad,2026-04-23
C028,P001,728,Pune,Mumbai,2026-01-21
C005,P001,525,Ahmedabad,Mumbai,2026-04-18
C041,P002,1053,Pune,Mumbai,2026-01-07
C001,P001,205,Mumbai,Jaipur,2026-01-30
C037,P001,634,Pune,Ahmedabad,2026-04-19
C006,P002,1941,Pune,Ahmedabad,2026-05-20
C007,P002,1141,Ahmedabad,Jaipur,2026-04-24
C006,P002,125,Ahmedabad,Jaipur,2026-06-24
C011,P004,455,Ahmedabad,Jaipur,2026-06-10
C019,P004,683,Delhi,Mumbai,2026-05-14
C034,P002,1799,Ahmedabad,Mumbai,2026-03-25
C029,P002,1018,Pune,Jaipur,2026-03-31
C036,P001,1192,Mumbai,Delhi,2026-01-07
C033,P001,343,Ahmedabad,Pune,2026-05-03
C026,P004,479,Jaipur,Delhi,2026-06-13
C018,P004,1375,Pune,Delhi,2026-05-21
C007,P004,1429,Mumbai,Ahmedabad,2026-03-27
C017,P001,634,Pune,Jaipur,2026-03-24
C011,P001,669,Ahmedabad,Mumbai,2026-06-14
C049,P004,626,Jaipur,Mumbai,2026-03-24
C025,P002,1494,Jaipur,Pune,2026-01-06
C022,P002,1928,Ahmedabad,Pune,2026-02-01
C041,P002,1109,Ahmedabad,Mumbai,2026-01-07
C048,P004,227,Jaipur,Mumbai,2026-04-12
C040,P003,1197,Ahmedabad,Pune,2026-02-26
C020,P004,1189,Mumbai,Ahmedabad,2026-03-31
C006,P001,1572,Pune,Jaipur,2026-03-17
C031,P001,677,Ahmedabad,Delhi,2026-02-14
C042,P002,918,Delhi,Pune,2026-03-25
C037,P003,1641,Jaipur,Delhi,2026-06-21
C050,P001,629,Ahmedabad,Jaipur,2026-05-02
C032,P004,496,Mumbai,Ahmedabad,2026-05-28
C019,P001,1470,Pune,Ahmedabad,2026-01-06
C035,P004,330,Mumbai,Delhi,2026-06-08
C009,P002,116,Delhi,Jaipur,2026-04-01
C043,P003,305,Mumbai,Jaipur,2026-01-15
C019,P003,464,Delhi,Pune,2026-01-13
C021,P001,1103,Delhi,Ahmedabad,2026-01-03
C036,P004,1744,Delhi,Mumbai,2026-05-28
C032,P004,1850,Delhi,Jaipur,2026-01-19
C001,P003,1351,Delhi,Pune,2026-01-08
C034,P004,361,Ahmedabad,Pune,2026-06-21
C018,P002,1196,Mumbai,Delhi,2026-02-05
C026,P002,1652,Pune,Ahmedabad,2026-04-18
C003,P003,1310,Ahmedabad,Mumbai,2026-01-15
C031,P001,764,Pune,Jaipur,2026-06-19
C008,P001,1708,Ahmedabad,Pune,2026-03-17
C033,P003,290,Pune,Ahmedabad,2026-05-07
C039,P002,1870,Mumbai,Pune,2026-05-12
C014,P004,1244,Delhi,Jaipur,2026-01-27
C011,P001,1718,Ahmedabad,Mumbai,2026-02-08
C043,P003,194,Delhi,Mumbai,2026-02-20
C019,P004,844,Mumbai,Ahmedabad,2026-04-27
C008,P002,381,Jaipur,Mumbai,2026-04-16
C035,P004,492,Delhi,Jaipur,2026-01-19
C016,P001,967,Ahmedabad,Delhi,2026-05-20
C004,P003,1136,Delhi,Mumbai,2026-06-01
C032,P001,1272,Jaipur,Pune,2026-05-06
C010,P004,1029,Jaipur,Delhi,2026-06-08
C050,P002,1156,Jaipur,Delhi,2026-04-30
C012,P002,1543,Ahmedabad,Delhi,2026-04-20
C050,P001,245,Jaipur,Pune,2026-04-16
C004,P002,1021,Ahmedabad,Jaipur,2026-05-04
C012,P004,1673,Jaipur,Pune,2026-05-11
C038,P004,927,Pune,Mumbai,2026-01-02
C013,P003,281,Ahmedabad,Delhi,2026-06-04
C009,P003,519,Pune,Jaipur,2026-02-26
C024,P003,720,Pune,Ahmedabad,2026-04-03
C015,P001,913,Delhi,Ahmedabad,2026-06-01
C042,P004,300,Jaipur,Ahmedabad,2026-05-10
C009,P001,1055,Jaipur,Pune,2026-05-01
C044,P004,1560,Jaipur,Mumbai,2026-05-24
C038,P004,116,Delhi,Ahmedabad,2026-06-10
C041,P001,1363,Mumbai,Pune,2026-02-28
C018,P002,762,Jaipur,Delhi,2026-04-17
C023,P001,1878,Mumbai,Delhi,2026-01-04
C042,P001,145,Mumbai,Jaipur,2026-03-07
C029,P004,446,Jaipur,Delhi,2026-04-22
C027,P002,1863,Pune,Delhi,2026-01-29
C021,P002,1994,Ahmedabad,Jaipur,2026-05-15
C017,P002,178,Mumbai,Delhi,2026-03-14
C005,P001,973,Mumbai,Delhi,2026-03-09
C037,P001,375,Ahmedabad,Jaipur,2026-06-14
C025,P003,1957,Mumbai,Pune,2026-05-16
C015,P003,550,Delhi,Mumbai,2026-01-25
C023,P002,932,Jaipur,Mumbai,2026-02-23
C039,P002,314,Jaipur,Mumbai,2026-03-16
C026,P001,951,Mumbai,Jaipur,2026-05-09
C049,P001,1432,Jaipur,Ahmedabad,2026-05-13
C044,P002,1542,Pune,Jaipur,2026-06-27
C033,P004,1569,Mumbai,Delhi,2026-04-02
C019,P003,1489,Ahmedabad,Jaipur,2026-05-04
C047,P001,1464,Ahmedabad,Jaipur,2026-04-28
C035,P002,611,Pune,Jaipur,2026-05-20
C034,P002,1250,Jaipur,Pune,2026-03-29
C030,P002,1949,Mumbai,Jaipur,2026-04-01
C024,P002,521,Jaipur,Delhi,2026-04-27
C013,P004,1713,Mumbai,Delhi,2026-02-14
C042,P003,226,Ahmedabad,Delhi,2026-03-14
C050,P002,1163,Mumbai,Ahmedabad,2026-04-15
C032,P004,1238,Jaipur,Delhi,2026-06-17
C022,P002,1584,Jaipur,Delhi,2026-03-18
C017,P004,414,Delhi,Pune,2026-03-08
C003,P001,574,Jaipur,Mumbai,2026-05-21
C009,P002,396,Mumbai,Ahmedabad,2026-03-29
C004,P004,1979,Mumbai,Delhi,2026-05-12
C036,P001,208,Ahmedabad,Jaipur,2026-02-03
C008,P003,1553,Mumbai,Ahmedabad,2026-06-09
C033,P001,1525,Mumbai,Delhi,2026-05-22
C029,P004,1217,Pune,Ahmedabad,2026-01-07
C037,P004,819,Mumbai,Jaipur,2026-06-23
C001,P002,1542,Jaipur,Pune,2026-06-16
C029,P003,607,Ahmedabad,Mumbai,2026-02-23
C028,P002,691,Pune,Jaipur,2026-02-12
C008,P001,848,Mumbai,Jaipur,2026-01-22
C011,P004,1642,Pune,Ahmedabad,2026-05-11
C045,P004,760,Mumbai,Delhi,2026-04-25
C035,P002,1590,Ahmedabad,Mumbai,2026-02-06
C050,P001,778,Ahmedabad,Delhi,2026-04-19
C046,P002,1731,Jaipur,Pune,2026-03-28
C021,P002,643,Delhi,Pune,2026-04-12
C048,P004,1692,Delhi,Pune,2026-06-28
C003,P004,1010,Mumbai,Ahmedabad,2026-03-17
C045,P002,476,Pune,Mumbai,2026-03-02
C004,P001,369,Pune,Ahmedabad,2026-01-29
C024,P004,461,Jaipur,Mumbai,2026-04-22
C015,P002,1869,Ahmedabad,Jaipur,2026-06-22
C049,P003,1089,Mumbai,Ahmedabad,2026-04-02
C032,P003,1458,Mumbai,Pune,2026-05-10
C028,P002,1560,Mumbai,Jaipur,2026-05-16
C023,P003,745,Pune,Mumbai,2026-02-11
C002,P004,151,Jaipur,Pune,2026-03-07
C045,P004,933,Pune,Jaipur,2026-04-08
C032,P003,1228,Mumbai,Ahmedabad,2026-03-13
C019,P001,1123,Ahmedabad,Pune,2026-05-30
C042,P003,1154,Jaipur,Ahmedabad,2026-03-06
C037,P002,1144,Ahmedabad,Pune,2026-02-17
C049,P004,526,Jaipur,Mumbai,2026-01-04
C004,P002,711,Ahmedabad,Pune,2026-01-17
C008,P001,618,Pune,Jaipur,2026-01-05
C016,P004,1371,Jaipur,Delhi,2026-02-06
C033,P001,502,Pune,Jaipur,2026-02-04
C016,P002,622,Jaipur,Pune,2026-03-24
C018,P001,1998,Pune,Mumbai,2026-02-15
C023,P004,711,Pune,Delhi,2026-02-06
C043,P001,388,Ahmedabad,Pune,2026-02-10
C046,P002,908,Pune,Mumbai,2026-01-24
C045,P001,1175,Pune,Jaipur,2026-04-07
C047,P004,902,Jaipur,Mumbai,2026-04-08
C009,P002,1626,Ahmedabad,Delhi,2026-04-01
C043,P003,990,Ahmedabad,Jaipur,2026-04-17
C018,P004,867,Mumbai,Delhi,2026-04-14
C002,P003,1585,Pune,Mumbai,2026-03-26
C036,P002,507,Jaipur,Delhi,2026-04-09
C025,P003,1981,Delhi,Mumbai,2026-03-05
C017,P003,1057,Delhi,Mumbai,2026-03-26
C028,P002,966,Pune,Ahmedabad,2026-04-11
C010,P004,1476,Jaipur,Mumbai,2026-02-23
C035,P002,1076,Jaipur,Ahmedabad,2026-01-29
C045,P004,467,Jaipur,Pune,2026-04-23
C022,P001,741,Pune,Delhi,2026-02-13
C047,P004,1167,Jaipur,Mumbai,2026-02-27
C032,P004,1671,Delhi,Mumbai,2026-03-07
C019,P003,341,Mumbai,Jaipur,2026-03-21
C022,P001,502,Ahmedabad,Jaipur,2026-02-20
C008,P004,1506,Delhi,Pune,2026-05-22
C015,P002,216,Pune,Ahmedabad,2026-05-27
C031,P002,225,Mumbai,Jaipur,2026-01-14
C040,P001,1100,Delhi,Ahmedabad,2026-06-20
C020,P004,1343,Ahmedabad,Mumbai,2026-05-02
C010,P001,497,Ahmedabad,Pune,2026-04-28
C023,P001,884,Pune,Ahmedabad,2026-04-13
C035,P003,930,Jaipur,Delhi,2026-02-01
C033,P001,898,Mumbai,Pune,2026-04-13
C035,P002,1843,Delhi,Ahmedabad,2026-01-31
C041,P002,1967,Mumbai,Ahmedabad,2026-01-05
C024,P003,1652,Delhi,Mumbai,2026-03-27
C018,P003,710,Mumbai,Ahmedabad,2026-02-23
C024,P001,1581,Mumbai,Delhi,2026-03-16
C010,P004,487,Delhi,Mumbai,2026-04-13
C019,P003,292,Jaipur,Mumbai,2026-01-17
C029,P004,1514,Ahmedabad,Mumbai,2026-02-02
C008,P002,365,Ahmedabad,Delhi,2026-05-14
C028,P001,1884,Ahmedabad,Jaipur,2026-01-09
C040,P002,1302,Jaipur,Delhi,2026-06-22
C012,P004,1985,Mumbai,Ahmedabad,2026-01-10
C003,P004,1874,Delhi,Ahmedabad,2026-03-29
C020,P003,483,Jaipur,Ahmedabad,2026-05-13
C047,P002,188,Mumbai,Ahmedabad,2026-06-07
C029,P004,1666,Pune,Jaipur,2026-05-03
C028,P003,102,Mumbai,Ahmedabad,2026-05-24
C012,P001,527,Delhi,Jaipur,2026-05-09
C016,P002,401,Jaipur,Pune,2026-01-01
C005,P001,634,Jaipur,Mumbai,2026-04-05
C005,P003,1763,Delhi,Pune,2026-01-26
C012,P003,236,Jaipur,Pune,2026-02-23
C014,P004,1829,Pune,Ahmedabad,2026-01-16
C048,P003,1013,Ahmedabad,Jaipur,2026-02-20
C024,P004,547,Delhi,Ahmedabad,2026-03-28
C014,P003,1832,Delhi,Mumbai,2026-03-07
C014,P001,1902,Pune,Delhi,2026-01-02
C034,P001,1717,Delhi,Jaipur,2026-01-20
C015,P003,815,Pune,Jaipur,2026-04-15
C001,P001,1987,Mumbai,Jaipur,2026-05-22
C014,P003,1180,Ahmedabad,Pune,2026-05-20
C017,P001,1423,Ahmedabad,Jaipur,2026-01-13
C030,P003,149,Ahmedabad,Delhi,2026-05-03
C039,P002,446,Ahmedabad,Delhi,2026-03-11
C036,P003,168,Delhi,Mumbai,2026-06-15
C008,P003,796,Jaipur,Delhi,2026-03-05
C046,P004,373,Ahmedabad,Mumbai,2026-06-07
C016,P002,1830,Ahmedabad,Jaipur,2026-05-10
C006,P003,733,Jaipur,Delhi,2026-02-16
C028,P003,468,Jaipur,Ahmedabad,2026-01-23
C006,P004,1258,Jaipur,Delhi,2026-06-13
C002,P002,1858,Mumbai,Jaipur,2026-06-17
C002,P004,961,Pune,Delhi,2026-05-17
C019,P003,318,Delhi,Pune,2026-05-21
C013,P001,1987,Mumbai,Jaipur,2026-05-12
C049,P002,1512,Ahmedabad,Mumbai,2026-05-30
C045,P002,394,Delhi,Ahmedabad,2026-05-08
C006,P001,1612,Ahmedabad,Delhi,2026-01-07
C003,P001,1385,Pune,Ahmedabad,2026-04-11
C005,P003,1597,Ahmedabad,Mumbai,2026-05-09
C008,P004,1051,Mumbai,Delhi,2026-03-15
C049,P002,1555,Ahmedabad,Jaipur,2026-06-29
C041,P001,540,Mumbai,Pune,2026-05-13
C033,P002,643,Mumbai,Pune,2026-06-04
C038,P001,1211,Ahmedabad,Mumbai,2026-06-12
C008,P002,701,Mumbai,Ahmedabad,2026-06-06
C003,P001,825,Mumbai,Jaipur,2026-01-20
C007,P001,348,Delhi,Mumbai,2026-01-26
C005,P001,1757,Ahmedabad,Mumbai,2026-04-23
C003,P003,842,Mumbai,Pune,2026-03-21
C030,P004,1666,Ahmedabad,Delhi,2026-01-14
C043,P002,1903,Ahmedabad,Pune,2026-06-09
C016,P001,781,Ahmedabad,Jaipur,2026-01-25
C005,P002,402,Pune,Mumbai,2026-02-20
C024,P003,1490,Mumbai,Delhi,2026-02-10
C050,P001,555,Mumbai,Ahmedabad,2026-06-18
C022,P004,409,Delhi,Ahmedabad,2026-06-16
C007,P002,944,Mumbai,Delhi,2026-04-27
C006,P003,637,Pune,Ahmedabad,2026-02-01
C035,P004,792,Pune,Delhi,2026-03-18
C003,P001,1368,Jaipur,Ahmedabad,2026-04-27
C012,P002,1787,Jaipur,Delhi,2026-04-29
C031,P003,1027,Delhi,Mumbai,2026-06-11
C036,P002,102,Delhi,Ahmedabad,2026-03-09
C039,P002,993,Ahmedabad,Mumbai,2026-06-02
C043,P003,955,Jaipur,Pune,2026-04-05
C009,P001,1967,Pune,Delhi,2026-01-21
C023,P003,1697,Ahmedabad,Jaipur,2026-05-14
C037,P003,1216,Jaipur,Delhi,2026-06-23
C041,P003,214,Delhi,Ahmedabad,2026-05-20
C022,P002,557,Pune,Ahmedabad,2026-02-26
C014,P002,426,Delhi,Ahmedabad,2026-05-16
C039,P001,345,Delhi,Ahmedabad,2026-01-04
C012,P003,237,Delhi,Pune,2026-05-21
C032,P001,1058,Ahmedabad,Delhi,2026-02-15
C002,P004,1022,Mumbai,Jaipur,2026-01-15
C032,P004,1200,Jaipur,Mumbai,2026-01-15
C004,P002,638,Jaipur,Delhi,2026-03-20
C018,P001,1668,Mumbai,Pune,2026-02-18
C033,P003,284,Mumbai,Ahmedabad,2026-05-10
C034,P002,1448,Pune,Delhi,2026-03-08
C025,P003,1222,Pune,Mumbai,2026-04-24
C007,P003,118,Pune,Jaipur,2026-03-21
C015,P003,1896,Mumbai,Pune,2026-06-01
C008,P003,1512,Delhi,Jaipur,2026-01-06
C004,P001,815,Pune,Mumbai,2026-02-27
C020,P002,1838,Delhi,Pune,2026-04-08
C009,P003,1118,Pune,Delhi,2026-03-03
C045,P003,1933,Jaipur,Delhi,2026-05-12
C004,P001,983,Ahmedabad,Delhi,2026-05-10
C025,P001,883,Delhi,Ahmedabad,2026-04-16
C003,P002,868,Delhi,Pune,2026-06-07
C025,P004,292,Mumbai,Pune,2026-05-10
C013,P004,1893,Jaipur,Ahmedabad,2026-01-19
C043,P004,1284,Pune,Jaipur,2026-05-08
C049,P003,1283,Pune,Delhi,2026-04-15
C017,P002,1049,Delhi,Mumbai,2026-01-24
C015,P001,718,Delhi,Jaipur,2026-01-15
C016,P003,1299,Jaipur,Mumbai,2026-05-18
C026,P003,946,Ahmedabad,Jaipur,2026-02-13
C006,P002,790,Jaipur,Pune,2026-05-02
C005,P001,1691,Mumbai,Ahmedabad,2026-02-27
C028,P003,679,Ahmedabad,Pune,2026-01-16
C040,P003,1122,Ahmedabad,Pune,2026-05-12
C027,P003,1269,Mumbai,Pune,2026-03-11
C009,P003,247,Ahmedabad,Delhi,2026-06-07
C017,P001,1907,Delhi,Ahmedabad,2026-03-29
C046,P003,1377,Jaipur,Mumbai,2026-03-19
C041,P001,847,Jaipur,Pune,2026-03-07
C012,P003,698,Pune,Ahmedabad,2026-06-22
C032,P002,1509,Delhi,Pune,2026-04-08
C009,P002,725,Jaipur,Pune,2026-01-24
C046,P004,739,Jaipur,Ahmedabad,2026-01-24
C021,P001,1849,Mumbai,Jaipur,2026-03-27
C024,P002,1861,Pune,Ahmedabad,2026-03-18
C048,P004,628,Jaipur,Ahmedabad,2026-04-29
C020,P004,1735,Ahmedabad,Pune,2026-05-28
C009,P004,1585,Pune,Delhi,2026-01-25
C002,P002,1035,Ahmedabad,Delhi,2026-06-10
C019,P003,1640,Pune,Delhi,2026-06-13
C030,P002,909,Delhi,Jaipur,2026-06-21
C034,P002,418,Mumbai,Jaipur,2026-01-16
C011,P004,1736,Delhi,Ahmedabad,2026-05-06
C029,P003,1560,Delhi,Ahmedabad,2026-02-11
C006,P001,762,Jaipur,Ahmedabad,2026-01-10
C024,P003,1889,Ahmedabad,Delhi,2026-01-17
C044,P002,1760,Ahmedabad,Delhi,2026-04-01
C033,P004,577,Pune,Jaipur,2026-02-26
C022,P002,1408,Mumbai,Delhi,2026-04-04
C003,P004,989,Pune,Ahmedabad,2026-03-15
C042,P003,1715,Pune,Delhi,2026-05-30
C040,P004,1879,Pune,Jaipur,2026-04-19
C039,P003,727,Delhi,Jaipur,2026-05-10
C037,P004,1961,Jaipur,Pune,2026-02-21
C014,P003,1221,Pune,Ahmedabad,2026-01-26
C032,P001,350,Pune,Jaipur,2026-05-27
C003,P001,351,Mumbai,Ahmedabad,2026-03-30
C016,P004,1938,Pune,Ahmedabad,2026-06-15
C047,P003,1228,Jaipur,Ahmedabad,2026-01-03
C036,P002,1107,Mumbai,Delhi,2026-06-29
C033,P001,1784,Ahmedabad,Delhi,2026-05-26
C001,P004,681,Jaipur,Delhi,2026-05-22
C012,P002,532,Mumbai,Pune,2026-04-20
C038,P002,464,Pune,Delhi,2026-06-25
C030,P003,1825,Pune,Jaipur,2026-05-14
C023,P003,420,Pune,Mumbai,2026-05-21
C037,P002,1175,Delhi,Jaipur,2026-03-30
C010,P004,1203,Ahmedabad,Jaipur,2026-06-15
C048,P001,1736,Ahmedabad,Mumbai,2026-02-21
C021,P004,1049,Ahmedabad,Delhi,2026-01-19
C034,P004,1013,Delhi,Mumbai,2026-01-18
C022,P001,354,Delhi,Pune,2026-01-07
C048,P002,108,Pune,Mumbai,2026-04-26
C015,P002,733,Pune,Mumbai,2026-04-11
C008,P001,1689,Delhi,Pune,2026-05-02
C048,P003,734,Mumbai,Delhi,2026-03-17
C038,P003,1642,Ahmedabad,Pune,2026-02-17
C049,P002,1868,Mumbai,Jaipur,2026-06-21
C039,P002,205,Delhi,Jaipur,2026-04-11
C039,P003,1718,Pune,Ahmedabad,2026-03-16
C023,P003,1964,Jaipur,Delhi,2026-02-01
C040,P004,1083,Jaipur,Pune,2026-04-07
C005,P004,1536,Jaipur,Pune,2026-04-28
C008,P004,1378,Delhi,Jaipur,2026-01-23
C036,P002,1917,Pune,Delhi,2026-03-01
C003,P001,1402,Jaipur,Pune,2026-02-21
C029,P004,1987,Pune,Jaipur,2026-03-13
C015,P003,1792,Pune,Jaipur,2026-01-29
C043,P001,346,Mumbai,Delhi,2026-05-12
C035,P002,230,Mumbai,Ahmedabad,2026-03-21
C013,P003,1290,Mumbai,Pune,2026-04-16
C044,P004,409,Jaipur,Ahmedabad,2026-05-16
C027,P002,863,Jaipur,Ahmedabad,2026-03-20
C005,P003,1153,Mumbai,Pune,2026-03-10
C039,P004,998,Ahmedabad,Jaipur,2026-03-26
C026,P003,752,Mumbai,Ahmedabad,2026-04-16
C031,P001,357,Pune,Jaipur,2026-04-07
C043,P001,519,Pune,Ahmedabad,2026-01-28
C018,P003,1686,Delhi,Mumbai,2026-06-10
C016,P004,1947,Jaipur,Pune,2026-06-24
C023,P002,741,Pune,Jaipur,2026-04-28
C012,P001,359,Pune,Ahmedabad,2026-03-19
C009,P004,1945,Pune,Jaipur,2026-04-23
C041,P002,675,Mumbai,Delhi,2026-02-07
C034,P004,969,Ahmedabad,Pune,2026-02-03
C041,P003,451,Mumbai,Pune,2026-01-11
C014,P002,1644,Pune,Jaipur,2026-03-16
C044,P003,545,Jaipur,Pune,2026-04-16
C035,P001,1317,Pune,Delhi,2026-05-23
C048,P003,1473,Ahmedabad,Jaipur,2026-02-26
C001,P003,1184,Pune,Mumbai,2026-01-20
C033,P003,1516,Jaipur,Delhi,2026-01-24
C020,P003,1807,Mumbai,Ahmedabad,2026-01-26
C042,P001,668,Mumbai,Pune,2026-06-14
C018,P002,732,Delhi,Pune,2026-02-18
C043,P002,1090,Delhi,Mumbai,2026-01-18
C011,P002,552,Delhi,Jaipur,2026-02-07
C029,P001,148,Ahmedabad,Pune,2026-04-07
C041,P004,1147,Mumbai,Delhi,2026-01-17
C001,P001,561,Jaipur,Delhi,2026-04-21
C007,P004,455,Jaipur,Pune,2026-06-17
C047,P001,1754,Pune,Ahmedabad,2026-01-11
C037,P003,1762,Pune,Ahmedabad,2026-01-13
C002,P004,1555,Delhi,Mumbai,2026-04-16
C043,P003,567,Pune,Jaipur,2026-03-16
C035,P001,823,Delhi,Ahmedabad,2026-04-24
C019,P001,821,Pune,Mumbai,2026-04-10
C019,P003,1979,Mumbai,Delhi,2026-06-24
C007,P002,1286,Delhi,Jaipur,2026-05-08
C046,P002,936,Ahmedabad,Pune,2026-04-11
C009,P004,1975,Ahmedabad,Delhi,2026-02-13
C017,P003,1810,Jaipur,Mumbai,2026-05-11
C021,P002,165,Delhi,Ahmedabad,2026-05-13
C013,P004,1083,Delhi,Ahmedabad,2026-05-24
C032,P004,873,Delhi,Ahmedabad,2026-05-31
C010,P002,269,Mumbai,Ahmedabad,2026-04-27
C023,P001,959,Mumbai,Delhi,2026-03-08
C029,P003,1856,Delhi,Mumbai,2026-01-03
C002,P004,748,Ahmedabad,Delhi,2026-01-02
C014,P004,241,Jaipur,Delhi,2026-06-30
C014,P003,969,Jaipur,Ahmedabad,2026-03-30
C048,P001,1851,Ahmedabad,Delhi,2026-04-12
C012,P002,570,Pune,Ahmedabad,2026-04-04
C036,P004,268,Jaipur,Pune,2026-05-14
C048,P004,1224,Delhi,Ahmedabad,2026-01-10
C014,P003,796,Jaipur,Mumbai,2026-06-03
C049,P001,576,Delhi,Pune,2026-04-29
C015,P004,1044,Pune,Ahmedabad,2026-02-04
C010,P003,1079,Jaipur,Delhi,2026-03-03
C040,P003,1583,Delhi,Mumbai,2026-05-13
C027,P004,801,Mumbai,Jaipur,2026-03-22
C023,P004,640,Ahmedabad,Mumbai,2026-06-18
C018,P002,1124,Delhi,Ahmedabad,2026-01-29
C036,P002,1811,Mumbai,Ahmedabad,2026-04-05
C042,P002,1623,Delhi,Ahmedabad,2026-01-10
C022,P004,676,Delhi,Mumbai,2026-02-17
C038,P001,1734,Mumbai,Pune,2026-02-20
C041,P001,1488,Jaipur,Ahmedabad,2026-02-14
C002,P002,921,Delhi,Pune,2026-06-24
C035,P002,1612,Jaipur,Ahmedabad,2026-04-06
C050,P002,1893,Ahmedabad,Pune,2026-01-29
C026,P004,1260,Pune,Delhi,2026-02-12
C047,P002,1468,Ahmedabad,Pune,2026-05-22
C050,P001,674,Jaipur,Mumbai,2026-01-08
C040,P002,524,Jaipur,Pune,2026-06-03
C038,P001,1055,Jaipur,Ahmedabad,2026-03-29
C038,P001,1274,Mumbai,Pune,2026-05-06
C038,P001,1316,Ahmedabad,Mumbai,2026-06-06
C026,P003,362,Mumbai,Ahmedabad,2026-01-28
C004,P004,744,Delhi,Pune,2026-06-11
C019,P002,1195,Mumbai,Jaipur,2026-01-18
C029,P001,999,Mumbai,Delhi,2026-05-15
C017,P004,519,Ahmedabad,Jaipur,2026-03-10
C039,P003,1046,Delhi,Mumbai,2026-03-25
C038,P001,1552,Mumbai,Delhi,2026-03-26
C003,P001,382,Delhi,Pune,2026-05-11
C011,P001,364,Pune,Ahmedabad,2026-01-16
C006,P002,1777,Jaipur,Mumbai,2026-03-20
C016,P001,412,Mumbai,Ahmedabad,2026-06-25
C044,P003,1713,Pune,Delhi,2026-02-20
C043,P004,1070,Pune,Delhi,2026-05-24
C027,P003,629,Jaipur,Delhi,2026-04-28
C031,P003,706,Pune,Ahmedabad,2026-04-28
C001,P003,764,Mumbai,Pune,2026-02-24
C048,P002,1812,Mumbai,Pune,2026-05-15
C004,P003,313,Mumbai,Ahmedabad,2026-01-07
C041,P002,512,Mumbai,Jaipur,2026-05-14
C026,P003,1050,Jaipur,Mumbai,2026-05-21
C047,P001,508,Pune,Ahmedabad,2026-06-18
C024,P004,743,Pune,Mumbai,2026-04-03
C037,P004,1449,Delhi,Jaipur,2026-04-26
C027,P003,1177,Ahmedabad,Mumbai,2026-06-01
C022,P003,877,Ahmedabad,Delhi,2026-04-03
C023,P002,187,Pune,Jaipur,2026-02-22
C041,P001,1595,Mumbai,Jaipur,2026-01-17
C045,P003,966,Jaipur,Delhi,2026-05-31
C028,P002,576,Ahmedabad,Mumbai,2026-03-10
C045,P004,745,Ahmedabad,Mumbai,2026-01-20
C012,P001,1013,Jaipur,Ahmedabad,2026-06-28
C026,P001,1320,Ahmedabad,Pune,2026-02-14
C015,P002,1226,Ahmedabad,Pune,2026-04-19
C012,P001,108,Jaipur,Delhi,2026-06-26
C017,P001,1502,Pune,Jaipur,2026-03-10
C003,P003,559,Pune,Mumbai,2026-02-16
C015,P004,1269,Mumbai,Jaipur,2026-04-17
C034,P001,1049,Mumbai,Delhi,2026-04-14
C049,P004,1193,Jaipur,Mumbai,2026-01-23
C003,P001,590,Delhi,Pune,2026-03-04
C005,P003,1496,Jaipur,Ahmedabad,2026-06-16
C022,P001,1562,Jaipur,Ahmedabad,2026-06-12
C013,P003,812,Delhi,Ahmedabad,2026-06-18
C026,P002,1084,Jaipur,Ahmedabad,2026-02-19
C022,P004,1754,Delhi,Jaipur,2026-01-07
C010,P004,1823,Mumbai,Ahmedabad,2026-03-25
C003,P003,455,Mumbai,Jaipur,2026-03-08
C042,P003,376,Jaipur,Delhi,2026-01-13
C044,P004,1266,Delhi,Mumbai,2026-03-20
C036,P001,1140,Delhi,Ahmedabad,2026-04-22
C049,P003,716,Mumbai,Delhi,2026-04-14
C027,P001,136,Mumbai,Delhi,2026-01-30
C040,P004,1384,Mumbai,Pune,2026-03-31
C008,P003,395,Ahmedabad,Mumbai,2026-02-01
