event_id,container_id,product_id,timestamp,temperature,humidity,vibration,latitude,longitude,location
E000001,C044,P002,2026-01-07 09:47:03,7.82,67.04,0.22,21.334151,72.191774,Mumbai
E000002,C032,P002,2026-04-21 10:43:00,10.52,86.41,0.91,25.126076,77.190233,Delhi
E000003,C025,P001,2026-05-22 13:14:16,10.08,64.31,0.26,22.304313,77.516609,Delhi
E000004,C006,P002,2026-03-17 09:09:13,8.56,79.64,0.88,20.526649,77.537561,Pune
E000005,C019,P002,2026-06-16 23:50:30,10.33,73.24,0.29,25.459837,79.481715,Delhi
E000006,C011,P002,2026-01-15 02:25:02,14.08,68.22,0.72,28.012315,77.933287,Pune
E000007,C046,P003,2026-01-13 04:57:53,10.22,74.91,0.49,24.523796,71.681948,Ahmedabad
E000008,C036,P003,2026-01-20 03:38:09,14.14,83.45,0.89,29.82251,77.793658,Mumbai
E000009,C034,P004,2026-01-16 13:19:19,13.72,62.11,0.29,28.03155,70.217976,Mumbai
E000010,C028,P001,2026-02-19 14:19:48,9.18,70.98,0.2,24.491707,78.074347,Ahmedabad
E000011,C019,P004,2026-01-27 17:03:15,15.03,67.05,0.07,26.974151,76.469996,Pune
E000012,C015,P004,2026-04-20 15:12:24,15.91,89.08,0.85,29.459485,76.573911,Jaipur
E000013,C044,P002,2026-01-05 08:06:22,10.82,71.67,0.62,28.037459,75.696338,Jaipur
E000014,C037,P001,2026-06-17 11:14:13,12.3,74.68,0.32,21.708845,77.096747,Delhi
E000015,C027,P002,2026-06-25 00:58:14,12.51,80.03,0.92,27.12745,78.100557,Ahmedabad
E000016,C015,P002,2026-02-14 04:12:13,8.31,90.8,0.38,21.50006,71.999482,Mumbai
E000017,C031,P004,2026-05-29 03:29:16,6.07,85.42,0.92,29.385191,77.000983,Jaipur
E000018,C012,P002,2026-04-16 11:59:53,12.14,84.07,0.09,24.174515,73.453399,Ahmedabad
E000019,C050,P004,2026-05-04 04:34:12,10.59,61.73,0.66,29.029156,77.988435,Mumbai
E000020,C018,P004,2026-01-15 04:22:25,9.68,66.41,0.14,29.824857,70.426756,Jaipur
E000021,C029,P004,2026-05-19 01:11:53,14.98,74.22,0.21,21.413685,74.988253,Delhi
E000022,C029,P003,2026-05-24 03:56:03,4.86,82.72,0.07,21.15447,78.742708,Jaipur
E000023,C044,P002,2026-06-02 17:14:14,13.29,70.94,0.81,28.172152,71.708343,Jaipur
E000024,C009,P001,2026-04-23 19:32:03,4.76,89.1,0.36,21.923868,79.648721,Jaipur
E000025,C024,P002,2026-05-26 03:46:59,5.88,80.6,0.78,20.083379,78.050839,Pune
E000026,C002,P001,2026-02-27 12:14:52,11.84,75.34,0.01,28.922002,71.848843,Jaipur
E000027,C010,P002,2026-02-12 09:39:41,12.47,64.08,0.58,24.973341,71.54438,Delhi
E000028,C011,P002,2026-03-12 09:51:15,4.16,63.32,0.41,23.052,70.013386,Jaipur
E000029,C050,P004,2026-02-01 05:50:41,13.27,64.49,0.53,24.339798,75.226693,Delhi
E000030,C031,P003,2026-02-23 17:40:50,4.94,92.19,0.89,29.126373,71.001802,Mumbai
E000031,C024,P003,2026-02-12 03:46:00,4.28,63.42,0.07,28.922306,72.083893,Jaipur
E000032,C038,P004,2026-05-29 17:55:02,10.91,80.75,0.39,22.335897,79.134362,Mumbai
E000033,C027,P002,2026-02-02 16:54:08,11.58,85.22,0.11,20.767704,75.334148,Pune
E000034,C024,P002,2026-01-05 13:00:24,10.47,78.89,0.71,24.205248,73.589861,Ahmedabad
E000035,C037,P002,2026-05-20 09:54:11,12.39,93.35,0.85,29.22321,70.790986,Mumbai
E000036,C036,P002,2026-05-11 05:50:51,10.92,88.3,0.58,27.124771,71.357058,Ahmedabad
E000037,C031,P001,2026-01-10 19:44:03,6.4,60.4,0.52,26.736412,72.321449,Ahmedabad
E000038,C040,P003,2026-03-23 23:07:40,4.54,64.78,0.54,21.050824,77.822013,Jaipur
E000039,C029,P003,2026-03-09 19:57:29,13.24,86.11,0.15,27.477173,76.895601,Delhi
E000040,C037,P001,2026-01-30 09:29:19,7.78,85.87,0.07,27.562963,79.53669,Ahmedabad
E000041,C011,P004,2026-03-22 10:32:48,6.93,67.33,0.55,28.562365,78.778234,Pune
E000042,C045,P001,2026-02-13 17:27:27,9.87,60.46,0.06,26.982426,74.062616,Jaipur
E000043,C028,P004,2026-03-03 18:24:23,4.18,80.72,0.2,21.930828,72.536539,Ahmedabad
E000044,C050,P001,2026-01-01 10:06:32,10.43,83.57,0.29,29.347327,79.557842,Ahmedabad
E000045,C047,P003,2026-01-26 10:25:46,4.43,81.88,0.53,23.423417,79.030986,Delhi
E000046,C005,P003,2026-01-23 06:44:24,11.53,72.09,0.53,26.384566,71.815319,Jaipur
E000047,C018,P001,2026-05-05 04:08:57,9.26,75.24,0.02,29.913284,71.194389,Jaipur
E000048,C037,P003,2026-03-19 09:02:19,7.32,82.86,0.33,27.43068,70.377487,Mumbai
E000049,C023,P003,2026-05-08 00:01:46,6.92,63.51,0.3,22.087273,76.633236,Ahmedabad
E000050,C033,P004,2026-03-27 02:27:10,11.43,79.09,0.81,29.646664,78.801438,Delhi
E000051,C001,P004,2026-04-17 20:28:10,8.69,68.95,0.43,21.478825,78.295027,Pune
E000052,C047,P003,2026-05-14 19:08:00,4.15,82.46,0.6,24.255977,76.002939,Pune
E000053,C015,P002,2026-06-14 10:57:36,8.97,72.54,0.44,23.516809,74.554223,Pune
E000054,C017,P004,2026-03-10 01:17:35,6.79,88.33,0.18,29.379708,71.49894,Delhi
E000055,C031,P001,2026-03-13 07:49:19,9.37,75.85,0.44,26.959723,73.572065,Delhi
E000056,C043,P001,2026-01-22 07:46:51,7.27,79.71,0.03,22.308386,77.770565,Jaipur
E000057,C044,P004,2026-03-17 04:17:47,7.98,74.72,0.75,22.062255,72.854695,Ahmedabad
E000058,C006,P003,2026-01-21 02:28:31,11.22,84.77,0.21,26.701647,74.553226,Jaipur
E000059,C007,P003,2026-04-10 09:10:22,15.84,68.43,0.69,29.277722,73.981486,Ahmedabad
E000060,C020,P002,2026-02-19 06:20:59,11.95,68.73,0.19,20.88461,74.787418,Ahmedabad
E000061,C039,P001,2026-03-15 22:07:00,9.17,93.16,0.64,25.531955,71.625152,Mumbai
E000062,C015,P004,2026-02-07 11:44:54,7.32,70.9,0.8,20.181553,71.352926,Ahmedabad
E000063,C048,P002,2026-02-22 14:54:41,6.84,87.08,0.16,28.747469,72.626811,Mumbai
E000064,C043,P001,2026-02-24 05:41:41,11.73,69.85,0.69,27.068359,77.128902,Mumbai
E000065,C018,P004,2026-02-04 01:47:55,5.55,72.54,0.74,23.782966,78.880791,Jaipur
E000066,C018,P002,2026-05-29 02:04:16,13.75,70.51,0.65,26.615011,75.861898,Jaipur
E000067,C030,P001,2026-03-15 07:56:46,15.92,73.94,0.86,23.85949,72.399442,Mumbai
E000068,C042,P001,2026-01-18 00:00:59,15.4,67.12,0.09,23.152241,78.053343,Mumbai
E000069,C012,P002,2026-06-24 18:18:10,10.55,89.11,0.71,22.380071,74.101453,Jaipur
E000070,C003,P003,2026-05-10 11:21:48,11.81,65.02,0.49,24.013121,75.782409,Jaipur
E000071,C041,P004,2026-03-09 18:05:51,5.78,66.88,0.86,27.372377,70.988753,Ahmedabad
E000072,C028,P003,2026-06-22 13:47:50,5.27,84.46,0.31,20.231159,76.318796,Ahmedabad
E000073,C038,P004,2026-02-18 17:00:24,8.36,73.18,0.04,23.303477,71.841185,Mumbai
E000074,C019,P003,2026-01-29 10:17:12,10.0,71.97,0.9,27.889422,74.870483,Ahmedabad
E000075,C036,P004,2026-03-08 22:20:00,6.72,65.11,0.45,23.86146,73.155511,Jaipur
E000076,C044,P004,2026-03-16 09:19:39,13.41,89.1,0.57,24.652032,76.988071,Mumbai
E000077,C018,P004,2026-04-27 22:59:14,12.13,92.39,0.29,25.434187,73.332675,Jaipur
E000078,C009,P001,2026-04-30 13:46:29,6.24,93.65,0.93,23.928251,70.25684,Jaipur
E000079,C022,P001,2026-03-22 16:59:16,4.37,66.9,0.89,22.200174,77.801938,Pune
E000080,C008,P002,2026-04-22 20:17:47,6.04,70.72,0.69,27.857281,79.551124,Ahmedabad
E000081,C019,P002,2026-02-10 13:52:41,6.02,68.61,0.82,22.715034,76.226605,Delhi
E000082,C019,P002,2026-03-25 15:22:31,7.85,75.95,0.72,29.784616,79.107787,Jaipur
E000083,C038,P004,2026-02-06 19:15:34,9.82,90.82,0.86,22.582626,71.08036,Jaipur
E000084,C013,P001,2026-05-20 04:23:05,13.68,82.45,0.63,25.046676,71.48607,Mumbai
E000085,C040,P003,2026-05-14 19:25:36,5.09,86.18,0.31,24.468807,74.635136,Pune
E000086,C005,P004,2026-01-07 11:21:21,9.17,94.87,0.62,23.122503,74.853427,Pune
E000087,C035,P003,2026-01-26 20:59:54,12.52,82.84,0.43,29.954835,75.9084,Jaipur
E000088,C042,P001,2026-01-22 08:26:28,11.76,88.99,0.42,21.719218,73.147581,Ahmedabad
E000089,C032,P001,2026-06-21 20:11:14,15.64,71.38,0.41,26.919605,76.368797,Pune
E000090,C011,P002,2026-02-27 01:57:17,15.96,82.43,0.74,22.932467,71.003997,Mumbai
E000091,C036,P001,2026-01-30 02:01:30,12.57,92.32,0.32,28.531642,72.566919,Mumbai
E000092,C050,P001,2026-01-16 16:29:27,4.77,94.25,0.33,20.873579,79.463791,Ahmedabad
E000093,C035,P004,2026-04-12 06:43:16,13.81,75.24,0.96,23.31778,75.077308,Mumbai
E000094,C038,P002,2026-03-30 15:50:54,13.05,63.21,0.05,20.739627,77.684545,Pune
E000095,C003,P002,2026-06-01 11:43:33,4.46,63.35,0.84,23.16147,71.89741,Ahmedabad
E000096,C016,P003,2026-04-12 01:04:33,10.27,70.59,0.33,20.420648,74.329217,Pune
E000097,C017,P004,2026-02-11 22:54:21,7.14,72.38,0.29,28.946307,79.387773,Delhi
E000098,C038,P002,2026-05-22 04:39:42,13.15,77.52,0.38,22.999979,70.816698,Jaipur
E000099,C015,P004,2026-02-26 03:08:59,8.58,86.07,0.14,26.107472,79.511034,Ahmedabad
E000100,C025,P001,2026-01-06 17:10:33,15.25,93.83,0.36,26.573119,79.428328,Mumbai
E000101,C020,P001,2026-06-18 16:36:06,13.7,79.38,0.37,24.388051,72.214162,Mumbai
E000102,C044,P002,2026-06-05 18:28:25,4.98,91.19,0.72,23.340547,72.244286,Pune
E000103,C006,P004,2026-06-28 03:38:51,15.06,67.93,0.62,21.285665,72.620737,Ahmedabad
E000104,C007,P004,2026-05-03 14:55:45,14.6,85.32,0.87,21.682855,71.440964,Jaipur
E000105,C004,P003,2026-03-29 22:38:41,7.05,86.56,0.47,20.708207,78.527502,Delhi
E000106,C026,P004,2026-05-16 08:52:54,5.66,83.85,0.95,27.166129,77.285214,Jaipur
E000107,C032,P004,2026-01-10 19:12:44,5.74,60.82,0.28,23.543155,74.142616,Delhi
E000108,C011,P003,2026-05-01 18:40:51,6.1,81.98,0.27,28.151634,74.287888,Pune
E000109,C035,P001,2026-02-02 00:28:01,14.2,89.59,0.49,24.769887,72.365103,Mumbai
E000110,C032,P004,2026-05-03 17:07:15,15.84,71.48,0.04,22.534317,77.972387,Pune
E000111,C010,P003,2026-02-03 06:14:09,7.69,66.23,0.3,26.481582,74.911716,Delhi
E000112,C029,P002,2026-02-01 17:59:57,9.82,77.64,0.58,27.976296,74.498365,Delhi
E000113,C043,P004,2026-02-10 12:13:30,5.52,93.99,0.86,21.617854,77.419121,Pune
E000114,C012,P003,2026-03-01 21:11:31,11.5,92.92,0.05,23.82284,70.023369,Mumbai
E000115,C013,P004,2026-06-28 10:41:10,13.67,79.13,0.54,24.361251,79.460982,Mumbai
E000116,C039,P002,2026-06-17 11:07:35,12.27,67.6,0.14,27.113999,73.142608,Ahmedabad
E000117,C042,P002,2026-04-15 10:55:25,4.6,72.26,0.67,22.964225,77.118442,Ahmedabad
E000118,C004,P004,2026-03-02 14:28:14,5.26,60.85,0.78,29.302298,70.739367,Pune
E000119,C013,P001,2026-01-02 12:00:48,12.54,60.41,0.7,26.50496,73.600821,Mumbai
E000120,C029,P001,2026-05-31 08:45:19,12.76,70.0,0.78,23.114295,74.08227,Mumbai
E000121,C024,P004,2026-04-26 07:17:06,15.35,79.99,0.81,28.485265,75.329735,Jaipur
E000122,C047,P003,2026-02-27 23:36:31,9.37,93.11,0.51,22.103603,75.047296,Pune
E000123,C043,P003,2026-06-07 04:30:23,10.71,92.14,0.84,29.524354,79.88398,Jaipur
E000124,C009,P003,2026-02-05 01:29:02,10.38,82.12,0.67,21.183498,73.501105,Jaipur
E000125,C038,P004,2026-06-05 06:47:15,6.72,73.3,0.16,25.758534,72.59315,Jaipur
E000126,C007,P002,2026-03-02 14:29:51,7.06,68.38,0.09,24.582368,72.418065,Mumbai
E000127,C009,P004,2026-06-02 02:42:45,4.94,94.11,0.64,20.862027,74.135212,Ahmedabad
E000128,C029,P001,2026-04-19 15:05:06,11.09,82.76,0.89,20.049508,70.951174,Jaipur
E000129,C019,P002,2026-03-13 17:48:38,15.14,94.64,0.65,29.428031,74.049808,Delhi
E000130,C007,P004,2026-06-02 22:15:43,10.84,68.2,0.13,27.781362,79.512459,Pune
E000131,C017,P001,2026-03-14 00:05:51,13.62,77.07,0.1,24.721751,71.780264,Ahmedabad
E000132,C021,P003,2026-01-06 08:38:35,11.99,64.9,0.28,29.716424,74.865055,Jaipur
E000133,C016,P003,2026-03-17 13:22:08,15.36,68.26,0.31,26.188783,72.909667,Mumbai
E000134,C014,P004,2026-04-16 07:21:42,13.88,80.52,0.93,25.687663,73.960827,Ahmedabad
E000135,C016,P004,2026-02-15 22:56:53,14.98,87.99,0.63,20.0247,77.517245,Delhi
E000136,C007,P002,2026-02-21 17:12:14,5.28,80.13,0.77,23.235336,77.968456,Pune
E000137,C030,P004,2026-05-27 14:04:47,9.81,92.58,0.34,22.648941,72.881767,Ahmedabad
E000138,C022,P002,2026-01-02 02:03:15,8.96,81.91,0.87,27.149518,75.224035,Ahmedabad
E000139,C013,P002,2026-03-13 18:43:46,10.5,74.56,0.99,24.877653,72.911967,Ahmedabad
E000140,C046,P001,2026-03-14 05:35:03,15.73,69.46,0.97,23.578794,75.868403,Pune
E000141,C028,P004,2026-03-25 04:06:02,7.45,77.28,0.28,20.836807,74.699863,Jaipur
E000142,C020,P002,2026-05-30 17:13:08,10.05,60.77,0.6,20.162087,72.16943,Jaipur
E000143,C004,P004,2026-05-15 08:19:13,15.91,92.31,0.56,25.206853,72.442614,Pune
E000144,C014,P001,2026-06-03 20:52:28,4.95,84.96,0.0,24.493701,74.160081,Jaipur
E000145,C050,P002,2026-01-15 08:52:49,4.62,93.79,0.01,24.840779,75.547681,Jaipur
E000146,C030,P003,2026-04-07 17:09:02,8.05,93.11,0.96,24.902202,78.925616,Mumbai
E000147,C026,P004,2026-01-07 17:17:17,14.2,69.54,0.87,26.870094,77.985126,Mumbai
E000148,C050,P002,2026-02-28 12:56:45,9.27,77.1,0.89,28.68084,72.32278,Ahmedabad
E000149,C003,P002,2026-02-04 18:24:21,12.21,62.89,0.7,29.532221,78.929243,Ahmedabad
E000150,C040,P002,2026-06-27 00:21:37,7.5,82.79,0.87,24.156795,76.208755,Jaipur
E000151,C017,P004,2026-05-16 04:05:05,12.92,81.08,0.16,29.671903,76.593509,Delhi
E000152,C028,P004,2026-02-21 16:14:31,11.31,66.12,0.77,27.34472,72.484605,Pune
E000153,C033,P003,2026-04-04 21:31:14,4.55,76.09,0.94,26.709085,71.586069,Mumbai
E000154,C030,P002,2026-06-21 01:52:47,14.79,77.77,0.08,25.339658,77.084155,Pune
E000155,C013,P004,2026-04-01 23:56:45,11.17,79.15,0.62,27.914079,76.468185,Ahmedabad
E000156,C041,P001,2026-05-14 12:52:52,9.98,62.71,0.28,20.932947,71.760414,Delhi
E000157,C030,P003,2026-03-15 14:13:09,10.3,62.27,0.91,23.344296,72.070262,Pune
E000158,C012,P001,2026-01-20 06:16:46,12.64,73.92,0.91,29.537702,74.223755,Jaipur
E000159,C011,P002,2026-01-18 14:06:49,4.77,72.9,0.95,24.554727,73.236195,Delhi
E000160,C042,P002,2026-06-22 01:21:18,8.37,60.3,0.92,24.743478,75.911718,Pune
E000161,C025,P003,2026-01-29 15:14:18,12.86,94.21,0.69,23.770279,79.063828,Ahmedabad
E000162,C040,P002,2026-01-04 16:42:59,14.52,94.26,0.86,26.757137,75.298113,Delhi
E000163,C032,P003,2026-03-04 15:58:52,10.42,71.11,0.19,20.365589,72.2268,Pune
E000164,C019,P001,2026-02-26 08:39:13,12.32,70.41,0.4,21.504403,70.649226,Jaipur
E000165,C044,P004,2026-05-18 10:40:56,13.24,90.7,0.43,29.388305,73.778285,Mumbai
E000166,C043,P002,2026-01-07 18:52:54,14.92,93.31,0.51,23.300533,77.762867,Jaipur
E000167,C049,P004,2026-05-23 14:56:44,9.52,83.76,0.18,23.536451,75.102876,Pune
E000168,C033,P003,2026-02-24 08:24:41,6.13,67.62,0.24,26.273983,71.413024,Ahmedabad
E000169,C014,P001,2026-04-12 22:32:19,13.28,63.21,0.85,24.105336,76.190489,Jaipur
E000170,C045,P002,2026-06-09 05:32:13,14.95,77.4,0.07,22.521549,75.01029,Delhi
E000171,C016,P002,2026-03-04 00:51:21,8.12,84.07,0.74,27.482959,74.514024,Delhi
E000172,C038,P001,2026-01-03 15:57:35,8.16,68.39,0.77,24.049086,71.9243,Mumbai
E000173,C004,P003,2026-05-03 04:34:46,12.35,72.67,0.6,27.31351,70.912985,Jaipur
E000174,C035,P004,2026-04-08 08:48:58,4.86,64.07,0.45,27.13599,76.23501,Delhi
E000175,C032,P002,2026-02-18 10:01:37,9.11,89.76,0.79,28.756012,73.608244,Mumbai
E000176,C019,P004,2026-05-23 16:58:35,9.48,75.06,0.35,26.556536,73.184964,Mumbai
E000177,C008,P004,2026-06-28 21:44:21,12.8,74.26,0.84,25.574114,77.66891,Pune
E000178,C048,P001,2026-05-21 11:36:39,10.44,60.8,0.45,28.454504,76.836451,Mumbai
E000179,C028,P002,2026-03-30 09:41:43,13.41,79.03,0.1,28.958586,77.481375,Pune
E000180,C024,P001,2026-01-21 03:53:50,6.73,77.02,0.52,24.815619,73.880047,Ahmedabad
E000181,C024,P001,2026-03-25 18:05:54,15.65,91.52,0.07,22.829074,78.879668,Delhi
E000182,C023,P004,2026-02-26 16:51:09,7.28,61.02,0.64,25.107878,71.52011,Jaipur
E000183,C001,P004,2026-06-13 07:16:07,4.5,75.59,0.35,21.317139,74.564197,Jaipur
E000184,C043,P003,2026-02-02 13:08:27,12.68,67.23,0.19,22.045097,77.934306,Jaipur
E000185,C016,P004,2026-03-25 16:57:39,14.19,80.42,0.73,24.419885,79.250863,Mumbai
E000186,C022,P003,2026-04-30 10:18:24,12.82,71.69,0.87,21.460876,71.510465,Ahmedabad
E000187,C037,P002,2026-02-12 18:30:45,9.06,80.16,0.41,21.535572,75.988644,Delhi
E000188,C015,P003,2026-06-15 09:00:50,10.41,83.68,0.73,20.546238,77.475834,Ahmedabad
E000189,C021,P001,2026-01-16 11:42:20,13.62,70.36,0.64,29.343166,72.460718,Pune
E000190,C047,P003,2026-02-26 07:54:32,8.48,74.03,0.91,28.544052,72.27225,Ahmedabad
E000191,C022,P001,2026-02-01 03:16:16,6.38,81.02,0.38,26.166567,73.130261,Mumbai
E000192,C019,P001,2026-06-22 19:25:05,10.24,61.05,0.48,24.628808,74.437353,Jaipur
E000193,C012,P001,2026-01-31 06:17:40,15.09,61.05,0.47,28.345074,70.217557,Pune
E000194,C048,P003,2026-04-28 06:24:34,13.23,66.76,0.41,22.90123,73.621234,Delhi
E000195,C042,P002,2026-02-22 00:52:11,5.7,64.31,0.11,20.2037,74.750606,Jaipur
E000196,C032,P002,2026-05-11 07:32:26,14.12,66.21,0.93,24.352884,72.298001,Ahmedabad
E000197,C006,P004,2026-06-13 19:09:07,10.34,90.73,0.55,25.484226,77.208779,Delhi
E000198,C029,P004,2026-04-22 09:42:34,14.38,76.64,0.83,20.722413,75.46315,Delhi
E000199,C022,P003,2026-02-08 13:54:09,7.26,68.4,0.57,21.523074,70.271608,Jaipur
E000200,C043,P001,2026-01-23 20:57:17,13.17,72.09,0.78,21.922165,74.260892,Delhi
E000201,C007,P004,2026-06-06 00:40:30,4.21,64.67,0.6,20.050897,78.494327,Delhi
E000202,C005,P003,2026-06-04 17:10:17,6.48,67.03,0.3,24.564937,77.065783,Pune
E000203,C043,P002,2026-01-07 08:52:33,14.56,73.16,0.78,21.759636,74.041516,Mumbai
E000204,C030,P004,2026-03-22 10:26:41,10.81,63.41,0.47,27.926889,78.394276,Delhi
E000205,C040,P004,2026-01-31 20:44:42,7.38,84.74,0.0,22.179089,70.529683,Jaipur
E000206,C024,P001,2026-03-31 09:38:22,9.81,89.24,0.39,27.197922,73.876788,Jaipur
E000207,C050,P002,2026-06-24 21:40:17,5.94,74.21,0.66,22.510269,70.231773,Ahmedabad
E000208,C002,P001,2026-01-27 15:49:20,7.69,60.31,0.4,24.038209,72.417626,Mumbai
E000209,C035,P002,2026-05-13 13:54:57,11.58,65.91,0.94,24.529553,72.357437,Delhi
E000210,C032,P001,2026-01-30 15:42:57,9.52,76.46,0.33,24.378152,71.362064,Pune
E000211,C048,P001,2026-06-15 01:47:04,10.11,69.81,0.89,26.067587,74.38001,Pune
E000212,C030,P003,2026-01-14 15:07:03,8.32,85.57,0.37,26.371226,77.040509,Delhi
E000213,C011,P003,2026-04-01 22:35:36,4.36,61.88,0.13,22.484793,79.413839,Pune
E000214,C045,P003,2026-04-18 05:25:40,12.92,92.94,0.43,21.18462,71.069235,Mumbai
E000215,C015,P004,2026-01-22 19:23:29,5.01,74.89,0.24,29.989303,70.151705,Pune
E000216,C032,P003,2026-01-13 01:56:01,6.26,61.65,0.15,22.366331,76.523025,Ahmedabad
E000217,C016,P004,2026-05-10 19:37:52,14.3,82.92,0.99,28.410859,70.398669,Pune
E000218,C050,P003,2026-06-24 11:29:44,14.54,84.13,0.71,22.734612,74.043591,Ahmedabad
E000219,C041,P004,2026-03-02 00:22:38,15.97,64.26,0.82,22.217158,76.142408,Jaipur
E000220,C049,P003,2026-01-29 03:18:19,14.28,64.36,0.55,28.319685,76.827255,Pune
E000221,C050,P001,2026-04-17 00:50:08,5.06,85.65,0.57,22.929869,75.169809,Jaipur
E000222,C022,P002,2026-03-20 02:02:00,9.06,86.07,0.8,27.484789,75.135176,Jaipur
E000223,C024,P001,2026-03-16 18:07:32,4.72,91.56,0.28,22.058172,73.940104,Ahmedabad
E000224,C005,P003,2026-02-20 11:19:17,13.49,71.33,0.71,25.805984,76.656933,Pune
E000225,C021,P004,2026-06-23 16:07:09,5.57,73.03,0.1,20.247708,70.038031,Jaipur
E000226,C021,P004,2026-05-01 06:59:24,14.23,80.92,0.41,29.129136,70.181054,Delhi
E000227,C043,P004,2026-04-03 06:07:51,13.31,66.37,0.26,27.31544,77.307576,Jaipur
E000228,C035,P003,2026-04-05 03:34:48,12.09,65.14,0.08,24.605214,74.035624,Delhi
E000229,C033,P002,2026-04-12 21:36:26,14.96,72.04,0.17,29.243744,72.257016,Ahmedabad
E000230,C008,P002,2026-03-22 12:03:14,6.8,76.37,0.16,22.533342,73.670809,Jaipur
E000231,C005,P001,2026-04-11 03:38:28,6.18,64.77,0.11,25.641674,70.327934,Ahmedabad
E000232,C026,P004,2026-01-21 04:45:12,12.0,64.99,0.28,25.843805,72.173528,Pune
E000233,C030,P001,2026-06-24 00:46:29,12.73,76.12,0.14,27.762348,77.030383,Jaipur
E000234,C017,P001,2026-03-11 17:40:05,8.2,70.49,0.43,22.651203,78.868071,Delhi
E000235,C029,P002,2026-02-02 05:40:52,7.23,86.13,0.53,26.782126,75.051447,Pune
E000236,C016,P001,2026-06-01 21:06:38,7.26,85.74,0.0,20.427719,72.889449,Pune
E000237,C029,P001,2026-01-13 00:49:25,10.15,78.07,0.23,24.700916,76.621739,Pune
E000238,C034,P002,2026-01-24 21:10:50,9.12,94.97,0.25,28.868178,72.096371,Ahmedabad
E000239,C026,P002,2026-04-23 02:23:12,7.62,64.26,0.51,27.260402,78.686503,Delhi
E000240,C042,P002,2026-04-21 07:16:33,10.3,69.85,0.6,24.827679,71.373935,Mumbai
E000241,C044,P002,2026-01-25 00:39:04,15.49,70.89,0.23,23.257677,78.804449,Mumbai
E000242,C005,P001,2026-01-22 23:30:17,9.97,73.47,0.61,26.784875,72.396989,Pune
E000243,C011,P002,2026-02-09 06:11:46,6.01,65.95,0.5,26.140762,71.312983,Mumbai
E000244,C002,P003,2026-04-19 22:25:34,11.12,60.33,0.14,28.019581,77.957773,Jaipur
E000245,C013,P004,2026-03-30 04:52:16,15.09,76.55,0.73,28.829053,70.860098,Pune
E000246,C024,P001,2026-02-06 05:55:41,6.93,87.8,0.49,24.578145,71.631794,Delhi
E000247,C016,P002,2026-06-08 08:42:18,4.38,64.01,0.31,21.974803,78.851667,Jaipur
E000248,C029,P001,2026-05-16 18:44:53,9.55,93.23,0.35,23.364673,74.474351,Delhi
E000249,C046,P002,2026-04-24 02:48:44,6.31,70.1,0.41,28.663795,75.677182,Ahmedabad
E000250,C036,P003,2026-01-15 06:25:08,5.4,66.21,0.19,21.831932,74.856131,Mumbai
E000251,C014,P001,2026-01-08 23:46:27,14.19,72.43,0.1,29.796773,70.617876,Jaipur
E000252,C024,P002,2026-06-23 04:11:27,15.97,90.45,0.13,27.37183,72.708243,Ahmedabad
E000253,C030,P002,2026-02-17 08:35:03,7.83,82.54,0.68,23.068056,76.629183,Delhi
E000254,C025,P002,2026-02-28 11:37:59,5.18,67.87,0.28,26.074907,71.6035,Pune
E000255,C028,P002,2026-05-02 18:26:57,7.49,77.38,0.8,22.110005,75.919975,Delhi
E000256,C044,P002,2026-06-15 22:14:38,10.53,86.59,0.97,25.491544,75.204067,Pune
E000257,C010,P004,2026-01-14 23:10:26,13.92,86.15,0.65,24.093766,75.795009,Pune
E000258,C022,P002,2026-03-25 12:10:57,7.08,72.97,0.78,28.807701,73.428243,Delhi
E000259,C030,P003,2026-05-06 08:05:54,15.13,64.21,0.58,23.55313,77.716389,Pune
E000260,C037,P001,2026-06-17 05:36:38,15.16,78.5,0.21,21.510613,73.835243,Mumbai
E000261,C046,P004,2026-01-09 11:33:21,9.52,64.57,0.62,24.136386,75.168446,Pune
E000262,C025,P004,2026-04-11 06:22:29,13.93,89.85,0.11,25.78782,79.537629,Mumbai
E000263,C003,P002,2026-01-04 19:14:31,4.47,71.99,0.58,21.657731,76.951738,Ahmedabad
E000264,C015,P001,2026-06-30 22:28:24,4.35,79.01,0.81,22.58685,71.414268,Pune
E000265,C023,P001,2026-04-02 05:40:30,10.53,78.53,0.15,24.590881,70.535588,Mumbai
E000266,C040,P004,2026-06-24 07:46:05,4.09,71.16,0.39,22.204545,74.180717,Pune
E000267,C006,P003,2026-06-01 16:31:19,15.4,73.89,0.39,26.240914,79.569778,Delhi
E000268,C049,P002,2026-03-11 21:56:07,13.53,93.71,0.47,28.110464,72.469263,Delhi
E000269,C025,P001,2026-03-14 21:20:20,8.12,67.88,0.61,27.474276,75.277029,Ahmedabad
E000270,C038,P004,2026-01-04 11:43:56,13.41,89.61,0.4,26.294029,78.708228,Ahmedabad
E000271,C002,P004,2026-02-07 15:29:45,7.97,77.91,0.04,23.711366,72.183807,Delhi
E000272,C024,P001,2026-06-12 04:53:26,10.12,61.56,0.04,29.277682,73.237214,Delhi
E000273,C017,P003,2026-05-16 17:08:17,13.67,84.1,0.64,24.622523,71.227818,Delhi
E000274,C046,P002,2026-06-27 21:37:15,9.59,63.38,0.51,23.514892,77.65091,Pune
E000275,C031,P001,2026-06-30 23:37:59,9.94,84.27,0.42,20.262261,73.644425,Mumbai
E000276,C018,P001,2026-03-21 15:00:54,10.96,75.97,0.92,23.238219,75.732888,Mumbai
E000277,C039,P004,2026-01-25 21:06:00,9.44,69.64,0.29,22.163073,77.363387,Delhi
E000278,C029,P003,2026-01-09 11:34:34,12.36,91.85,0.68,29.445599,73.299759,Delhi
E000279,C029,P002,2026-01-15 05:37:23,13.78,76.33,0.8,21.334704,75.094525,Ahmedabad
E000280,C046,P001,2026-06-18 02:26:51,10.71,80.89,0.59,27.498027,72.890487,Delhi
E000281,C036,P001,2026-01-20 18:38:06,15.09,76.44,0.54,24.954564,74.585079,Jaipur
E000282,C014,P002,2026-01-10 12:28:21,9.7,90.32,0.95,27.314708,72.951982,Jaipur
E000283,C037,P004,2026-04-16 13:12:54,9.96,62.4,0.27,24.589401,76.957333,Pune
E000284,C006,P002,2026-02-15 15:44:05,6.37,71.38,0.45,20.214713,79.011994,Mumbai
E000285,C013,P003,2026-03-23 16:22:09,7.84,66.79,0.77,29.496409,79.831167,Mumbai
E000286,C036,P001,2026-04-21 06:58:01,13.76,88.42,0.58,27.846365,73.139792,Jaipur
E000287,C047,P002,2026-06-29 19:49:30,15.01,81.31,0.44,22.624187,72.01941,Jaipur
E000288,C024,P004,2026-05-10 06:01:53,8.21,66.82,0.06,22.974614,72.56128,Ahmedabad
E000289,C029,P002,2026-06-29 05:20:23,7.36,71.37,0.37,21.177086,70.490871,Mumbai
E000290,C037,P004,2026-04-18 18:41:16,4.73,66.39,0.29,27.675075,70.478783,Pune
E000291,C027,P004,2026-02-02 14:29:49,9.55,60.17,0.09,23.049203,79.895249,Mumbai
E000292,C022,P003,2026-01-27 05:30:40,6.24,60.49,0.38,22.616044,71.068235,Ahmedabad
E000293,C020,P004,2026-02-06 20:23:56,15.07,87.2,0.84,27.881255,76.241671,Delhi
E000294,C040,P002,2026-04-09 04:36:55,7.31,77.78,0.82,27.005041,73.898551,Ahmedabad
E000295,C011,P003,2026-05-05 20:37:37,8.49,93.5,0.23,27.94569,78.519433,Jaipur
E000296,C045,P003,2026-01-13 23:23:30,11.04,78.2,0.66,23.480203,78.916406,Mumbai
E000297,C001,P002,2026-03-15 20:30:29,11.53,61.42,0.08,26.742724,72.489911,Jaipur
E000298,C022,P004,2026-01-16 07:08:14,10.59,65.52,0.19,20.456545,70.586107,Delhi
E000299,C033,P001,2026-01-29 13:33:06,13.48,69.96,0.79,27.129795,70.154936,Delhi
E000300,C046,P001,2026-01-27 20:27:01,9.27,67.55,0.44,20.659442,78.974028,Delhi
E000301,C021,P002,2026-06-10 19:22:09,5.33,66.66,0.71,24.62108,78.024061,Mumbai
E000302,C041,P002,2026-04-13 03:03:48,9.18,71.79,0.14,21.002652,70.794106,Mumbai
E000303,C004,P001,2026-01-07 00:30:21,13.78,79.69,0.75,26.181194,71.561523,Pune
E000304,C028,P001,2026-05-13 08:47:31,12.07,73.06,0.19,26.957082,78.048161,Delhi
E000305,C046,P001,2026-02-05 12:49:35,14.85,60.2,0.84,20.113912,72.532213,Jaipur
E000306,C024,P002,2026-05-14 12:27:02,10.29,63.27,0.79,26.762315,71.70793,Pune
E000307,C011,P002,2026-01-03 10:13:57,9.36,63.9,0.06,20.213239,78.169779,Ahmedabad
E000308,C001,P003,2026-02-14 19:03:17,7.0,90.94,0.16,20.090974,74.932232,Jaipur
E000309,C015,P004,2026-01-31 17:49:36,9.89,79.05,0.85,23.318199,73.832228,Pune
E000310,C014,P002,2026-02-10 16:57:04,14.2,91.0,0.75,27.101355,71.433359,Jaipur
E000311,C018,P001,2026-03-23 10:36:46,13.96,82.21,0.57,26.805119,74.312649,Ahmedabad
E000312,C029,P003,2026-02-13 02:17:44,15.67,86.32,0.67,28.66034,76.134453,Ahmedabad
E000313,C012,P003,2026-04-25 10:38:12,14.82,69.03,0.92,27.032365,72.205079,Mumbai
E000314,C042,P003,2026-03-26 13:11:11,5.56,82.85,0.39,20.309615,78.971773,Delhi
E000315,C050,P001,2026-04-24 22:00:19,11.82,70.5,0.93,29.464179,76.997768,Delhi
E000316,C033,P002,2026-01-24 18:41:31,7.37,76.79,0.02,25.953932,78.829999,Ahmedabad
E000317,C043,P004,2026-05-17 08:57:50,5.04,72.93,0.06,28.046412,78.647645,Jaipur
E000318,C022,P001,2026-01-29 23:20:13,8.43,60.73,0.03,21.287166,76.331304,Delhi
E000319,C048,P002,2026-05-19 18:16:38,5.71,77.37,0.43,20.182915,76.322836,Mumbai
E000320,C042,P001,2026-03-02 13:44:42,8.65,74.72,0.86,21.745862,74.347284,Pune
E000321,C030,P002,2026-04-22 20:08:01,10.39,75.22,0.93,20.214367,78.554003,Mumbai
E000322,C039,P001,2026-01-21 12:02:23,13.91,87.36,0.55,22.12078,77.064702,Delhi
E000323,C027,P001,2026-06-02 08:06:33,15.04,89.22,0.96,26.636118,74.093064,Ahmedabad
E000324,C001,P002,2026-04-18 01:11:51,6.82,63.01,0.35,21.455401,71.312505,Delhi
E000325,C032,P002,2026-04-21 10:44:46,12.41,76.78,0.92,23.206388,73.178977,Ahmedabad
E000326,C018,P002,2026-05-16 09:20:11,9.1,91.29,0.31,22.079216,77.812706,Jaipur
E000327,C009,P004,2026-06-21 03:52:44,9.22,71.88,0.56,28.249137,77.150568,Ahmedabad
E000328,C029,P003,2026-02-13 12:16:11,10.06,92.43,0.22,20.809076,77.008867,Jaipur
E000329,C001,P003,2026-02-18 10:28:40,14.87,66.76,0.45,29.153144,78.686258,Pune
E000330,C028,P002,2026-02-16 09:07:52,10.05,85.79,0.69,21.410523,75.821945,Jaipur
E000331,C048,P004,2026-03-24 23:30:17,6.97,93.38,0.32,23.367324,70.258459,Mumbai
E000332,C046,P002,2026-04-11 12:27:01,11.17,68.09,0.88,21.448835,75.877214,Mumbai
E000333,C027,P004,2026-01-01 13:47:44,9.15,82.04,0.58,22.017384,74.943777,Delhi
E000334,C037,P003,2026-05-31 22:19:26,11.2,65.76,0.45,22.346729,70.316003,Pune
E000335,C029,P004,2026-04-16 23:17:55,6.97,77.76,0.55,26.532868,70.603192,Pune
E000336,C050,P002,2026-06-17 09:28:32,8.81,81.23,0.39,22.793391,77.246433,Pune
E000337,C029,P003,2026-02-12 09:28:55,5.39,73.39,0.82,20.097734,77.647958,Pune
E000338,C015,P001,2026-01-29 03:23:25,6.03,85.67,0.29,28.516432,75.749817,Ahmedabad
E000339,C017,P002,2026-06-08 03:56:22,13.25,72.04,0.12,28.475988,75.647223,Ahmedabad
E000340,C043,P003,2026-01-11 13:53:29,6.74,70.58,0.03,21.799347,76.51561,Ahmedabad
E000341,C044,P002,2026-01-07 05:33:22,6.48,94.55,0.12,27.198723,79.009584,Pune
E000342,C017,P004,2026-02-12 05:54:34,6.92,66.72,0.67,22.503874,79.798387,Jaipur
E000343,C038,P003,2026-01-10 15:03:11,10.19,78.61,0.54,25.320669,76.643368,Jaipur
E000344,C047,P003,2026-03-01 16:37:52,15.97,73.14,0.91,27.688383,77.980015,Ahmedabad
E000345,C030,P003,2026-04-21 11:55:39,8.66,86.67,0.17,23.149387,73.010284,Pune
E000346,C005,P002,2026-02-03 14:58:35,14.03,92.72,0.03,26.31794,75.308905,Ahmedabad
E000347,C042,P001,2026-02-11 21:21:10,7.81,87.54,0.2,25.263072,75.874721,Ahmedabad
E000348,C001,P003,2026-04-02 00:24:44,4.95,67.69,0.53,21.75295,78.669644,Mumbai
E000349,C015,P003,2026-01-29 02:48:22,11.39,88.79,0.89,22.455603,76.439338,Delhi
E000350,C040,P004,2026-02-27 09:24:05,11.13,64.05,0.7,23.642191,71.095743,Delhi
E000351,C008,P003,2026-06-24 14:05:49,5.01,72.26,0.08,27.120744,76.293651,Jaipur
E000352,C004,P002,2026-06-13 08:32:13,13.86,62.81,0.13,25.274582,76.545331,Ahmedabad
E000353,C031,P001,2026-03-08 04:59:15,13.53,70.59,0.5,23.523602,73.8436,Ahmedabad
E000354,C024,P003,2026-06-15 16:57:13,15.73,90.69,0.89,20.74039,72.718274,Jaipur
E000355,C009,P003,2026-05-02 23:25:16,8.41,67.79,0.72,25.480153,71.280698,Mumbai
E000356,C042,P002,2026-04-22 16:54:58,6.69,72.31,0.1,26.761581,71.395235,Delhi
E000357,C010,P003,2026-06-24 04:18:55,7.83,90.13,0.55,24.947942,71.62706,Pune
E000358,C016,P001,2026-06-02 03:12:26,11.65,83.22,0.93,24.794567,71.993135,Ahmedabad
E000359,C001,P002,2026-01-29 10:49:16,10.46,67.23,0.73,25.219727,75.600041,Jaipur
E000360,C030,P001,2026-05-08 16:01:47,12.04,64.27,0.17,25.958399,75.963394,Jaipur
E000361,C007,P001,2026-03-22 11:15:39,15.23,88.54,0.41,23.955929,77.808389,Delhi
E000362,C043,P003,2026-01-10 22:13:29,14.6,90.32,0.13,22.195846,76.693966,Jaipur
E000363,C030,P002,2026-05-25 08:09:20,7.4,63.81,0.06,25.666379,73.523522,Jaipur
E000364,C007,P004,2026-03-18 02:21:42,10.72,60.74,0.96,29.291961,74.884295,Ahmedabad
E000365,C036,P003,2026-06-17 09:50:18,11.78,90.85,0.74,21.428691,78.068438,Mumbai
E000366,C003,P002,2026-04-16 16:31:35,14.27,62.91,0.84,23.980743,75.918963,Ahmedabad
E000367,C012,P003,2026-05-14 19:25:05,12.5,89.67,0.57,23.400303,73.903306,Mumbai
E000368,C023,P001,2026-01-18 15:04:45,10.31,87.2,0.19,24.086013,73.056663,Mumbai
E000369,C049,P001,2026-02-22 02:13:00,12.64,77.39,0.28,23.112595,72.18838,Mumbai
E000370,C019,P003,2026-06-19 08:04:58,5.96,82.97,0.68,21.216903,73.180085,Ahmedabad
E000371,C046,P003,2026-04-06 15:38:54,11.17,89.73,0.71,23.240725,73.559324,Ahmedabad
E000372,C009,P003,2026-02-17 22:23:28,8.36,61.46,0.7,24.5314,75.217836,Pune
E000373,C002,P004,2026-01-05 06:41:02,8.87,89.38,0.09,25.471903,77.161642,Ahmedabad
E000374,C032,P004,2026-04-13 20:47:30,4.17,66.24,0.26,27.261838,79.467669,Mumbai
E000375,C029,P004,2026-01-21 05:01:50,9.44,61.18,0.99,28.55223,76.334655,Jaipur
E000376,C048,P002,2026-02-24 09:32:55,5.77,62.49,0.76,22.600347,73.526381,Mumbai
E000377,C021,P004,2026-01-18 21:27:52,6.51,79.12,0.24,25.802357,72.945987,Ahmedabad
E000378,C018,P004,2026-02-02 16:35:13,6.67,70.31,0.91,25.206049,75.226461,Delhi
E000379,C034,P002,2026-05-21 04:16:50,12.09,92.91,0.12,29.495243,74.786129,Pune
E000380,C001,P002,2026-06-19 03:13:45,10.45,61.12,0.17,25.080554,75.072736,Mumbai
E000381,C006,P001,2026-06-03 16:40:15,8.92,78.05,0.4,21.472182,76.392571,Jaipur
E000382,C015,P001,2026-03-30 03:51:59,13.78,64.64,0.69,28.009738,72.620445,Pune
E000383,C028,P001,2026-04-14 20:57:51,9.37,60.12,0.68,28.87228,78.198233,Delhi
E000384,C019,P001,2026-05-04 07:00:50,12.38,74.42,0.09,28.68461,78.510533,Mumbai
E000385,C016,P001,2026-03-27 07:33:57,14.0,88.16,0.46,22.952751,76.669916,Delhi
E000386,C044,P001,2026-03-24 03:21:51,5.43,81.89,0.1,25.456445,70.941668,Jaipur
E000387,C047,P003,2026-06-22 08:29:00,8.72,94.71,0.63,23.441247,76.132842,Pune
E000388,C042,P002,2026-02-10 01:33:26,5.98,88.12,0.08,24.272653,72.9159,Delhi
E000389,C013,P004,2026-03-03 20:22:18,7.2,78.97,0.81,28.086859,79.724541,Jaipur
E000390,C042,P003,2026-02-23 15:32:00,13.64,68.7,0.89,29.850083,71.774839,Pune
E000391,C027,P001,2026-01-30 00:34:17,7.7,60.92,0.17,20.597661,78.123455,Mumbai
E000392,C001,P001,2026-04-09 04:54:01,9.36,80.15,0.15,25.774278,77.95879,Delhi
E000393,C020,P003,2026-04-16 10:55:24,7.14,81.81,0.9,25.909263,77.131109,Mumbai
E000394,C037,P002,2026-01-07 13:57:18,5.67,83.5,0.73,26.742851,73.711411,Pune
E000395,C044,P002,2026-01-11 09:26:09,12.19,86.53,0.84,26.710024,77.18658,Jaipur
E000396,C035,P003,2026-05-20 05:52:28,15.7,75.23,0.5,26.274333,75.083933,Ahmedabad
E000397,C027,P001,2026-04-18 05:34:32,9.23,64.04,0.07,20.255177,76.307229,Ahmedabad
E000398,C033,P003,2026-04-29 03:29:30,13.4,93.78,0.93,24.326357,74.551031,Delhi
E000399,C012,P004,2026-02-18 17:42:11,9.55,77.0,0.2,25.381138,77.530725,Delhi
E000400,C046,P004,2026-05-29 20:46:58,9.45,68.53,0.3,21.553403,70.321654,Jaipur
E000401,C009,P002,2026-04-16 21:04:50,13.02,72.49,0.9,26.511793,79.361662,Ahmedabad
E000402,C014,P002,2026-01-19 05:24:48,5.67,79.36,0.22,29.421424,78.428118,Ahmedabad
E000403,C044,P002,2026-06-30 17:13:04,4.77,80.54,0.4,26.319934,77.169313,Mumbai
E000404,C038,P004,2026-03-13 19:17:02,9.93,90.28,0.5,20.493646,74.92007,Delhi
E000405,C017,P004,2026-03-14 21:01:02,6.39,72.1,0.13,20.411117,72.387651,Ahmedabad
E000406,C035,P003,2026-05-30 13:21:20,7.33,81.26,0.67,28.054985,78.663218,Ahmedabad
E000407,C033,P004,2026-06-21 03:40:25,12.17,87.15,0.85,22.724445,72.073746,Jaipur
E000408,C014,P001,2026-06-23 10:27:59,11.19,87.16,0.8,25.864844,78.912596,Ahmedabad
E000409,C027,P004,2026-04-03 15:25:28,7.63,72.72,0.33,22.269702,79.744891,Pune
E000410,C047,P001,2026-06-22 20:10:15,13.82,76.26,0.87,26.411352,79.648352,Pune
E000411,C013,P003,2026-05-30 03:45:37,6.26,66.92,0.07,21.064251,75.100768,Ahmedabad
E000412,C008,P004,2026-02-05 02:54:15,10.47,91.04,0.26,29.249557,74.279786,Ahmedabad
E000413,C017,P002,2026-03-18 21:57:10,12.03,79.65,0.65,25.076022,75.203072,Ahmedabad
E000414,C037,P002,2026-01-15 09:15:06,7.77,72.01,0.54,20.610561,71.183183,Delhi
E000415,C043,P003,2026-04-05 19:12:45,12.24,86.46,0.83,21.484125,76.149024,Ahmedabad
E000416,C012,P003,2026-06-06 23:26:32,13.0,68.84,0.81,24.677816,77.623147,Delhi
E000417,C020,P003,2026-05-14 10:31:08,8.6,83.95,0.54,20.684595,76.064554,Ahmedabad
E000418,C012,P002,2026-04-03 03:35:18,7.07,62.82,0.91,26.92718,79.97202,Delhi
E000419,C045,P002,2026-02-23 21:14:15,5.77,66.32,0.06,23.514095,73.114215,Delhi
E000420,C007,P001,2026-04-13 09:37:52,14.12,90.89,0.44,23.334583,70.656249,Delhi
E000421,C025,P004,2026-06-05 01:01:41,6.72,73.85,0.45,20.597773,76.249478,Delhi
E000422,C037,P002,2026-06-02 07:48:16,12.47,61.63,0.55,26.483779,77.214186,Delhi
E000423,C013,P004,2026-06-28 21:29:37,4.62,70.94,0.05,25.275433,70.758293,Pune
E000424,C007,P002,2026-03-15 04:15:33,4.47,77.53,0.91,23.443836,75.340328,Delhi
E000425,C003,P002,2026-06-08 05:50:23,4.66,94.5,0.8,25.476552,75.909333,Ahmedabad
E000426,C017,P002,2026-03-10 14:25:41,6.65,69.52,0.48,23.680988,70.323037,Delhi
E000427,C043,P004,2026-04-07 01:06:56,12.52,92.25,0.69,20.65762,74.038641,Pune
E000428,C033,P002,2026-03-28 16:19:49,10.6,89.64,0.11,26.573323,70.327926,Ahmedabad
E000429,C030,P001,2026-04-12 10:17:13,13.45,70.37,0.01,23.358986,79.595517,Pune
E000430,C007,P001,2026-02-03 19:19:54,6.5,64.46,0.06,24.013044,70.504309,Mumbai
E000431,C016,P003,2026-02-27 17:09:22,11.01,68.93,0.11,26.934499,72.953386,Mumbai
E000432,C005,P002,2026-05-14 02:40:54,14.29,72.05,0.33,28.638983,76.658916,Pune
E000433,C017,P002,2026-04-07 05:13:28,12.06,86.78,0.99,23.734006,77.647105,Jaipur
E000434,C017,P001,2026-04-14 21:33:52,12.55,87.93,0.57,28.274211,70.418907,Pune
E000435,C011,P002,2026-03-02 20:29:15,9.26,72.08,0.15,22.620957,75.239208,Jaipur
E000436,C026,P002,2026-03-15 19:03:28,4.91,77.55,0.94,24.482538,75.327735,Ahmedabad
E000437,C040,P002,2026-06-23 19:18:43,7.86,69.08,0.26,20.923812,75.526816,Mumbai
E000438,C001,P004,2026-01-13 11:03:27,8.02,83.27,0.33,20.849675,71.900334,Mumbai
E000439,C044,P003,2026-05-20 15:51:53,8.48,89.63,0.64,26.965475,73.922698,Ahmedabad
E000440,C039,P001,2026-05-22 23:54:05,12.1,73.34,0.91,20.031516,73.434736,Mumbai
E000441,C028,P002,2026-03-17 21:50:38,14.58,64.16,0.61,26.806757,72.336678,Jaipur
E000442,C003,P004,2026-02-09 01:04:17,14.34,67.43,0.76,24.373334,75.645679,Jaipur
E000443,C021,P004,2026-03-09 09:24:40,7.87,62.61,0.26,22.587239,78.254365,Jaipur
E000444,C009,P002,2026-01-14 02:33:29,8.9,87.27,0.18,23.627171,72.96696,Ahmedabad
E000445,C047,P003,2026-03-20 02:13:02,11.83,84.9,0.44,25.716806,70.898563,Ahmedabad
E000446,C034,P004,2026-06-09 15:14:47,15.82,85.63,0.07,27.980483,72.896502,Delhi
E000447,C012,P002,2026-02-06 09:24:01,14.54,87.16,0.72,23.801829,76.072034,Mumbai
E000448,C031,P004,2026-04-27 18:29:51,5.36,63.0,0.02,27.184789,70.865809,Mumbai
E000449,C015,P003,2026-02-06 10:41:28,4.46,86.58,0.35,26.455763,73.514565,Pune
E000450,C046,P001,2026-03-12 21:33:22,10.04,77.93,0.65,22.942928,73.228682,Delhi
E000451,C002,P001,2026-02-24 14:43:03,6.58,90.66,0.97,26.908007,76.351825,Mumbai
E000452,C026,P003,2026-06-17 20:33:28,6.42,74.32,0.24,28.851791,70.147442,Delhi
E000453,C010,P002,2026-01-16 12:20:47,9.83,73.88,0.34,25.638863,79.251011,Mumbai
E000454,C027,P004,2026-02-15 22:02:33,10.93,72.94,0.64,25.3259,77.950848,Ahmedabad
E000455,C050,P004,2026-04-11 11:30:27,4.47,77.84,0.99,22.713247,75.426924,Jaipur
E000456,C045,P004,2026-04-18 05:05:25,14.07,64.2,0.64,26.167789,79.488852,Jaipur
E000457,C019,P001,2026-02-20 01:41:01,4.55,70.81,0.3,27.020613,74.433725,Jaipur
E000458,C033,P002,2026-01-18 04:33:50,5.35,68.18,0.79,20.712271,73.624908,Mumbai
E000459,C036,P004,2026-02-26 02:55:58,9.68,63.74,0.79,25.481176,78.663714,Jaipur
E000460,C014,P004,2026-02-13 16:03:06,10.49,61.13,0.23,20.125402,78.476936,Jaipur
E000461,C014,P004,2026-01-30 05:44:58,6.49,79.99,0.61,22.719547,70.08257,Pune
E000462,C022,P001,2026-04-21 23:02:23,5.46,70.04,0.78,27.107337,73.161891,Pune
E000463,C012,P003,2026-01-31 22:25:00,5.12,65.41,0.13,26.513497,73.971077,Delhi
E000464,C003,P002,2026-05-06 14:06:55,13.94,76.33,0.75,22.533262,74.793501,Pune
E000465,C018,P004,2026-04-09 17:42:00,11.33,61.48,0.67,23.727132,79.716523,Jaipur
E000466,C042,P004,2026-04-05 20:07:38,13.87,64.1,0.89,27.507374,70.110102,Ahmedabad
E000467,C040,P002,2026-06-16 04:07:22,12.65,62.73,0.76,24.417241,76.156413,Ahmedabad
E000468,C049,P004,2026-02-02 10:07:50,7.89,77.11,0.87,22.267772,76.627216,Mumbai
E000469,C044,P002,2026-04-23 09:03:55,5.29,66.16,0.46,20.192121,72.812744,Pune
E000470,C048,P002,2026-02-21 15:45:49,10.29,84.62,0.47,27.074288,72.227165,Ahmedabad
E000471,C045,P004,2026-03-08 14:44:59,5.95,68.71,0.35,20.066465,72.277752,Jaipur
E000472,C041,P001,2026-05-05 10:01:41,11.18,66.84,0.66,24.372952,75.575464,Pune
E000473,C013,P003,2026-03-06 11:31:40,10.56,72.5,0.37,21.876129,74.463135,Ahmedabad
E000474,C034,P001,2026-02-18 14:55:10,6.26,80.53,0.05,25.59325,77.387818,Pune
E000475,C020,P003,2026-01-24 03:04:23,10.81,79.31,0.72,28.947552,75.378766,Delhi
E000476,C016,P001,2026-02-04 01:03:46,6.48,66.46,0.19,25.82022,77.460238,Pune
E000477,C016,P004,2026-03-19 07:42:34,10.4,76.39,0.11,29.767394,71.411354,Mumbai
E000478,C012,P003,2026-06-23 00:59:07,4.86,77.96,0.6,28.355315,73.328123,Delhi
E000479,C029,P004,2026-04-10 17:10:51,11.03,85.77,0.03,29.676516,76.417211,Jaipur
E000480,C046,P003,2026-06-15 13:39:14,10.3,78.63,0.02,29.884995,76.266204,Delhi
E000481,C018,P001,2026-03-11 03:48:00,9.92,86.25,0.11,24.850056,71.255008,Mumbai
E000482,C027,P004,2026-05-27 13:30:05,13.51,63.1,0.15,22.190685,77.883468,Mumbai
E000483,C009,P004,2026-06-08 16:42:47,13.49,76.24,0.88,21.187715,78.275658,Mumbai
E000484,C002,P003,2026-02-25 03:57:21,13.32,90.19,0.84,22.351687,73.99823,Delhi
E000485,C041,P002,2026-02-17 22:57:28,8.96,61.45,0.78,24.852287,77.127791,Mumbai
E000486,C035,P003,2026-06-25 15:33:29,6.24,90.51,0.08,21.205173,75.314753,Jaipur
E000487,C013,P002,2026-06-06 22:00:06,10.74,72.79,0.21,25.244741,73.374347,Mumbai
E000488,C024,P004,2026-05-30 05:59:30,8.66,86.08,0.95,21.494346,78.400586,Pune
E000489,C003,P003,2026-03-27 06:11:41,15.92,89.88,0.89,29.356191,70.020269,Delhi
E000490,C014,P002,2026-01-19 11:05:59,7.97,84.3,0.52,21.724071,70.896645,Jaipur
E000491,C030,P003,2026-04-07 02:53:26,14.15,88.73,0.49,28.722597,76.119838,Pune
E000492,C032,P001,2026-03-15 16:53:19,4.55,61.6,0.62,27.936905,79.137809,Jaipur
E000493,C046,P003,2026-02-23 21:16:32,5.92,75.69,0.76,27.876282,75.353974,Mumbai
E000494,C023,P001,2026-01-08 16:45:09,9.73,84.43,0.88,22.123529,74.901763,Delhi
E000495,C021,P002,2026-02-21 02:13:25,10.38,73.82,0.12,21.577244,77.104847,Pune
E000496,C034,P004,2026-04-07 10:57:52,13.39,72.31,0.34,28.698798,77.093985,Mumbai
E000497,C029,P004,2026-03-02 11:55:48,4.44,83.81,0.85,24.835105,72.887031,Jaipur
E000498,C031,P002,2026-03-04 20:41:08,15.79,89.33,0.67,24.455107,72.797783,Jaipur
E000499,C018,P001,2026-01-25 02:04:38,14.49,90.82,0.54,29.810907,75.000076,Delhi
E000500,C028,P003,2026-06-16 19:22:36,8.19,94.8,0.14,29.57777,71.732909,Delhi
E000501,C012,P002,2026-03-04 09:36:19,14.99,71.3,0.65,21.315491,76.650813,Pune
E000502,C016,P004,2026-04-09 04:22:02,13.24,81.84,0.4,21.350767,79.758016,Jaipur
E000503,C038,P001,2026-04-19 08:11:48,5.13,90.53,0.98,28.630366,74.681598,Jaipur
E000504,C029,P003,2026-02-19 04:14:22,12.93,83.3,0.15,22.652483,74.144258,Mumbai
E000505,C007,P002,2026-05-14 08:12:41,5.48,86.96,0.94,28.275661,72.808178,Jaipur
E000506,C041,P003,2026-06-14 19:15:58,6.51,85.26,0.86,25.803114,77.85257,Mumbai
E000507,C046,P002,2026-06-10 06:49:30,4.52,63.2,0.33,20.482463,78.11916,Delhi
E000508,C035,P002,2026-02-02 10:24:36,10.03,92.58,0.09,25.786195,71.941071,Pune
E000509,C036,P002,2026-06-02 17:58:28,5.69,67.0,0.12,24.564268,71.093528,Jaipur
E000510,C045,P004,2026-05-06 04:39:58,8.02,82.11,0.36,25.095827,76.770389,Ahmedabad
E000511,C010,P001,2026-03-18 12:35:13,14.03,94.94,0.42,22.538148,78.016303,Mumbai
E000512,C009,P001,2026-01-26 14:42:34,7.27,75.42,0.68,28.932995,75.05119,Mumbai
E000513,C039,P001,2026-03-21 04:05:09,14.99,77.16,0.79,23.492853,76.344694,Pune
E000514,C021,P001,2026-04-16 09:35:31,7.06,72.78,0.04,24.657154,71.593572,Jaipur
E000515,C036,P003,2026-02-15 18:49:26,6.09,77.21,0.73,26.90766,78.041101,Delhi
E000516,C021,P002,2026-04-22 08:58:41,11.17,91.57,0.45,25.997484,72.59892,Jaipur
E000517,C002,P004,2026-01-17 14:28:35,15.25,81.35,0.27,22.280639,76.113707,Mumbai
E000518,C007,P002,2026-06-05 04:11:04,14.35,75.19,0.22,29.269598,73.804953,Pune
E000519,C006,P001,2026-01-04 04:12:45,12.82,65.67,0.76,23.56966,73.587802,Mumbai
E000520,C040,P001,2026-04-22 21:05:03,7.45,91.13,0.08,21.470608,76.300408,Delhi
E000521,C006,P001,2026-01-29 05:59:50,14.92,63.65,0.75,21.818085,74.809888,Jaipur
E000522,C002,P001,2026-02-09 17:38:10,6.84,70.07,0.39,24.048793,73.081577,Delhi
E000523,C015,P004,2026-02-17 14:31:03,4.53,85.97,0.43,26.138122,74.138875,Jaipur
E000524,C030,P003,2026-04-27 13:20:08,15.18,61.68,0.46,21.792744,77.863387,Mumbai
E000525,C025,P004,2026-04-29 08:51:55,8.64,77.44,0.95,28.07537,73.637365,Ahmedabad
E000526,C024,P001,2026-02-13 10:06:19,9.59,60.23,0.5,28.115898,79.976453,Delhi
E000527,C013,P004,2026-03-28 16:00:18,15.12,75.15,0.68,26.585183,75.77764,Mumbai
E000528,C042,P004,2026-06-12 06:07:34,11.71,60.63,0.88,21.677516,78.276938,Mumbai
E000529,C026,P002,2026-05-09 09:51:00,5.36,93.23,0.85,24.709091,77.162245,Jaipur
E000530,C037,P001,2026-03-13 07:46:55,14.57,81.35,0.62,25.013963,74.159494,Delhi
E000531,C015,P002,2026-03-20 16:18:22,11.27,75.21,0.35,28.675095,74.067151,Pune
E000532,C016,P003,2026-04-21 08:13:20,15.9,60.8,0.02,28.146279,72.718563,Jaipur
E000533,C009,P004,2026-06-06 15:19:26,12.58,75.47,0.45,22.199552,78.676447,Pune
E000534,C029,P002,2026-01-08 13:37:46,12.82,60.97,0.72,27.603684,79.343928,Jaipur
E000535,C016,P003,2026-04-17 03:17:14,14.52,69.32,0.54,26.783363,78.73541,Delhi
E000536,C001,P003,2026-03-14 18:15:49,6.16,80.68,0.88,22.854117,74.349922,Delhi
E000537,C003,P001,2026-04-28 01:20:49,15.61,64.15,0.94,29.357797,76.734798,Ahmedabad
E000538,C021,P001,2026-03-20 13:08:59,4.54,77.2,0.92,29.024724,74.681581,Mumbai
E000539,C003,P002,2026-03-17 09:30:27,14.54,86.85,0.8,27.38628,73.204926,Jaipur
E000540,C029,P003,2026-03-18 12:26:32,5.27,81.37,0.91,28.601763,79.045907,Ahmedabad
E000541,C039,P003,2026-03-22 01:36:32,4.91,84.17,0.74,20.395122,76.670428,Pune
E000542,C025,P004,2026-02-13 15:04:32,14.1,60.74,0.06,27.774805,71.957616,Delhi
E000543,C020,P003,2026-02-23 15:42:11,12.22,69.92,0.57,25.207792,73.118748,Mumbai
E000544,C050,P002,2026-01-10 14:48:18,4.13,79.64,0.2,23.965707,71.878922,Delhi
E000545,C034,P003,2026-01-06 09:26:18,5.13,61.26,0.75,24.867823,73.919171,Delhi
E000546,C012,P002,2026-03-26 05:24:03,4.2,85.32,0.15,29.485479,75.677544,Ahmedabad
E000547,C003,P001,2026-06-09 09:36:41,9.07,62.69,0.27,21.781397,72.027624,Jaipur
E000548,C050,P003,2026-04-01 14:20:01,8.8,67.09,0.65,23.867568,78.162835,Ahmedabad
E000549,C027,P004,2026-03-30 10:39:50,8.1,94.7,0.58,28.958917,79.992357,Pune
E000550,C039,P001,2026-06-16 17:05:54,12.47,67.39,0.89,24.520265,76.00327,Jaipur
E000551,C031,P001,2026-02-23 17:48:17,15.78,75.3,0.27,26.641715,71.162183,Jaipur
E000552,C006,P001,2026-06-25 17:25:24,6.08,72.79,0.06,20.241763,70.932896,Pune
E000553,C029,P001,2026-04-25 16:41:41,13.85,81.64,0.49,21.1757,75.236143,Delhi
E000554,C041,P002,2026-06-22 10:06:54,12.21,79.87,0.88,20.728415,73.716046,Jaipur
E000555,C014,P003,2026-06-19 13:24:10,11.77,72.46,0.81,29.487765,78.704519,Ahmedabad
E000556,C027,P003,2026-05-23 19:55:20,10.64,62.42,0.91,28.751437,70.107592,Pune
E000557,C005,P003,2026-02-01 11:57:37,14.01,64.44,0.7,24.317792,77.738089,Delhi
E000558,C040,P002,2026-06-02 21:55:08,10.54,90.39,0.72,20.52476,75.492369,Delhi
E000559,C018,P002,2026-01-30 20:32:03,9.23,79.64,0.99,26.343642,70.765398,Delhi
E000560,C037,P003,2026-04-27 04:42:29,13.65,87.0,0.25,27.402259,72.787485,Jaipur
E000561,C007,P001,2026-02-25 02:03:23,14.47,75.74,0.73,27.65298,78.409533,Pune
E000562,C008,P002,2026-04-02 23:14:23,5.06,66.04,0.54,29.47366,74.031956,Ahmedabad
E000563,C026,P001,2026-03-19 00:50:59,13.89,77.16,0.34,29.73044,75.838808,Mumbai
E000564,C049,P003,2026-06-26 12:04:10,11.52,68.22,1.0,22.472021,72.613179,Mumbai
E000565,C028,P004,2026-04-15 07:45:22,9.24,62.82,0.82,28.446072,75.493986,Ahmedabad
E000566,C007,P002,2026-05-01 08:31:55,4.23,76.3,0.23,29.483319,70.405531,Pune
E000567,C036,P001,2026-01-13 10:21:20,15.54,71.01,0.89,23.497253,76.810749,Jaipur
E000568,C019,P001,2026-04-24 00:31:05,11.16,70.71,0.74,25.176224,76.834765,Pune
E000569,C018,P003,2026-05-26 11:20:01,8.2,66.56,0.1,29.60747,77.309579,Mumbai
E000570,C001,P003,2026-04-15 20:07:36,7.25,62.96,0.28,28.456219,77.911554,Jaipur
E000571,C014,P003,2026-04-06 23:37:52,10.88,70.86,0.65,23.777705,76.293308,Delhi
E000572,C003,P004,2026-01-28 04:40:16,11.45,75.24,0.88,28.787155,73.289842,Delhi
E000573,C033,P003,2026-02-28 10:06:22,15.74,88.13,0.6,26.546861,70.577036,Delhi
E000574,C025,P004,2026-04-06 02:24:17,9.06,66.15,0.11,27.519396,78.279561,Ahmedabad
E000575,C007,P002,2026-04-05 09:51:46,11.18,86.44,0.56,27.882127,77.157529,Delhi
E000576,C008,P001,2026-01-10 18:15:41,14.46,88.89,0.01,20.834667,73.465003,Jaipur
E000577,C009,P002,2026-02-02 00:52:12,9.96,65.45,0.81,23.051068,73.733474,Jaipur
E000578,C036,P003,2026-03-01 01:00:53,5.92,94.61,0.84,28.080645,79.022228,Delhi
E000579,C040,P004,2026-05-31 21:36:31,11.24,81.17,0.61,27.48203,73.776234,Jaipur
E000580,C006,P004,2026-04-02 02:05:54,13.84,60.15,0.56,27.400229,73.137233,Ahmedabad
E000581,C035,P004,2026-05-02 15:20:51,10.29,88.13,0.9,25.164084,79.007625,Ahmedabad
E000582,C005,P002,2026-02-05 16:48:14,4.91,90.29,0.73,26.097856,74.530929,Mumbai
E000583,C032,P003,2026-05-21 23:55:50,5.59,90.96,0.77,24.388911,71.908232,Ahmedabad
E000584,C027,P001,2026-06-02 12:48:50,7.97,84.59,0.38,25.375549,79.411521,Pune
E000585,C021,P001,2026-05-10 12:36:12,9.36,85.29,0.77,24.463285,79.484418,Delhi
E000586,C038,P003,2026-02-20 20:12:36,14.37,82.16,0.8,28.424438,74.955782,Ahmedabad
E000587,C026,P002,2026-03-04 11:36:43,4.98,89.19,0.93,29.141322,75.75601,Pune
E000588,C045,P003,2026-04-05 15:08:24,9.73,78.95,0.08,22.204698,73.442977,Jaipur
E000589,C018,P001,2026-05-11 20:42:48,13.22,92.48,0.8,28.085203,74.839726,Pune
E000590,C045,P004,2026-04-11 02:21:05,7.52,90.63,0.26,22.389873,73.171501,Jaipur
E000591,C045,P001,2026-04-26 13:18:34,11.97,84.19,0.01,22.6242,77.181457,Jaipur
E000592,C035,P003,2026-05-04 07:12:13,13.91,67.25,0.13,26.473915,70.550173,Mumbai
E000593,C016,P003,2026-05-09 01:08:24,6.32,76.55,0.11,27.938079,78.47317,Ahmedabad
E000594,C042,P002,2026-04-26 11:48:22,12.6,86.65,0.89,23.623341,71.886968,Ahmedabad
E000595,C023,P002,2026-05-06 21:39:50,10.07,71.11,0.38,23.872586,76.246949,Pune
E000596,C048,P004,2026-05-31 23:22:08,10.39,80.09,0.78,22.140619,78.073335,Ahmedabad
E000597,C021,P002,2026-03-10 20:57:29,13.64,76.76,0.24,23.143185,77.352671,Mumbai
E000598,C023,P004,2026-02-12 05:57:43,15.55,73.93,0.6,28.649165,72.140819,Pune
E000599,C048,P002,2026-01-21 08:54:23,4.08,75.08,0.15,28.700603,76.720363,Jaipur
E000600,C022,P004,2026-01-07 20:44:46,10.1,88.58,0.87,25.365351,79.820724,Jaipur
E000601,C019,P001,2026-04-01 04:32:01,13.79,79.08,0.74,21.852497,78.186871,Pune
E000602,C030,P003,2026-02-18 15:32:54,15.06,75.35,0.6,29.880078,71.923875,Pune
E000603,C006,P003,2026-06-02 05:24:38,4.76,94.03,0.39,24.69782,74.501813,Mumbai
E000604,C028,P003,2026-03-05 21:51:51,13.88,93.35,0.83,21.639687,75.014005,Mumbai
E000605,C022,P001,2026-05-10 20:04:42,10.0,79.92,0.11,25.133667,74.225281,Pune
E000606,C048,P002,2026-06-08 23:39:04,10.16,60.42,0.34,26.422993,78.710113,Pune
E000607,C007,P001,2026-05-23 11:06:58,5.74,86.4,0.9,28.584418,73.812937,Mumbai
E000608,C008,P002,2026-04-07 17:32:09,14.25,61.49,0.33,21.336552,79.15598,Ahmedabad
E000609,C037,P002,2026-03-28 07:47:10,15.02,68.81,0.51,20.970818,70.808028,Pune
E000610,C024,P002,2026-02-27 14:58:54,8.14,68.31,0.4,27.881231,77.742901,Mumbai
E000611,C005,P004,2026-06-13 16:37:09,7.18,87.2,0.82,27.838283,74.263945,Pune
E000612,C032,P002,2026-04-05 11:45:40,7.68,85.01,0.55,26.630865,76.596733,Mumbai
E000613,C037,P001,2026-06-23 02:18:29,5.98,63.2,0.16,28.365316,78.898496,Pune
E000614,C008,P001,2026-03-12 19:35:58,6.32,61.83,0.02,26.938916,79.144005,Jaipur
E000615,C024,P004,2026-06-25 08:12:35,8.65,60.59,0.75,25.18878,73.710426,Mumbai
E000616,C016,P003,2026-05-16 03:20:53,13.66,94.48,0.34,25.239955,72.945978,Delhi
E000617,C006,P002,2026-04-08 04:59:46,10.26,82.94,0.64,21.157035,76.240646,Delhi
E000618,C043,P002,2026-03-13 03:23:55,6.69,80.76,0.79,29.460864,72.563755,Pune
E000619,C019,P004,2026-06-24 07:18:15,9.17,94.79,0.14,27.498177,75.496924,Pune
E000620,C031,P004,2026-04-16 13:31:20,6.3,69.05,0.81,24.286365,79.871683,Mumbai
E000621,C034,P002,2026-05-08 20:20:41,8.53,78.53,0.75,28.508383,70.473219,Delhi
E000622,C047,P004,2026-01-27 22:44:00,6.33,86.91,0.75,24.214339,75.680483,Ahmedabad
E000623,C008,P004,2026-06-01 06:43:53,7.75,84.26,0.15,26.417598,71.764458,Delhi
E000624,C040,P001,2026-02-28 06:55:36,11.58,75.28,0.19,22.25358,72.01626,Mumbai
E000625,C050,P004,2026-03-29 23:51:41,8.1,65.72,0.18,23.515078,70.285546,Ahmedabad
E000626,C044,P003,2026-01-03 07:32:38,8.07,73.83,0.1,27.605899,72.567453,Mumbai
E000627,C008,P004,2026-03-18 17:49:10,13.61,81.73,0.78,27.461037,74.873346,Pune
E000628,C009,P003,2026-05-09 16:22:56,4.77,92.76,0.0,27.296009,78.356519,Mumbai
E000629,C046,P004,2026-02-05 01:06:20,9.74,62.93,0.53,20.994625,75.064352,Mumbai
E000630,C028,P002,2026-05-31 03:37:25,6.99,93.76,0.12,22.001132,70.303329,Mumbai
E000631,C028,P002,2026-02-01 23:14:07,13.21,91.66,0.29,22.791604,70.12917,Ahmedabad
E000632,C006,P002,2026-02-05 21:25:06,13.69,69.81,0.67,26.059022,70.422142,Delhi
E000633,C017,P003,2026-03-30 22:48:07,15.24,73.64,0.27,28.17659,78.929697,Pune
E000634,C036,P003,2026-05-25 00:39:50,11.78,93.16,0.48,21.630045,73.165801,Jaipur
E000635,C024,P003,2026-05-26 08:32:26,9.97,62.55,0.09,21.526551,73.46302,Pune
E000636,C010,P004,2026-02-03 22:47:38,11.96,76.57,0.85,25.775198,72.338143,Pune
E000637,C036,P003,2026-02-21 06:59:24,11.76,83.35,0.07,29.314108,72.913213,Delhi
E000638,C006,P004,2026-03-04 19:24:31,14.08,66.5,0.48,22.629766,72.980748,Ahmedabad
E000639,C003,P002,2026-06-21 00:37:39,5.95,64.81,0.8,28.819064,72.180225,Ahmedabad
E000640,C001,P003,2026-06-23 18:24:00,7.31,63.85,0.89,26.164439,71.563742,Mumbai
E000641,C005,P001,2026-02-21 22:16:49,8.91,72.05,0.42,22.765547,79.338821,Mumbai
E000642,C038,P003,2026-05-11 20:59:15,9.54,94.92,0.71,29.706442,72.925808,Pune
E000643,C029,P004,2026-04-29 20:14:40,9.61,60.7,0.98,20.261376,70.902103,Pune
E000644,C037,P001,2026-01-23 20:23:20,7.61,94.33,0.53,27.170311,72.719272,Delhi
E000645,C029,P002,2026-06-29 09:17:27,6.83,86.26,0.66,26.438323,74.638476,Delhi
E000646,C043,P001,2026-01-29 05:13:40,7.06,66.97,0.49,21.997174,75.302961,Pune
E000647,C025,P001,2026-05-27 14:43:26,6.83,69.04,0.81,28.768072,73.554712,Pune
E000648,C006,P003,2026-06-06 00:42:45,14.24,88.03,0.5,27.18843,73.249633,Ahmedabad
E000649,C012,P003,2026-05-12 06:19:15,10.2,89.47,1.0,21.205184,78.888895,Jaipur
E000650,C013,P003,2026-06-19 20:16:47,13.74,84.11,0.74,21.56794,75.653257,Mumbai
E000651,C028,P002,2026-05-08 04:04:30,15.2,60.38,0.6,20.341724,72.398848,Jaipur
E000652,C027,P004,2026-03-01 13:37:17,14.78,61.13,0.39,24.309905,71.452216,Jaipur
E000653,C038,P002,2026-03-23 23:14:28,7.67,63.92,0.93,22.420423,78.750881,Delhi
E000654,C033,P001,2026-06-11 21:54:49,8.87,70.65,0.1,21.400763,75.698063,Mumbai
E000655,C043,P003,2026-03-10 16:31:57,12.27,84.19,0.35,25.5437,71.091628,Pune
E000656,C002,P001,2026-03-04 15:46:05,7.35,65.55,0.18,26.835917,75.331436,Jaipur
E000657,C005,P002,2026-05-28 00:51:34,6.43,85.38,0.12,24.941214,70.271156,Jaipur
E000658,C036,P004,2026-01-28 12:32:27,8.04,80.55,0.35,26.754449,79.621554,Delhi
E000659,C043,P001,2026-05-25 08:55:52,11.69,75.87,0.16,24.577367,78.228941,Ahmedabad
E000660,C036,P002,2026-03-28 09:15:34,12.76,68.97,0.24,25.599094,77.564934,Ahmedabad
E000661,C030,P002,2026-04-18 20:45:13,7.12,61.28,0.03,23.192165,78.20588,Delhi
E000662,C049,P004,2026-03-24 15:43:35,5.53,60.68,0.85,28.002834,74.055234,Mumbai
E000663,C049,P003,2026-01-26 14:14:35,11.21,65.93,0.73,22.090615,70.088762,Jaipur
E000664,C016,P002,2026-02-10 19:42:07,15.53,62.05,0.16,29.17325,72.007051,Delhi
E000665,C016,P002,2026-02-02 13:55:24,10.14,82.12,0.29,22.746404,75.958989,Mumbai
E000666,C030,P004,2026-06-20 06:43:03,15.6,62.04,0.73,27.729047,75.748523,Delhi
E000667,C011,P001,2026-04-15 14:08:32,15.53,76.0,0.26,25.075499,72.492329,Ahmedabad
E000668,C013,P004,2026-04-21 02:20:48,13.54,71.07,0.76,25.651561,72.139783,Pune
E000669,C010,P002,2026-04-22 10:56:59,12.46,87.27,0.38,24.196949,71.470511,Ahmedabad
E000670,C043,P002,2026-03-26 07:34:30,10.1,88.34,0.62,29.821029,73.319566,Jaipur
E000671,C003,P002,2026-03-25 23:35:24,10.96,83.9,0.19,26.670175,74.82403,Mumbai
E000672,C034,P002,2026-06-06 13:38:41,5.82,62.83,0.77,20.884942,75.542965,Ahmedabad
E000673,C031,P001,2026-03-03 20:02:09,15.6,68.95,0.73,24.546505,72.338735,Pune
E000674,C037,P004,2026-06-19 18:42:44,7.4,81.63,0.41,28.877401,76.317106,Delhi
E000675,C049,P002,2026-04-13 22:17:43,4.28,74.55,0.2,22.929753,70.617725,Pune
E000676,C026,P002,2026-06-26 21:20:33,9.56,66.59,0.83,20.453085,72.229815,Delhi
E000677,C046,P004,2026-01-14 08:05:27,8.61,76.45,0.85,25.773312,76.08253,Delhi
E000678,C006,P001,2026-06-29 10:21:33,7.4,91.51,0.4,28.506639,79.689785,Mumbai
E000679,C015,P004,2026-06-06 17:59:23,6.71,85.68,0.84,29.444122,71.460605,Ahmedabad
E000680,C024,P003,2026-03-28 01:26:56,8.02,60.52,0.08,24.790607,79.835926,Mumbai
E000681,C033,P002,2026-05-05 19:18:06,4.84,63.77,0.76,29.190152,77.075835,Delhi
E000682,C021,P004,2026-01-04 22:04:08,11.72,82.98,0.5,29.847557,77.521901,Jaipur
E000683,C026,P001,2026-05-29 16:58:24,8.2,66.18,0.37,27.68859,72.967757,Delhi
E000684,C022,P004,2026-02-03 09:09:43,5.84,67.54,0.09,25.559162,77.08332,Jaipur
E000685,C048,P004,2026-01-23 23:31:59,10.91,82.58,0.87,26.011328,75.268107,Ahmedabad
E000686,C014,P004,2026-04-09 03:39:59,12.99,83.42,0.75,22.197797,79.68179,Pune
E000687,C031,P002,2026-05-04 23:28:24,6.06,69.14,0.07,23.624534,74.139,Pune
E000688,C033,P003,2026-06-17 06:36:19,8.72,79.95,0.7,20.261753,72.188049,Jaipur
E000689,C046,P004,2026-04-01 06:18:19,10.79,69.23,0.53,23.277367,71.754347,Pune
E000690,C006,P002,2026-05-01 05:07:11,13.66,68.29,0.05,26.536286,79.068686,Delhi
E000691,C016,P002,2026-05-25 20:19:40,13.18,64.64,0.69,28.70657,78.276181,Pune
E000692,C004,P004,2026-03-06 19:35:23,8.06,69.27,0.87,23.692255,70.423287,Jaipur
E000693,C027,P004,2026-06-10 00:23:49,14.16,84.14,0.58,22.807978,76.841473,Delhi
E000694,C023,P003,2026-06-24 08:04:40,12.14,92.59,0.52,24.129572,76.040535,Pune
E000695,C001,P004,2026-04-24 11:20:41,7.11,89.03,0.57,26.726335,72.49791,Ahmedabad
E000696,C032,P003,2026-03-25 19:33:03,8.36,61.19,0.46,26.728011,79.504105,Pune
E000697,C003,P001,2026-05-29 10:49:00,6.59,77.42,0.11,26.438282,79.172273,Delhi
E000698,C005,P004,2026-05-17 05:52:46,12.48,63.78,0.43,23.236051,74.612312,Ahmedabad
E000699,C026,P001,2026-01-26 18:38:05,5.53,76.81,0.46,29.262585,72.584591,Pune
E000700,C027,P003,2026-05-08 19:19:08,15.44,73.14,0.42,26.880072,78.276209,Ahmedabad
E000701,C017,P003,2026-04-18 12:58:56,4.7,62.99,0.73,23.970259,74.424491,Pune
E000702,C022,P001,2026-04-12 00:42:05,10.14,90.46,0.41,22.845626,77.975283,Pune
E000703,C013,P002,2026-04-24 20:34:52,12.15,75.37,0.25,26.294594,71.154055,Mumbai
E000704,C020,P003,2026-05-02 06:31:52,15.41,70.95,0.11,26.075336,78.36692,Jaipur
E000705,C002,P001,2026-01-18 18:10:05,12.33,72.74,0.43,25.889316,76.471395,Pune
E000706,C049,P003,2026-03-10 19:06:28,11.59,60.67,0.9,22.901193,72.683829,Ahmedabad
E000707,C012,P001,2026-02-05 07:49:14,5.26,88.72,0.87,23.386208,79.336685,Jaipur
E000708,C001,P004,2026-04-13 16:15:37,9.54,63.28,0.9,22.677663,72.921395,Ahmedabad
E000709,C034,P003,2026-04-06 18:55:36,10.12,83.19,0.88,24.91978,72.289033,Ahmedabad
E000710,C015,P004,2026-01-07 22:07:47,4.19,80.82,0.5,29.562533,76.783922,Mumbai
E000711,C036,P003,2026-01-20 14:44:13,10.36,65.58,0.09,27.114336,73.190526,Delhi
E000712,C001,P004,2026-03-12 06:38:36,13.25,73.84,0.34,22.69939,70.95213,Mumbai
E000713,C048,P001,2026-06-02 21:36:12,9.73,87.6,0.52,21.195835,79.810813,Delhi
E000714,C007,P003,2026-03-01 01:44:10,10.19,76.25,0.69,22.705729,74.836762,Delhi
E000715,C021,P004,2026-02-18 14:27:58,8.0,72.46,0.63,22.942198,70.257589,Jaipur
E000716,C032,P001,2026-06-08 04:16:21,5.77,92.66,0.67,23.049783,77.404135,Jaipur
E000717,C012,P001,2026-05-01 18:20:38,14.19,84.78,0.79,22.655779,77.751471,Mumbai
E000718,C021,P003,2026-06-10 20:13:15,15.51,64.04,0.67,20.990271,78.33334,Jaipur
E000719,C037,P004,2026-02-24 16:56:27,14.61,76.47,0.34,21.125562,76.545155,Jaipur
E000720,C029,P002,2026-04-14 17:53:47,15.24,69.16,0.85,24.938593,73.01605,Ahmedabad
E000721,C035,P003,2026-06-17 09:48:17,6.54,94.24,0.49,24.416729,72.954007,Jaipur
E000722,C029,P002,2026-06-01 16:44:49,4.9,94.08,0.6,25.589788,77.769641,Delhi
E000723,C003,P002,2026-02-19 15:15:04,6.23,60.83,0.5,28.73463,75.334662,Ahmedabad
E000724,C024,P001,2026-06-29 02:39:09,13.59,66.87,0.14,24.86276,77.46767,Mumbai
E000725,C048,P002,2026-06-09 21:42:14,10.23,80.52,0.27,27.090639,75.3956,Delhi
E000726,C001,P001,2026-05-08 08:16:02,9.67,84.35,0.1,29.248523,72.832386,Mumbai
E000727,C050,P003,2026-01-23 02:25:10,8.1,86.84,0.47,27.193334,75.161063,Delhi
E000728,C048,P004,2026-04-18 12:00:41,4.51,75.74,0.44,20.79669,73.895647,Delhi
E000729,C039,P001,2026-01-21 01:10:25,9.65,83.36,0.76,25.867698,77.889482,Pune
E000730,C041,P004,2026-06-23 05:47:51,12.14,67.59,0.25,20.46204,73.489963,Ahmedabad
E000731,C041,P002,2026-03-04 16:40:08,11.92,87.62,0.39,27.430353,79.089602,Mumbai
E000732,C014,P002,2026-02-26 16:48:42,11.72,83.54,0.36,23.5696,78.593599,Jaipur
E000733,C020,P002,2026-06-07 07:48:50,10.91,72.43,0.53,29.561171,76.585408,Ahmedabad
E000734,C002,P002,2026-04-06 18:01:29,15.87,94.26,0.83,26.301073,72.414175,Pune
E000735,C042,P004,2026-06-02 21:50:12,11.2,72.3,0.86,28.544817,79.866852,Mumbai
E000736,C043,P003,2026-02-10 13:12:12,4.31,84.82,0.37,25.901809,73.442362,Pune
E000737,C002,P001,2026-02-03 10:25:52,5.55,69.56,0.64,28.218464,72.855692,Jaipur
E000738,C039,P004,2026-01-14 07:09:23,11.46,77.82,0.26,23.381887,71.63865,Ahmedabad
E000739,C031,P001,2026-06-01 23:12:59,12.25,84.42,0.08,28.047089,71.924801,Jaipur
E000740,C044,P003,2026-05-24 23:36:12,6.38,79.67,0.28,27.384766,78.450796,Mumbai
E000741,C046,P004,2026-03-01 01:20:46,5.66,81.96,0.81,26.867272,72.607457,Pune
E000742,C045,P001,2026-03-08 07:33:20,9.31,94.96,0.31,20.781694,70.484953,Mumbai
E000743,C049,P003,2026-02-21 10:33:33,7.81,77.92,0.73,25.637566,78.329243,Jaipur
E000744,C034,P003,2026-05-17 12:00:59,12.88,83.47,0.52,25.087141,77.514986,Pune
E000745,C029,P003,2026-06-13 16:30:52,4.65,68.01,0.19,23.212823,70.125653,Mumbai
E000746,C024,P002,2026-03-19 07:59:27,15.93,77.55,0.16,23.814841,77.32628,Delhi
E000747,C012,P004,2026-05-31 03:27:54,7.62,91.21,0.3,26.063322,76.676216,Delhi
E000748,C027,P003,2026-02-03 09:01:49,10.62,94.36,0.96,29.898529,78.184257,Pune
E000749,C041,P004,2026-06-28 21:04:10,15.75,77.49,0.54,27.33986,71.930804,Pune
E000750,C042,P001,2026-05-05 19:23:32,10.51,89.89,0.44,25.835092,77.349794,Ahmedabad
E000751,C024,P003,2026-05-14 17:02:10,5.37,87.46,0.11,28.831487,75.597051,Jaipur
E000752,C024,P001,2026-04-30 04:32:09,7.55,71.32,0.96,25.625966,75.979588,Ahmedabad
E000753,C021,P004,2026-05-01 21:39:34,10.47,62.74,0.54,22.776063,70.600182,Jaipur
E000754,C036,P003,2026-02-16 02:47:20,9.98,72.7,0.69,29.729679,71.107967,Jaipur
E000755,C007,P001,2026-02-07 14:16:57,6.62,92.69,0.35,26.219851,73.040173,Jaipur
E000756,C005,P003,2026-03-14 02:30:29,11.68,91.57,0.85,27.909489,71.405423,Jaipur
E000757,C036,P001,2026-02-26 06:43:15,11.13,68.25,0.43,26.422162,76.986966,Delhi
E000758,C045,P002,2026-03-14 13:08:21,4.81,67.07,0.09,25.090903,72.937134,Jaipur
E000759,C012,P001,2026-03-17 05:21:29,11.41,70.46,0.54,24.633974,75.995243,Pune
E000760,C018,P002,2026-05-22 14:28:47,7.21,61.17,0.99,22.943124,76.546439,Mumbai
E000761,C018,P002,2026-01-17 15:37:55,7.15,89.74,0.19,24.452024,78.44366,Pune
E000762,C048,P002,2026-06-15 20:47:42,8.88,62.33,0.34,22.989049,75.522246,Delhi
E000763,C016,P003,2026-03-15 04:16:31,9.06,73.51,0.31,26.521252,73.063002,Pune
E000764,C028,P001,2026-04-16 04:16:52,15.19,82.71,0.69,28.660521,77.111095,Pune
E000765,C031,P001,2026-01-07 23:53:13,9.0,72.96,0.32,23.432734,72.172209,Pune
E000766,C050,P002,2026-01-02 04:47:51,11.39,92.78,0.32,24.396629,70.304448,Pune
E000767,C027,P003,2026-01-08 02:28:57,11.62,80.56,0.69,22.922765,70.573156,Jaipur
E000768,C046,P001,2026-04-01 00:01:31,15.65,60.65,0.46,26.602362,79.346485,Jaipur
E000769,C031,P002,2026-01-28 05:29:42,4.07,77.51,0.66,22.546938,70.131703,Ahmedabad
E000770,C028,P002,2026-05-24 22:00:14,9.38,69.01,0.7,23.424393,72.360865,Mumbai
E000771,C003,P003,2026-02-11 05:42:08,11.04,93.36,0.66,23.250119,75.605105,Ahmedabad
E000772,C021,P004,2026-05-19 16:45:31,10.81,69.77,0.5,23.270235,72.144646,Delhi
E000773,C003,P004,2026-03-05 01:11:35,4.15,85.82,0.43,20.34119,78.803277,Delhi
E000774,C013,P002,2026-05-11 18:50:54,10.42,86.3,0.96,25.212792,72.065683,Jaipur
E000775,C004,P001,2026-05-12 09:10:50,4.79,75.17,0.85,27.982182,73.070208,Jaipur
E000776,C017,P001,2026-01-24 12:00:14,12.41,72.11,0.19,23.765884,79.16462,Delhi
E000777,C039,P003,2026-06-05 17:47:32,8.01,60.85,0.65,28.990785,73.266035,Mumbai
E000778,C005,P004,2026-03-31 08:25:36,15.4,80.16,0.14,20.470587,77.723028,Delhi
E000779,C045,P004,2026-01-10 12:58:37,8.0,90.26,0.54,22.349344,75.355106,Delhi
E000780,C047,P002,2026-03-08 23:35:02,7.98,84.52,0.21,22.983859,75.003681,Delhi
E000781,C024,P002,2026-06-04 12:24:12,8.2,76.5,0.54,28.8829,79.285952,Mumbai
E000782,C012,P001,2026-05-08 00:57:35,8.14,68.79,0.7,20.119959,75.282203,Jaipur
E000783,C002,P002,2026-05-17 04:01:56,9.23,77.96,0.86,24.737773,70.526646,Ahmedabad
E000784,C006,P001,2026-01-17 16:59:34,12.39,86.86,0.84,27.999426,79.655175,Pune
E000785,C034,P002,2026-01-08 05:48:58,11.92,86.29,0.15,27.495753,71.888806,Ahmedabad
E000786,C036,P002,2026-04-10 19:13:57,7.04,61.91,0.93,21.340106,73.324806,Pune
E000787,C045,P001,2026-05-25 13:45:49,11.83,81.97,0.82,24.320904,73.940079,Ahmedabad
E000788,C030,P001,2026-06-16 14:40:35,13.58,80.19,0.86,20.517418,74.793867,Ahmedabad
E000789,C029,P003,2026-06-06 06:58:50,8.32,89.54,0.05,26.309496,73.349608,Pune
E000790,C014,P001,2026-04-29 11:01:44,15.55,85.11,0.72,26.360466,73.44875,Delhi
E000791,C023,P004,2026-01-26 00:38:17,15.34,86.37,0.36,20.402894,72.384077,Pune
E000792,C036,P001,2026-06-10 12:06:14,4.48,82.48,0.78,25.970568,77.136991,Ahmedabad
E000793,C044,P002,2026-02-17 03:38:31,9.65,90.9,0.97,27.157294,78.812955,Pune
E000794,C050,P002,2026-03-09 05:43:04,12.91,94.05,0.3,25.868392,74.856877,Delhi
E000795,C017,P003,2026-04-06 21:58:36,9.69,75.09,0.47,21.330126,79.320263,Mumbai
E000796,C046,P002,2026-04-19 16:20:40,12.4,92.19,0.21,23.187236,79.574988,Mumbai
E000797,C008,P001,2026-01-12 12:07:11,9.92,81.86,0.52,24.425337,74.335598,Delhi
E000798,C019,P002,2026-06-29 02:13:25,7.9,80.57,0.75,29.024577,71.068633,Pune
E000799,C048,P003,2026-01-10 18:38:38,14.29,69.26,0.13,26.666599,78.613248,Ahmedabad
E000800,C040,P001,2026-02-25 22:13:15,9.1,77.9,0.72,22.844055,74.202066,Jaipur
E000801,C026,P002,2026-01-28 05:52:17,11.23,80.23,0.85,25.035105,77.609456,Ahmedabad
E000802,C001,P002,2026-05-13 04:18:23,6.85,76.2,0.12,29.98693,70.062622,Pune
E000803,C032,P003,2026-03-03 22:02:15,6.55,67.87,0.28,27.509203,74.183637,Jaipur
E000804,C045,P004,2026-04-08 04:50:40,13.33,81.67,0.2,27.990241,75.094601,Delhi
E000805,C006,P003,2026-03-10 19:12:57,13.71,82.62,0.6,28.824202,73.078108,Delhi
E000806,C042,P003,2026-03-23 05:16:44,4.92,93.92,0.76,26.61878,75.699381,Pune
E000807,C043,P003,2026-05-26 07:24:56,8.46,73.94,0.99,25.291275,75.583573,Jaipur
E000808,C009,P004,2026-03-22 06:37:01,5.27,80.28,0.92,27.935901,71.772675,Ahmedabad
E000809,C042,P002,2026-03-28 19:39:11,9.38,73.99,0.07,21.249495,78.710113,Pune
E000810,C043,P002,2026-04-12 19:52:30,7.69,82.45,0.53,27.597032,79.373673,Mumbai
E000811,C047,P002,2026-06-23 11:55:00,8.93,83.7,0.06,24.220193,73.378628,Jaipur
E000812,C005,P001,2026-04-18 19:02:37,13.53,80.36,0.74,24.353183,72.027543,Jaipur
E000813,C018,P001,2026-02-12 09:44:00,11.56,74.63,0.42,27.220901,73.343161,Pune
E000814,C024,P003,2026-05-28 18:19:45,9.69,61.39,0.45,20.891933,70.479645,Mumbai
E000815,C032,P001,2026-06-15 04:22:38,8.97,85.65,0.59,26.83273,77.106003,Delhi
E000816,C031,P002,2026-06-21 16:45:01,11.48,92.83,0.37,29.465733,77.543181,Delhi
E000817,C039,P001,2026-04-29 20:52:39,6.68,77.56,0.7,24.424709,72.326208,Pune
E000818,C037,P002,2026-01-15 19:58:43,8.55,88.69,0.08,24.775758,74.706852,Jaipur
E000819,C017,P004,2026-05-29 18:37:04,11.61,88.92,0.69,22.477473,75.419332,Ahmedabad
E000820,C022,P003,2026-01-13 20:49:55,12.7,69.77,0.91,25.049961,78.238424,Delhi
E000821,C004,P004,2026-05-08 06:20:54,13.05,80.04,0.52,25.677271,76.423315,Delhi
E000822,C019,P003,2026-04-11 01:03:33,8.22,60.06,0.55,27.874288,71.63372,Mumbai
E000823,C030,P001,2026-06-29 08:57:30,13.49,79.88,0.53,26.472624,72.791016,Pune
E000824,C001,P001,2026-02-15 04:50:26,9.59,66.44,0.44,27.604599,75.887545,Jaipur
E000825,C021,P004,2026-01-15 10:08:28,6.68,78.68,0.55,29.097139,70.606768,Pune
E000826,C024,P001,2026-06-17 00:27:30,11.02,79.15,0.73,22.331078,77.311228,Jaipur
E000827,C036,P004,2026-01-15 14:25:13,10.67,81.02,0.19,29.134992,70.30276,Delhi
E000828,C013,P001,2026-02-02 03:16:28,11.49,75.67,0.34,25.234478,75.739135,Pune
E000829,C004,P003,2026-02-03 14:40:24,11.77,85.74,0.91,22.332673,78.629563,Delhi
E000830,C039,P003,2026-01-29 07:10:41,4.78,64.31,0.23,27.036968,77.074487,Mumbai
E000831,C006,P003,2026-02-20 09:04:08,9.41,91.76,0.25,21.031461,73.138255,Ahmedabad
E000832,C021,P001,2026-04-18 06:46:24,10.86,79.19,0.37,25.658565,73.650441,Mumbai
E000833,C045,P001,2026-04-05 10:47:50,10.94,64.78,0.93,22.693343,72.134244,Pune
E000834,C040,P002,2026-01-06 07:51:59,5.62,76.88,0.76,24.778297,77.666218,Delhi
E000835,C014,P001,2026-02-12 11:35:00,13.52,94.9,0.22,20.197359,74.869211,Delhi
E000836,C011,P002,2026-05-25 09:45:27,4.59,63.24,0.63,23.620462,77.667579,Pune
E000837,C026,P003,2026-04-17 07:02:42,15.62,68.82,0.69,20.290236,72.730281,Jaipur
E000838,C006,P003,2026-03-29 18:42:37,15.47,85.64,0.42,28.081671,78.952015,Pune
E000839,C009,P003,2026-06-23 23:29:29,15.02,77.11,0.48,27.525679,74.86776,Jaipur
E000840,C032,P003,2026-01-17 04:48:10,9.46,69.01,0.19,23.00928,75.26913,Mumbai
E000841,C043,P001,2026-01-06 23:13:35,6.94,71.22,0.24,28.337048,76.736516,Ahmedabad
E000842,C040,P002,2026-03-07 03:28:55,13.49,72.28,0.48,24.806054,78.207564,Ahmedabad
E000843,C031,P002,2026-03-17 15:15:19,5.83,65.88,0.8,24.935334,75.659897,Mumbai
E000844,C016,P002,2026-06-16 12:13:32,11.74,64.63,0.63,25.646083,79.107733,Mumbai
E000845,C007,P002,2026-01-31 07:11:10,6.36,88.03,0.84,23.307319,79.757286,Mumbai
E000846,C016,P004,2026-01-17 19:01:39,4.88,71.49,0.72,26.118749,79.448803,Ahmedabad
E000847,C011,P004,2026-03-19 10:05:55,12.36,60.31,0.09,28.992495,76.847636,Jaipur
E000848,C006,P001,2026-03-07 23:53:36,12.75,89.28,0.85,29.791046,73.350678,Jaipur
E000849,C006,P003,2026-03-19 23:55:21,6.22,66.33,0.35,26.510339,76.499414,Mumbai
E000850,C031,P002,2026-04-26 22:03:43,8.62,88.71,0.24,27.498732,79.479897,Mumbai
E000851,C012,P004,2026-06-02 05:36:30,8.57,70.56,0.88,24.144005,74.648088,Delhi
E000852,C046,P002,2026-04-16 20:45:56,9.4,60.22,0.94,20.15091,70.49323,Mumbai
E000853,C003,P002,2026-05-03 04:30:31,8.32,93.77,0.01,26.312609,75.599273,Pune
E000854,C041,P004,2026-05-03 11:13:06,6.74,83.11,0.79,29.704982,79.40186,Jaipur
E000855,C037,P003,2026-02-28 03:54:38,8.61,64.2,0.44,28.232985,78.030919,Jaipur
E000856,C032,P004,2026-01-28 10:47:39,12.85,62.29,0.9,29.653497,70.930907,Ahmedabad
E000857,C011,P003,2026-04-20 17:21:17,6.28,67.31,0.62,25.188991,74.283557,Jaipur
E000858,C019,P002,2026-01-23 21:53:59,14.9,60.79,0.19,26.068353,72.908622,Jaipur
E000859,C014,P003,2026-05-04 22:26:09,13.87,65.02,0.31,25.851938,79.201066,Mumbai
E000860,C037,P003,2026-04-13 13:31:57,12.44,87.65,0.06,20.239294,74.159561,Pune
E000861,C042,P003,2026-03-20 16:06:11,10.16,62.3,0.52,22.408598,79.418618,Ahmedabad
E000862,C005,P003,2026-01-19 14:28:56,15.54,81.31,0.75,21.30872,72.070388,Mumbai
E000863,C030,P002,2026-04-07 05:26:48,13.58,84.74,0.31,28.685516,78.545356,Delhi
E000864,C033,P002,2026-03-18 14:13:50,8.18,75.1,0.8,23.430151,71.834005,Ahmedabad
E000865,C044,P001,2026-01-27 09:11:07,8.78,75.06,0.65,27.604201,75.647767,Jaipur
E000866,C016,P002,2026-04-03 18:04:01,6.65,60.09,0.09,27.443204,74.666281,Pune
E000867,C006,P003,2026-04-09 19:29:15,10.23,63.0,0.04,20.196808,73.216258,Mumbai
E000868,C010,P002,2026-05-16 10:20:51,9.55,77.6,0.94,20.012041,79.429292,Jaipur
E000869,C045,P002,2026-02-11 03:17:09,13.16,94.94,0.03,25.436139,72.792158,Pune
E000870,C005,P003,2026-04-30 02:57:27,13.02,91.87,0.23,27.670892,70.754973,Jaipur
E000871,C042,P001,2026-03-18 12:54:58,10.24,64.0,0.4,27.414991,73.853141,Pune
E000872,C030,P004,2026-02-13 10:19:05,11.49,87.04,0.68,22.739683,77.355713,Jaipur
E000873,C019,P004,2026-02-14 06:07:00,15.71,82.5,0.36,25.790773,70.632469,Mumbai
E000874,C018,P002,2026-03-14 20:59:38,9.32,83.78,0.39,23.039372,78.984684,Ahmedabad
E000875,C039,P003,2026-02-11 13:42:42,8.37,94.66,0.36,25.892049,79.697163,Jaipur
E000876,C027,P003,2026-02-10 07:18:09,8.61,68.85,0.76,20.241409,70.355611,Ahmedabad
E000877,C050,P004,2026-06-15 16:11:53,9.72,73.23,0.56,21.026658,77.741278,Mumbai
E000878,C022,P001,2026-01-06 14:10:38,4.53,81.49,0.48,26.49072,78.124901,Ahmedabad
E000879,C045,P002,2026-06-07 07:26:52,11.7,65.1,0.75,21.512041,74.905453,Mumbai
E000880,C008,P001,2026-03-14 20:41:42,15.38,60.06,0.01,28.024989,70.864048,Delhi
E000881,C050,P004,2026-05-08 15:41:12,11.5,65.67,0.98,24.343396,73.05804,Pune
E000882,C019,P003,2026-03-26 08:04:56,10.19,71.26,0.48,27.482759,77.155771,Jaipur
E000883,C038,P003,2026-03-27 23:44:07,7.01,87.54,0.49,21.036712,73.555958,Pune
E000884,C038,P001,2026-01-23 19:58:32,4.48,78.58,0.95,21.894025,72.032057,Pune
E000885,C037,P003,2026-02-08 18:35:19,7.63,84.08,0.84,25.276628,75.198006,Jaipur
E000886,C008,P003,2026-06-22 10:10:45,12.06,85.06,0.22,26.741422,74.909348,Mumbai
E000887,C023,P002,2026-03-15 06:15:44,14.4,73.47,0.09,25.82257,77.72684,Jaipur
E000888,C005,P001,2026-03-06 16:31:29,7.1,78.52,0.56,27.583154,76.51638,Mumbai
E000889,C032,P004,2026-04-28 01:05:32,4.92,91.83,0.14,27.527921,79.355602,Ahmedabad
E000890,C022,P003,2026-04-22 11:52:13,14.16,67.02,0.7,28.801957,78.038761,Ahmedabad
E000891,C014,P002,2026-04-23 21:50:31,5.51,77.71,0.93,26.355985,78.010386,Jaipur
E000892,C045,P003,2026-04-17 20:58:05,4.5,61.09,0.1,24.440521,74.983196,Mumbai
E000893,C022,P003,2026-04-03 20:39:15,15.17,72.21,0.53,24.000748,74.997439,Jaipur
E000894,C033,P001,2026-03-04 02:31:51,12.13,63.18,0.07,25.635257,71.966241,Jaipur
E000895,C038,P002,2026-06-20 00:32:51,14.8,70.01,0.31,23.166513,74.715762,Delhi
E000896,C035,P003,2026-04-23 04:49:18,7.04,78.55,0.65,20.167509,77.670218,Pune
E000897,C012,P002,2026-06-30 02:09:39,14.09,94.55,0.25,26.516979,78.320317,Pune
E000898,C012,P002,2026-01-19 17:00:37,9.63,64.57,0.6,20.61632,79.177134,Delhi
E000899,C028,P004,2026-04-06 23:46:18,6.26,66.02,0.88,26.577037,73.931242,Ahmedabad
E000900,C001,P001,2026-02-05 22:09:21,12.3,94.62,0.61,24.617459,79.505172,Ahmedabad
E000901,C036,P001,2026-06-06 01:28:22,10.19,85.62,0.81,26.521765,77.815963,Jaipur
E000902,C046,P002,2026-05-06 16:05:44,15.63,81.77,0.83,24.606588,75.464467,Mumbai
E000903,C044,P001,2026-02-01 03:21:48,14.97,75.89,0.63,27.253367,77.46995,Delhi
E000904,C014,P004,2026-04-02 21:34:07,6.93,66.81,0.66,26.035283,76.736003,Jaipur
E000905,C050,P002,2026-02-04 23:10:31,8.15,86.22,0.07,29.177135,73.407007,Delhi
E000906,C013,P003,2026-03-15 15:44:50,7.16,79.73,0.1,26.826314,72.306847,Ahmedabad
E000907,C019,P003,2026-02-06 05:51:38,13.31,65.61,0.74,26.06303,77.242628,Ahmedabad
E000908,C029,P004,2026-02-12 10:31:01,11.76,89.21,0.53,27.032491,78.264052,Pune
E000909,C050,P004,2026-05-11 03:48:56,15.18,94.79,0.26,22.117296,71.974344,Pune
E000910,C001,P001,2026-04-25 23:22:01,12.85,81.54,0.18,27.644697,75.641453,Ahmedabad
E000911,C043,P003,2026-02-11 02:48:04,9.77,62.82,0.31,23.748637,77.801096,Mumbai
E000912,C024,P002,2026-01-12 03:35:22,5.24,84.4,0.12,20.783833,77.547156,Mumbai
E000913,C034,P001,2026-02-12 01:43:05,9.64,89.67,0.7,28.300008,77.292204,Mumbai
E000914,C033,P003,2026-02-18 21:38:37,8.68,89.78,0.53,25.278475,74.23495,Pune
E000915,C043,P003,2026-06-13 00:56:50,10.65,63.69,0.51,26.494201,78.657502,Delhi
E000916,C048,P003,2026-03-31 10:31:13,7.85,94.3,0.47,29.55304,76.996086,Mumbai
E000917,C036,P004,2026-02-16 01:40:09,8.35,78.44,0.06,27.275698,78.960581,Jaipur
E000918,C048,P003,2026-02-03 03:54:36,6.82,91.56,0.38,28.73553,70.993116,Ahmedabad
E000919,C005,P003,2026-03-27 08:58:55,11.62,75.02,0.37,24.530528,71.923173,Jaipur
E000920,C012,P002,2026-05-30 06:36:38,7.09,76.6,0.54,26.098741,70.518353,Jaipur
E000921,C016,P001,2026-04-01 18:57:19,7.16,73.55,0.35,26.528334,72.063469,Jaipur
E000922,C036,P002,2026-05-28 08:59:01,13.19,68.62,0.79,28.440597,76.414234,Delhi
E000923,C020,P001,2026-05-31 03:59:41,13.61,71.03,0.79,20.681668,74.399994,Delhi
E000924,C038,P001,2026-02-27 00:31:12,6.77,92.36,0.08,24.824142,77.84358,Pune
E000925,C031,P004,2026-03-06 09:41:59,8.2,89.98,0.14,26.38802,76.728933,Pune
E000926,C015,P002,2026-03-18 21:04:19,6.27,76.95,0.97,21.51541,72.40549,Mumbai
E000927,C035,P004,2026-06-09 21:48:28,14.28,73.92,0.34,25.780547,72.514212,Pune
E000928,C002,P002,2026-02-26 00:11:32,13.75,80.26,0.72,24.469832,73.16874,Delhi
E000929,C026,P001,2026-05-18 06:05:36,6.17,79.93,0.73,27.530765,71.252167,Pune
E000930,C028,P002,2026-05-28 08:06:35,6.13,90.77,0.49,20.874029,73.951818,Mumbai
E000931,C049,P004,2026-01-23 20:43:04,7.06,87.44,0.25,23.972537,73.689578,Mumbai
E000932,C005,P003,2026-02-20 21:57:42,11.19,70.69,0.1,24.020407,79.027114,Jaipur
E000933,C045,P001,2026-05-07 13:18:50,15.57,63.22,0.19,27.86835,73.002579,Pune
E000934,C025,P003,2026-04-19 00:20:18,14.32,92.27,0.76,25.103513,75.587409,Jaipur
E000935,C043,P004,2026-03-03 19:29:52,14.44,90.54,0.48,26.665989,73.573735,Ahmedabad
E000936,C020,P004,2026-01-23 22:54:50,6.64,76.07,0.39,28.451236,78.489325,Ahmedabad
E000937,C017,P003,2026-04-03 06:26:24,11.65,68.85,0.72,26.620526,76.927177,Delhi
E000938,C012,P004,2026-03-28 20:41:54,12.92,80.49,0.09,25.760739,70.251084,Jaipur
E000939,C009,P003,2026-02-24 01:13:40,5.19,88.21,0.08,29.471801,72.456334,Pune
E000940,C005,P001,2026-06-07 16:26:44,15.06,79.75,0.54,22.371636,77.909207,Ahmedabad
E000941,C048,P003,2026-06-29 16:31:46,12.96,87.42,0.54,26.370104,79.245167,Delhi
E000942,C020,P002,2026-04-29 01:19:42,12.46,62.15,0.6,28.149938,77.021309,Delhi
E000943,C012,P003,2026-04-07 23:01:03,7.15,91.15,0.36,26.940085,73.375151,Mumbai
E000944,C037,P001,2026-03-16 10:28:21,9.64,85.79,0.22,21.37453,78.612132,Ahmedabad
E000945,C050,P004,2026-01-17 23:45:44,13.39,68.93,0.96,21.346253,76.057477,Pune
E000946,C020,P001,2026-01-03 00:38:43,9.35,80.71,0.39,28.993499,76.0132,Mumbai
E000947,C042,P002,2026-05-23 15:12:37,9.72,73.94,0.97,25.226367,70.052389,Ahmedabad
E000948,C033,P001,2026-01-27 02:40:13,6.8,80.53,0.73,20.46396,73.183981,Mumbai
E000949,C050,P004,2026-05-08 17:24:53,15.94,65.84,0.72,25.339654,70.527446,Delhi
E000950,C032,P002,2026-02-23 20:41:51,7.87,75.22,0.8,27.536904,76.949265,Ahmedabad
E000951,C026,P004,2026-01-31 17:04:38,6.66,67.09,0.4,27.777097,74.817002,Jaipur
E000952,C042,P004,2026-03-05 03:50:42,9.12,82.44,0.89,22.507902,78.132408,Pune
E000953,C011,P004,2026-03-16 12:29:05,10.96,78.52,0.17,26.235869,71.774897,Jaipur
E000954,C034,P001,2026-01-14 14:07:41,5.25,75.07,0.24,24.514434,75.940532,Ahmedabad
E000955,C030,P001,2026-04-01 14:50:31,9.85,70.57,0.38,24.306429,77.154997,Pune
E000956,C005,P001,2026-02-12 06:53:35,8.73,82.28,0.92,22.319326,74.899987,Delhi
E000957,C044,P004,2026-02-22 01:37:15,6.33,73.56,0.91,24.175857,76.063488,Delhi
E000958,C015,P002,2026-06-20 01:12:17,11.07,62.9,1.0,21.764169,75.381417,Pune
E000959,C009,P002,2026-06-14 01:52:39,9.65,75.87,0.89,26.186675,70.423357,Mumbai
E000960,C023,P002,2026-06-26 11:35:08,9.05,86.36,0.25,29.810135,73.392448,Ahmedabad
E000961,C029,P002,2026-01-24 18:03:17,9.99,67.7,0.59,28.239417,71.145726,Pune
E000962,C002,P004,2026-06-02 13:24:45,12.12,75.13,0.63,21.928742,75.124737,Pune
E000963,C012,P002,2026-05-22 02:08:46,9.49,63.65,0.25,23.927705,78.114766,Mumbai
E000964,C019,P003,2026-02-15 04:49:11,10.77,64.69,0.05,21.683659,79.948666,Mumbai
E000965,C009,P001,2026-06-07 04:24:23,15.39,87.91,0.5,24.409489,71.430495,Pune
E000966,C015,P002,2026-01-02 23:42:44,6.26,72.84,0.75,28.81727,77.514506,Ahmedabad
E000967,C002,P004,2026-01-22 00:41:40,12.44,65.14,0.65,26.296077,77.740036,Ahmedabad
E000968,C006,P004,2026-03-28 17:50:07,4.24,69.86,0.69,21.76406,78.734155,Delhi
E000969,C004,P001,2026-03-26 06:25:51,13.51,60.01,0.14,27.854871,72.049194,Ahmedabad
E000970,C003,P004,2026-03-18 23:21:03,14.85,64.21,0.66,22.080331,79.209839,Mumbai
E000971,C031,P001,2026-01-31 05:13:40,5.66,94.07,0.13,24.484211,77.828734,Pune
E000972,C009,P001,2026-06-19 13:09:30,11.74,90.16,0.39,20.590536,78.409757,Pune
E000973,C021,P002,2026-03-11 09:59:18,14.7,87.97,0.01,23.299056,74.654183,Mumbai
E000974,C047,P003,2026-06-09 14:34:30,4.06,69.93,0.94,20.22815,79.158158,Pune
E000975,C014,P002,2026-05-19 15:29:49,12.26,88.57,0.35,21.316223,76.714492,Delhi
E000976,C038,P001,2026-06-06 18:43:09,13.53,69.41,0.69,24.516195,72.525469,Pune
E000977,C005,P003,2026-04-09 00:13:42,13.73,62.4,0.36,24.114775,78.401163,Ahmedabad
E000978,C049,P004,2026-01-18 23:18:22,8.73,82.4,0.81,21.179729,76.493373,Mumbai
E000979,C024,P002,2026-05-18 16:03:50,10.39,84.88,0.35,28.803225,73.288095,Jaipur
E000980,C011,P001,2026-06-04 03:09:39,9.13,72.11,0.88,24.365615,72.097386,Ahmedabad
E000981,C008,P003,2026-03-22 10:32:57,9.86,62.37,0.26,27.070632,78.518949,Ahmedabad
E000982,C026,P003,2026-05-16 18:45:58,11.34,68.75,0.39,25.250781,75.599212,Delhi
E000983,C047,P001,2026-02-16 09:35:35,11.07,69.79,0.77,26.298258,70.595787,Mumbai
E000984,C042,P002,2026-03-09 14:24:25,15.39,81.12,0.57,25.273339,78.514868,Jaipur
E000985,C050,P002,2026-06-13 19:42:05,12.33,94.89,0.62,28.193836,72.812928,Pune
E000986,C036,P001,2026-02-26 02:36:51,6.35,75.67,0.68,26.420505,75.941072,Mumbai
E000987,C015,P001,2026-05-04 15:33:11,7.7,91.15,0.89,21.341105,79.014115,Ahmedabad
E000988,C049,P001,2026-03-29 19:45:15,15.07,64.69,0.26,26.180634,74.021225,Ahmedabad
E000989,C023,P002,2026-06-28 04:51:40,6.42,81.28,0.78,20.235426,73.163859,Delhi
E000990,C030,P001,2026-01-25 19:30:27,12.01,81.35,0.34,28.660277,75.071468,Ahmedabad
E000991,C044,P004,2026-03-22 01:11:55,6.41,92.09,0.82,29.624263,75.760383,Mumbai
E000992,C042,P004,2026-04-29 04:17:07,7.68,86.44,0.67,21.626582,75.346067,Pune
E000993,C027,P001,2026-02-01 02:43:28,8.33,79.12,0.93,23.548898,75.934405,Delhi
E000994,C038,P001,2026-05-03 22:10:31,8.97,79.22,0.15,20.99576,74.364882,Ahmedabad
E000995,C025,P003,2026-02-24 08:58:56,5.79,93.34,0.29,29.549811,79.099545,Delhi
E000996,C014,P001,2026-05-02 10:08:11,5.27,82.02,0.85,24.820702,79.065637,Mumbai
E000997,C001,P002,2026-03-06 04:40:57,15.91,85.51,0.92,21.003327,70.239405,Mumbai
E000998,C026,P002,2026-01-03 22:39:13,10.12,82.35,0.83,20.193935,78.179215,Delhi
E000999,C014,P004,2026-02-01 18:29:45,7.08,76.19,0.07,24.428111,79.132485,Pune
E001000,C017,P002,2026-01-27 01:12:01,13.85,86.08,0.53,25.289434,73.945673,Pune
E001001,C001,P003,2026-06-28 16:36:21,6.08,88.28,0.63,21.867241,72.852653,Delhi
E001002,C003,P002,2026-04-01 17:16:23,10.96,77.31,0.29,24.631173,71.465244,Jaipur
E001003,C032,P002,2026-03-20 07:54:01,5.49,88.91,0.77,28.964306,78.205082,Mumbai
E001004,C010,P001,2026-04-18 15:06:50,15.33,71.48,0.63,20.487129,75.277308,Mumbai
E001005,C048,P004,2026-04-29 02:13:14,4.02,88.29,0.41,28.723425,73.452871,Delhi
E001006,C013,P001,2026-05-25 12:04:14,7.38,80.01,0.65,26.542729,76.602406,Delhi
E001007,C045,P002,2026-01-20 20:57:48,15.44,76.21,0.59,26.834278,70.583339,Jaipur
E001008,C005,P002,2026-05-13 19:24:28,9.68,90.17,0.35,29.753538,75.879901,Jaipur
E001009,C045,P003,2026-03-27 05:47:01,9.73,66.64,0.69,28.071316,77.238363,Jaipur
E001010,C003,P004,2026-04-21 03:52:50,9.7,82.05,0.17,25.859608,75.013316,Delhi
E001011,C048,P001,2026-02-19 01:11:11,9.24,85.56,0.41,25.932152,71.483753,Jaipur
E001012,C025,P003,2026-04-17 15:43:50,7.41,94.39,0.85,25.538453,71.547926,Mumbai
E001013,C013,P002,2026-01-10 13:10:28,14.83,68.92,0.89,26.909767,70.866663,Ahmedabad
E001014,C015,P003,2026-05-24 21:32:28,6.21,76.96,0.66,26.286239,72.29339,Delhi
E001015,C048,P003,2026-06-14 14:26:14,12.39,78.98,0.6,23.05239,78.797587,Mumbai
E001016,C044,P002,2026-01-13 20:24:54,8.43,93.89,0.14,27.521806,70.874248,Pune
E001017,C018,P004,2026-02-14 08:44:09,13.1,83.53,0.08,23.682494,73.033161,Ahmedabad
E001018,C007,P003,2026-05-17 21:39:30,14.84,83.23,0.03,28.073936,73.117833,Mumbai
E001019,C023,P002,2026-02-10 13:17:34,10.33,76.46,0.36,29.671894,79.264738,Pune
E001020,C007,P003,2026-05-04 01:53:21,10.29,91.76,0.19,23.475257,79.957683,Mumbai
E001021,C036,P004,2026-01-11 20:37:55,12.1,62.86,0.31,25.396844,76.013987,Delhi
E001022,C028,P002,2026-01-09 14:31:00,14.47,84.49,0.83,26.764493,71.588523,Jaipur
E001023,C033,P001,2026-03-14 11:44:44,6.37,79.64,0.5,23.300965,75.241295,Delhi
E001024,C046,P002,2026-03-21 02:21:43,5.68,87.17,0.35,21.020815,70.928424,Delhi
E001025,C044,P003,2026-01-12 15:39:32,14.79,77.2,0.76,29.899116,70.094659,Mumbai
E001026,C002,P002,2026-02-03 13:59:00,15.97,89.5,0.44,24.087769,77.554974,Pune
E001027,C024,P001,2026-05-12 14:03:06,15.72,86.12,0.46,20.58451,77.409566,Mumbai
E001028,C049,P003,2026-04-13 05:02:30,10.39,83.6,0.9,28.825236,78.460151,Pune
E001029,C018,P003,2026-04-11 14:22:42,5.31,67.09,0.13,28.932165,72.938574,Pune
E001030,C013,P001,2026-01-08 19:55:17,7.83,76.53,0.03,25.502423,76.135339,Ahmedabad
E001031,C020,P001,2026-02-23 21:18:45,8.86,75.19,0.93,29.170909,71.707919,Mumbai
E001032,C018,P001,2026-04-16 02:21:36,15.38,85.53,0.22,29.690408,77.950119,Ahmedabad
E001033,C004,P003,2026-02-14 14:23:13,7.75,82.13,0.62,28.040426,74.443887,Mumbai
E001034,C021,P002,2026-02-19 04:52:11,4.26,68.8,0.85,26.342009,74.923183,Mumbai
E001035,C046,P002,2026-06-19 07:39:22,12.98,82.52,0.17,28.700043,74.959296,Ahmedabad
E001036,C009,P004,2026-04-06 16:24:48,11.34,93.4,0.21,22.196316,72.508884,Ahmedabad
E001037,C043,P002,2026-06-16 04:58:59,7.05,82.49,0.37,24.031731,71.835889,Pune
E001038,C033,P004,2026-02-07 03:39:44,13.26,65.65,0.74,26.367765,74.038366,Pune
E001039,C008,P004,2026-04-18 12:23:27,6.61,68.4,0.85,24.782529,79.194475,Jaipur
E001040,C049,P004,2026-04-13 03:56:20,9.65,60.62,0.25,24.321619,74.299664,Mumbai
E001041,C048,P003,2026-01-31 08:31:24,9.19,74.15,0.47,26.939779,71.508146,Jaipur
E001042,C041,P003,2026-06-21 06:03:43,12.43,91.12,0.68,26.371131,75.693052,Pune
E001043,C017,P001,2026-02-12 22:33:41,12.03,73.16,0.74,24.604908,72.424192,Delhi
E001044,C024,P002,2026-02-06 15:09:15,8.83,87.06,0.92,21.952584,72.666083,Mumbai
E001045,C005,P001,2026-02-08 12:52:01,4.86,62.76,0.47,21.488243,73.448159,Ahmedabad
E001046,C009,P004,2026-01-16 23:35:19,6.0,61.47,0.2,21.110398,77.273069,Ahmedabad
E001047,C050,P002,2026-05-18 18:00:47,5.79,67.83,0.12,21.338068,70.389914,Jaipur
E001048,C040,P001,2026-01-21 20:31:52,5.48,91.68,0.24,28.420071,70.873239,Delhi
E001049,C033,P002,2026-02-21 17:29:59,10.91,74.81,0.59,24.148457,71.958457,Ahmedabad
E001050,C034,P003,2026-04-12 13:38:50,11.92,64.43,0.55,25.250214,75.701089,Jaipur
E001051,C005,P004,2026-03-20 03:05:07,11.34,74.7,0.14,20.142899,75.638649,Ahmedabad
E001052,C030,P003,2026-03-14 21:23:55,15.7,68.07,0.22,24.845487,71.879773,Jaipur
E001053,C038,P002,2026-02-12 23:31:27,14.55,66.63,0.02,20.32504,76.060659,Ahmedabad
E001054,C013,P001,2026-01-03 12:56:23,15.45,63.37,0.2,29.902346,78.325839,Delhi
E001055,C043,P003,2026-03-20 02:05:17,15.4,80.08,0.71,24.251892,75.117048,Mumbai
E001056,C039,P001,2026-01-03 04:42:18,11.25,75.04,0.9,27.950177,72.980567,Ahmedabad
E001057,C050,P002,2026-03-20 20:31:32,9.61,66.4,0.33,25.388171,77.870242,Ahmedabad
E001058,C025,P001,2026-02-28 23:17:34,6.85,87.02,0.81,29.739535,74.260441,Delhi
E001059,C033,P002,2026-06-22 18:12:15,9.94,74.0,0.8,23.902343,73.133604,Pune
E001060,C005,P002,2026-02-15 02:37:53,15.6,70.59,0.53,20.458938,71.840951,Delhi
E001061,C010,P003,2026-05-27 07:17:39,13.06,85.4,0.35,24.259097,74.425488,Ahmedabad
E001062,C027,P001,2026-06-20 07:41:08,14.48,88.31,0.64,28.861923,70.455523,Delhi
E001063,C039,P004,2026-04-17 12:48:19,13.07,66.22,0.2,24.472583,78.301074,Mumbai
E001064,C025,P004,2026-05-31 19:10:55,8.26,76.63,0.1,21.412129,74.099652,Delhi
E001065,C006,P003,2026-02-16 11:18:25,10.98,63.17,0.6,20.812142,75.995153,Delhi
E001066,C042,P001,2026-06-04 20:04:08,4.35,62.67,0.49,27.178551,75.380807,Pune
E001067,C017,P001,2026-03-20 00:11:52,10.81,84.99,0.7,28.619167,78.453129,Ahmedabad
E001068,C028,P001,2026-02-11 08:39:16,11.94,93.89,0.17,25.550055,72.068036,Pune
E001069,C015,P003,2026-05-31 11:36:52,15.25,79.43,0.72,21.744432,73.614503,Ahmedabad
E001070,C017,P001,2026-06-21 22:08:10,6.05,79.63,0.73,29.447043,75.983975,Jaipur
E001071,C001,P004,2026-04-06 11:14:47,6.25,77.21,0.21,26.922734,75.289593,Pune
E001072,C002,P004,2026-06-10 04:42:41,4.66,70.92,0.08,21.547928,77.094321,Delhi
E001073,C024,P001,2026-06-29 09:09:37,9.42,75.59,0.68,25.959705,76.836995,Ahmedabad
E001074,C034,P004,2026-01-10 10:40:51,12.64,78.05,0.65,20.214289,70.794653,Mumbai
E001075,C047,P004,2026-03-28 19:23:35,14.4,70.5,0.1,20.561655,73.244671,Pune
E001076,C030,P001,2026-06-27 03:50:40,10.8,63.1,0.94,27.055644,76.073664,Pune
E001077,C004,P003,2026-04-14 22:57:15,11.11,88.08,0.99,24.176866,78.698329,Ahmedabad
E001078,C016,P004,2026-05-07 01:05:23,13.55,76.16,0.65,23.823238,70.08063,Delhi
E001079,C016,P004,2026-01-04 16:51:40,8.71,76.77,0.37,27.458021,73.241003,Delhi
E001080,C019,P004,2026-03-20 02:28:58,6.61,70.7,0.89,23.030526,77.50115,Ahmedabad
E001081,C040,P004,2026-06-16 19:20:22,9.59,78.02,0.84,28.214177,77.982025,Delhi
E001082,C003,P003,2026-06-02 11:44:11,6.38,63.88,0.88,25.22445,71.835937,Mumbai
E001083,C011,P004,2026-02-14 16:36:00,13.55,89.57,0.61,29.168551,70.030293,Delhi
E001084,C011,P002,2026-05-05 16:33:14,13.48,90.68,0.02,25.976216,74.358803,Mumbai
E001085,C005,P001,2026-05-21 19:45:48,11.63,85.79,0.56,26.520963,76.879447,Delhi
E001086,C008,P003,2026-04-01 00:27:20,6.5,63.37,0.65,24.045226,71.494629,Jaipur
E001087,C003,P004,2026-03-20 10:40:46,14.74,74.78,0.0,21.020974,74.561374,Jaipur
E001088,C018,P004,2026-03-26 19:36:06,8.63,68.64,0.66,20.475187,70.091259,Mumbai
E001089,C025,P004,2026-06-18 15:31:44,6.09,62.52,0.81,29.984815,75.012918,Pune
E001090,C037,P004,2026-01-23 17:07:04,5.85,61.35,0.43,23.860316,74.433285,Pune
E001091,C020,P004,2026-05-09 14:35:44,7.94,74.86,0.11,27.291286,74.573352,Mumbai
E001092,C004,P002,2026-03-04 03:15:15,4.06,61.99,0.23,29.655573,75.097799,Ahmedabad
E001093,C024,P002,2026-06-02 01:52:02,13.38,68.19,0.69,21.247624,75.457082,Jaipur
E001094,C041,P001,2026-01-21 23:06:28,9.04,72.31,0.36,20.716835,72.226409,Mumbai
E001095,C004,P004,2026-06-20 10:26:22,8.34,63.68,0.62,28.318083,79.200101,Pune
E001096,C025,P004,2026-02-15 08:06:34,15.77,82.15,0.26,27.86356,79.690794,Mumbai
E001097,C022,P004,2026-01-06 01:28:38,4.86,94.42,0.4,22.883317,76.502004,Ahmedabad
E001098,C016,P004,2026-06-19 14:31:40,12.32,61.53,0.45,25.015418,70.607385,Mumbai
E001099,C013,P001,2026-04-25 11:21:57,4.71,91.54,0.09,21.036148,70.05624,Pune
E001100,C044,P004,2026-06-02 22:02:52,5.51,89.13,0.49,22.090121,70.649503,Mumbai
E001101,C045,P002,2026-06-07 22:53:15,8.42,60.87,0.9,27.671064,74.323967,Ahmedabad
E001102,C050,P002,2026-04-06 22:36:53,15.75,71.18,0.21,23.553184,75.136745,Ahmedabad
E001103,C025,P004,2026-05-02 14:44:19,5.38,88.58,0.41,24.234618,78.83387,Pune
E001104,C033,P004,2026-04-06 16:44:39,12.55,86.54,0.96,25.302499,71.481029,Mumbai
E001105,C041,P003,2026-02-12 17:10:15,6.17,66.79,0.41,24.702951,70.366925,Jaipur
E001106,C047,P004,2026-03-01 08:11:04,10.35,77.98,0.98,25.274361,76.742859,Delhi
E001107,C001,P001,2026-05-27 12:39:23,5.33,73.85,0.46,25.32135,76.00334,Ahmedabad
E001108,C013,P001,2026-03-17 07:59:45,10.08,79.45,0.71,22.006517,70.958938,Pune
E001109,C028,P003,2026-03-26 11:11:36,12.51,88.69,0.26,20.603143,73.813304,Mumbai
E001110,C023,P002,2026-06-30 04:18:18,8.73,62.89,0.27,24.617956,73.61471,Ahmedabad
E001111,C045,P003,2026-06-26 03:59:30,5.24,84.96,0.35,23.509057,74.804696,Jaipur
E001112,C031,P002,2026-01-13 14:47:53,7.83,73.05,0.49,21.67325,78.518706,Mumbai
E001113,C030,P004,2026-06-16 08:31:11,8.59,83.5,0.88,29.512264,70.57888,Pune
E001114,C026,P004,2026-05-16 00:12:17,7.25,85.9,0.82,22.978455,70.287127,Mumbai
E001115,C026,P002,2026-02-21 23:15:03,5.23,86.85,0.13,25.337201,76.503556,Mumbai
E001116,C050,P001,2026-05-02 05:18:06,5.35,85.62,0.69,22.693225,75.166999,Delhi
E001117,C002,P004,2026-03-15 15:21:40,7.02,74.08,0.82,29.129862,72.577842,Ahmedabad
E001118,C048,P001,2026-03-27 07:49:53,8.07,85.96,0.52,27.159363,74.724731,Ahmedabad
E001119,C022,P002,2026-06-05 21:55:45,11.45,78.37,0.47,29.554956,76.767095,Pune
E001120,C003,P002,2026-02-25 00:28:40,5.51,91.26,0.64,23.950785,79.48054,Delhi
E001121,C019,P003,2026-01-25 10:27:26,12.01,68.32,0.21,29.554981,74.648019,Pune
E001122,C007,P004,2026-01-15 13:20:09,11.64,80.51,0.82,23.410485,77.209611,Delhi
E001123,C030,P004,2026-04-23 13:17:22,5.08,79.56,0.65,25.460323,70.054355,Pune
E001124,C017,P002,2026-02-27 21:58:49,4.02,79.39,0.77,21.112241,79.677281,Delhi
E001125,C010,P004,2026-04-30 21:59:03,12.01,72.68,0.27,29.22838,70.262658,Pune
E001126,C043,P003,2026-04-19 18:53:07,4.82,76.31,0.02,21.567121,79.860209,Delhi
E001127,C040,P001,2026-06-02 21:49:19,6.29,90.08,0.21,25.010242,73.843308,Delhi
E001128,C031,P004,2026-03-17 23:46:59,7.81,74.57,0.5,22.774045,73.063361,Ahmedabad
E001129,C032,P001,2026-05-26 19:41:09,6.61,65.19,0.88,27.112149,79.563034,Mumbai
E001130,C015,P001,2026-04-29 18:34:05,10.56,71.92,0.55,25.559305,70.988519,Mumbai
E001131,C007,P003,2026-05-09 01:06:03,6.48,76.8,0.42,25.101074,73.57537,Mumbai
E001132,C046,P001,2026-01-11 16:37:53,5.24,68.93,0.95,25.632772,79.097685,Pune
E001133,C002,P003,2026-06-16 01:08:49,7.23,94.28,0.08,27.894423,70.768276,Delhi
E001134,C036,P001,2026-04-24 15:26:31,11.35,90.82,0.8,29.24491,76.440884,Ahmedabad
E001135,C039,P002,2026-03-19 23:00:28,8.42,65.96,0.9,21.935309,78.132925,Jaipur
E001136,C037,P003,2026-03-07 14:36:00,8.78,88.13,0.61,26.80501,78.194853,Ahmedabad
E001137,C032,P002,2026-04-11 05:54:00,13.56,63.54,0.62,20.85966,73.605432,Jaipur
E001138,C011,P002,2026-03-31 17:19:52,14.2,83.13,0.23,24.986357,74.914384,Ahmedabad
E001139,C011,P004,2026-01-28 02:33:45,6.64,83.95,0.09,22.379099,72.680441,Delhi
E001140,C013,P004,2026-01-27 09:50:45,5.35,75.15,0.16,27.944738,79.257746,Ahmedabad
E001141,C029,P003,2026-02-02 06:58:26,15.68,92.24,0.04,26.341201,77.492536,Delhi
E001142,C050,P001,2026-01-21 13:44:35,8.13,78.93,0.1,22.75415,76.835203,Mumbai
E001143,C026,P004,2026-06-12 22:53:58,7.62,75.55,0.91,28.794247,73.891972,Pune
E001144,C049,P003,2026-04-20 00:37:47,4.36,68.86,0.93,24.174274,79.473751,Mumbai
E001145,C019,P004,2026-04-17 16:59:10,6.22,84.07,0.23,22.080789,79.863924,Jaipur
E001146,C046,P004,2026-01-15 11:44:22,14.04,71.33,0.06,22.194214,70.396151,Ahmedabad
E001147,C049,P003,2026-01-13 14:41:18,9.05,73.38,0.04,21.162822,73.343877,Pune
E001148,C026,P004,2026-05-14 16:49:27,10.28,63.62,0.39,23.281045,78.328962,Ahmedabad
E001149,C021,P004,2026-01-17 19:10:38,14.26,68.14,0.21,28.636506,76.739277,Jaipur
E001150,C013,P004,2026-01-05 16:00:16,8.16,67.78,0.62,26.863295,78.597999,Ahmedabad
E001151,C020,P001,2026-02-18 22:14:12,13.36,68.12,0.43,25.436984,72.762756,Pune
E001152,C031,P003,2026-03-22 19:28:09,9.69,72.59,0.57,23.487996,74.379942,Ahmedabad
E001153,C015,P004,2026-04-22 21:22:19,7.71,71.52,0.34,24.322354,74.055424,Jaipur
E001154,C048,P003,2026-04-06 07:01:39,11.08,68.15,0.1,21.287163,73.157358,Delhi
E001155,C023,P002,2026-02-05 10:48:30,5.25,70.56,0.95,26.143301,74.082441,Mumbai
E001156,C021,P003,2026-01-25 00:54:18,13.41,75.73,0.52,25.669957,71.101844,Mumbai
E001157,C026,P002,2026-03-01 16:34:56,9.7,90.49,0.94,20.476623,74.713006,Jaipur
E001158,C008,P001,2026-04-10 11:38:53,4.61,89.19,0.38,23.722122,76.690625,Ahmedabad
E001159,C013,P003,2026-05-06 01:31:15,12.65,64.09,0.24,29.332469,72.424998,Ahmedabad
E001160,C036,P002,2026-06-25 11:56:18,7.43,66.35,0.52,24.14145,78.218793,Mumbai
E001161,C044,P003,2026-05-04 08:25:51,4.37,91.83,0.88,24.749496,74.452868,Jaipur
E001162,C010,P004,2026-04-24 04:40:48,8.04,60.75,0.21,22.756948,70.420198,Pune
E001163,C015,P001,2026-06-29 14:14:01,7.38,80.01,0.6,22.027978,79.271542,Mumbai
E001164,C007,P002,2026-03-13 10:38:11,12.62,82.67,0.4,27.732543,75.05372,Delhi
E001165,C005,P004,2026-05-17 03:06:14,11.73,90.78,0.35,28.737668,72.921629,Ahmedabad
E001166,C003,P002,2026-03-14 14:08:25,13.69,94.1,0.81,27.16768,77.364413,Delhi
E001167,C046,P003,2026-05-17 08:19:50,10.73,85.7,0.81,26.311302,75.243676,Delhi
E001168,C040,P001,2026-04-26 17:28:08,15.19,70.48,0.04,29.762515,79.656861,Pune
E001169,C024,P003,2026-06-26 08:15:00,10.0,62.28,0.71,25.425183,73.61318,Jaipur
E001170,C005,P001,2026-01-15 11:39:45,5.14,74.93,0.89,23.968562,75.678701,Delhi
E001171,C035,P001,2026-04-07 08:53:57,12.72,72.28,0.25,27.58221,79.446724,Pune
E001172,C030,P004,2026-03-30 08:53:26,11.97,66.1,0.24,24.228101,76.441321,Delhi
E001173,C007,P002,2026-04-06 22:41:40,8.21,64.6,0.88,29.261832,74.354115,Pune
E001174,C013,P003,2026-06-22 00:13:35,15.62,77.82,0.56,29.381063,73.635497,Delhi
E001175,C010,P002,2026-03-15 04:06:31,13.72,83.3,0.22,20.457309,77.226459,Ahmedabad
E001176,C050,P004,2026-03-17 07:02:11,5.33,94.9,0.87,25.357653,76.482066,Ahmedabad
E001177,C024,P002,2026-01-23 23:09:14,13.24,70.33,0.46,25.332026,73.543597,Delhi
E001178,C014,P002,2026-03-09 02:16:01,14.96,76.0,0.86,29.327808,72.251997,Ahmedabad
E001179,C022,P004,2026-04-18 04:22:28,6.04,93.92,0.99,21.257942,79.337846,Mumbai
E001180,C033,P002,2026-03-02 17:47:26,11.27,87.39,0.41,20.709556,74.480009,Jaipur
E001181,C010,P003,2026-05-17 00:20:12,12.48,92.12,0.04,24.576869,74.587963,Jaipur
E001182,C019,P001,2026-02-27 10:54:52,13.14,65.27,0.51,27.077822,79.258406,Jaipur
E001183,C040,P003,2026-02-25 03:54:51,8.13,88.76,0.79,26.52654,71.529216,Jaipur
E001184,C030,P001,2026-05-27 04:33:14,6.27,93.97,0.11,27.026092,77.430326,Delhi
E001185,C013,P004,2026-01-02 07:16:39,14.53,78.73,0.8,22.532499,79.303745,Ahmedabad
E001186,C031,P003,2026-05-20 01:12:47,7.52,87.24,0.93,25.532717,79.631055,Ahmedabad
E001187,C050,P003,2026-06-02 12:35:46,6.92,86.21,0.64,23.089712,71.655774,Ahmedabad
E001188,C004,P001,2026-06-08 04:58:43,15.68,73.82,0.61,23.386568,78.490901,Jaipur
E001189,C034,P001,2026-06-26 04:58:38,12.01,69.95,0.89,26.292474,79.599195,Pune
E001190,C003,P001,2026-02-10 12:07:49,14.64,78.18,0.79,25.042329,79.326173,Jaipur
E001191,C047,P001,2026-04-12 21:12:55,14.05,77.96,0.01,27.859601,78.208103,Mumbai
E001192,C039,P003,2026-06-04 20:43:29,12.41,62.75,0.1,22.894013,79.113682,Jaipur
E001193,C033,P003,2026-06-14 00:23:16,7.81,66.07,0.41,20.535351,71.274472,Delhi
E001194,C031,P001,2026-01-19 06:11:51,8.52,75.62,0.68,29.890786,76.174322,Mumbai
E001195,C041,P004,2026-02-26 08:28:51,5.03,85.78,0.01,21.577714,79.468409,Ahmedabad
E001196,C036,P004,2026-05-26 04:05:22,9.29,73.56,0.72,26.380464,75.096142,Ahmedabad
E001197,C029,P001,2026-02-13 03:52:09,5.35,73.0,0.76,23.488054,74.39971,Delhi
E001198,C012,P001,2026-05-09 10:40:19,7.07,87.19,0.66,22.654816,76.125742,Ahmedabad
E001199,C046,P002,2026-02-16 04:14:03,10.41,79.21,0.99,23.272625,79.318202,Jaipur
E001200,C022,P004,2026-01-10 09:34:47,15.86,94.01,0.17,27.99733,71.640261,Jaipur
E001201,C044,P002,2026-03-14 02:24:30,13.01,75.98,0.42,24.233313,77.013336,Ahmedabad
E001202,C041,P003,2026-04-29 17:16:43,11.7,93.18,0.89,27.123064,75.179255,Pune
E001203,C038,P004,2026-06-19 19:30:26,13.0,77.14,0.65,27.089229,75.92463,Delhi
E001204,C041,P002,2026-06-02 11:17:45,11.11,68.36,0.39,29.477807,73.226434,Mumbai
E001205,C018,P004,2026-02-22 08:31:21,6.51,86.14,0.44,24.191289,72.827771,Pune
E001206,C022,P002,2026-01-05 15:20:34,6.56,83.76,0.08,26.378401,77.635222,Pune
E001207,C032,P004,2026-01-19 02:21:00,9.78,76.38,0.88,28.547768,79.478555,Pune
E001208,C030,P003,2026-02-02 16:57:00,10.06,75.52,0.68,21.974041,74.166472,Jaipur
E001209,C012,P001,2026-02-27 20:12:04,15.56,94.67,0.77,29.470911,70.013461,Ahmedabad
E001210,C042,P001,2026-05-12 23:54:34,13.85,82.56,0.82,22.425063,75.547217,Jaipur
E001211,C008,P004,2026-02-08 20:46:24,7.92,61.01,0.76,23.765077,70.461612,Pune
E001212,C037,P001,2026-04-01 18:02:45,8.4,79.84,0.66,25.499203,73.511219,Mumbai
E001213,C033,P001,2026-04-06 02:40:24,13.03,86.69,0.84,28.932569,71.590288,Mumbai
E001214,C021,P002,2026-01-13 10:45:42,8.92,75.98,0.33,23.150367,71.909902,Ahmedabad
E001215,C027,P002,2026-04-29 08:51:26,11.73,70.1,0.87,29.69267,75.230754,Jaipur
E001216,C046,P001,2026-06-30 17:23:26,9.87,77.25,0.7,21.961776,76.186333,Jaipur
E001217,C007,P004,2026-06-03 05:16:16,14.28,78.65,0.01,28.289819,75.506174,Delhi
E001218,C001,P003,2026-01-04 13:40:35,7.72,61.26,0.36,29.752807,74.165318,Pune
E001219,C036,P001,2026-06-13 21:44:35,8.46,87.17,0.68,25.329128,78.003708,Jaipur
E001220,C003,P004,2026-02-02 18:26:42,6.21,70.98,0.31,26.595963,73.788338,Mumbai
E001221,C004,P002,2026-03-15 09:08:35,14.43,94.86,0.49,20.036138,70.725037,Ahmedabad
E001222,C013,P004,2026-06-15 03:44:08,11.38,63.95,0.16,24.58394,76.920259,Pune
E001223,C009,P002,2026-05-07 16:48:20,6.25,70.41,0.87,25.291271,74.313922,Ahmedabad
E001224,C010,P001,2026-06-03 12:43:45,11.75,80.09,0.21,22.089585,76.238467,Mumbai
E001225,C049,P003,2026-03-26 08:10:19,6.77,69.28,0.51,24.65947,78.466006,Ahmedabad
E001226,C023,P002,2026-06-14 02:41:14,13.58,94.16,0.48,28.557517,71.109838,Pune
E001227,C012,P004,2026-02-25 01:30:32,6.93,75.39,0.17,21.744755,77.750566,Pune
E001228,C041,P004,2026-02-14 01:13:33,10.91,71.0,0.97,21.63426,71.962125,Mumbai
E001229,C044,P004,2026-03-08 19:36:39,15.33,66.15,0.32,29.062425,71.45715,Jaipur
E001230,C009,P004,2026-03-26 10:14:40,15.39,87.78,0.15,21.713521,76.099153,Jaipur
E001231,C024,P003,2026-06-11 19:56:17,10.27,90.25,0.98,21.309633,70.372422,Ahmedabad
E001232,C009,P001,2026-06-05 09:20:49,8.51,68.73,0.74,22.108137,76.660018,Mumbai
E001233,C015,P004,2026-06-04 00:53:27,15.38,60.49,0.68,22.605788,76.206537,Mumbai
E001234,C003,P004,2026-03-12 20:49:33,11.83,60.02,0.49,28.250932,79.136517,Jaipur
E001235,C034,P004,2026-02-04 18:48:40,7.3,84.08,0.35,23.310786,74.29355,Delhi
E001236,C012,P002,2026-06-24 17:43:36,13.73,68.2,0.79,21.53831,72.249378,Jaipur
E001237,C016,P003,2026-05-21 01:51:02,9.68,82.85,0.36,26.867339,78.892383,Delhi
E001238,C041,P002,2026-05-04 02:42:07,8.87,93.68,0.71,22.951205,79.71728,Delhi
E001239,C044,P004,2026-01-11 22:23:23,9.9,82.13,0.8,24.93199,71.056847,Jaipur
E001240,C017,P002,2026-05-11 05:18:02,8.43,88.15,0.24,25.563766,74.679096,Ahmedabad
E001241,C015,P002,2026-06-13 14:58:45,13.89,92.79,0.71,23.477302,77.433882,Pune
E001242,C040,P004,2026-03-13 18:05:37,12.24,62.57,0.07,29.127258,78.657019,Ahmedabad
E001243,C026,P003,2026-06-02 00:02:49,9.4,70.46,0.77,26.91548,72.396256,Pune
E001244,C034,P003,2026-03-29 01:35:19,15.94,62.71,0.12,24.506513,73.270176,Jaipur
E001245,C031,P004,2026-02-20 11:03:47,9.93,88.7,0.69,23.283022,71.903719,Pune
E001246,C045,P002,2026-01-10 09:43:47,8.9,62.97,0.61,25.553731,70.985824,Pune
E001247,C003,P003,2026-03-27 05:31:54,5.84,64.5,0.13,24.070641,79.448882,Delhi
E001248,C008,P004,2026-05-01 01:53:34,12.97,89.8,0.52,21.130701,72.768923,Ahmedabad
E001249,C007,P003,2026-02-05 23:51:50,11.04,63.51,0.83,20.19534,71.431658,Ahmedabad
E001250,C027,P003,2026-05-12 03:02:06,13.6,80.1,0.71,20.37948,75.004097,Pune
E001251,C048,P002,2026-01-10 18:26:42,15.47,80.23,0.83,28.77028,75.71484,Jaipur
E001252,C003,P001,2026-04-13 12:55:40,7.8,63.65,0.77,24.377973,77.518811,Pune
E001253,C029,P001,2026-05-15 22:23:44,6.46,65.84,0.25,27.051715,70.114922,Delhi
E001254,C042,P003,2026-02-05 18:02:53,4.74,76.74,0.45,22.547157,73.232506,Ahmedabad
E001255,C029,P003,2026-06-05 11:59:18,7.55,77.8,0.79,20.639195,72.979755,Delhi
E001256,C038,P004,2026-01-07 21:09:48,13.33,74.34,0.82,20.708402,76.285292,Ahmedabad
E001257,C009,P002,2026-02-15 13:12:19,13.43,81.9,0.35,29.790149,70.627371,Jaipur
E001258,C041,P003,2026-03-25 08:51:35,5.44,69.8,0.1,28.506926,71.500018,Mumbai
E001259,C028,P003,2026-05-30 02:56:42,7.27,84.32,0.28,27.47654,75.766348,Jaipur
E001260,C017,P001,2026-01-09 07:19:27,9.03,65.47,0.32,26.622374,76.180738,Mumbai
E001261,C046,P001,2026-04-15 20:43:20,13.81,70.4,0.81,25.644112,72.987491,Pune
E001262,C020,P004,2026-01-07 04:40:43,14.81,65.86,0.76,27.482228,75.876404,Mumbai
E001263,C036,P004,2026-01-30 12:30:27,15.76,76.5,0.87,22.866721,72.065374,Mumbai
E001264,C012,P003,2026-06-29 00:18:14,6.91,79.27,0.84,25.529011,73.709845,Jaipur
E001265,C016,P003,2026-01-20 02:44:19,11.53,69.9,0.74,24.136918,74.458432,Delhi
E001266,C029,P002,2026-03-27 11:23:25,5.53,86.22,0.63,26.495657,73.719762,Ahmedabad
E001267,C031,P003,2026-01-21 21:20:28,4.15,64.32,0.53,20.161635,77.456106,Delhi
E001268,C050,P002,2026-01-24 06:16:04,12.07,67.78,0.68,20.729688,77.776106,Ahmedabad
E001269,C047,P002,2026-06-14 12:28:15,15.21,86.28,0.91,28.017571,78.61673,Pune
E001270,C012,P003,2026-06-15 23:54:26,7.31,76.41,0.45,23.187222,78.08323,Pune
E001271,C002,P001,2026-06-26 08:09:52,6.09,91.74,0.59,24.768515,75.639368,Ahmedabad
E001272,C033,P004,2026-03-28 15:36:00,15.55,60.72,0.64,23.437393,71.767919,Jaipur
E001273,C042,P002,2026-02-10 20:55:40,5.22,82.83,0.51,24.257618,70.910644,Pune
E001274,C037,P004,2026-05-31 04:29:03,8.64,64.15,0.42,27.839196,75.069546,Pune
E001275,C021,P003,2026-01-19 09:42:00,12.87,65.96,0.43,25.907214,72.353158,Pune
E001276,C009,P003,2026-05-02 19:45:00,4.99,90.67,0.97,21.521203,73.665995,Pune
E001277,C031,P001,2026-05-11 02:40:19,4.43,83.43,0.2,23.528878,74.601528,Pune
E001278,C041,P001,2026-01-05 05:09:30,13.7,65.09,0.19,28.005107,79.463202,Ahmedabad
E001279,C043,P003,2026-04-21 05:00:11,7.03,85.19,0.35,21.241733,77.212687,Delhi
E001280,C024,P002,2026-03-17 01:20:41,14.12,64.83,0.73,29.428221,79.849492,Jaipur
E001281,C012,P001,2026-01-06 14:53:51,9.26,79.8,0.88,23.066925,78.042413,Jaipur
E001282,C016,P004,2026-03-28 22:08:21,10.58,87.51,0.02,20.00527,70.492991,Pune
E001283,C036,P001,2026-02-07 06:40:28,4.34,76.53,0.54,20.335499,79.931576,Mumbai
E001284,C042,P003,2026-03-19 12:57:56,5.09,86.32,0.27,22.928982,79.432756,Pune
E001285,C044,P003,2026-04-17 10:10:14,8.4,69.35,0.78,20.728909,73.79772,Ahmedabad
E001286,C003,P001,2026-03-20 20:56:08,11.45,92.84,0.74,20.772723,73.808334,Jaipur
E001287,C042,P002,2026-04-20 02:05:18,10.1,67.37,0.84,27.106611,76.593137,Ahmedabad
E001288,C024,P003,2026-01-31 15:47:31,15.19,83.82,0.17,29.797297,74.468971,Ahmedabad
E001289,C032,P002,2026-01-27 08:27:12,8.66,62.55,0.02,28.424698,77.317841,Delhi
E001290,C005,P003,2026-05-11 20:46:23,7.21,83.42,0.0,28.865142,70.38061,Ahmedabad
E001291,C005,P003,2026-04-08 17:18:06,10.41,70.97,0.02,21.303103,78.935752,Delhi
E001292,C018,P004,2026-01-09 02:01:15,15.95,80.94,0.09,23.060142,79.420532,Ahmedabad
E001293,C010,P003,2026-04-16 19:08:31,8.4,60.24,0.03,29.083791,71.791366,Ahmedabad
E001294,C005,P002,2026-05-25 05:08:19,9.59,73.6,0.91,21.493938,76.634763,Mumbai
E001295,C037,P004,2026-03-08 02:35:09,13.06,82.98,0.03,23.48984,73.946612,Ahmedabad
E001296,C014,P001,2026-05-30 14:56:22,15.24,91.5,0.13,25.331855,76.354959,Pune
E001297,C030,P002,2026-02-17 06:19:59,12.1,93.27,0.53,22.906929,74.102812,Ahmedabad
E001298,C022,P003,2026-03-23 05:18:58,8.27,87.7,0.98,21.805158,78.87892,Pune
E001299,C044,P004,2026-01-14 12:18:40,13.95,81.87,0.01,29.47293,73.352017,Jaipur
E001300,C025,P004,2026-03-31 18:21:30,15.84,74.01,0.7,20.505167,77.556136,Ahmedabad
E001301,C040,P004,2026-05-16 14:08:11,10.41,79.76,0.88,22.663222,70.811042,Ahmedabad
E001302,C036,P003,2026-05-09 04:43:28,12.1,61.29,0.04,25.926757,73.50164,Mumbai
E001303,C046,P004,2026-05-05 04:38:28,15.68,63.53,0.72,21.333114,72.979437,Mumbai
E001304,C014,P003,2026-06-17 23:48:14,6.01,89.34,0.61,26.21893,73.030938,Pune
E001305,C032,P003,2026-04-24 14:20:29,4.73,70.68,0.24,28.884597,77.048156,Delhi
E001306,C002,P001,2026-05-07 01:58:51,6.58,87.37,0.33,26.46132,73.210897,Jaipur
E001307,C002,P004,2026-01-12 01:53:48,13.96,90.22,0.4,23.976041,77.252212,Mumbai
E001308,C038,P004,2026-01-01 22:56:42,11.62,69.06,0.51,21.923735,71.070235,Pune
E001309,C026,P002,2026-03-11 18:01:49,6.64,93.32,0.69,22.321907,75.101685,Pune
E001310,C011,P001,2026-05-08 05:40:06,11.27,86.17,0.9,26.119186,73.91022,Delhi
E001311,C007,P001,2026-02-17 23:53:01,6.06,90.49,0.96,24.740223,79.831296,Ahmedabad
E001312,C037,P003,2026-02-09 08:01:23,8.86,74.1,0.83,21.385241,71.005978,Ahmedabad
E001313,C008,P004,2026-01-30 12:29:07,12.25,87.84,0.19,25.370918,71.834629,Ahmedabad
E001314,C011,P001,2026-03-06 01:39:39,13.65,67.35,0.25,24.254911,79.112584,Ahmedabad
E001315,C029,P001,2026-02-12 09:09:32,15.99,79.48,0.58,25.356466,78.957258,Jaipur
E001316,C008,P001,2026-01-30 03:23:50,11.85,65.41,0.46,24.365913,75.203897,Pune
E001317,C028,P004,2026-01-23 17:53:04,15.48,77.18,0.58,25.395055,72.755869,Pune
E001318,C032,P001,2026-03-13 17:42:49,6.8,78.37,0.69,29.053214,76.355184,Delhi
E001319,C002,P003,2026-02-17 21:52:39,8.84,93.32,0.49,20.010609,72.459599,Delhi
E001320,C028,P004,2026-01-05 03:18:01,8.44,77.59,0.41,20.538568,72.611495,Ahmedabad
E001321,C037,P004,2026-03-12 10:40:14,15.3,81.68,0.5,29.162072,75.28437,Ahmedabad
E001322,C023,P003,2026-06-11 14:26:33,13.1,91.96,0.03,24.778534,71.123142,Pune
E001323,C017,P003,2026-06-10 23:47:08,10.55,83.64,0.65,20.415595,70.123686,Delhi
E001324,C033,P002,2026-06-15 01:59:26,6.94,75.58,0.65,29.856371,75.256916,Mumbai
E001325,C043,P003,2026-01-18 23:19:12,5.53,69.62,0.49,21.582468,77.000926,Delhi
E001326,C028,P003,2026-05-01 18:11:03,5.17,74.28,0.78,26.239835,74.375091,Mumbai
E001327,C044,P002,2026-02-24 16:39:07,11.61,92.53,0.21,24.439336,70.892533,Ahmedabad
E001328,C013,P004,2026-06-03 17:22:49,12.28,75.28,0.46,26.499317,74.477495,Ahmedabad
E001329,C026,P003,2026-05-25 05:25:25,10.39,77.92,0.41,23.550279,74.391584,Mumbai
E001330,C042,P003,2026-04-23 12:16:14,4.68,75.93,0.17,28.763864,75.516809,Mumbai
E001331,C039,P002,2026-01-08 18:45:11,8.72,74.24,0.4,25.439913,73.795464,Mumbai
E001332,C024,P002,2026-06-08 02:45:10,4.71,88.14,0.28,23.750734,76.095055,Jaipur
E001333,C023,P004,2026-05-06 16:02:27,9.97,69.09,0.23,20.255194,72.457366,Jaipur
E001334,C010,P001,2026-04-22 10:18:38,11.09,86.25,0.56,28.459444,77.953694,Ahmedabad
E001335,C046,P004,2026-04-04 16:20:27,13.41,71.45,0.03,28.147578,76.182836,Jaipur
E001336,C006,P001,2026-01-25 00:46:20,11.33,74.44,0.51,27.743026,71.856981,Jaipur
E001337,C029,P004,2026-02-06 10:54:16,14.21,77.12,0.47,29.59317,77.51022,Mumbai
E001338,C050,P001,2026-01-02 06:16:11,12.14,80.96,0.52,25.545578,71.941433,Mumbai
E001339,C001,P004,2026-03-27 06:41:41,14.4,83.9,0.95,28.094255,70.524248,Pune
E001340,C042,P003,2026-02-21 22:47:59,8.21,63.66,0.94,28.205044,71.168224,Jaipur
E001341,C025,P001,2026-02-20 01:47:21,4.64,87.02,0.12,23.150621,74.252942,Pune
E001342,C047,P003,2026-05-24 08:25:18,9.32,69.55,0.65,22.722533,76.603042,Jaipur
E001343,C045,P003,2026-04-04 06:44:19,4.37,84.37,0.08,21.905156,77.998333,Pune
E001344,C020,P003,2026-06-06 04:17:45,15.26,62.61,0.85,24.522094,70.203614,Mumbai
E001345,C011,P004,2026-06-27 01:51:57,7.27,66.11,0.57,21.203814,72.077681,Delhi
E001346,C012,P001,2026-06-04 11:57:14,11.03,82.21,0.56,29.057748,73.878334,Mumbai
E001347,C050,P004,2026-02-16 00:39:05,15.38,61.97,0.5,23.145951,71.474831,Delhi
E001348,C043,P001,2026-01-13 09:49:06,13.75,80.16,0.64,21.076952,75.042747,Delhi
E001349,C047,P002,2026-01-03 10:26:14,7.89,74.15,0.78,27.283916,72.261653,Mumbai
E001350,C003,P002,2026-01-16 17:09:21,11.42,68.87,0.7,24.666161,71.104251,Delhi
E001351,C028,P002,2026-05-14 08:45:55,5.07,65.83,0.18,27.237471,79.373049,Mumbai
E001352,C024,P004,2026-02-22 02:51:54,10.54,65.9,0.71,24.442369,78.893685,Pune
E001353,C019,P003,2026-05-26 02:21:30,5.06,84.55,0.94,20.946317,74.455901,Ahmedabad
E001354,C034,P002,2026-03-29 17:44:43,13.11,68.34,0.6,22.935265,76.750979,Delhi
E001355,C040,P002,2026-02-08 20:17:37,7.56,90.28,0.47,24.78163,71.72282,Jaipur
E001356,C015,P003,2026-01-25 22:27:02,13.96,94.17,0.56,21.582481,78.858809,Delhi
E001357,C013,P004,2026-01-01 10:18:45,5.85,82.33,0.49,27.506621,71.793163,Pune
E001358,C015,P002,2026-06-24 03:17:03,11.23,61.33,0.48,20.116079,77.555868,Delhi
E001359,C026,P003,2026-05-24 07:14:53,8.17,79.69,0.82,21.645956,70.465256,Mumbai
E001360,C033,P004,2026-04-09 22:34:17,12.64,81.97,0.09,29.784235,74.931879,Ahmedabad
E001361,C012,P004,2026-04-04 06:38:05,15.45,76.68,0.89,27.199644,73.50388,Mumbai
E001362,C007,P004,2026-01-10 22:56:30,15.52,75.86,0.74,23.816154,73.484865,Delhi
E001363,C046,P002,2026-05-22 09:48:24,4.24,85.71,0.3,22.332707,75.026992,Delhi
E001364,C011,P002,2026-04-21 05:04:17,12.24,85.76,0.73,28.305892,74.012136,Jaipur
E001365,C050,P004,2026-02-16 08:25:05,15.91,63.82,0.1,20.717322,75.957779,Pune
E001366,C039,P001,2026-06-01 00:27:05,10.46,60.68,0.29,26.25318,78.213595,Mumbai
E001367,C021,P003,2026-04-01 13:16:25,6.93,79.58,0.01,26.465778,76.314545,Ahmedabad
E001368,C002,P002,2026-04-10 02:15:58,7.66,90.64,0.97,21.396465,77.240517,Jaipur
E001369,C003,P002,2026-05-11 22:06:41,14.31,93.73,0.28,28.438091,74.382528,Jaipur
E001370,C026,P004,2026-06-14 11:48:34,7.76,84.64,0.9,22.738114,72.008338,Pune
E001371,C027,P003,2026-02-01 04:42:11,5.6,68.26,0.19,26.869765,72.451935,Ahmedabad
E001372,C048,P001,2026-04-18 07:30:35,6.29,76.14,0.86,20.976866,77.410872,Delhi
E001373,C031,P001,2026-05-17 23:26:50,13.95,76.99,0.2,23.589584,73.863386,Jaipur
E001374,C027,P004,2026-03-31 21:44:55,15.29,73.67,0.42,21.928656,76.668874,Pune
E001375,C033,P001,2026-01-28 20:09:51,11.6,69.43,0.44,22.859519,72.588056,Ahmedabad
E001376,C042,P002,2026-03-31 20:09:38,12.03,72.31,0.32,26.075958,72.532378,Delhi
E001377,C032,P002,2026-01-19 10:25:03,13.91,88.97,0.17,28.859462,73.075766,Pune
E001378,C003,P002,2026-06-22 02:27:28,6.36,67.26,1.0,20.083298,72.262443,Ahmedabad
E001379,C027,P003,2026-05-12 12:32:49,9.55,66.52,0.18,21.52843,74.814523,Jaipur
E001380,C034,P003,2026-04-20 21:33:42,11.88,72.54,0.37,22.123208,75.011205,Delhi
E001381,C026,P004,2026-02-07 08:22:16,4.74,62.94,0.3,25.040395,72.803644,Ahmedabad
E001382,C002,P004,2026-05-10 13:59:39,8.93,65.97,0.53,25.016938,76.038346,Pune
E001383,C023,P004,2026-03-14 05:14:10,13.13,72.56,0.98,24.327122,75.128608,Mumbai
E001384,C008,P002,2026-06-29 08:06:09,11.05,91.89,0.9,28.709233,70.360406,Pune
E001385,C038,P004,2026-01-07 17:29:52,9.42,80.67,0.76,27.851764,78.122134,Mumbai
E001386,C029,P004,2026-06-09 04:51:33,12.25,70.78,0.65,24.817457,79.969233,Jaipur
E001387,C015,P002,2026-01-20 06:23:35,14.04,77.39,0.58,26.105577,77.019036,Ahmedabad
E001388,C023,P001,2026-01-24 03:38:33,15.53,70.11,0.12,20.434472,76.731772,Mumbai
E001389,C018,P004,2026-02-15 10:51:13,13.79,88.22,0.9,27.816434,70.528338,Jaipur
E001390,C017,P002,2026-06-25 08:34:07,13.22,88.83,0.47,22.214867,76.764835,Jaipur
E001391,C017,P003,2026-05-30 16:44:52,7.46,63.31,0.13,24.954578,72.247266,Mumbai
E001392,C043,P002,2026-04-07 08:38:07,5.65,66.53,0.58,29.669987,76.080769,Delhi
E001393,C028,P004,2026-02-24 06:10:34,12.13,82.75,0.53,23.169845,79.378991,Delhi
E001394,C042,P001,2026-01-31 20:30:03,8.91,61.08,0.38,23.466903,79.158145,Mumbai
E001395,C022,P004,2026-01-21 17:35:37,6.99,80.03,0.35,27.890337,77.290181,Jaipur
E001396,C032,P001,2026-02-08 10:17:26,10.14,90.98,0.89,20.954922,71.978451,Pune
E001397,C033,P001,2026-05-07 04:02:03,11.99,82.02,0.56,22.079262,79.603955,Jaipur
E001398,C006,P003,2026-06-08 06:12:36,6.84,72.7,0.25,22.253933,78.428821,Jaipur
E001399,C015,P003,2026-01-03 23:04:47,12.03,73.34,0.38,29.89081,71.810794,Jaipur
E001400,C038,P003,2026-04-06 01:57:07,10.11,77.12,0.22,27.286199,79.884012,Delhi
E001401,C001,P002,2026-06-16 07:35:32,15.21,92.33,0.17,23.355083,71.057779,Mumbai
E001402,C023,P003,2026-04-25 01:02:58,14.07,65.95,0.59,23.366782,74.653047,Pune
E001403,C017,P001,2026-04-16 00:10:01,7.41,88.11,0.19,20.222394,71.780957,Delhi
E001404,C001,P003,2026-03-19 13:16:46,6.55,69.24,0.62,20.385819,71.235051,Pune
E001405,C018,P002,2026-06-03 03:41:17,9.66,72.98,0.02,28.297099,70.32627,Mumbai
E001406,C034,P001,2026-04-13 17:36:54,13.09,63.84,0.26,28.130479,78.231572,Mumbai
E001407,C005,P002,2026-03-06 08:15:48,12.8,80.4,0.02,26.538599,75.32489,Jaipur
E001408,C023,P002,2026-04-30 18:58:37,9.85,81.26,0.65,22.021279,72.230447,Delhi
E001409,C019,P002,2026-05-11 18:49:54,7.33,94.55,0.62,28.457241,78.937046,Jaipur
E001410,C031,P003,2026-02-08 16:32:35,10.48,91.88,0.93,28.187198,70.305021,Ahmedabad
E001411,C041,P001,2026-01-25 01:15:10,7.47,84.21,0.57,27.055953,74.301326,Mumbai
E001412,C017,P002,2026-06-21 04:03:27,5.78,67.53,0.49,21.533836,71.307199,Pune
E001413,C040,P004,2026-03-04 23:31:01,15.81,66.8,0.04,24.517071,74.196529,Ahmedabad
E001414,C014,P004,2026-04-17 05:35:48,8.25,62.1,0.01,29.16494,75.672902,Jaipur
E001415,C030,P001,2026-02-21 08:04:06,15.87,84.97,0.96,21.624327,76.154299,Pune
E001416,C007,P001,2026-05-11 03:06:49,15.6,79.07,0.86,26.992752,78.800357,Pune
E001417,C030,P004,2026-06-29 17:37:35,13.52,87.68,0.35,21.972071,71.495436,Delhi
E001418,C005,P001,2026-06-10 22:43:22,5.54,69.83,0.71,29.950487,78.494357,Delhi
E001419,C030,P001,2026-06-08 02:15:44,7.34,69.14,0.95,24.024824,78.882667,Delhi
E001420,C027,P003,2026-05-10 02:51:08,13.05,91.97,0.62,25.531942,72.671147,Jaipur
E001421,C007,P001,2026-05-12 05:20:18,14.17,80.9,0.38,28.877999,76.487721,Mumbai
E001422,C022,P001,2026-01-07 05:24:30,15.45,84.72,0.87,22.309805,76.761011,Ahmedabad
E001423,C001,P002,2026-01-30 08:42:53,4.81,76.13,0.34,22.832467,79.910259,Pune
E001424,C036,P003,2026-03-30 13:59:21,13.82,74.13,0.25,27.791041,78.452543,Jaipur
E001425,C042,P002,2026-03-01 11:27:39,6.91,91.35,0.31,26.4436,77.612264,Ahmedabad
E001426,C036,P003,2026-03-27 08:24:01,6.25,77.65,0.02,21.967344,71.804911,Delhi
E001427,C015,P003,2026-02-06 12:10:30,9.96,93.14,0.78,20.903204,74.713388,Pune
E001428,C042,P003,2026-06-10 03:36:37,13.35,66.47,0.29,29.065089,74.168483,Jaipur
E001429,C043,P004,2026-05-14 21:49:25,5.25,75.45,0.31,20.182077,75.853183,Jaipur
E001430,C041,P003,2026-04-01 12:56:04,5.51,76.89,0.99,27.158412,76.453538,Pune
E001431,C022,P003,2026-03-31 14:27:17,4.23,60.51,0.38,28.11353,78.129135,Ahmedabad
E001432,C020,P001,2026-03-18 15:44:28,9.3,75.35,0.68,28.568773,75.865646,Jaipur
E001433,C033,P002,2026-01-19 16:51:48,15.72,87.56,0.33,23.763806,72.566965,Jaipur
E001434,C007,P004,2026-02-21 13:08:43,11.1,72.18,0.07,27.293635,72.758359,Mumbai
E001435,C023,P002,2026-04-01 10:26:54,11.91,69.88,0.94,26.125986,70.363608,Ahmedabad
E001436,C012,P004,2026-05-07 14:09:47,8.77,64.97,0.11,28.893452,72.387216,Delhi
E001437,C014,P003,2026-04-05 10:43:14,6.0,62.4,0.28,28.69447,71.387564,Mumbai
E001438,C032,P003,2026-01-04 07:46:24,10.24,64.95,0.5,20.193524,75.484792,Delhi
E001439,C039,P004,2026-04-27 21:03:04,12.91,88.09,0.64,25.305155,78.339043,Jaipur
E001440,C017,P004,2026-06-08 04:10:44,6.96,77.03,0.36,25.48992,70.373323,Mumbai
E001441,C015,P004,2026-03-02 17:11:36,15.05,78.02,0.91,28.223647,78.474886,Jaipur
E001442,C026,P003,2026-05-18 23:19:19,5.61,68.03,0.58,23.752841,75.910276,Delhi
E001443,C043,P002,2026-03-26 12:19:23,5.47,71.23,0.48,29.487383,78.127851,Pune
E001444,C042,P004,2026-04-20 07:29:32,10.51,88.77,0.61,23.677605,71.501728,Delhi
E001445,C028,P001,2026-05-07 07:53:50,14.9,79.82,0.61,26.343434,75.999664,Ahmedabad
E001446,C010,P001,2026-04-09 13:30:24,4.54,82.11,0.66,21.839619,71.695977,Ahmedabad
E001447,C039,P002,2026-04-23 13:42:29,14.28,62.8,0.37,22.738973,75.918534,Jaipur
E001448,C005,P002,2026-04-27 21:18:31,15.14,92.58,0.67,28.159074,71.453404,Ahmedabad
E001449,C028,P002,2026-04-08 21:30:49,9.0,65.73,0.68,27.081202,77.269881,Pune
E001450,C029,P003,2026-03-03 06:35:30,12.38,77.3,0.46,25.121333,74.938734,Jaipur
E001451,C008,P003,2026-05-08 10:15:45,14.39,83.62,0.01,22.832139,77.604789,Mumbai
E001452,C048,P002,2026-04-05 17:45:40,13.49,74.24,0.93,24.387963,78.831581,Jaipur
E001453,C044,P001,2026-04-28 00:05:49,4.58,82.5,0.22,29.865518,79.496691,Delhi
E001454,C002,P002,2026-02-08 01:01:18,12.0,73.5,0.94,28.605326,74.593108,Jaipur
E001455,C038,P001,2026-03-29 07:29:57,7.57,67.66,0.88,26.401005,79.66025,Pune
E001456,C002,P002,2026-03-12 07:29:42,8.93,67.12,0.76,24.460467,73.658373,Jaipur
E001457,C021,P001,2026-02-05 22:38:10,12.04,66.26,0.04,29.172775,72.081848,Jaipur
E001458,C006,P003,2026-03-08 16:53:53,14.63,93.49,0.68,29.825525,75.001938,Delhi
E001459,C012,P003,2026-06-24 08:17:44,11.55,75.94,0.34,24.605556,76.613942,Delhi
E001460,C012,P002,2026-06-04 07:48:09,12.96,94.47,0.06,27.174149,79.380255,Jaipur
E001461,C043,P002,2026-06-05 20:22:01,14.81,70.71,0.31,23.824704,71.204758,Jaipur
E001462,C035,P003,2026-04-11 02:39:39,10.26,85.04,0.67,23.757359,71.498571,Pune
E001463,C014,P004,2026-03-27 15:46:40,8.11,60.84,0.96,20.2943,71.988279,Mumbai
E001464,C008,P003,2026-05-09 23:50:49,14.41,64.13,0.45,28.47331,74.102912,Jaipur
E001465,C042,P003,2026-01-17 00:18:11,14.1,94.73,0.3,21.748784,74.677601,Delhi
E001466,C001,P003,2026-01-24 04:17:13,13.59,91.96,0.93,29.72243,72.439877,Pune
E001467,C030,P001,2026-01-17 16:44:43,8.45,67.71,0.41,21.891881,70.431811,Jaipur
E001468,C030,P002,2026-03-05 21:37:12,6.6,61.71,0.43,20.767586,72.12591,Ahmedabad
E001469,C029,P002,2026-03-14 14:48:53,15.23,72.36,0.37,21.407775,75.250086,Jaipur
E001470,C040,P004,2026-02-02 07:22:56,10.03,75.13,0.73,22.89096,74.630188,Mumbai
E001471,C016,P003,2026-03-11 18:07:11,5.0,79.95,0.44,23.800063,71.640888,Jaipur
E001472,C036,P003,2026-03-27 06:03:15,4.62,82.68,0.82,21.608603,78.727408,Mumbai
E001473,C033,P001,2026-01-27 11:13:55,7.21,68.45,0.76,27.255254,71.994921,Pune
E001474,C050,P001,2026-01-29 04:55:01,4.23,91.83,0.84,29.032609,78.751043,Ahmedabad
E001475,C026,P001,2026-04-10 19:42:23,6.85,89.37,0.95,21.743698,76.933881,Ahmedabad
E001476,C024,P003,2026-04-12 21:06:28,12.44,85.44,0.59,23.939903,77.896664,Ahmedabad
E001477,C048,P002,2026-01-17 12:37:42,6.2,90.89,0.99,25.09951,77.289813,Mumbai
E001478,C030,P002,2026-04-10 23:09:46,13.83,91.48,0.62,25.006926,73.369137,Jaipur
E001479,C025,P002,2026-03-10 06:17:02,6.6,72.26,0.04,28.844312,73.674422,Pune
E001480,C044,P002,2026-05-27 16:11:00,10.74,69.65,0.13,29.493871,71.064916,Ahmedabad
E001481,C007,P004,2026-06-23 10:19:04,15.48,71.19,0.45,24.023922,77.660956,Jaipur
E001482,C041,P002,2026-02-06 22:20:00,5.07,82.32,0.91,27.02839,79.358976,Delhi
E001483,C020,P002,2026-06-05 18:17:26,11.88,79.04,0.37,25.28232,74.210061,Jaipur
E001484,C025,P003,2026-05-14 12:50:15,15.72,70.85,0.94,25.183236,70.193224,Ahmedabad
E001485,C036,P003,2026-06-15 20:38:33,6.8,72.06,0.47,25.553743,74.635613,Mumbai
E001486,C001,P004,2026-06-05 12:40:24,7.26,85.28,0.73,20.957165,79.862094,Jaipur
E001487,C030,P003,2026-06-04 01:20:45,5.62,65.57,0.98,20.508765,77.534027,Delhi
E001488,C034,P001,2026-04-14 01:12:54,13.11,78.19,0.41,28.171909,76.951014,Mumbai
E001489,C002,P003,2026-05-02 18:16:44,11.96,65.06,0.26,20.581886,70.091236,Pune
E001490,C037,P002,2026-01-06 06:23:08,15.12,73.71,0.22,25.222707,75.131912,Pune
E001491,C045,P004,2026-04-19 16:57:12,4.58,69.78,0.18,27.231551,70.00258,Jaipur
E001492,C039,P002,2026-06-22 19:27:49,9.33,76.53,0.72,24.860496,79.344014,Pune
E001493,C016,P001,2026-06-22 09:12:45,7.84,93.91,0.2,26.856655,79.613033,Mumbai
E001494,C035,P002,2026-02-18 15:23:34,11.82,73.77,0.8,24.373352,77.578347,Ahmedabad
E001495,C036,P003,2026-04-28 13:01:24,12.36,71.43,0.81,23.093716,75.731148,Ahmedabad
E001496,C031,P003,2026-05-14 07:50:52,8.65,70.84,0.11,23.820675,74.011643,Ahmedabad
E001497,C025,P002,2026-04-03 11:25:58,9.55,82.63,0.45,21.547227,71.405638,Delhi
E001498,C017,P003,2026-03-26 19:16:55,11.36,91.84,0.21,29.163694,74.513568,Ahmedabad
E001499,C024,P004,2026-03-31 23:41:04,8.49,65.95,0.93,22.05417,78.928197,Jaipur
E001500,C020,P001,2026-01-01 23:24:25,13.69,86.82,0.06,24.546684,76.921778,Pune
E001501,C017,P004,2026-06-11 08:37:12,4.38,94.36,0.8,23.30602,74.404841,Ahmedabad
E001502,C035,P003,2026-05-19 04:13:56,15.43,66.73,0.26,28.307417,77.799472,Mumbai
E001503,C029,P001,2026-03-17 13:53:33,8.09,86.11,0.3,27.351052,79.157603,Delhi
E001504,C033,P003,2026-04-10 09:55:55,15.68,64.35,0.1,28.628748,70.366093,Pune
E001505,C004,P003,2026-04-01 05:07:33,5.42,70.96,0.88,28.548171,75.397105,Jaipur
E001506,C021,P003,2026-03-08 05:28:30,5.45,90.95,0.04,24.682057,73.600874,Pune
E001507,C040,P002,2026-02-22 17:39:30,13.41,75.49,0.98,26.97805,75.792856,Mumbai
E001508,C029,P002,2026-04-01 09:31:11,11.77,94.9,0.05,29.332326,75.932488,Mumbai
E001509,C011,P003,2026-02-15 04:41:51,15.86,81.05,0.39,21.934966,77.409179,Ahmedabad
E001510,C040,P003,2026-02-07 21:58:37,12.2,63.68,0.23,26.451176,76.645921,Delhi
E001511,C049,P003,2026-02-06 15:53:48,12.76,74.37,0.73,29.454344,70.76823,Delhi
E001512,C046,P002,2026-04-15 16:19:34,14.2,78.87,0.06,28.033096,76.587979,Mumbai
E001513,C043,P002,2026-05-13 03:29:31,5.96,94.28,0.87,26.913791,77.720056,Delhi
E001514,C037,P002,2026-02-03 04:52:34,13.65,75.9,0.63,22.549263,75.17585,Mumbai
E001515,C021,P001,2026-06-10 17:02:43,7.73,74.93,0.78,21.833371,78.738398,Pune
E001516,C019,P004,2026-02-06 17:05:28,4.1,73.42,0.78,20.215172,75.244895,Pune
E001517,C008,P003,2026-05-26 09:33:29,11.78,76.49,0.17,25.291799,74.813143,Delhi
E001518,C034,P002,2026-02-07 09:06:51,6.49,75.01,0.66,22.78506,72.029992,Ahmedabad
E001519,C046,P003,2026-06-14 19:35:28,8.16,91.86,0.21,23.441935,75.845496,Delhi
E001520,C020,P002,2026-03-28 19:15:42,12.23,62.69,0.06,21.784484,78.332626,Pune
E001521,C001,P002,2026-04-14 18:11:29,13.41,87.65,0.15,25.789301,73.125088,Delhi
E001522,C017,P003,2026-06-24 21:54:15,12.96,85.43,0.87,26.959006,77.041561,Jaipur
E001523,C038,P004,2026-06-30 01:11:53,7.2,77.72,0.5,20.740271,79.933059,Jaipur
E001524,C050,P004,2026-02-11 07:18:47,8.38,90.59,0.11,28.574219,76.529732,Pune
E001525,C020,P001,2026-01-09 12:06:39,5.9,67.58,0.34,28.965331,72.842039,Jaipur
E001526,C042,P004,2026-06-06 00:12:19,15.12,83.79,0.19,26.325812,77.145578,Pune
E001527,C031,P002,2026-02-27 03:35:25,9.73,74.03,0.52,20.717018,71.717018,Jaipur
E001528,C007,P004,2026-04-29 06:11:18,4.06,64.56,0.35,22.036116,76.089397,Delhi
E001529,C026,P004,2026-04-11 15:34:07,11.97,73.83,0.44,24.054441,71.825953,Pune
E001530,C028,P004,2026-04-03 18:41:42,11.78,89.73,0.12,27.829712,79.744689,Ahmedabad
E001531,C045,P001,2026-04-07 10:15:59,14.56,88.85,0.84,24.570121,76.842269,Mumbai
E001532,C038,P001,2026-05-29 18:27:46,9.01,87.13,0.33,28.329018,75.722983,Mumbai
E001533,C042,P001,2026-05-08 20:15:38,11.3,78.39,0.04,26.954555,75.109349,Jaipur
E001534,C014,P002,2026-06-08 05:53:31,6.67,77.33,0.25,21.942726,75.383483,Ahmedabad
E001535,C022,P001,2026-05-13 02:59:56,10.27,82.92,1.0,25.32496,73.477804,Jaipur
E001536,C043,P002,2026-03-22 01:32:51,5.86,72.1,0.04,28.33698,73.637031,Delhi
E001537,C028,P004,2026-06-03 11:31:44,10.44,92.63,0.39,20.681198,74.26588,Jaipur
E001538,C035,P001,2026-02-26 01:08:38,5.08,64.19,0.43,20.460913,71.558597,Mumbai
E001539,C016,P002,2026-05-28 12:43:51,10.85,94.46,0.16,24.032245,75.845161,Pune
E001540,C032,P004,2026-01-28 00:02:55,14.74,80.79,0.34,29.199273,75.588757,Pune
E001541,C016,P002,2026-06-27 17:56:01,6.7,75.42,0.27,29.20546,79.188091,Pune
E001542,C020,P001,2026-05-16 14:57:02,7.01,82.25,0.85,26.151358,78.983095,Pune
E001543,C038,P001,2026-01-07 20:30:53,6.9,69.91,0.54,22.365001,76.963945,Pune
E001544,C006,P003,2026-04-23 05:19:21,8.2,91.96,0.94,20.940564,72.151748,Jaipur
E001545,C016,P002,2026-01-24 08:08:55,4.75,72.85,0.97,29.585752,72.250384,Delhi
E001546,C043,P004,2026-01-09 20:18:26,4.41,78.33,0.33,26.86889,76.057886,Delhi
E001547,C026,P002,2026-06-13 23:08:16,12.57,89.37,0.18,22.487395,75.266301,Mumbai
E001548,C024,P004,2026-04-09 09:31:46,8.6,92.69,0.58,24.530678,74.761391,Delhi
E001549,C025,P001,2026-03-06 09:29:18,15.76,64.94,0.59,26.218546,75.742627,Jaipur
E001550,C022,P004,2026-06-21 11:18:29,11.3,63.4,0.17,29.881702,76.014289,Mumbai
E001551,C019,P004,2026-02-02 21:33:19,5.08,61.36,0.53,25.48886,78.388807,Ahmedabad
E001552,C022,P003,2026-02-10 13:27:02,6.5,85.61,0.72,29.28489,78.942849,Pune
E001553,C040,P001,2026-02-20 11:35:23,15.94,94.16,0.64,22.046055,78.965204,Pune
E001554,C008,P003,2026-01-01 15:22:13,12.0,61.78,0.49,25.922114,71.998112,Mumbai
E001555,C021,P002,2026-04-28 21:57:10,7.63,83.13,0.58,24.134763,79.096818,Jaipur
E001556,C007,P002,2026-01-10 05:42:50,13.49,68.49,0.32,26.131221,73.055672,Jaipur
E001557,C015,P001,2026-04-15 09:57:59,10.76,65.93,0.17,24.786255,72.629738,Delhi
E001558,C020,P004,2026-04-04 21:54:55,5.61,62.74,0.78,29.825364,71.942152,Delhi
E001559,C006,P001,2026-04-04 16:23:42,7.23,64.97,0.73,27.394746,77.222111,Jaipur
E001560,C017,P003,2026-01-17 03:25:03,4.82,75.22,0.37,26.968515,71.434796,Jaipur
E001561,C035,P001,2026-01-17 00:48:56,9.54,80.47,0.36,29.371587,70.269721,Pune
E001562,C024,P003,2026-04-03 23:33:33,11.75,61.56,0.49,28.075659,78.614238,Pune
E001563,C037,P001,2026-01-31 20:31:34,11.2,91.55,0.72,29.442003,79.963027,Pune
E001564,C048,P003,2026-05-22 18:20:53,12.7,78.7,0.46,25.154716,73.108696,Pune
E001565,C041,P004,2026-06-22 18:33:01,5.83,61.74,0.79,29.765339,72.897056,Delhi
E001566,C014,P002,2026-04-06 23:44:46,15.11,69.07,0.74,23.479126,77.930619,Delhi
E001567,C033,P001,2026-03-28 15:33:44,9.61,64.37,0.61,28.529613,70.159422,Ahmedabad
E001568,C038,P001,2026-06-20 15:33:00,8.12,75.82,0.88,28.577136,77.600508,Pune
E001569,C020,P004,2026-05-09 05:18:32,15.94,64.19,0.49,27.166531,70.954093,Ahmedabad
E001570,C020,P002,2026-06-05 02:44:58,11.74,60.09,0.75,25.071142,76.297546,Mumbai
E001571,C046,P001,2026-03-19 11:22:52,8.44,83.63,0.2,25.47239,74.752522,Jaipur
E001572,C024,P003,2026-01-31 09:34:49,11.65,88.09,0.22,22.131559,74.910683,Ahmedabad
E001573,C030,P004,2026-01-24 07:43:17,12.83,88.61,0.7,29.719395,79.974801,Jaipur
E001574,C041,P004,2026-03-13 03:41:39,15.58,69.9,0.45,22.714609,74.981696,Mumbai
E001575,C034,P003,2026-04-22 18:32:18,8.58,93.27,0.71,21.998907,73.82581,Ahmedabad
E001576,C020,P004,2026-03-22 21:54:02,7.92,70.73,0.4,24.993206,75.24467,Ahmedabad
E001577,C041,P003,2026-04-02 20:45:55,7.98,84.78,0.83,27.989985,72.658213,Pune
E001578,C004,P002,2026-01-26 11:31:01,5.32,73.93,0.13,23.210236,79.758805,Jaipur
E001579,C039,P002,2026-05-15 23:22:53,12.1,93.29,0.79,20.985668,73.894842,Pune
E001580,C001,P004,2026-02-07 05:41:11,14.02,82.82,0.95,20.064384,77.642035,Pune
E001581,C035,P002,2026-03-26 11:37:47,11.39,83.72,0.12,24.653826,74.035084,Delhi
E001582,C019,P002,2026-01-19 06:54:13,10.91,93.99,0.73,20.580031,75.57292,Delhi
E001583,C004,P003,2026-06-24 20:00:12,6.57,89.61,0.57,21.687685,75.323568,Pune
E001584,C040,P003,2026-03-25 06:05:01,6.22,84.77,0.16,29.211155,76.790668,Delhi
E001585,C044,P003,2026-05-10 11:57:26,9.95,94.71,0.91,29.75856,71.412384,Jaipur
E001586,C050,P004,2026-06-17 11:35:26,10.24,76.45,0.77,24.95132,78.240451,Jaipur
E001587,C007,P002,2026-02-01 16:43:09,4.19,84.62,0.26,27.135422,78.374863,Pune
E001588,C032,P002,2026-06-16 22:34:48,12.3,87.76,0.31,20.701661,77.035823,Mumbai
E001589,C021,P001,2026-04-20 12:23:35,15.64,81.56,0.71,20.993471,76.024882,Jaipur
E001590,C049,P003,2026-01-10 11:41:55,5.28,68.33,0.09,25.240235,70.238258,Delhi
E001591,C030,P004,2026-01-20 18:44:30,13.45,90.59,0.95,28.74031,74.397988,Pune
E001592,C023,P003,2026-04-05 01:18:26,9.17,94.5,0.57,26.285672,71.050388,Jaipur
E001593,C004,P002,2026-04-05 17:42:39,9.58,63.28,0.85,26.709508,75.353007,Ahmedabad
E001594,C045,P001,2026-03-21 13:54:10,7.62,91.24,0.12,28.948649,72.174376,Jaipur
E001595,C004,P001,2026-04-29 05:50:48,12.41,72.77,0.55,22.362949,74.469931,Delhi
E001596,C003,P002,2026-05-21 23:32:22,5.1,61.98,0.83,23.579778,76.794262,Ahmedabad
E001597,C031,P001,2026-04-05 01:56:02,8.89,70.88,0.95,27.680912,74.611896,Delhi
E001598,C047,P001,2026-02-15 05:20:27,4.71,64.69,0.67,28.708666,75.641951,Mumbai
E001599,C009,P004,2026-03-08 12:33:16,11.59,93.48,0.9,20.553644,72.463429,Pune
E001600,C005,P002,2026-04-18 09:41:04,10.97,90.3,0.06,25.256648,71.478325,Jaipur
E001601,C007,P004,2026-04-01 05:02:14,5.6,84.25,0.3,27.626844,74.941669,Pune
E001602,C038,P001,2026-03-16 00:41:04,7.56,81.81,0.6,25.525544,72.02368,Pune
E001603,C043,P003,2026-04-20 04:59:48,12.57,77.51,0.03,29.978111,74.715499,Pune
E001604,C006,P003,2026-02-10 03:31:25,12.96,60.32,0.23,22.624202,78.400805,Pune
E001605,C014,P004,2026-01-24 23:45:21,4.53,90.87,0.5,25.535489,75.732141,Pune
E001606,C045,P003,2026-03-22 10:02:02,7.47,76.79,0.33,27.404375,77.579882,Jaipur
E001607,C007,P002,2026-02-25 13:08:30,8.61,67.08,0.95,29.683664,70.628395,Mumbai
E001608,C009,P002,2026-01-29 01:43:32,12.9,75.49,0.87,23.062595,73.028274,Jaipur
E001609,C005,P002,2026-04-10 23:21:26,10.99,83.62,0.69,27.272714,76.790472,Jaipur
E001610,C004,P001,2026-04-14 06:37:56,5.89,85.97,0.86,24.551222,76.238171,Mumbai
E001611,C026,P004,2026-01-14 14:05:18,8.89,71.27,0.96,24.970464,71.605372,Mumbai
E001612,C048,P002,2026-06-11 18:26:47,15.95,94.27,0.06,28.164846,72.24057,Delhi
E001613,C019,P003,2026-03-20 07:26:04,12.69,82.93,0.84,20.39683,71.601156,Delhi
E001614,C023,P003,2026-03-22 21:34:54,14.19,60.19,0.16,23.645253,76.403185,Mumbai
E001615,C004,P002,2026-05-08 22:04:07,9.78,83.7,0.06,26.735522,74.441592,Jaipur
E001616,C027,P002,2026-03-09 10:58:50,14.76,69.83,0.81,21.342348,78.733322,Jaipur
E001617,C035,P002,2026-03-18 02:44:05,4.7,72.74,0.46,21.318374,70.207023,Mumbai
E001618,C008,P004,2026-03-27 15:50:18,12.23,94.63,0.3,23.210683,77.583396,Delhi
E001619,C009,P003,2026-01-17 01:20:20,14.76,61.06,0.53,28.731469,71.338568,Jaipur
E001620,C049,P002,2026-05-02 04:13:51,5.01,73.76,0.33,22.822448,77.586278,Jaipur
E001621,C046,P004,2026-05-21 15:44:31,14.8,67.37,0.15,21.68444,77.586901,Ahmedabad
E001622,C032,P004,2026-03-09 10:41:35,12.4,87.24,0.76,21.41079,75.071392,Mumbai
E001623,C012,P004,2026-06-21 13:17:58,4.9,74.94,0.3,27.445071,71.21622,Delhi
E001624,C018,P004,2026-05-19 11:57:45,4.01,90.54,0.37,21.188584,79.707566,Mumbai
E001625,C042,P003,2026-06-27 22:14:39,14.29,83.88,0.69,27.33792,74.012097,Ahmedabad
E001626,C002,P004,2026-06-11 10:06:44,9.22,69.17,0.25,20.527977,73.338747,Jaipur
E001627,C011,P004,2026-03-05 12:08:16,7.76,77.3,0.58,24.59339,76.237877,Jaipur
E001628,C028,P001,2026-03-01 19:48:49,4.78,87.48,0.3,20.009364,71.248776,Jaipur
E001629,C037,P001,2026-04-17 15:51:15,11.38,73.36,0.88,28.777789,78.115587,Delhi
E001630,C029,P002,2026-01-17 03:31:57,10.54,79.34,0.94,25.812705,77.508288,Delhi
E001631,C048,P004,2026-02-11 20:41:55,5.75,80.92,0.17,27.465127,74.228401,Pune
E001632,C050,P002,2026-06-16 09:20:40,15.62,89.21,0.51,25.958665,72.291982,Delhi
E001633,C033,P003,2026-04-02 03:41:45,10.26,64.09,0.52,25.655241,76.349356,Delhi
E001634,C032,P003,2026-03-17 17:51:14,11.77,69.93,0.45,27.102976,77.514671,Mumbai
E001635,C015,P002,2026-05-06 22:08:53,15.84,94.31,0.3,29.390899,77.231369,Mumbai
E001636,C006,P004,2026-04-18 20:20:31,7.46,79.41,0.64,22.698726,71.669401,Jaipur
E001637,C025,P003,2026-06-06 05:47:33,6.23,91.97,0.3,23.734513,71.98131,Pune
E001638,C020,P001,2026-02-05 20:52:37,10.18,64.11,0.63,22.303871,70.519518,Delhi
E001639,C009,P004,2026-05-17 18:11:17,15.21,63.1,0.87,26.46643,76.842363,Mumbai
E001640,C008,P004,2026-03-27 23:54:07,5.21,93.89,0.46,28.681136,73.309952,Jaipur
E001641,C008,P002,2026-01-14 22:00:34,15.57,73.87,0.47,28.569171,74.33031,Jaipur
E001642,C001,P001,2026-02-26 07:27:50,6.62,62.41,0.3,21.910257,79.969843,Jaipur
E001643,C001,P001,2026-06-30 18:42:55,4.91,78.93,0.5,22.354838,78.421148,Pune
E001644,C017,P004,2026-03-01 22:37:46,12.51,79.36,0.87,29.690627,73.387455,Pune
E001645,C022,P001,2026-03-08 20:02:58,13.15,92.01,0.53,21.443504,78.699006,Mumbai
E001646,C018,P003,2026-03-30 16:03:22,6.35,62.17,0.31,23.793829,76.08675,Delhi
E001647,C007,P001,2026-03-28 13:47:11,11.16,90.32,0.06,20.300019,75.536983,Delhi
E001648,C027,P001,2026-03-03 21:32:07,14.09,73.57,0.97,21.243179,70.898862,Mumbai
E001649,C039,P001,2026-02-18 15:31:00,6.69,81.58,0.2,23.13945,71.891807,Mumbai
E001650,C044,P001,2026-04-01 01:14:30,5.06,64.15,0.4,25.609173,79.040065,Delhi
E001651,C039,P002,2026-02-27 05:16:14,4.07,80.15,0.55,24.776494,75.086452,Pune
E001652,C008,P003,2026-01-05 06:50:12,7.65,85.1,0.7,20.431202,73.297477,Pune
E001653,C036,P004,2026-03-04 11:12:49,11.77,87.9,0.04,20.987742,76.769645,Jaipur
E001654,C048,P001,2026-04-08 04:14:47,4.37,72.8,0.75,23.200227,76.356396,Ahmedabad
E001655,C043,P004,2026-06-02 13:45:28,10.9,74.72,0.7,29.685275,74.169186,Mumbai
E001656,C029,P001,2026-04-01 04:52:03,9.42,68.27,0.59,21.463385,76.903786,Delhi
E001657,C028,P003,2026-02-02 06:25:52,11.08,83.6,0.48,29.975085,70.451032,Mumbai
E001658,C024,P002,2026-03-30 04:14:02,10.64,78.6,0.2,24.635562,77.126362,Jaipur
E001659,C029,P001,2026-01-27 07:56:21,9.96,83.8,0.53,27.393871,78.897622,Jaipur
E001660,C045,P002,2026-03-31 03:04:29,7.03,79.78,0.07,26.399503,73.143081,Pune
E001661,C046,P002,2026-03-16 03:35:19,15.1,80.34,0.8,20.207153,75.881199,Mumbai
E001662,C045,P002,2026-02-12 08:26:52,5.45,90.31,0.13,29.363286,73.899869,Mumbai
E001663,C049,P004,2026-02-15 04:01:57,10.45,62.08,0.13,24.633727,72.637229,Mumbai
E001664,C015,P003,2026-04-27 23:18:10,15.51,74.43,0.3,20.237301,76.687481,Mumbai
E001665,C001,P004,2026-03-15 13:55:43,13.35,79.97,0.79,29.89721,73.100513,Pune
E001666,C049,P001,2026-03-13 07:20:15,10.06,78.71,0.72,25.8148,78.748445,Ahmedabad
E001667,C024,P001,2026-01-14 00:49:28,4.49,88.84,0.7,22.426486,72.622034,Jaipur
E001668,C002,P003,2026-02-06 23:39:42,12.34,60.97,0.77,28.242407,78.737015,Ahmedabad
E001669,C018,P002,2026-05-07 08:12:27,8.46,84.44,0.26,21.311251,79.333145,Mumbai
E001670,C030,P004,2026-04-30 03:00:48,13.7,60.25,0.71,27.859642,72.847546,Pune
E001671,C031,P002,2026-02-28 01:25:58,8.27,65.95,0.71,20.971656,74.896562,Ahmedabad
E001672,C002,P001,2026-01-28 12:35:38,10.32,76.55,0.01,22.683229,70.705792,Ahmedabad
E001673,C022,P002,2026-05-22 10:24:03,5.13,81.2,0.19,27.634008,76.674533,Delhi
E001674,C041,P003,2026-03-03 21:22:38,8.96,82.44,0.73,22.287451,77.330077,Delhi
E001675,C028,P002,2026-03-27 02:59:51,7.57,87.96,0.81,20.919556,71.387544,Ahmedabad
E001676,C014,P003,2026-06-05 00:25:14,7.96,63.86,0.9,21.021761,73.048393,Jaipur
E001677,C012,P004,2026-04-01 00:48:14,4.96,61.79,0.19,23.590893,78.953338,Ahmedabad
E001678,C024,P002,2026-04-26 14:10:56,6.51,86.88,0.05,24.911869,72.797104,Mumbai
E001679,C021,P001,2026-02-16 23:32:33,11.4,76.8,0.74,29.628501,78.818813,Jaipur
E001680,C018,P001,2026-06-22 04:34:59,12.56,93.23,0.36,29.605409,72.267945,Mumbai
E001681,C005,P002,2026-01-28 10:33:09,10.94,64.26,0.26,26.099656,75.460695,Jaipur
E001682,C047,P002,2026-04-17 06:50:34,14.78,82.72,0.06,29.628353,73.686014,Delhi
E001683,C028,P003,2026-04-24 00:21:05,12.95,84.56,0.94,22.64122,74.888481,Jaipur
E001684,C002,P001,2026-04-28 06:26:56,4.94,82.18,0.23,25.976524,70.750534,Jaipur
E001685,C021,P002,2026-04-01 05:52:36,9.26,92.98,0.85,26.271363,73.767164,Ahmedabad
E001686,C005,P003,2026-04-12 23:10:16,4.77,71.16,0.82,25.710549,77.83046,Mumbai
E001687,C040,P003,2026-05-05 23:33:16,11.43,84.48,0.31,24.935534,76.152851,Delhi
E001688,C048,P004,2026-05-06 04:57:54,8.76,74.15,0.81,26.371084,76.172564,Pune
E001689,C005,P001,2026-04-22 21:03:24,12.42,67.35,0.75,22.189711,75.024584,Ahmedabad
E001690,C005,P002,2026-05-21 17:43:28,12.65,84.8,0.53,29.80915,74.731482,Ahmedabad
E001691,C008,P004,2026-04-24 05:48:21,8.43,69.67,0.64,20.93283,71.438885,Pune
E001692,C035,P001,2026-04-27 15:24:32,14.45,72.33,0.32,26.324096,74.82364,Mumbai
E001693,C034,P001,2026-05-09 17:12:49,9.29,70.73,0.13,23.792627,78.250301,Ahmedabad
E001694,C019,P002,2026-04-20 00:26:53,12.1,87.95,0.72,23.399302,79.608072,Pune
E001695,C015,P002,2026-01-30 12:06:05,7.88,60.78,0.5,27.625163,71.273107,Mumbai
E001696,C005,P004,2026-04-01 00:11:04,10.77,88.65,0.54,25.587664,74.933262,Delhi
E001697,C005,P001,2026-01-23 02:28:13,11.06,92.35,0.64,27.872321,72.949451,Delhi
E001698,C028,P002,2026-05-14 19:30:08,12.76,63.72,0.73,21.928792,73.005019,Jaipur
E001699,C018,P001,2026-02-09 02:47:05,6.04,63.07,0.59,20.958183,72.674791,Delhi
E001700,C005,P004,2026-04-01 05:43:42,14.99,63.61,0.59,28.624343,79.734586,Ahmedabad
E001701,C038,P003,2026-03-11 19:11:34,4.94,82.84,0.64,28.062437,73.552647,Jaipur
E001702,C035,P004,2026-03-31 09:33:52,6.41,87.28,0.73,29.369669,74.250073,Delhi
E001703,C008,P003,2026-02-06 19:17:50,14.2,94.98,0.73,22.988215,71.329179,Ahmedabad
E001704,C042,P002,2026-03-04 06:16:35,15.9,87.24,0.92,27.058963,73.238939,Delhi
E001705,C045,P003,2026-06-15 21:42:19,10.22,81.59,0.54,27.257242,77.913929,Ahmedabad
E001706,C027,P001,2026-03-22 10:20:04,12.18,73.38,0.21,21.68753,71.375323,Ahmedabad
E001707,C032,P003,2026-02-15 15:33:23,10.0,85.12,0.94,29.411194,75.170135,Mumbai
E001708,C034,P002,2026-01-28 10:06:07,13.6,73.2,0.69,25.757203,70.584857,Jaipur
E001709,C041,P001,2026-01-25 00:36:25,6.04,74.39,0.08,21.508448,77.429909,Pune
E001710,C013,P004,2026-05-23 00:32:11,9.9,74.84,0.42,28.97399,73.162882,Delhi
E001711,C026,P003,2026-05-07 16:15:54,13.23,62.75,0.06,29.25035,78.684927,Delhi
E001712,C015,P002,2026-06-26 15:19:49,4.17,60.89,0.73,22.979083,72.404827,Ahmedabad
E001713,C024,P004,2026-05-30 05:28:55,10.08,84.59,0.57,21.821856,76.621245,Delhi
E001714,C016,P004,2026-04-30 12:15:03,7.44,61.4,0.79,21.848641,72.680295,Mumbai
E001715,C018,P002,2026-03-06 04:37:09,8.79,80.92,0.73,23.066569,78.884728,Mumbai
E001716,C025,P002,2026-06-17 15:56:48,12.98,85.51,0.43,20.593665,73.358122,Mumbai
E001717,C003,P003,2026-01-10 20:03:37,7.17,61.21,0.33,25.154912,77.193243,Mumbai
E001718,C018,P004,2026-06-16 21:30:00,4.67,62.17,0.27,29.773003,72.64477,Mumbai
E001719,C050,P003,2026-03-02 05:27:39,11.96,62.22,0.6,26.617782,74.746515,Delhi
E001720,C014,P004,2026-03-19 20:20:13,12.74,75.18,0.69,26.517562,78.449725,Mumbai
E001721,C048,P003,2026-01-12 09:22:48,12.53,71.91,0.65,23.635165,71.814552,Ahmedabad
E001722,C030,P001,2026-05-31 00:02:36,4.91,63.23,0.78,21.863532,72.280665,Mumbai
E001723,C007,P002,2026-06-06 23:18:37,4.38,71.55,0.65,22.110815,78.981842,Ahmedabad
E001724,C035,P004,2026-05-09 03:22:18,5.69,67.84,0.19,29.946754,73.37341,Pune
E001725,C047,P003,2026-01-31 06:12:53,8.75,64.86,0.84,28.914141,72.189013,Pune
E001726,C021,P003,2026-06-12 10:37:36,5.42,81.01,0.56,22.818292,78.680763,Mumbai
E001727,C045,P002,2026-04-09 07:17:56,9.84,71.11,0.72,26.767156,74.482159,Jaipur
E001728,C035,P002,2026-04-28 23:42:09,4.42,90.25,0.16,20.992451,73.242464,Pune
E001729,C027,P002,2026-01-20 10:43:32,8.2,79.05,0.93,21.625264,77.628267,Delhi
E001730,C038,P003,2026-01-03 22:33:38,12.23,91.8,0.28,28.435815,73.627295,Delhi
E001731,C027,P002,2026-04-05 17:51:58,8.5,60.74,0.21,26.896319,74.251129,Mumbai
E001732,C028,P001,2026-01-31 11:44:40,4.93,66.36,0.23,28.966996,77.073813,Ahmedabad
E001733,C050,P001,2026-03-11 03:20:21,14.19,67.73,0.93,21.351924,76.352152,Ahmedabad
E001734,C010,P003,2026-06-10 22:52:04,6.79,81.19,0.92,20.291077,73.901201,Delhi
E001735,C013,P001,2026-05-22 15:42:17,6.28,78.71,0.45,26.831053,71.862553,Ahmedabad
E001736,C038,P001,2026-02-24 10:43:20,14.26,87.51,0.84,23.881062,78.117972,Mumbai
E001737,C046,P002,2026-05-24 09:55:08,5.27,74.71,0.29,23.565229,74.142323,Pune
E001738,C013,P004,2026-03-27 07:50:05,6.2,71.82,0.88,24.782949,72.467267,Mumbai
E001739,C001,P004,2026-06-30 00:18:56,10.01,80.16,0.36,21.651119,76.745867,Jaipur
E001740,C027,P001,2026-03-10 14:20:11,14.98,61.43,0.99,23.927938,71.231066,Mumbai
E001741,C025,P001,2026-04-25 10:06:51,10.58,67.27,0.33,27.323747,75.289643,Pune
E001742,C047,P002,2026-06-15 13:21:35,4.21,71.94,0.45,25.461849,74.284401,Jaipur
E001743,C043,P004,2026-05-05 09:42:19,12.42,66.97,0.33,28.83326,72.018297,Pune
E001744,C005,P002,2026-01-03 15:58:25,6.09,60.67,0.84,28.852689,72.249735,Jaipur
E001745,C029,P003,2026-03-09 13:00:20,15.24,74.59,0.5,21.114854,74.72183,Jaipur
E001746,C031,P002,2026-02-09 09:13:57,11.92,89.39,0.86,21.104539,74.620388,Jaipur
E001747,C017,P001,2026-04-12 18:17:13,7.39,94.77,0.39,22.951289,77.223226,Pune
E001748,C046,P004,2026-05-07 17:57:00,13.42,84.36,0.03,24.82167,78.830286,Delhi
E001749,C006,P001,2026-01-29 10:54:50,9.18,73.89,0.39,24.072965,76.947743,Delhi
E001750,C034,P003,2026-01-22 08:54:59,7.11,79.39,0.43,27.777491,70.570685,Jaipur
E001751,C006,P004,2026-03-09 11:29:10,8.21,62.94,0.23,22.583888,70.231212,Mumbai
E001752,C029,P003,2026-06-17 22:50:16,10.61,71.56,0.7,20.551443,75.484978,Jaipur
E001753,C045,P002,2026-01-07 09:03:49,9.21,77.88,0.77,25.669233,73.027343,Pune
E001754,C020,P001,2026-04-11 06:26:52,14.44,85.27,0.39,26.524083,76.032393,Mumbai
E001755,C018,P001,2026-05-30 23:20:56,15.76,64.01,0.72,27.11686,77.008477,Jaipur
E001756,C050,P003,2026-03-28 13:41:48,5.32,83.31,0.93,21.078897,76.867903,Jaipur
E001757,C048,P004,2026-01-13 21:30:21,11.31,61.37,0.17,27.416876,76.276354,Delhi
E001758,C001,P003,2026-06-14 23:36:58,13.56,64.05,0.76,28.91339,78.395861,Pune
E001759,C025,P003,2026-02-12 20:34:59,9.17,73.1,0.39,29.714264,77.020984,Ahmedabad
E001760,C025,P003,2026-06-13 10:36:32,5.81,80.09,0.89,21.49169,71.69212,Delhi
E001761,C038,P001,2026-03-15 13:50:26,14.62,87.03,0.04,21.660776,73.045103,Pune
E001762,C023,P004,2026-04-21 01:00:52,9.03,93.06,0.87,23.042495,75.903006,Delhi
E001763,C039,P001,2026-01-22 12:39:07,12.23,69.25,0.03,23.700539,78.789787,Ahmedabad
E001764,C027,P004,2026-06-18 18:13:43,8.38,66.51,0.91,24.757056,71.603431,Ahmedabad
E001765,C027,P001,2026-04-04 06:45:56,13.35,73.34,0.17,27.840789,70.842794,Jaipur
E001766,C005,P001,2026-01-23 11:08:51,13.54,87.28,0.15,20.349642,71.132898,Jaipur
E001767,C005,P001,2026-01-18 22:45:59,16.0,77.51,0.11,26.793982,72.692657,Delhi
E001768,C022,P001,2026-04-12 09:19:10,11.21,91.34,0.95,27.247124,73.081461,Mumbai
E001769,C032,P003,2026-01-22 10:00:15,11.33,60.38,0.48,24.274517,73.086465,Ahmedabad
E001770,C022,P003,2026-05-03 11:40:23,13.37,62.0,0.98,22.779462,76.843958,Jaipur
E001771,C044,P003,2026-01-27 02:24:51,15.88,75.86,0.48,27.560908,70.12426,Jaipur
E001772,C037,P001,2026-04-02 06:32:27,15.62,89.53,0.1,27.738459,73.586018,Mumbai
E001773,C033,P002,2026-05-12 00:25:14,15.16,60.68,0.62,25.096282,73.124821,Jaipur
E001774,C049,P001,2026-05-04 23:43:36,15.49,72.32,0.07,26.340354,79.846495,Delhi
E001775,C037,P003,2026-05-12 05:04:57,5.79,94.09,0.05,24.659616,76.804319,Delhi
E001776,C043,P001,2026-05-02 05:51:06,4.64,61.29,0.76,21.14851,79.434604,Mumbai
E001777,C040,P004,2026-04-02 05:31:10,11.23,91.08,0.35,26.686339,79.159788,Pune
E001778,C014,P003,2026-01-14 06:17:38,8.65,70.47,0.49,27.185382,71.665978,Jaipur
E001779,C008,P002,2026-01-01 15:50:02,4.24,91.36,0.74,23.637208,72.992217,Mumbai
E001780,C020,P003,2026-04-14 01:03:05,13.48,80.14,0.55,23.062047,77.745484,Mumbai
E001781,C035,P001,2026-05-09 19:27:21,14.82,72.1,0.75,21.710093,79.496234,Pune
E001782,C038,P001,2026-01-26 22:29:31,9.09,61.85,0.94,22.766535,78.436939,Delhi
E001783,C008,P004,2026-06-22 06:39:26,10.04,66.14,0.37,27.064259,72.507329,Delhi
E001784,C042,P002,2026-05-06 16:53:27,14.18,76.33,0.49,20.853257,75.526723,Ahmedabad
E001785,C047,P002,2026-01-28 19:03:42,7.49,84.86,0.7,26.296697,73.166377,Delhi
E001786,C030,P003,2026-06-04 03:08:13,6.48,77.77,0.28,28.801225,75.180771,Delhi
E001787,C003,P004,2026-06-28 22:37:05,5.99,79.97,0.18,23.881804,79.019549,Jaipur
E001788,C030,P004,2026-04-03 23:23:39,7.06,77.36,0.27,28.583384,78.458168,Pune
E001789,C050,P002,2026-03-27 09:20:02,8.2,90.64,0.65,22.782615,70.111247,Delhi
E001790,C031,P004,2026-06-14 10:46:24,13.1,92.32,0.68,20.805811,76.516521,Delhi
E001791,C005,P001,2026-01-07 11:48:07,14.79,70.71,0.33,23.059754,76.883707,Mumbai
E001792,C031,P004,2026-01-03 17:20:47,7.22,65.13,0.19,21.480912,76.683829,Delhi
E001793,C011,P004,2026-06-20 16:08:30,6.95,88.76,0.36,26.639325,71.490511,Delhi
E001794,C010,P003,2026-01-15 10:54:16,12.88,92.55,0.69,20.806512,77.358583,Delhi
E001795,C008,P001,2026-03-24 02:21:26,10.22,90.75,0.2,22.975731,71.169981,Mumbai
E001796,C009,P001,2026-03-22 02:50:48,12.25,91.29,0.58,23.28073,76.565611,Jaipur
E001797,C021,P001,2026-06-05 23:43:44,5.9,75.3,0.64,27.881735,77.391392,Delhi
E001798,C027,P002,2026-02-28 00:45:30,12.56,72.94,0.72,20.288953,71.34114,Jaipur
E001799,C037,P003,2026-05-02 09:18:16,8.05,78.87,0.24,24.349925,75.40016,Delhi
E001800,C010,P002,2026-03-02 10:13:23,15.88,90.94,0.87,22.252562,79.450916,Ahmedabad
E001801,C041,P002,2026-03-06 06:05:13,12.37,72.76,0.21,20.119384,75.477223,Mumbai
E001802,C025,P002,2026-04-17 00:49:14,13.05,77.76,0.3,22.670278,72.072575,Ahmedabad
E001803,C041,P002,2026-05-19 17:32:59,9.52,75.42,0.09,27.160226,79.011239,Mumbai
E001804,C048,P003,2026-01-13 15:02:57,10.76,76.89,0.42,29.338583,76.823258,Delhi
E001805,C016,P001,2026-02-03 12:50:17,9.23,77.39,0.15,22.400385,78.323845,Jaipur
E001806,C034,P003,2026-02-02 09:53:36,6.19,74.27,0.57,28.110837,77.501046,Delhi
E001807,C003,P004,2026-01-28 00:15:43,11.84,77.99,0.13,22.827895,71.050876,Delhi
E001808,C034,P003,2026-04-22 19:01:08,15.83,92.52,0.69,29.724546,71.972139,Jaipur
E001809,C045,P004,2026-05-21 16:10:12,8.76,81.0,0.11,24.203272,70.920198,Mumbai
E001810,C014,P003,2026-03-11 06:52:22,6.08,83.26,0.18,22.227867,72.928573,Mumbai
E001811,C013,P001,2026-02-03 00:50:07,4.37,67.45,0.51,29.129592,70.248387,Pune
E001812,C008,P003,2026-03-01 03:09:28,10.27,94.28,0.23,20.423712,70.42549,Ahmedabad
E001813,C032,P002,2026-05-12 16:20:04,6.69,63.33,0.85,21.659311,78.509007,Pune
E001814,C037,P001,2026-05-01 20:34:42,12.38,83.5,0.21,25.264107,72.933997,Pune
E001815,C039,P001,2026-05-16 22:07:59,5.3,64.04,0.41,27.68425,79.716521,Mumbai
E001816,C049,P004,2026-06-21 14:32:54,15.44,68.03,0.07,23.707819,78.494829,Ahmedabad
E001817,C008,P002,2026-06-07 04:19:57,15.06,61.34,0.37,21.182898,79.439476,Jaipur
E001818,C019,P004,2026-04-19 03:45:32,13.5,62.51,0.97,26.147863,74.174254,Delhi
E001819,C031,P003,2026-04-12 18:45:35,13.56,87.25,0.88,22.17082,70.282079,Delhi
E001820,C012,P004,2026-03-02 20:27:37,11.67,60.05,0.58,20.928182,74.584263,Pune
E001821,C038,P001,2026-01-11 23:22:42,12.12,67.28,0.32,25.958478,77.348762,Mumbai
E001822,C022,P001,2026-06-22 08:09:43,14.18,77.66,0.81,23.301541,79.219474,Pune
E001823,C025,P003,2026-06-11 13:45:38,8.27,93.79,0.57,20.169238,78.170841,Pune
E001824,C021,P001,2026-02-19 20:42:27,8.01,67.58,0.88,22.366386,70.826482,Jaipur
E001825,C011,P004,2026-03-06 04:55:27,4.4,80.3,0.78,28.013187,76.821557,Ahmedabad
E001826,C025,P003,2026-05-26 18:18:04,11.44,61.1,0.06,23.981835,77.188217,Pune
E001827,C017,P002,2026-03-16 22:23:25,12.91,92.5,0.47,29.78135,73.606902,Jaipur
E001828,C001,P001,2026-04-19 07:23:14,9.92,76.19,0.54,26.554435,79.801232,Mumbai
E001829,C040,P002,2026-04-13 15:17:36,8.92,82.99,0.39,24.301522,76.393641,Ahmedabad
E001830,C023,P001,2026-04-12 17:28:25,15.04,69.57,0.45,22.498465,78.912847,Pune
E001831,C028,P001,2026-01-22 23:41:23,10.47,85.39,0.7,24.900982,70.004267,Ahmedabad
E001832,C022,P004,2026-03-28 22:02:21,15.23,79.34,0.92,29.872714,71.19456,Pune
E001833,C005,P002,2026-06-14 02:53:16,6.61,88.68,0.45,22.483583,72.899816,Ahmedabad
E001834,C018,P003,2026-03-16 11:31:37,15.06,71.8,0.4,20.392693,70.203018,Ahmedabad
E001835,C030,P004,2026-01-06 16:41:16,5.01,89.22,0.34,24.753522,75.021758,Mumbai
E001836,C048,P003,2026-03-10 07:27:08,5.77,88.21,0.47,20.559025,78.40818,Pune
E001837,C017,P002,2026-01-17 05:26:34,7.03,77.96,0.07,24.932362,78.038801,Mumbai
E001838,C041,P004,2026-06-13 02:52:34,7.74,72.59,0.38,28.941798,71.772061,Pune
E001839,C024,P001,2026-04-17 23:05:06,5.13,64.78,0.63,29.64933,74.434876,Mumbai
E001840,C043,P004,2026-02-03 10:16:14,8.91,64.83,0.67,22.2518,76.141775,Mumbai
E001841,C022,P002,2026-01-07 09:51:44,13.76,63.62,0.56,26.778706,70.437263,Delhi
E001842,C033,P004,2026-02-15 13:33:44,6.92,87.58,0.24,23.083447,71.312561,Jaipur
E001843,C034,P003,2026-02-20 00:29:49,13.96,70.69,0.0,28.018525,79.200409,Delhi
E001844,C001,P001,2026-01-09 05:58:36,14.15,88.8,0.96,29.170369,73.022619,Mumbai
E001845,C014,P001,2026-03-17 05:43:18,7.13,84.94,0.62,20.621379,70.673367,Jaipur
E001846,C046,P003,2026-05-27 23:57:40,14.35,82.92,0.59,26.347234,71.929473,Pune
E001847,C012,P002,2026-04-27 04:26:03,15.61,75.59,0.55,21.401505,76.822137,Mumbai
E001848,C004,P004,2026-06-06 10:27:13,5.13,85.95,0.65,27.145653,77.102361,Delhi
E001849,C033,P001,2026-03-15 22:05:36,13.73,87.43,0.81,22.280431,71.05138,Delhi
E001850,C012,P002,2026-06-01 11:01:16,5.69,88.39,0.73,24.381451,79.152924,Jaipur
E001851,C030,P003,2026-06-30 16:42:45,14.04,91.03,0.09,21.216111,74.719446,Jaipur
E001852,C046,P004,2026-04-05 20:47:34,7.18,72.63,0.48,29.735688,73.715545,Mumbai
E001853,C044,P002,2026-03-13 00:30:16,6.05,86.07,0.18,29.619882,70.182223,Ahmedabad
E001854,C020,P002,2026-03-06 12:40:02,13.8,60.63,0.84,20.039496,79.73379,Delhi
E001855,C003,P003,2026-04-01 02:18:05,7.67,86.74,0.98,21.134179,79.872452,Ahmedabad
E001856,C012,P001,2026-04-19 07:48:02,13.29,90.57,0.76,28.919615,75.379321,Ahmedabad
E001857,C049,P002,2026-06-14 16:25:25,10.1,78.34,0.36,25.416022,78.51649,Mumbai
E001858,C030,P003,2026-02-22 03:36:27,11.0,87.85,0.52,26.544504,79.563386,Mumbai
E001859,C049,P001,2026-05-25 09:16:11,7.03,82.41,0.79,22.518089,78.337491,Mumbai
E001860,C047,P003,2026-02-23 17:42:35,11.81,81.98,0.43,27.879121,75.584801,Pune
E001861,C040,P001,2026-04-30 20:51:23,9.93,94.3,0.67,20.099688,71.606075,Pune
E001862,C020,P002,2026-04-29 04:00:06,15.73,85.87,0.85,22.547879,72.333618,Jaipur
E001863,C031,P001,2026-04-20 04:30:23,8.6,70.02,0.75,25.201178,70.247216,Pune
E001864,C031,P003,2026-01-21 07:54:31,12.23,74.37,0.55,20.797841,70.678735,Mumbai
E001865,C006,P002,2026-02-12 08:23:47,14.14,94.55,0.7,29.776253,71.612712,Delhi
E001866,C014,P004,2026-06-03 05:09:18,10.88,94.2,0.21,25.765791,72.70458,Jaipur
E001867,C018,P004,2026-02-10 23:12:19,5.3,77.62,0.74,22.137389,71.327244,Ahmedabad
E001868,C018,P004,2026-05-24 12:03:56,15.69,90.87,0.22,22.170184,75.14598,Pune
E001869,C039,P003,2026-01-07 15:46:52,12.52,65.22,0.96,25.474038,75.078946,Jaipur
E001870,C047,P002,2026-04-06 22:31:42,6.95,78.09,0.99,23.736131,71.044082,Pune
E001871,C050,P003,2026-06-26 02:39:48,13.11,89.03,0.63,23.978301,75.498664,Jaipur
E001872,C007,P003,2026-01-17 13:42:53,13.44,81.99,0.38,29.360733,72.276905,Jaipur
E001873,C001,P003,2026-05-21 15:46:41,14.72,70.97,0.36,24.584352,74.890945,Ahmedabad
E001874,C045,P003,2026-06-27 16:51:04,15.37,74.04,0.39,24.266349,72.159844,Ahmedabad
E001875,C041,P001,2026-05-17 13:04:25,14.35,81.41,0.06,23.633532,77.742384,Delhi
E001876,C011,P003,2026-04-06 14:51:24,10.91,78.14,0.24,29.43023,74.722395,Mumbai
E001877,C049,P002,2026-03-03 06:04:42,9.9,69.63,0.29,23.264332,75.170318,Delhi
E001878,C009,P002,2026-01-08 10:57:49,7.97,85.27,0.87,23.549695,70.468862,Pune
E001879,C040,P004,2026-02-11 22:17:08,14.24,74.75,0.01,28.135734,74.735608,Ahmedabad
E001880,C048,P002,2026-02-03 11:14:56,6.72,81.54,0.46,23.655729,78.053423,Jaipur
E001881,C028,P004,2026-06-04 08:04:22,12.05,89.84,0.63,27.403136,70.092194,Jaipur
E001882,C033,P003,2026-06-05 07:58:55,5.02,93.51,0.56,21.254306,73.241675,Jaipur
E001883,C027,P002,2026-06-07 23:45:15,6.3,67.56,0.05,25.657366,70.694899,Ahmedabad
E001884,C002,P003,2026-06-04 23:07:04,11.11,60.89,0.84,23.597548,71.812216,Ahmedabad
E001885,C026,P004,2026-03-28 05:57:05,12.35,86.69,0.36,22.659774,75.615792,Jaipur
E001886,C024,P004,2026-03-20 22:52:11,10.79,92.59,0.19,29.863014,76.820699,Jaipur
E001887,C016,P003,2026-04-16 22:44:28,8.61,81.47,0.65,28.362027,77.478845,Delhi
E001888,C029,P001,2026-02-12 19:29:49,13.59,71.75,0.66,24.118128,71.547093,Pune
E001889,C045,P001,2026-05-06 01:34:55,5.58,62.87,0.46,28.826915,71.076506,Jaipur
E001890,C021,P004,2026-01-16 13:07:55,9.57,73.64,0.13,25.957186,74.079451,Mumbai
E001891,C017,P001,2026-04-27 02:02:39,4.75,65.74,0.27,27.64372,79.071024,Ahmedabad
E001892,C020,P002,2026-02-19 19:29:35,10.26,60.32,0.56,20.702556,70.131327,Delhi
E001893,C030,P004,2026-02-15 00:35:13,7.28,71.21,0.75,28.654535,77.643313,Mumbai
E001894,C043,P004,2026-03-21 13:48:42,13.7,65.6,0.06,23.153208,72.708749,Pune
E001895,C016,P003,2026-02-10 15:38:33,7.55,67.58,0.51,26.712913,76.737854,Pune
E001896,C005,P003,2026-05-16 03:22:55,10.32,80.75,0.75,24.505355,75.077264,Mumbai
E001897,C028,P004,2026-04-11 19:26:17,15.11,75.66,0.26,22.764141,75.48576,Pune
E001898,C045,P004,2026-03-07 15:05:54,5.5,83.92,0.6,22.518484,71.198521,Jaipur
E001899,C040,P003,2026-06-25 18:57:36,9.2,86.68,0.52,20.186718,70.746942,Pune
E001900,C040,P001,2026-04-19 22:37:05,8.86,61.01,0.41,27.186554,73.911733,Jaipur
E001901,C022,P004,2026-06-09 13:42:55,10.69,85.87,0.12,28.49329,75.182368,Mumbai
E001902,C028,P002,2026-01-31 15:45:53,6.5,66.29,0.91,21.9871,73.602064,Pune
E001903,C042,P003,2026-03-07 13:18:46,12.88,88.76,0.12,23.806175,77.285738,Delhi
E001904,C002,P004,2026-01-18 06:34:30,10.24,60.61,0.28,20.159162,71.005577,Jaipur
E001905,C015,P004,2026-05-05 13:15:28,7.54,77.09,0.9,23.869685,71.28272,Mumbai
E001906,C039,P002,2026-06-12 10:34:32,12.16,60.84,0.82,27.127853,74.485401,Mumbai
E001907,C002,P002,2026-01-04 17:03:02,8.54,80.46,0.58,25.590823,71.636943,Pune
E001908,C045,P003,2026-02-21 03:50:39,14.29,69.36,0.94,26.289003,73.618634,Ahmedabad
E001909,C006,P001,2026-01-08 13:35:55,11.98,93.3,0.85,23.599847,72.526114,Ahmedabad
E001910,C041,P001,2026-01-22 02:36:18,5.78,69.68,0.0,28.501687,72.425536,Mumbai
E001911,C026,P001,2026-03-21 22:14:24,4.31,61.87,0.74,29.451936,79.80493,Mumbai
E001912,C031,P002,2026-04-16 13:59:19,13.04,86.46,0.38,24.866915,76.512763,Jaipur
E001913,C018,P002,2026-02-17 01:23:28,9.55,85.62,0.42,21.689816,74.17149,Jaipur
E001914,C031,P001,2026-05-16 22:54:39,4.93,63.29,0.93,22.531357,70.717815,Ahmedabad
E001915,C042,P001,2026-01-10 06:04:04,14.45,84.55,0.46,28.536063,78.848838,Delhi
E001916,C001,P002,2026-01-07 07:57:32,5.36,78.64,0.05,21.705177,79.206017,Delhi
E001917,C024,P001,2026-04-26 11:48:28,6.12,78.7,0.35,21.147502,78.773592,Delhi
E001918,C016,P002,2026-03-21 20:15:00,4.08,93.17,0.38,28.001093,74.075401,Pune
E001919,C011,P004,2026-06-10 02:34:04,9.91,64.76,0.28,23.329695,78.761056,Ahmedabad
E001920,C044,P001,2026-06-12 19:50:42,15.22,85.37,0.16,26.538858,70.60776,Jaipur
E001921,C016,P002,2026-02-08 22:44:32,9.32,85.5,0.26,26.940434,70.998302,Pune
E001922,C038,P003,2026-05-27 16:47:14,10.32,92.28,0.47,22.790283,72.544965,Pune
E001923,C034,P003,2026-05-26 07:42:44,8.29,90.0,0.69,22.007534,74.326284,Mumbai
E001924,C014,P004,2026-06-04 18:12:54,10.78,63.57,0.01,27.325091,71.647374,Delhi
E001925,C020,P003,2026-03-04 03:18:11,14.26,94.2,0.58,25.310801,79.772874,Ahmedabad
E001926,C039,P002,2026-04-03 21:51:18,8.17,75.12,0.2,21.915059,70.008198,Jaipur
E001927,C036,P004,2026-04-02 10:14:08,4.96,92.66,0.13,20.785789,73.798898,Ahmedabad
E001928,C030,P002,2026-03-05 04:02:55,11.46,84.02,0.89,29.399357,73.102199,Jaipur
E001929,C024,P003,2026-02-25 05:14:18,5.91,83.14,0.87,26.198343,76.477959,Pune
E001930,C005,P003,2026-05-09 06:11:48,8.21,81.61,0.1,23.762192,78.639797,Ahmedabad
E001931,C037,P003,2026-04-22 20:01:08,15.1,66.36,0.33,23.61639,75.786985,Ahmedabad
E001932,C004,P004,2026-03-25 12:25:28,7.91,75.79,0.32,27.605606,71.883258,Pune
E001933,C039,P004,2026-06-10 03:59:32,6.6,74.97,0.82,27.666699,76.482436,Delhi
E001934,C012,P001,2026-01-27 21:42:48,6.43,91.17,0.63,28.702826,73.854819,Jaipur
E001935,C050,P001,2026-06-15 21:04:45,11.84,72.86,0.61,25.736972,79.187083,Pune
E001936,C005,P003,2026-06-16 11:29:11,6.84,69.18,0.55,26.000876,77.718428,Mumbai
E001937,C041,P002,2026-02-12 05:49:50,15.67,62.47,0.75,28.835879,70.205928,Mumbai
E001938,C039,P003,2026-03-14 06:30:31,5.23,66.35,0.17,28.155821,79.93423,Ahmedabad
E001939,C003,P001,2026-05-08 14:48:42,8.36,68.93,0.61,25.083079,78.61305,Jaipur
E001940,C007,P002,2026-05-16 18:06:12,9.79,82.36,0.43,28.659588,75.868577,Ahmedabad
E001941,C012,P004,2026-02-19 05:47:33,6.67,89.71,0.54,20.347317,71.639264,Mumbai
E001942,C042,P004,2026-02-27 10:46:44,14.86,85.02,0.35,22.414833,74.881898,Ahmedabad
E001943,C032,P001,2026-04-15 05:00:24,12.33,65.87,0.48,28.061891,76.443091,Ahmedabad
E001944,C010,P004,2026-04-09 09:16:32,14.16,68.53,0.6,26.374683,71.965149,Ahmedabad
E001945,C048,P003,2026-06-17 06:13:58,4.55,83.88,0.7,22.055944,74.91157,Pune
E001946,C028,P003,2026-03-09 14:46:57,7.57,76.48,0.87,25.714955,71.584426,Delhi
E001947,C015,P003,2026-05-18 04:48:29,12.98,63.49,0.13,22.567048,74.878855,Mumbai
E001948,C050,P003,2026-05-16 18:17:59,12.25,72.02,0.97,22.145319,76.455377,Jaipur
E001949,C007,P003,2026-02-26 03:37:31,4.27,91.41,0.63,28.829506,76.160804,Delhi
E001950,C042,P003,2026-01-13 20:30:38,13.16,93.04,0.44,28.459955,73.053562,Jaipur
E001951,C047,P001,2026-06-27 20:05:22,4.55,75.24,0.01,22.355841,72.601006,Delhi
E001952,C049,P004,2026-03-05 00:15:44,13.13,85.24,0.47,23.516744,71.666353,Jaipur
E001953,C026,P001,2026-06-15 03:58:04,12.12,61.04,0.79,20.358419,75.689666,Ahmedabad
E001954,C003,P001,2026-05-27 19:59:34,6.88,83.62,0.59,27.115575,79.086627,Ahmedabad
E001955,C046,P001,2026-05-09 13:11:39,8.13,91.57,0.85,29.214464,75.82267,Delhi
E001956,C016,P001,2026-02-06 21:27:23,4.58,93.2,0.47,25.129064,77.676779,Mumbai
E001957,C005,P004,2026-02-09 15:17:55,10.86,61.38,0.34,24.21891,74.680045,Mumbai
E001958,C050,P002,2026-05-08 23:13:06,7.79,81.64,0.98,24.065361,72.156429,Mumbai
E001959,C034,P003,2026-04-18 21:26:15,12.89,63.49,0.05,29.983822,70.964299,Pune
E001960,C047,P003,2026-06-26 16:24:46,12.81,70.33,0.09,20.79642,75.691426,Jaipur
E001961,C033,P002,2026-05-22 05:44:03,13.75,76.92,0.23,28.680776,75.649962,Mumbai
E001962,C018,P002,2026-05-01 16:14:47,8.42,70.95,0.98,28.817068,78.962439,Ahmedabad
E001963,C018,P002,2026-04-12 11:11:45,5.97,88.68,0.31,20.177273,73.390133,Jaipur
E001964,C012,P002,2026-05-24 05:01:32,15.17,72.86,0.62,25.702954,73.305829,Mumbai
E001965,C023,P001,2026-05-12 12:08:51,10.65,65.11,0.14,26.076594,77.868246,Delhi
E001966,C040,P004,2026-05-15 05:18:05,15.68,83.32,0.37,29.133641,75.612724,Delhi
E001967,C017,P002,2026-06-09 04:51:33,8.48,65.37,0.76,29.177622,72.078838,Ahmedabad
E001968,C007,P001,2026-04-03 13:39:09,6.24,79.69,0.65,27.21392,73.179229,Delhi
E001969,C003,P004,2026-02-27 15:14:26,6.77,93.86,0.38,24.086325,71.477094,Pune
E001970,C025,P002,2026-05-20 15:09:27,12.08,87.05,0.64,23.948342,77.985728,Pune
E001971,C034,P003,2026-06-18 14:03:50,5.01,60.07,0.36,23.81403,70.495627,Ahmedabad
E001972,C034,P003,2026-02-05 12:07:11,5.22,66.06,0.76,27.914552,74.903185,Jaipur
E001973,C007,P002,2026-03-18 01:53:03,9.07,92.1,0.8,23.969208,74.356041,Delhi
E001974,C047,P004,2026-04-01 10:00:19,11.32,71.83,0.41,22.560262,79.681947,Pune
E001975,C021,P004,2026-06-01 22:28:11,15.6,66.84,0.96,24.813617,75.667425,Pune
E001976,C018,P001,2026-02-27 12:02:51,6.42,80.99,0.01,22.602258,75.495416,Delhi
E001977,C022,P001,2026-02-07 11:54:35,7.82,69.5,0.07,21.144881,77.526882,Mumbai
E001978,C026,P001,2026-03-26 21:13:13,5.1,86.41,0.06,21.607151,72.313937,Pune
E001979,C014,P003,2026-03-21 16:15:37,6.18,64.45,0.63,28.641239,71.49311,Ahmedabad
E001980,C032,P004,2026-02-23 01:45:15,8.88,82.55,0.49,24.408041,74.442167,Delhi
E001981,C049,P002,2026-05-30 08:41:42,10.17,77.09,0.22,23.842337,75.018619,Mumbai
E001982,C014,P004,2026-02-26 10:59:03,9.17,78.34,0.84,29.128372,75.203423,Delhi
E001983,C040,P001,2026-04-03 11:32:32,7.79,88.52,0.01,28.68529,79.250651,Ahmedabad
E001984,C024,P003,2026-04-08 21:43:48,14.37,67.86,0.95,29.084889,70.483121,Delhi
E001985,C049,P002,2026-03-19 13:35:48,4.85,75.92,0.75,29.935482,73.116431,Mumbai
E001986,C006,P001,2026-04-22 09:01:33,15.4,64.76,0.29,22.918599,75.196527,Jaipur
E001987,C032,P001,2026-06-06 04:08:18,11.2,80.91,0.44,26.329003,78.200493,Pune
E001988,C008,P003,2026-06-20 08:54:40,5.19,63.78,0.76,28.099748,78.434763,Mumbai
E001989,C027,P001,2026-03-25 09:13:36,13.2,73.47,0.44,26.722151,76.295936,Jaipur
E001990,C013,P003,2026-05-23 07:58:32,15.06,63.76,0.98,23.387474,73.299003,Pune
E001991,C009,P003,2026-03-28 02:56:30,12.11,85.67,0.41,25.785664,70.690698,Jaipur
E001992,C014,P004,2026-05-18 12:45:06,7.88,80.2,0.33,20.430509,77.852278,Pune
E001993,C007,P001,2026-05-16 02:10:21,13.86,91.36,0.97,22.971032,70.571176,Delhi
E001994,C045,P002,2026-06-27 11:48:43,14.98,81.12,0.84,25.105716,75.813047,Mumbai
E001995,C029,P001,2026-03-25 10:22:50,4.56,73.61,0.49,21.978712,78.885317,Pune
E001996,C027,P001,2026-02-24 09:41:34,13.19,86.22,0.18,28.605574,70.916344,Jaipur
E001997,C003,P003,2026-05-10 16:01:13,6.19,88.59,0.52,25.184628,74.72904,Pune
E001998,C026,P001,2026-03-27 16:42:46,7.49,83.64,0.94,29.685036,77.510063,Jaipur
E001999,C014,P001,2026-03-10 01:42:57,9.47,86.15,0.8,26.755491,75.575923,Jaipur
E002000,C040,P001,2026-01-26 19:36:00,8.63,93.87,0.86,24.26052,71.347705,Mumbai
E002001,C043,P001,2026-05-12 09:38:25,7.18,73.67,0.64,23.103743,78.264106,Ahmedabad
E002002,C032,P004,2026-05-10 16:30:44,12.18,62.2,0.99,23.823272,75.921454,Delhi
E002003,C022,P004,2026-03-14 14:18:41,9.55,75.02,0.02,25.082456,70.168079,Ahmedabad
E002004,C026,P001,2026-03-30 07:03:35,13.46,85.88,0.11,25.27547,70.995009,Delhi
E002005,C012,P004,2026-06-13 07:25:13,4.44,78.37,0.49,28.478227,75.78768,Ahmedabad
E002006,C034,P002,2026-02-08 15:33:35,9.06,91.09,0.05,27.187996,78.927524,Ahmedabad
E002007,C034,P004,2026-02-15 15:00:56,8.0,87.43,0.38,24.56494,78.248787,Mumbai
E002008,C003,P004,2026-03-18 10:15:08,7.95,67.17,0.04,21.085888,71.610297,Jaipur
E002009,C004,P002,2026-03-14 05:56:30,5.05,81.85,0.21,28.648752,79.311341,Mumbai
E002010,C004,P001,2026-06-23 13:23:26,4.65,94.09,0.99,26.643889,76.443558,Jaipur
E002011,C006,P004,2026-02-02 07:29:50,10.7,85.86,0.07,26.631462,73.019945,Mumbai
E002012,C046,P001,2026-02-13 20:57:51,13.45,67.96,0.11,21.325402,74.495861,Delhi
E002013,C008,P001,2026-05-06 22:34:02,6.34,89.07,0.5,25.163078,74.214936,Mumbai
E002014,C044,P003,2026-03-06 09:46:40,6.8,74.42,0.62,20.853941,72.191146,Delhi
E002015,C048,P003,2026-04-24 22:48:16,14.34,92.67,0.72,22.68341,74.725842,Delhi
E002016,C033,P002,2026-01-16 14:36:59,5.98,88.14,0.34,28.844042,72.16482,Ahmedabad
E002017,C049,P004,2026-03-31 03:20:06,14.74,71.28,0.98,20.056411,72.174252,Jaipur
E002018,C007,P004,2026-05-24 08:56:26,5.17,63.91,0.12,28.292792,78.532665,Ahmedabad
E002019,C033,P003,2026-03-28 15:12:29,8.61,82.4,0.34,25.259548,76.648267,Pune
E002020,C024,P001,2026-03-14 10:30:23,14.32,65.51,0.48,28.59834,76.939783,Mumbai
E002021,C021,P004,2026-04-29 18:28:44,12.11,71.28,0.61,27.48985,72.911456,Ahmedabad
E002022,C032,P003,2026-05-24 20:01:35,12.37,89.8,0.1,24.977057,75.051557,Delhi
E002023,C024,P002,2026-02-28 11:13:05,15.26,61.79,0.3,28.444573,76.187468,Mumbai
E002024,C009,P003,2026-02-05 20:05:47,7.46,94.86,0.6,26.214947,71.438621,Delhi
E002025,C011,P003,2026-02-24 15:39:44,10.3,66.78,0.31,28.452316,79.345746,Mumbai
E002026,C003,P001,2026-06-17 11:24:26,15.9,68.98,0.54,22.444761,70.030652,Ahmedabad
E002027,C002,P002,2026-05-06 19:36:37,10.81,75.17,0.62,21.394459,72.731232,Delhi
E002028,C024,P003,2026-05-26 13:34:28,15.95,82.11,0.19,25.939671,72.544731,Delhi
E002029,C031,P004,2026-06-13 05:41:23,13.93,87.29,0.27,21.455574,74.186539,Delhi
E002030,C014,P004,2026-03-20 13:49:34,14.01,75.51,0.2,23.453059,76.154558,Mumbai
E002031,C040,P003,2026-03-14 11:58:56,7.81,69.31,0.46,25.45929,77.685914,Mumbai
E002032,C023,P003,2026-01-03 15:16:51,5.64,71.61,0.19,21.227087,72.063475,Jaipur
E002033,C042,P003,2026-02-28 16:24:37,12.03,64.17,0.16,26.102701,78.460825,Delhi
E002034,C019,P001,2026-04-06 12:13:39,8.14,65.57,0.58,25.645312,70.147631,Pune
E002035,C045,P001,2026-01-19 23:03:29,4.13,78.1,0.91,27.585192,78.415953,Delhi
E002036,C031,P002,2026-02-09 08:37:56,8.5,91.92,0.58,26.436801,76.203719,Pune
E002037,C040,P001,2026-04-30 22:02:03,13.9,62.9,0.48,20.567549,79.066643,Delhi
E002038,C050,P003,2026-02-15 07:20:47,12.46,77.07,0.79,29.505956,72.720852,Ahmedabad
E002039,C040,P001,2026-01-01 19:19:18,5.42,94.51,0.74,21.324689,74.756287,Jaipur
E002040,C017,P003,2026-06-26 11:33:52,7.95,60.46,0.57,20.712153,76.289632,Delhi
E002041,C016,P001,2026-02-22 18:45:22,7.87,69.32,0.09,20.164843,77.300433,Jaipur
E002042,C002,P001,2026-04-05 20:55:02,4.13,79.83,0.1,22.718301,77.660396,Jaipur
E002043,C033,P003,2026-06-14 08:27:03,14.03,63.06,0.67,24.184529,77.436923,Pune
E002044,C012,P002,2026-05-09 01:16:06,4.24,71.27,0.54,28.738859,72.80223,Pune
E002045,C004,P001,2026-03-26 10:56:39,12.04,89.36,0.7,28.436163,78.254288,Mumbai
E002046,C039,P004,2026-05-26 23:00:03,9.56,91.07,0.77,25.598787,79.687428,Delhi
E002047,C034,P004,2026-03-05 16:06:43,7.41,62.64,0.91,29.104429,77.658916,Mumbai
E002048,C049,P002,2026-04-02 17:11:56,7.23,92.34,0.06,23.424026,70.854627,Ahmedabad
E002049,C048,P001,2026-04-08 20:39:19,6.89,74.98,0.05,20.997677,75.507539,Mumbai
E002050,C045,P004,2026-01-06 08:50:08,12.63,71.08,0.45,23.87881,71.733855,Mumbai
E002051,C005,P003,2026-03-16 03:31:10,8.39,75.24,0.17,20.137033,78.999393,Jaipur
E002052,C004,P001,2026-05-21 22:56:45,6.89,92.25,0.1,28.545993,79.76741,Delhi
E002053,C031,P002,2026-01-09 14:17:58,7.75,82.76,0.58,24.206087,72.892262,Pune
E002054,C002,P004,2026-06-25 12:46:02,6.41,79.89,0.42,29.056989,76.907204,Jaipur
E002055,C017,P004,2026-01-18 00:36:59,14.87,80.47,0.38,24.392018,75.866707,Delhi
E002056,C010,P004,2026-05-29 18:14:54,7.24,90.79,0.92,23.989281,77.030655,Jaipur
E002057,C046,P001,2026-03-23 16:31:55,11.18,88.77,0.32,28.655942,73.606098,Mumbai
E002058,C050,P003,2026-06-08 11:19:58,4.47,85.81,0.98,22.385624,77.840004,Mumbai
E002059,C017,P004,2026-02-01 06:43:23,7.56,89.99,0.01,29.312203,70.358503,Jaipur
E002060,C002,P003,2026-06-30 04:23:27,10.77,82.47,0.21,22.820364,78.363851,Pune
E002061,C042,P003,2026-04-18 00:04:48,6.05,77.06,0.96,22.862348,77.432507,Jaipur
E002062,C006,P003,2026-02-11 01:51:54,12.17,87.59,0.44,29.634457,76.086981,Jaipur
E002063,C019,P004,2026-05-28 20:26:29,14.29,71.91,0.02,23.226968,75.355822,Ahmedabad
E002064,C020,P003,2026-04-14 19:36:51,6.27,77.34,0.49,27.975441,75.261596,Mumbai
E002065,C046,P002,2026-06-29 02:28:27,10.23,68.15,0.82,22.327612,70.721089,Jaipur
E002066,C036,P003,2026-06-14 20:10:05,10.31,81.54,0.75,28.038014,72.398225,Mumbai
E002067,C017,P002,2026-03-31 08:17:58,7.84,63.0,0.66,26.036471,78.451592,Pune
E002068,C033,P003,2026-05-23 13:44:14,12.37,78.59,0.26,21.522524,79.7599,Delhi
E002069,C019,P001,2026-04-15 00:41:18,13.55,86.16,0.08,29.335276,76.110376,Jaipur
E002070,C009,P001,2026-02-26 05:23:48,7.12,73.8,0.66,20.401016,75.469939,Jaipur
E002071,C027,P003,2026-01-04 06:53:31,15.54,78.23,0.26,28.295649,73.912723,Ahmedabad
E002072,C028,P001,2026-01-30 13:18:30,13.05,68.92,0.71,25.296181,78.219057,Ahmedabad
E002073,C022,P001,2026-04-15 19:03:58,13.52,83.06,0.18,29.003697,71.674335,Jaipur
E002074,C001,P004,2026-06-01 06:52:27,8.07,69.07,0.04,29.308569,78.053361,Delhi
E002075,C048,P004,2026-03-20 06:45:24,11.93,67.02,0.78,26.895268,71.530391,Ahmedabad
E002076,C014,P004,2026-01-01 15:21:35,6.63,79.21,0.99,29.736489,72.158484,Jaipur
E002077,C025,P002,2026-02-08 11:09:21,6.88,83.06,0.13,28.850562,70.080454,Delhi
E002078,C026,P002,2026-05-24 20:53:08,9.71,61.08,0.4,26.488403,74.161938,Ahmedabad
E002079,C026,P002,2026-05-20 02:36:09,10.15,77.58,0.57,20.786391,70.096058,Delhi
E002080,C015,P002,2026-04-27 18:03:15,15.31,94.22,0.18,21.820174,79.388519,Jaipur
E002081,C040,P004,2026-06-03 21:08:42,10.86,60.56,0.5,21.95327,72.282022,Mumbai
E002082,C002,P001,2026-03-03 16:23:31,5.39,86.28,0.35,24.150596,70.753174,Delhi
E002083,C022,P001,2026-03-12 17:29:04,8.01,73.35,0.41,21.780905,79.224216,Pune
E002084,C050,P002,2026-05-25 01:00:32,6.27,76.76,0.18,21.018019,74.626563,Pune
E002085,C008,P002,2026-02-12 20:16:09,6.8,91.37,0.7,21.7166,71.184179,Ahmedabad
E002086,C032,P004,2026-06-14 02:18:12,4.26,76.14,0.99,23.451725,74.485271,Jaipur
E002087,C047,P002,2026-05-05 02:02:25,6.44,83.87,0.8,29.405782,77.168437,Jaipur
E002088,C002,P002,2026-05-02 14:00:43,5.1,72.36,0.98,25.01903,76.487522,Mumbai
E002089,C029,P004,2026-04-09 12:26:00,4.35,72.58,0.42,29.844345,75.644162,Jaipur
E002090,C028,P003,2026-04-20 23:51:40,8.9,69.35,0.27,28.670409,72.375972,Ahmedabad
E002091,C031,P003,2026-04-15 01:09:34,15.91,72.28,0.73,27.467363,72.823436,Jaipur
E002092,C035,P001,2026-02-26 15:59:46,9.77,65.78,0.62,28.029498,73.637674,Mumbai
E002093,C042,P002,2026-06-17 10:52:13,5.0,69.73,0.75,26.117971,79.241387,Mumbai
E002094,C022,P004,2026-04-21 09:36:17,5.7,66.39,0.32,22.607745,79.018775,Pune
E002095,C016,P003,2026-05-04 19:13:59,9.22,67.85,1.0,27.604585,73.173295,Pune
E002096,C037,P004,2026-06-24 22:44:25,13.59,85.37,0.21,20.262517,70.895052,Jaipur
E002097,C013,P002,2026-02-19 08:12:03,12.34,62.57,0.76,26.299617,71.367178,Jaipur
E002098,C049,P001,2026-06-27 04:05:30,9.31,73.82,0.36,24.129716,76.709044,Jaipur
E002099,C005,P003,2026-04-26 03:21:52,4.95,86.81,0.41,22.646725,72.780182,Mumbai
E002100,C027,P002,2026-06-19 16:17:05,9.27,63.36,0.2,20.578055,73.165217,Ahmedabad
E002101,C039,P003,2026-04-21 10:26:03,15.97,83.03,0.94,28.530433,71.829842,Mumbai
E002102,C024,P002,2026-04-30 21:14:16,14.26,86.94,0.51,27.003972,76.710921,Pune
E002103,C024,P002,2026-05-16 19:16:54,9.73,86.38,0.17,20.755137,77.592125,Delhi
E002104,C005,P003,2026-01-16 16:58:33,4.21,82.49,0.97,21.366643,76.977506,Ahmedabad
E002105,C010,P003,2026-03-10 02:10:44,9.71,66.96,0.79,20.329708,72.456411,Jaipur
E002106,C025,P003,2026-01-16 07:14:34,9.43,87.96,0.39,25.262342,77.448791,Jaipur
E002107,C050,P002,2026-02-13 15:52:25,13.06,80.09,0.82,26.497365,76.279174,Mumbai
E002108,C007,P002,2026-02-13 00:40:05,8.78,87.65,0.76,20.512835,74.723876,Mumbai
E002109,C017,P001,2026-06-08 16:19:32,10.61,64.86,0.71,21.376528,76.788466,Delhi
E002110,C043,P002,2026-02-08 18:44:00,5.49,92.27,0.14,26.157238,74.242612,Delhi
E002111,C014,P001,2026-02-07 06:05:16,8.45,73.83,0.64,29.466868,71.566172,Mumbai
E002112,C010,P002,2026-02-12 09:54:17,4.74,69.01,0.49,26.283568,78.26815,Mumbai
E002113,C001,P003,2026-02-17 17:07:13,14.94,67.32,0.61,24.903363,75.077712,Jaipur
E002114,C025,P004,2026-02-11 20:44:43,11.59,93.85,0.21,24.28373,78.515043,Delhi
E002115,C011,P003,2026-05-07 02:14:41,15.11,92.52,0.4,28.095809,73.996892,Mumbai
E002116,C049,P004,2026-01-10 20:33:36,12.64,84.14,0.7,29.06308,70.287268,Ahmedabad
E002117,C017,P001,2026-02-08 20:16:43,6.15,84.08,0.72,20.19686,79.818903,Ahmedabad
E002118,C039,P002,2026-03-18 02:51:55,10.96,74.15,0.75,26.510316,74.584455,Jaipur
E002119,C014,P001,2026-06-02 17:02:45,5.14,94.44,0.6,22.000598,72.9522,Ahmedabad
E002120,C019,P004,2026-03-17 15:29:57,8.0,82.93,0.74,20.707335,76.751815,Pune
E002121,C009,P002,2026-05-21 19:02:23,7.38,69.84,0.03,21.257662,76.183357,Mumbai
E002122,C035,P002,2026-05-25 18:29:51,14.44,78.84,0.91,26.556892,72.439981,Mumbai
E002123,C019,P002,2026-05-02 03:07:23,12.03,77.48,0.99,21.606279,73.010335,Delhi
E002124,C008,P004,2026-06-14 10:21:19,6.59,63.87,0.16,29.656656,77.426218,Delhi
E002125,C013,P004,2026-06-25 16:10:54,5.13,88.27,0.25,20.724638,70.274586,Pune
E002126,C010,P002,2026-01-29 15:11:05,10.46,74.53,0.17,20.340051,79.992528,Delhi
E002127,C031,P003,2026-02-20 20:09:43,5.96,84.36,0.03,29.94121,77.31706,Jaipur
E002128,C025,P002,2026-06-20 05:04:26,7.34,93.05,0.71,26.897072,70.499616,Jaipur
E002129,C036,P004,2026-05-31 20:34:43,7.43,79.57,0.23,21.463064,75.760189,Delhi
E002130,C046,P001,2026-03-16 15:49:42,6.47,92.76,0.11,24.23768,73.093964,Delhi
E002131,C046,P002,2026-01-09 11:01:41,7.3,85.88,0.16,21.56203,79.061142,Pune
E002132,C038,P001,2026-05-18 19:31:32,15.73,78.96,0.16,20.389463,73.049087,Pune
E002133,C016,P003,2026-01-31 00:52:13,6.4,75.18,0.47,25.468456,76.960642,Delhi
E002134,C014,P003,2026-03-23 08:42:47,5.02,67.32,0.33,29.1893,72.36486,Mumbai
E002135,C041,P001,2026-05-07 15:23:31,8.02,77.47,0.21,20.42801,77.137083,Ahmedabad
E002136,C041,P003,2026-02-17 10:37:01,9.53,91.99,0.29,24.41918,77.798081,Delhi
E002137,C036,P002,2026-04-21 00:32:30,10.71,94.1,0.7,23.403018,72.47087,Pune
E002138,C016,P002,2026-02-23 12:36:22,13.42,61.32,0.89,26.02153,70.776344,Ahmedabad
E002139,C039,P001,2026-03-17 10:38:47,10.93,73.19,0.24,28.607589,75.847807,Jaipur
E002140,C011,P002,2026-04-28 03:26:54,4.25,86.33,0.56,29.390263,73.931777,Mumbai
E002141,C034,P002,2026-02-01 14:19:38,14.17,70.72,0.31,22.655183,78.388061,Pune
E002142,C006,P001,2026-02-22 23:14:49,8.78,72.84,0.17,25.72603,77.162352,Pune
E002143,C037,P004,2026-04-05 08:11:28,12.66,83.45,0.65,25.075055,70.765432,Mumbai
E002144,C044,P001,2026-06-19 21:18:06,5.17,77.56,0.06,28.451168,72.382365,Mumbai
E002145,C007,P001,2026-02-11 10:28:13,15.79,64.67,0.98,28.633979,78.373024,Jaipur
E002146,C036,P003,2026-05-02 21:13:48,9.51,67.58,0.98,24.0254,77.161922,Mumbai
E002147,C037,P003,2026-03-26 15:34:08,7.17,75.48,0.73,27.284984,70.776241,Delhi
E002148,C013,P001,2026-01-31 00:18:42,8.23,84.47,0.23,23.480384,73.616167,Delhi
E002149,C037,P001,2026-04-12 13:36:37,11.16,88.73,0.13,26.827265,77.042719,Delhi
E002150,C041,P002,2026-03-04 14:56:11,10.19,74.31,0.15,24.251532,79.099193,Ahmedabad
E002151,C007,P001,2026-06-21 18:52:39,8.81,61.79,0.1,23.240519,74.636642,Jaipur
E002152,C036,P004,2026-05-12 00:13:17,7.95,77.81,0.16,23.449096,71.384056,Mumbai
E002153,C039,P002,2026-01-22 08:06:32,4.94,61.4,0.97,22.51902,76.424249,Mumbai
E002154,C032,P003,2026-03-22 08:13:20,10.59,80.4,0.75,26.24557,78.657561,Ahmedabad
E002155,C002,P001,2026-01-12 09:23:48,10.72,88.63,0.81,27.946659,76.062419,Mumbai
E002156,C009,P002,2026-01-25 23:14:12,10.24,61.64,0.24,22.29377,70.225041,Delhi
E002157,C014,P004,2026-05-13 14:02:57,14.23,65.13,0.98,28.440439,74.742536,Mumbai
E002158,C049,P004,2026-02-28 22:43:39,10.63,79.59,0.91,22.680348,72.532892,Mumbai
E002159,C048,P002,2026-05-22 10:18:10,6.86,91.38,0.33,25.214874,74.384556,Mumbai
E002160,C012,P004,2026-05-22 04:55:54,13.37,63.37,0.88,28.085377,77.425169,Pune
E002161,C031,P004,2026-05-30 07:40:32,10.93,88.39,0.46,25.059614,73.112089,Ahmedabad
E002162,C020,P001,2026-02-16 14:27:19,15.45,62.35,0.06,25.455766,74.449181,Pune
E002163,C008,P001,2026-05-20 14:00:00,8.99,74.2,0.21,25.656149,71.947656,Pune
E002164,C033,P004,2026-04-07 12:03:17,4.91,67.81,0.73,25.754746,78.677603,Pune
E002165,C006,P003,2026-03-20 08:25:03,5.37,94.2,0.63,24.385154,70.727855,Pune
E002166,C035,P003,2026-05-06 16:25:06,12.74,76.74,0.02,21.449197,72.821566,Delhi
E002167,C043,P002,2026-03-11 05:20:21,4.1,77.52,0.71,21.04128,77.676486,Ahmedabad
E002168,C042,P001,2026-04-02 23:45:04,13.87,68.11,0.61,22.767715,71.810899,Ahmedabad
E002169,C033,P003,2026-06-27 00:41:32,8.7,61.87,0.17,24.206759,79.068445,Pune
E002170,C046,P003,2026-01-24 20:11:45,15.2,72.46,0.19,24.108114,72.764836,Delhi
E002171,C040,P002,2026-06-13 03:35:14,10.83,91.4,0.61,28.375678,75.486489,Ahmedabad
E002172,C029,P004,2026-03-28 21:03:18,9.61,64.17,0.73,22.794453,78.571744,Pune
E002173,C020,P001,2026-06-19 04:36:06,9.44,84.34,0.74,29.206862,78.000627,Ahmedabad
E002174,C002,P001,2026-06-21 11:42:37,10.12,64.74,0.99,25.255274,79.24423,Ahmedabad
E002175,C004,P001,2026-03-23 05:34:51,5.67,81.02,0.22,29.478327,73.659402,Jaipur
E002176,C040,P004,2026-06-19 14:13:23,8.98,92.44,0.34,24.641041,75.134268,Pune
E002177,C002,P001,2026-01-04 08:52:17,9.03,81.85,0.75,29.059753,77.400839,Jaipur
E002178,C008,P003,2026-03-14 00:15:46,7.32,71.81,0.79,28.244666,76.925179,Mumbai
E002179,C011,P003,2026-06-27 17:58:57,4.61,90.21,0.23,26.432005,73.563777,Pune
E002180,C045,P003,2026-02-22 13:53:35,11.91,85.75,0.88,25.001383,73.373274,Pune
E002181,C016,P003,2026-05-23 23:09:05,12.21,78.62,0.39,27.472981,78.635273,Delhi
E002182,C024,P003,2026-03-15 00:59:37,15.13,86.93,0.07,27.77361,76.429694,Jaipur
E002183,C005,P001,2026-01-10 20:32:19,6.21,73.12,0.46,23.684215,72.848419,Pune
E002184,C024,P003,2026-04-12 12:35:32,8.05,86.62,0.89,20.978637,74.477678,Jaipur
E002185,C048,P002,2026-06-13 11:16:35,12.24,82.63,0.0,23.794622,74.438133,Mumbai
E002186,C026,P003,2026-06-14 13:12:12,7.61,77.01,0.47,20.807901,76.231785,Delhi
E002187,C002,P003,2026-03-26 00:35:45,10.95,74.83,0.81,21.821927,71.198721,Mumbai
E002188,C032,P004,2026-05-11 13:35:43,14.72,88.48,0.21,29.936016,75.526321,Delhi
E002189,C040,P003,2026-03-13 23:20:33,5.72,84.54,0.4,28.5297,75.561189,Mumbai
E002190,C005,P004,2026-03-03 18:56:38,4.83,75.99,0.46,20.393749,76.388118,Mumbai
E002191,C004,P001,2026-01-09 12:21:28,5.8,86.72,0.8,28.176438,76.565478,Delhi
E002192,C026,P002,2026-05-07 22:27:07,11.13,94.5,0.28,24.875457,71.171042,Pune
E002193,C011,P002,2026-04-12 10:44:22,12.89,86.13,0.74,23.336491,77.996903,Jaipur
E002194,C032,P003,2026-05-29 16:50:42,5.92,69.23,0.0,21.63899,74.092633,Ahmedabad
E002195,C028,P003,2026-05-06 02:33:09,8.25,85.01,0.47,24.650155,77.000298,Pune
E002196,C005,P002,2026-02-08 19:11:13,6.06,82.24,0.73,28.755838,72.754284,Jaipur
E002197,C037,P001,2026-06-30 00:38:25,15.41,89.21,0.75,20.90109,72.914979,Pune
E002198,C025,P002,2026-06-27 15:21:25,11.06,85.74,1.0,25.993841,74.604693,Jaipur
E002199,C029,P003,2026-01-10 03:00:10,12.63,88.99,0.65,23.269255,79.391731,Jaipur
E002200,C039,P002,2026-04-27 15:28:00,4.62,87.44,0.14,22.636788,78.654471,Ahmedabad
E002201,C025,P002,2026-04-07 04:38:15,7.99,68.86,0.26,27.720799,73.171645,Jaipur
E002202,C017,P004,2026-06-29 05:18:05,7.19,82.31,0.79,29.988336,73.674366,Jaipur
E002203,C050,P001,2026-05-21 02:13:45,9.57,69.8,0.64,29.864198,74.015148,Ahmedabad
E002204,C009,P002,2026-02-15 22:52:20,14.85,80.87,0.17,21.530442,70.658854,Jaipur
E002205,C050,P001,2026-04-14 18:21:49,8.48,78.79,0.37,20.13899,74.868708,Pune
E002206,C001,P002,2026-01-01 16:03:44,4.88,70.79,0.84,23.674689,79.433861,Ahmedabad
E002207,C022,P004,2026-06-11 15:47:46,13.03,66.32,0.11,21.147878,75.217835,Pune
E002208,C046,P002,2026-04-18 14:28:07,14.74,78.8,0.73,21.499191,78.252682,Jaipur
E002209,C027,P002,2026-02-24 15:21:09,10.79,85.28,0.98,24.267899,78.648751,Pune
E002210,C010,P004,2026-04-09 06:57:52,14.79,93.27,0.74,23.985189,76.379986,Pune
E002211,C035,P003,2026-04-02 12:24:30,7.55,75.49,0.42,29.703399,77.588747,Pune
E002212,C004,P002,2026-04-24 19:20:39,13.02,76.95,0.11,21.364883,72.258156,Jaipur
E002213,C008,P004,2026-05-12 01:40:07,13.76,85.62,0.76,23.284443,71.368578,Jaipur
E002214,C039,P001,2026-03-18 05:41:42,15.0,62.38,0.24,21.58082,70.523633,Pune
E002215,C025,P003,2026-02-02 05:17:59,13.3,70.96,0.13,23.400209,71.154985,Pune
E002216,C026,P001,2026-06-09 12:53:44,8.48,91.34,0.45,22.988438,79.275,Pune
E002217,C006,P003,2026-04-12 16:22:02,11.54,79.91,0.58,24.088512,79.181831,Jaipur
E002218,C004,P003,2026-02-12 07:32:17,11.8,71.15,0.3,25.062081,75.235944,Delhi
E002219,C031,P003,2026-06-24 12:06:41,10.04,80.57,0.69,20.294101,76.1685,Delhi
E002220,C017,P001,2026-02-25 15:13:03,14.72,89.26,0.82,28.307322,71.497666,Pune
E002221,C034,P004,2026-04-17 00:20:03,14.43,70.59,0.51,24.354061,73.291805,Mumbai
E002222,C023,P002,2026-06-06 03:02:03,10.1,65.38,0.05,25.125148,73.755299,Jaipur
E002223,C038,P004,2026-06-11 06:35:15,4.65,90.06,0.59,26.966436,70.671027,Mumbai
E002224,C019,P003,2026-04-10 03:53:28,10.52,76.51,0.04,23.584018,76.805755,Ahmedabad
E002225,C036,P001,2026-04-27 10:33:41,5.99,90.39,0.99,22.769405,77.270849,Delhi
E002226,C015,P003,2026-03-26 15:27:31,6.72,66.68,0.32,23.080913,73.049686,Mumbai
E002227,C028,P004,2026-02-28 15:37:22,10.51,65.05,0.67,27.441105,76.366518,Ahmedabad
E002228,C022,P001,2026-06-19 23:32:31,8.07,89.09,0.18,23.558688,71.807168,Mumbai
E002229,C014,P003,2026-03-07 11:17:59,7.52,93.5,0.73,25.090364,71.90553,Ahmedabad
E002230,C032,P003,2026-04-15 04:21:26,8.55,76.85,0.7,22.827016,73.907212,Mumbai
E002231,C017,P001,2026-02-15 08:16:12,4.69,93.17,0.16,22.240451,75.729904,Jaipur
E002232,C010,P003,2026-03-31 00:01:19,10.3,65.77,0.39,21.720361,73.965988,Jaipur
E002233,C049,P002,2026-05-13 14:19:55,9.04,94.81,0.04,29.079817,70.790754,Delhi
E002234,C032,P004,2026-06-28 14:48:59,6.85,81.79,0.83,20.446134,75.518754,Delhi
E002235,C037,P001,2026-04-13 15:59:26,6.35,71.19,0.84,22.589652,75.798391,Ahmedabad
E002236,C017,P002,2026-05-02 19:21:13,12.71,65.44,0.29,20.040772,71.785186,Jaipur
E002237,C026,P001,2026-01-29 16:31:00,14.82,71.98,0.28,29.745658,73.285276,Ahmedabad
E002238,C041,P003,2026-01-15 21:15:52,10.53,72.4,0.22,21.591712,75.690427,Ahmedabad
E002239,C034,P003,2026-04-24 14:36:06,12.87,69.45,1.0,22.282111,74.236889,Jaipur
E002240,C030,P001,2026-03-10 10:06:33,12.22,94.67,0.27,25.478837,75.016422,Delhi
E002241,C038,P003,2026-01-26 09:06:24,7.03,81.61,0.43,26.46779,76.81879,Jaipur
E002242,C044,P002,2026-01-08 10:23:19,9.64,79.12,0.93,21.545158,78.673907,Ahmedabad
E002243,C002,P001,2026-05-31 01:02:31,7.65,93.02,0.59,26.835728,73.46262,Ahmedabad
E002244,C050,P002,2026-05-13 06:18:21,6.61,83.2,0.09,24.751115,79.664073,Jaipur
E002245,C016,P004,2026-03-19 16:36:00,15.37,82.1,0.07,23.813351,73.855438,Delhi
E002246,C046,P002,2026-01-16 11:51:41,7.36,77.23,0.05,23.206929,72.809389,Mumbai
E002247,C033,P001,2026-04-16 01:03:59,11.14,73.02,0.41,20.882146,71.374263,Mumbai
E002248,C013,P002,2026-06-02 23:08:00,10.05,94.54,0.21,27.850455,79.056139,Jaipur
E002249,C023,P003,2026-03-25 10:20:35,10.78,75.49,0.25,21.743826,70.783736,Delhi
E002250,C034,P001,2026-01-01 23:25:33,8.28,71.45,0.78,24.164346,72.181871,Pune
E002251,C037,P004,2026-04-17 21:24:41,8.87,74.64,0.67,26.19293,79.017879,Delhi
E002252,C010,P004,2026-05-06 22:17:23,4.84,67.81,0.84,29.107218,70.509738,Mumbai
E002253,C029,P001,2026-03-18 19:30:01,8.46,76.53,0.86,29.852657,78.126378,Ahmedabad
E002254,C044,P001,2026-01-26 05:45:33,10.47,72.01,0.95,25.254273,73.421671,Jaipur
E002255,C049,P002,2026-04-29 03:19:44,4.22,93.52,0.46,29.101718,74.872295,Mumbai
E002256,C045,P001,2026-03-29 00:41:23,7.12,73.76,0.38,25.828183,73.69117,Ahmedabad
E002257,C024,P002,2026-05-07 16:42:29,4.59,72.21,0.81,27.668171,74.803582,Pune
E002258,C003,P001,2026-01-12 11:46:50,14.85,93.65,0.35,29.150468,71.82023,Ahmedabad
E002259,C010,P003,2026-03-07 18:42:12,9.84,70.55,0.59,21.533645,72.151375,Delhi
E002260,C031,P002,2026-03-27 11:48:33,14.19,87.13,0.36,22.969895,75.310585,Mumbai
E002261,C009,P004,2026-05-21 06:36:16,11.44,79.14,0.9,21.289227,73.280754,Ahmedabad
E002262,C039,P001,2026-03-13 04:44:09,4.15,78.59,0.56,26.703553,76.384165,Ahmedabad
E002263,C001,P003,2026-02-19 20:22:35,9.05,60.67,0.84,28.117776,72.438232,Delhi
E002264,C035,P003,2026-01-13 16:07:48,6.98,76.98,0.19,23.857899,70.812144,Delhi
E002265,C001,P001,2026-03-16 07:29:56,12.0,62.43,0.42,22.825583,72.026572,Mumbai
E002266,C048,P004,2026-03-25 14:05:41,4.19,64.24,0.91,26.67488,79.710501,Delhi
E002267,C043,P001,2026-05-15 15:40:07,5.6,77.94,0.71,27.76706,75.654617,Delhi
E002268,C016,P003,2026-04-16 01:30:16,7.99,71.58,0.87,20.588508,77.450402,Jaipur
E002269,C002,P003,2026-04-23 15:00:20,7.34,68.46,0.88,20.828947,76.925646,Delhi
E002270,C048,P001,2026-01-21 04:10:19,11.68,76.96,0.81,24.577177,77.700285,Pune
E002271,C027,P003,2026-04-28 23:33:12,4.52,60.35,0.2,26.258688,72.060323,Ahmedabad
E002272,C021,P002,2026-03-03 03:41:54,7.51,69.94,0.99,21.706726,71.417925,Mumbai
E002273,C021,P001,2026-05-12 07:57:25,9.11,87.71,0.13,24.444655,77.628111,Delhi
E002274,C003,P002,2026-03-05 07:18:49,6.36,73.57,0.35,23.262322,72.991789,Delhi
E002275,C014,P002,2026-04-18 18:31:09,15.62,63.05,0.39,25.384463,73.344414,Ahmedabad
E002276,C026,P004,2026-06-13 18:39:24,9.95,90.65,0.42,26.012303,76.436572,Mumbai
E002277,C039,P003,2026-05-04 17:01:44,5.27,76.44,0.43,27.902772,74.344372,Ahmedabad
E002278,C050,P004,2026-03-18 08:51:09,5.16,76.94,0.82,25.616174,76.073652,Jaipur
E002279,C015,P002,2026-04-26 15:49:52,7.79,85.64,0.44,21.786049,72.047901,Ahmedabad
E002280,C035,P003,2026-01-30 08:51:30,5.87,79.09,0.44,21.79021,73.35081,Jaipur
E002281,C031,P002,2026-02-13 14:35:50,6.07,69.95,0.0,29.623029,78.124464,Delhi
E002282,C026,P003,2026-01-04 02:26:37,9.8,75.3,0.36,20.201663,77.219752,Pune
E002283,C025,P004,2026-04-08 10:17:16,9.73,84.49,0.79,29.240338,79.078928,Ahmedabad
E002284,C030,P001,2026-06-19 08:11:14,6.43,83.48,0.38,24.149641,76.323339,Mumbai
E002285,C010,P003,2026-04-01 16:06:59,5.08,83.23,0.6,23.47672,79.712253,Jaipur
E002286,C035,P004,2026-05-07 15:13:41,12.2,78.23,0.85,26.095687,73.10017,Pune
E002287,C027,P004,2026-01-31 17:35:21,5.73,73.43,0.64,29.387371,73.406018,Pune
E002288,C048,P002,2026-04-24 00:32:35,13.42,84.86,0.29,28.985153,76.376079,Pune
E002289,C034,P003,2026-03-20 04:23:16,7.76,91.67,0.07,25.433601,79.406208,Ahmedabad
E002290,C036,P003,2026-06-25 21:29:21,14.87,91.38,0.49,28.221111,74.556365,Delhi
E002291,C002,P004,2026-06-26 16:26:48,4.92,60.89,0.23,25.862464,78.319647,Delhi
E002292,C021,P002,2026-01-03 03:24:11,13.48,61.23,0.73,21.438475,72.927025,Ahmedabad
E002293,C008,P004,2026-06-27 04:30:11,13.68,65.89,0.74,23.733058,74.136759,Ahmedabad
E002294,C023,P002,2026-04-01 20:41:29,4.04,79.47,0.82,26.589749,76.038177,Mumbai
E002295,C047,P003,2026-04-28 23:45:24,15.95,64.43,0.81,27.341675,71.82162,Ahmedabad
E002296,C033,P002,2026-02-06 14:26:58,4.85,71.04,0.48,28.158961,76.883775,Jaipur
E002297,C049,P003,2026-02-17 10:16:33,9.13,94.37,0.37,26.54847,79.601472,Jaipur
E002298,C010,P004,2026-01-19 10:16:18,14.39,93.21,0.16,22.975446,71.235639,Delhi
E002299,C021,P003,2026-06-12 12:35:42,6.76,72.21,0.87,26.704441,72.82404,Pune
E002300,C020,P004,2026-06-11 08:58:03,5.94,60.48,0.93,21.387556,73.578954,Pune
E002301,C050,P004,2026-06-14 20:53:48,12.79,75.23,0.96,29.578934,77.36736,Pune
E002302,C018,P002,2026-01-30 01:38:25,11.72,77.26,0.12,25.947509,75.359438,Mumbai
E002303,C025,P001,2026-04-14 00:39:39,5.16,63.92,0.2,25.429304,71.515477,Pune
E002304,C033,P004,2026-03-28 11:07:18,4.15,76.4,0.77,27.1603,75.065051,Ahmedabad
E002305,C048,P004,2026-04-17 09:54:59,13.76,61.76,0.65,26.342511,77.761155,Mumbai
E002306,C006,P003,2026-05-24 23:14:40,11.45,83.41,0.96,26.236075,74.566578,Mumbai
E002307,C049,P002,2026-03-13 03:12:45,4.43,83.47,0.65,29.485438,71.433278,Delhi
E002308,C032,P001,2026-05-03 18:38:12,15.55,83.63,0.99,21.85995,75.483089,Jaipur
E002309,C028,P002,2026-05-06 23:41:48,7.63,81.72,0.49,26.47956,76.909013,Ahmedabad
E002310,C017,P002,2026-05-18 12:04:05,11.09,78.87,0.35,21.085371,76.610321,Jaipur
E002311,C049,P004,2026-01-04 22:28:54,14.56,64.91,0.02,27.113122,76.926078,Jaipur
E002312,C041,P004,2026-06-19 18:35:57,12.85,87.53,0.51,22.509436,78.156946,Delhi
E002313,C047,P004,2026-06-14 16:32:39,13.55,67.65,0.7,28.450508,72.380607,Mumbai
E002314,C029,P002,2026-04-13 00:53:39,10.54,92.32,0.34,29.68886,75.876644,Delhi
E002315,C045,P002,2026-06-12 19:29:56,5.58,76.85,0.41,23.147578,75.564354,Delhi
E002316,C049,P003,2026-04-10 12:20:51,10.31,65.69,0.43,25.711327,75.663003,Ahmedabad
E002317,C022,P004,2026-03-10 21:03:23,15.02,90.36,0.86,27.632653,74.696713,Mumbai
E002318,C047,P001,2026-05-15 22:22:00,12.69,94.67,0.88,28.019093,71.02971,Jaipur
E002319,C040,P002,2026-04-16 06:46:41,12.98,72.37,0.97,23.826699,79.796351,Delhi
E002320,C021,P003,2026-03-08 13:51:01,15.65,91.46,0.07,28.473609,78.838253,Ahmedabad
E002321,C039,P003,2026-01-04 10:31:34,15.11,74.98,0.8,26.543729,79.66858,Delhi
E002322,C033,P003,2026-05-26 02:54:28,7.59,85.9,0.42,21.744962,70.283548,Pune
E002323,C040,P001,2026-03-30 06:15:38,12.41,65.55,0.25,29.10713,73.70011,Mumbai
E002324,C015,P003,2026-04-12 07:15:52,10.34,73.91,0.42,27.28355,76.932578,Jaipur
E002325,C035,P004,2026-05-06 13:56:32,4.31,62.7,0.45,23.713142,76.348772,Jaipur
E002326,C016,P002,2026-03-26 16:15:37,15.79,83.62,0.28,21.247173,74.642022,Jaipur
E002327,C012,P001,2026-06-18 13:47:51,13.75,61.76,0.22,29.031186,78.999833,Ahmedabad
E002328,C020,P002,2026-02-15 02:38:19,13.85,67.69,0.79,29.951475,70.378566,Mumbai
E002329,C026,P002,2026-03-10 21:18:15,13.97,62.64,0.58,21.130751,78.360049,Delhi
E002330,C025,P004,2026-04-09 20:59:08,6.32,76.67,0.25,28.036708,75.384095,Delhi
E002331,C008,P004,2026-01-23 08:15:21,9.85,69.31,0.86,24.706047,76.467242,Mumbai
E002332,C013,P001,2026-06-28 12:56:40,7.68,72.12,0.35,25.995757,74.846377,Ahmedabad
E002333,C039,P003,2026-05-16 01:04:17,13.85,60.64,0.71,24.662768,78.519914,Jaipur
E002334,C010,P001,2026-06-09 13:18:50,8.26,80.75,0.69,21.607223,70.170254,Pune
E002335,C013,P001,2026-03-02 23:25:11,12.37,88.18,0.9,21.443939,74.750774,Ahmedabad
E002336,C035,P001,2026-06-06 03:16:13,14.21,83.73,0.25,28.141916,74.054384,Pune
E002337,C011,P004,2026-03-28 21:47:01,6.17,61.05,0.57,26.6908,70.189595,Mumbai
E002338,C017,P002,2026-06-06 05:26:44,6.1,64.46,0.77,27.329198,78.219331,Jaipur
E002339,C011,P002,2026-02-18 13:29:46,6.15,85.18,0.65,27.875482,78.715341,Delhi
E002340,C036,P004,2026-06-17 22:48:50,12.76,73.31,0.93,29.602931,71.624453,Ahmedabad
E002341,C043,P004,2026-04-08 03:21:28,8.63,78.29,0.39,21.316684,76.517257,Pune
E002342,C027,P004,2026-05-28 12:52:52,6.85,72.43,0.89,25.44019,74.000922,Pune
E002343,C011,P001,2026-01-21 08:32:08,13.64,65.18,0.52,29.154149,74.420243,Ahmedabad
E002344,C012,P001,2026-02-24 22:53:39,6.89,64.45,0.25,27.012061,71.062429,Ahmedabad
E002345,C004,P003,2026-02-15 14:21:50,10.3,82.84,0.32,26.998217,77.796037,Mumbai
E002346,C020,P001,2026-03-22 10:55:07,7.0,83.5,0.5,24.110292,72.562349,Pune
E002347,C037,P004,2026-03-09 14:11:38,6.25,71.28,0.08,28.893118,78.34283,Pune
E002348,C004,P004,2026-02-02 02:33:54,5.42,74.03,0.38,22.159348,75.150791,Ahmedabad
E002349,C037,P001,2026-06-26 13:42:44,15.82,67.14,0.69,25.661521,77.752843,Pune
E002350,C034,P001,2026-03-31 10:14:54,14.49,74.66,0.94,23.118344,74.932063,Jaipur
E002351,C042,P003,2026-04-26 21:33:09,8.27,93.84,0.09,24.488854,72.428468,Jaipur
E002352,C012,P004,2026-05-26 13:16:34,6.22,75.88,0.27,20.669996,73.282992,Delhi
E002353,C004,P003,2026-01-05 07:57:02,10.02,73.32,0.64,20.159359,72.642017,Ahmedabad
E002354,C006,P002,2026-02-18 02:42:24,11.88,64.77,0.43,29.491755,79.76066,Delhi
E002355,C043,P003,2026-03-06 05:28:22,7.69,76.41,0.0,22.002059,70.170356,Mumbai
E002356,C046,P004,2026-05-09 03:46:02,11.51,77.99,0.31,23.566976,72.148363,Jaipur
E002357,C041,P003,2026-03-14 22:52:03,14.24,71.16,0.7,24.478743,77.782895,Jaipur
E002358,C016,P003,2026-03-18 10:51:10,13.28,80.96,0.03,25.363817,79.881949,Delhi
E002359,C018,P003,2026-02-15 20:55:04,8.36,83.19,0.69,22.934144,71.118468,Jaipur
E002360,C044,P002,2026-05-11 06:21:36,11.07,83.05,0.92,28.530513,75.604784,Pune
E002361,C010,P004,2026-03-06 23:33:00,9.68,92.37,0.96,21.812571,76.787712,Ahmedabad
E002362,C050,P002,2026-01-18 18:21:53,11.23,64.18,0.0,26.972658,76.891691,Ahmedabad
E002363,C045,P003,2026-03-25 12:58:03,10.86,82.61,0.61,25.067113,75.952962,Jaipur
E002364,C022,P001,2026-02-21 16:22:08,5.13,89.07,0.88,26.29824,71.966312,Pune
E002365,C014,P004,2026-05-10 06:00:45,8.36,83.48,0.82,23.160082,72.783323,Pune
E002366,C018,P002,2026-04-10 13:03:59,15.36,62.94,0.39,29.631313,70.930521,Mumbai
E002367,C044,P001,2026-01-10 15:45:43,4.37,68.4,0.63,21.208719,77.004539,Delhi
E002368,C040,P001,2026-05-05 07:50:18,10.43,85.99,0.43,25.943,77.806018,Delhi
E002369,C025,P002,2026-04-13 20:01:37,13.27,82.53,0.96,20.984932,79.415353,Jaipur
E002370,C038,P004,2026-03-10 13:57:24,15.18,94.25,0.57,26.202992,75.481796,Delhi
E002371,C025,P003,2026-02-25 11:30:01,4.29,74.47,0.72,27.025195,74.682088,Jaipur
E002372,C035,P002,2026-06-20 02:59:24,6.89,86.52,0.86,20.304826,75.811608,Delhi
E002373,C037,P003,2026-04-28 22:18:17,12.04,85.23,0.8,29.402866,73.301443,Delhi
E002374,C012,P001,2026-02-06 19:58:09,14.75,74.5,0.78,23.200626,78.000859,Mumbai
E002375,C043,P001,2026-03-02 07:08:13,7.53,86.62,0.17,28.410681,75.436572,Jaipur
E002376,C021,P003,2026-05-10 01:41:22,13.33,85.29,0.0,21.131771,71.447703,Delhi
E002377,C009,P001,2026-01-29 12:01:12,5.79,76.73,0.55,28.765837,75.914703,Mumbai
E002378,C010,P002,2026-05-16 09:43:27,13.03,61.68,0.64,26.716598,78.505019,Delhi
E002379,C009,P004,2026-04-26 02:02:41,7.28,80.96,0.68,24.320422,78.058584,Jaipur
E002380,C006,P003,2026-02-23 12:09:12,14.77,90.66,0.05,26.519181,78.25627,Jaipur
E002381,C041,P003,2026-04-03 01:07:54,10.58,87.25,0.55,26.633299,70.436708,Pune
E002382,C013,P003,2026-04-11 22:01:48,7.47,94.77,0.19,28.727876,79.31818,Delhi
E002383,C004,P002,2026-04-22 02:44:29,8.57,85.49,0.35,27.950966,76.2758,Delhi
E002384,C010,P002,2026-05-01 11:03:19,13.34,80.65,0.59,27.767657,73.618524,Delhi
E002385,C014,P004,2026-06-23 04:04:20,9.52,92.49,0.88,28.174242,79.310567,Ahmedabad
E002386,C026,P003,2026-01-11 23:22:12,8.39,63.1,0.72,25.535104,73.652999,Ahmedabad
E002387,C034,P004,2026-02-07 15:55:58,4.69,84.58,0.63,27.513124,72.622944,Ahmedabad
E002388,C015,P001,2026-06-21 11:30:32,7.7,86.75,0.59,21.424846,78.168246,Delhi
E002389,C009,P002,2026-04-19 21:56:50,8.09,70.1,0.72,22.904906,74.449793,Pune
E002390,C033,P002,2026-05-10 18:04:10,14.56,65.54,0.28,29.072242,75.88453,Delhi
E002391,C003,P002,2026-06-17 11:21:47,8.19,65.4,0.03,25.297391,76.94367,Jaipur
E002392,C034,P003,2026-05-17 00:12:34,4.47,64.05,0.0,25.193308,71.131431,Delhi
E002393,C006,P002,2026-02-11 00:48:03,14.69,94.72,0.56,22.39999,75.640515,Pune
E002394,C033,P004,2026-01-19 17:25:05,7.09,76.5,0.33,22.390004,72.674706,Mumbai
E002395,C047,P004,2026-02-16 00:41:11,11.87,89.03,0.01,27.110284,79.488334,Pune
E002396,C015,P002,2026-06-15 01:01:41,15.88,79.45,0.25,24.056765,75.959614,Delhi
E002397,C013,P001,2026-01-30 02:56:03,14.73,85.19,0.59,29.835134,74.069519,Jaipur
E002398,C033,P003,2026-06-18 16:23:49,9.99,90.05,0.05,25.201891,73.941773,Jaipur
E002399,C031,P001,2026-01-08 05:53:47,6.99,62.77,0.77,26.704181,76.1618,Pune
E002400,C050,P003,2026-04-03 20:04:18,14.8,76.69,0.5,25.21414,71.009126,Pune
E002401,C038,P001,2026-03-10 20:02:01,4.91,66.41,0.5,20.364607,70.954475,Ahmedabad
E002402,C007,P001,2026-01-01 00:04:26,13.08,76.02,0.63,27.049414,73.184883,Jaipur
E002403,C001,P003,2026-04-08 03:10:27,14.81,60.61,0.54,29.131208,71.617808,Pune
E002404,C028,P003,2026-04-09 14:11:35,10.39,84.59,0.69,25.827102,72.133157,Mumbai
E002405,C037,P004,2026-05-25 11:20:06,9.02,84.41,0.47,23.147155,76.633179,Mumbai
E002406,C023,P003,2026-04-15 13:16:56,11.63,83.09,0.84,23.794941,70.863486,Ahmedabad
E002407,C047,P002,2026-02-07 10:08:32,11.81,61.04,0.05,24.294122,78.766064,Delhi
E002408,C002,P003,2026-01-16 18:28:19,14.74,84.23,0.67,27.875602,73.942829,Delhi
E002409,C023,P004,2026-05-03 09:55:54,15.77,92.05,0.01,25.242503,74.992087,Jaipur
E002410,C013,P004,2026-02-16 07:41:13,5.44,71.87,0.2,24.024808,79.413221,Mumbai
E002411,C011,P001,2026-05-27 18:27:26,9.24,74.38,0.08,20.360235,77.714903,Ahmedabad
E002412,C028,P003,2026-02-16 19:23:46,14.09,93.87,0.49,27.746047,70.425008,Jaipur
E002413,C007,P003,2026-03-11 04:06:47,11.65,77.28,0.69,28.702933,71.790567,Ahmedabad
E002414,C048,P004,2026-02-18 14:34:29,11.72,65.1,0.53,28.289693,74.51315,Delhi
E002415,C011,P002,2026-04-03 16:05:29,8.11,78.77,0.97,26.238059,73.840149,Jaipur
E002416,C020,P002,2026-04-10 12:24:53,11.13,83.44,0.08,28.387739,70.861242,Delhi
E002417,C023,P002,2026-01-02 18:24:26,14.06,86.59,0.31,20.647489,74.312084,Ahmedabad
E002418,C011,P002,2026-02-05 15:52:40,7.45,68.26,0.39,29.278024,70.270193,Ahmedabad
E002419,C020,P004,2026-01-28 16:26:52,14.94,69.06,0.17,27.86578,75.86917,Delhi
E002420,C010,P002,2026-05-05 21:53:46,6.83,73.6,0.36,26.12357,71.583074,Pune
E002421,C031,P003,2026-01-27 01:16:57,15.35,78.62,0.3,24.473036,70.110088,Mumbai
E002422,C019,P001,2026-01-14 07:49:05,12.81,92.3,0.58,27.694858,71.566415,Mumbai
E002423,C035,P001,2026-04-10 14:44:29,12.13,79.95,0.37,22.952748,77.041486,Ahmedabad
E002424,C020,P003,2026-01-15 01:02:28,5.26,62.69,0.42,23.080957,73.272436,Jaipur
E002425,C032,P004,2026-06-09 22:22:27,11.85,72.73,0.53,20.409701,74.464383,Mumbai
E002426,C029,P004,2026-05-18 05:12:27,7.84,72.47,0.19,22.154287,72.586708,Pune
E002427,C023,P004,2026-05-21 21:53:04,9.63,62.47,0.55,22.906968,79.855734,Delhi
E002428,C050,P001,2026-05-28 01:45:15,9.79,61.36,0.99,27.508821,73.725247,Ahmedabad
E002429,C033,P003,2026-06-11 23:06:45,9.25,94.28,0.79,21.0162,73.51339,Ahmedabad
E002430,C020,P004,2026-04-08 22:37:37,13.64,93.68,0.54,26.222802,72.42783,Ahmedabad
E002431,C039,P002,2026-06-11 05:59:15,9.73,75.17,0.79,25.526587,70.487198,Delhi
E002432,C036,P002,2026-01-02 15:58:52,13.04,79.2,0.11,22.22697,78.494289,Pune
E002433,C046,P003,2026-03-06 23:05:37,6.62,68.25,0.83,24.136137,79.861961,Pune
E002434,C048,P004,2026-02-28 19:06:39,7.36,67.17,0.21,27.671413,78.959804,Ahmedabad
E002435,C011,P003,2026-01-20 09:16:21,10.54,83.71,0.27,21.574322,74.294262,Ahmedabad
E002436,C008,P001,2026-02-15 20:50:00,13.02,70.04,0.41,28.41678,70.490888,Jaipur
E002437,C050,P003,2026-01-09 14:47:03,10.64,86.81,0.98,24.582982,79.119092,Jaipur
E002438,C029,P003,2026-01-23 17:04:16,12.1,89.11,0.42,23.437752,74.98775,Jaipur
E002439,C016,P004,2026-05-08 01:47:33,7.65,78.48,0.89,25.530773,72.422732,Jaipur
E002440,C037,P001,2026-04-01 20:21:43,10.18,91.0,0.85,27.783621,70.593447,Mumbai
E002441,C037,P002,2026-02-13 09:35:43,8.82,67.55,0.51,28.260625,73.81827,Jaipur
E002442,C047,P001,2026-01-23 01:52:13,6.93,79.28,0.61,27.998458,77.956321,Ahmedabad
E002443,C018,P002,2026-05-23 03:45:27,7.34,66.5,0.62,25.463831,79.698167,Mumbai
E002444,C028,P002,2026-01-13 09:04:18,5.03,63.1,0.06,21.194985,76.59062,Mumbai
E002445,C020,P001,2026-06-14 05:18:48,6.58,79.23,0.8,23.54651,75.61668,Jaipur
E002446,C004,P002,2026-01-14 09:01:35,6.12,89.63,0.95,24.363781,72.552406,Mumbai
E002447,C044,P002,2026-01-19 18:11:26,7.67,76.56,0.36,24.089688,79.720002,Delhi
E002448,C021,P004,2026-05-04 04:15:55,14.23,74.17,0.53,25.141275,73.36509,Mumbai
E002449,C041,P002,2026-04-27 17:14:45,12.25,90.59,0.95,28.905676,74.782746,Ahmedabad
E002450,C039,P004,2026-04-19 22:33:06,14.99,60.02,0.53,27.15199,71.039498,Pune
E002451,C018,P002,2026-01-15 15:25:08,5.33,64.82,0.55,21.431772,72.054727,Ahmedabad
E002452,C044,P002,2026-05-10 08:38:56,14.68,93.94,0.91,25.09898,76.171602,Delhi
E002453,C031,P004,2026-02-17 08:09:26,12.37,92.21,0.14,27.038128,77.519106,Ahmedabad
E002454,C017,P002,2026-06-03 03:09:15,12.13,72.56,0.72,21.164412,77.325077,Pune
E002455,C035,P002,2026-05-06 00:36:02,10.93,69.74,0.43,22.852232,76.68363,Jaipur
E002456,C028,P003,2026-01-09 20:40:46,14.12,71.68,0.56,25.118458,73.547233,Jaipur
E002457,C009,P002,2026-05-12 15:20:54,4.54,92.77,0.93,26.070978,74.734223,Mumbai
E002458,C036,P002,2026-03-14 19:49:49,12.24,88.62,0.5,23.442191,73.396492,Mumbai
E002459,C031,P002,2026-01-25 17:43:12,5.41,60.91,0.52,21.093311,70.586122,Pune
E002460,C005,P002,2026-03-09 12:38:12,13.13,82.83,0.07,25.384075,78.655529,Mumbai
E002461,C035,P001,2026-01-09 15:50:33,12.65,91.95,0.43,22.021919,75.424779,Ahmedabad
E002462,C008,P003,2026-05-13 16:40:48,13.73,76.74,0.68,27.756383,78.437527,Jaipur
E002463,C025,P001,2026-06-24 16:04:31,13.51,63.67,0.95,20.273277,76.157224,Ahmedabad
E002464,C020,P003,2026-01-09 04:11:50,12.48,82.71,0.13,20.204912,75.378208,Jaipur
E002465,C033,P004,2026-04-27 04:40:06,9.18,60.5,0.3,21.211487,77.287361,Mumbai
E002466,C022,P003,2026-05-11 16:24:43,8.62,66.24,0.72,27.92892,75.499323,Mumbai
E002467,C048,P004,2026-06-12 15:15:06,5.93,86.86,0.98,25.177747,71.530422,Jaipur
E002468,C023,P002,2026-02-03 09:33:52,6.61,90.08,0.43,24.449097,76.154832,Jaipur
E002469,C010,P004,2026-01-04 08:09:35,10.24,88.52,0.2,25.925858,74.718294,Delhi
E002470,C003,P002,2026-04-17 02:22:00,14.93,70.15,0.49,27.729779,76.770801,Mumbai
E002471,C030,P004,2026-04-29 09:11:05,11.38,76.83,0.61,22.157441,75.232632,Delhi
E002472,C002,P001,2026-06-01 15:49:35,4.07,61.99,0.11,21.33801,72.618202,Mumbai
E002473,C047,P003,2026-02-20 18:26:56,15.5,94.45,0.44,28.676374,79.792947,Pune
E002474,C049,P002,2026-05-30 22:45:46,14.0,69.7,0.27,28.817994,72.037716,Pune
E002475,C015,P001,2026-01-13 05:42:47,14.63,72.53,0.65,20.118277,78.719484,Delhi
E002476,C008,P004,2026-03-27 11:45:02,11.15,77.8,0.19,28.006943,78.884648,Mumbai
E002477,C024,P004,2026-01-28 07:49:09,6.99,89.97,0.47,24.73801,74.447866,Jaipur
E002478,C002,P001,2026-01-16 01:48:40,11.5,73.62,0.72,23.848769,70.977543,Jaipur
E002479,C037,P001,2026-06-03 19:14:08,12.08,62.46,0.62,22.984109,76.655751,Mumbai
E002480,C001,P002,2026-05-21 05:24:49,4.28,82.95,0.97,28.797734,73.238534,Ahmedabad
E002481,C044,P003,2026-06-13 02:27:19,11.84,67.17,0.07,22.672104,79.15237,Mumbai
E002482,C039,P001,2026-06-05 10:23:46,13.05,69.84,0.64,26.149855,73.855986,Delhi
E002483,C048,P004,2026-03-04 13:42:34,13.0,93.01,0.34,21.627975,78.583173,Pune
E002484,C013,P003,2026-02-26 04:43:48,11.94,85.24,0.85,24.518613,74.888394,Pune
E002485,C032,P004,2026-03-29 22:34:27,13.38,91.34,0.11,21.572812,77.290679,Pune
E002486,C046,P004,2026-06-06 20:39:39,5.82,63.32,0.86,29.541503,75.216406,Pune
E002487,C005,P003,2026-04-14 04:40:18,11.36,89.7,0.22,21.150451,71.918449,Delhi
E002488,C030,P001,2026-05-03 22:38:51,15.46,87.02,0.34,21.033974,71.424366,Ahmedabad
E002489,C018,P003,2026-03-15 23:20:06,13.9,78.9,0.58,24.737152,73.078231,Jaipur
E002490,C041,P002,2026-05-24 20:03:47,7.86,90.19,0.39,21.363368,79.79596,Mumbai
E002491,C017,P004,2026-06-29 20:54:08,9.24,61.24,0.45,25.535587,78.72555,Pune
E002492,C046,P002,2026-01-06 03:58:37,5.44,75.39,0.36,20.175697,70.546465,Ahmedabad
E002493,C038,P003,2026-05-18 05:33:40,6.35,72.9,0.67,23.426427,72.316607,Ahmedabad
E002494,C016,P004,2026-01-29 17:45:57,12.54,82.74,0.3,21.95705,71.07885,Jaipur
E002495,C030,P004,2026-02-13 08:42:20,9.26,72.52,0.3,28.016988,71.431542,Pune
E002496,C021,P004,2026-02-15 06:21:55,15.46,86.4,0.25,23.511264,70.37823,Ahmedabad
E002497,C023,P003,2026-06-05 07:54:42,5.42,71.11,0.41,22.640543,79.582203,Ahmedabad
E002498,C038,P003,2026-03-14 08:55:20,15.22,66.08,0.42,25.808587,79.964636,Mumbai
E002499,C032,P002,2026-06-27 18:07:07,8.17,69.03,0.68,24.208557,71.8694,Jaipur
E002500,C002,P004,2026-06-26 14:39:00,6.4,63.84,0.59,20.824759,72.700081,Jaipur
E002501,C012,P001,2026-06-19 06:02:14,9.77,85.95,0.14,20.306297,74.42069,Ahmedabad
E002502,C044,P001,2026-06-16 07:54:19,12.52,77.62,0.17,20.983168,70.610316,Mumbai
E002503,C047,P003,2026-03-10 08:25:39,10.66,72.8,0.24,28.290804,78.80178,Pune
E002504,C013,P002,2026-03-01 11:36:23,6.03,76.73,0.2,24.183533,77.411405,Pune
E002505,C044,P001,2026-04-17 02:12:58,14.72,70.2,0.31,21.1779,72.284069,Pune
E002506,C032,P003,2026-01-03 11:42:32,10.88,68.21,0.87,25.370911,71.971538,Ahmedabad
E002507,C020,P003,2026-01-06 05:19:53,15.52,62.93,0.44,26.370815,75.493826,Jaipur
E002508,C050,P003,2026-04-05 05:33:36,5.0,81.31,0.44,28.191846,75.5309,Delhi
E002509,C012,P001,2026-03-16 03:07:03,11.35,80.23,0.29,25.310508,77.337091,Ahmedabad
E002510,C005,P002,2026-06-08 14:19:09,8.34,60.26,0.5,27.818903,73.907268,Pune
E002511,C018,P003,2026-05-02 14:32:32,8.74,90.35,0.36,29.430354,77.532632,Pune
E002512,C021,P002,2026-06-16 23:42:14,14.57,70.45,0.65,29.169282,74.427657,Jaipur
E002513,C046,P001,2026-04-26 19:57:41,12.85,79.07,0.33,22.201157,70.88182,Mumbai
E002514,C035,P004,2026-05-25 13:54:17,13.7,63.69,0.21,21.103066,72.511934,Delhi
E002515,C017,P004,2026-06-04 19:11:34,9.48,86.7,0.31,23.904681,78.160115,Pune
E002516,C004,P002,2026-05-17 17:26:23,6.98,63.8,0.16,29.23629,72.88773,Ahmedabad
E002517,C009,P001,2026-01-16 11:42:12,6.38,94.54,0.92,21.465105,73.969782,Mumbai
E002518,C018,P002,2026-04-19 15:41:43,15.26,86.25,0.52,29.39242,76.773373,Mumbai
E002519,C037,P003,2026-04-07 04:10:17,15.78,67.8,0.37,20.667803,78.897083,Delhi
E002520,C003,P002,2026-02-06 03:07:04,8.26,70.79,0.57,23.592302,77.202435,Jaipur
E002521,C032,P004,2026-02-16 01:14:03,5.56,87.34,0.75,24.477887,78.081497,Ahmedabad
E002522,C046,P004,2026-06-24 11:14:20,6.66,87.17,0.46,23.286649,71.245285,Mumbai
E002523,C027,P002,2026-05-01 12:10:51,6.07,75.05,0.02,29.987985,73.762295,Jaipur
E002524,C047,P001,2026-02-15 10:11:17,6.38,61.28,0.45,28.417173,71.917113,Delhi
E002525,C020,P002,2026-04-24 15:00:08,11.0,73.13,0.5,28.67949,77.483214,Mumbai
E002526,C001,P003,2026-03-18 23:10:45,10.66,63.4,0.95,21.773501,70.960977,Jaipur
E002527,C050,P003,2026-05-27 07:49:06,9.62,79.07,0.72,24.948505,77.518328,Mumbai
E002528,C020,P003,2026-01-08 18:10:16,8.73,89.51,0.63,21.281365,76.227634,Jaipur
E002529,C029,P001,2026-03-05 12:17:47,11.81,74.83,0.68,29.370424,71.813081,Delhi
E002530,C036,P003,2026-03-25 13:15:39,10.13,70.71,0.3,29.374101,79.346958,Mumbai
E002531,C006,P004,2026-01-08 13:56:13,8.13,63.38,0.6,22.514349,78.387647,Jaipur
E002532,C006,P001,2026-03-13 07:18:48,9.86,75.54,0.78,25.053181,72.20289,Jaipur
E002533,C031,P001,2026-02-19 13:00:26,6.27,60.97,0.08,28.997808,70.131904,Mumbai
E002534,C031,P004,2026-01-26 06:18:31,8.44,90.21,0.35,20.6408,75.483413,Mumbai
E002535,C038,P003,2026-05-26 21:30:05,15.16,86.27,0.35,25.102093,76.450189,Jaipur
E002536,C011,P004,2026-01-27 21:53:56,15.8,94.62,0.92,20.83115,75.431714,Pune
E002537,C019,P001,2026-01-13 20:19:15,9.96,75.04,0.36,21.09182,75.370362,Mumbai
E002538,C029,P002,2026-01-17 23:21:55,9.22,82.71,0.35,26.016641,70.426344,Pune
E002539,C018,P004,2026-02-05 08:09:51,11.21,69.39,0.67,26.480888,73.186422,Pune
E002540,C047,P003,2026-04-02 17:07:59,9.12,73.91,0.94,23.690409,76.5281,Pune
E002541,C029,P002,2026-03-12 03:09:44,15.71,60.7,0.63,22.182362,76.601358,Mumbai
E002542,C002,P001,2026-04-20 20:34:48,14.56,62.02,0.64,27.766699,78.585543,Pune
E002543,C020,P003,2026-02-22 14:30:53,9.65,61.52,0.7,20.542101,78.155781,Pune
E002544,C021,P004,2026-06-11 22:10:49,9.53,81.79,0.98,20.474855,74.863276,Mumbai
E002545,C036,P002,2026-02-24 06:42:48,9.69,68.45,0.92,21.77422,73.95308,Pune
E002546,C042,P001,2026-02-27 17:20:23,8.7,87.13,0.56,23.439114,71.646182,Delhi
E002547,C013,P004,2026-06-11 11:01:00,6.38,69.86,0.48,28.872421,74.428665,Mumbai
E002548,C035,P001,2026-06-10 02:31:02,14.76,79.75,0.48,29.713086,71.724409,Pune
E002549,C016,P001,2026-05-13 07:02:02,4.76,93.0,0.99,26.907385,77.299585,Pune
E002550,C007,P001,2026-03-29 12:56:59,14.11,74.35,0.93,29.475121,77.916729,Jaipur
E002551,C008,P004,2026-02-17 23:53:02,15.85,74.16,0.4,21.000008,79.629271,Pune
E002552,C030,P002,2026-02-06 21:44:18,14.67,82.29,0.54,27.760022,73.751065,Ahmedabad
E002553,C017,P002,2026-06-15 17:04:37,12.32,79.19,0.5,23.328204,72.504673,Jaipur
E002554,C021,P002,2026-04-29 14:02:54,12.95,68.38,0.43,21.419403,70.215757,Ahmedabad
E002555,C009,P004,2026-03-15 00:15:27,7.91,71.02,0.61,23.509771,70.364,Jaipur
E002556,C006,P001,2026-05-26 23:40:50,5.71,77.59,0.28,21.264498,71.002317,Jaipur
E002557,C013,P004,2026-04-05 16:27:59,14.56,85.68,0.69,25.631632,78.677221,Jaipur
E002558,C049,P004,2026-06-11 06:28:56,9.52,92.97,0.73,25.623319,73.232451,Ahmedabad
E002559,C008,P004,2026-01-14 09:09:20,10.29,78.06,0.45,28.938005,78.794635,Jaipur
E002560,C010,P002,2026-03-04 17:11:52,6.13,67.67,0.73,24.534834,79.793732,Delhi
E002561,C001,P003,2026-05-27 23:41:32,9.32,91.49,0.22,24.931543,78.243446,Pune
E002562,C038,P001,2026-05-13 23:58:55,7.01,61.12,0.18,20.516374,79.160957,Mumbai
E002563,C018,P002,2026-02-25 13:37:41,5.38,77.92,0.7,25.548508,72.831398,Delhi
E002564,C005,P001,2026-02-24 17:26:37,8.67,80.18,0.17,27.997163,75.949417,Delhi
E002565,C018,P004,2026-06-27 05:20:53,7.18,69.2,0.82,26.81378,72.708029,Jaipur
E002566,C005,P002,2026-03-23 01:40:00,13.46,84.08,0.02,23.500969,78.822014,Ahmedabad
E002567,C014,P002,2026-03-25 02:57:56,6.94,74.46,0.65,20.818543,73.962066,Jaipur
E002568,C033,P002,2026-04-10 14:07:01,7.33,83.45,0.85,25.186266,76.102572,Ahmedabad
E002569,C038,P001,2026-05-08 16:33:23,12.08,63.7,0.35,20.228391,74.454863,Jaipur
E002570,C024,P002,2026-06-07 16:57:42,7.75,93.37,0.05,26.15705,78.087479,Jaipur
E002571,C046,P001,2026-06-30 05:31:22,12.25,75.52,0.97,24.292646,79.820966,Delhi
E002572,C041,P001,2026-04-05 02:36:49,5.36,69.66,0.6,28.994004,77.68257,Ahmedabad
E002573,C048,P004,2026-05-27 01:20:05,12.84,86.04,0.0,25.969662,72.094006,Pune
E002574,C015,P002,2026-04-02 15:05:50,12.5,94.49,1.0,29.986491,71.431451,Delhi
E002575,C030,P001,2026-03-07 18:33:01,4.11,69.73,0.21,22.423754,70.166477,Delhi
E002576,C049,P004,2026-03-24 08:20:56,13.66,64.7,0.59,25.486098,76.511467,Jaipur
E002577,C010,P002,2026-03-03 04:02:32,6.2,81.76,0.65,22.279597,70.574418,Delhi
E002578,C027,P001,2026-02-03 20:42:13,5.74,61.85,0.69,26.830372,73.316559,Mumbai
E002579,C006,P001,2026-03-06 04:32:51,10.91,90.18,0.48,25.27883,70.569875,Delhi
E002580,C029,P004,2026-05-07 20:34:35,6.54,86.99,0.68,26.420351,73.971764,Pune
E002581,C012,P004,2026-06-12 08:25:01,4.24,88.26,0.28,23.642207,78.227354,Ahmedabad
E002582,C035,P004,2026-05-30 20:42:09,13.4,92.44,0.85,26.968221,78.452461,Jaipur
E002583,C007,P002,2026-02-23 08:49:54,13.6,94.65,0.0,21.742005,73.496028,Pune
E002584,C025,P002,2026-05-09 21:05:50,9.5,85.19,0.79,23.876153,70.149617,Ahmedabad
E002585,C007,P003,2026-03-03 16:48:26,13.73,62.57,0.0,29.3305,74.486326,Jaipur
E002586,C018,P003,2026-06-24 14:34:53,12.65,60.59,0.7,29.542064,79.254029,Pune
E002587,C048,P003,2026-04-17 22:51:29,4.49,79.98,0.47,20.676233,78.411278,Ahmedabad
E002588,C011,P002,2026-05-13 02:09:55,5.17,78.74,0.55,25.851963,72.895805,Ahmedabad
E002589,C046,P003,2026-02-02 22:42:29,8.68,61.57,0.92,29.002089,71.691148,Delhi
E002590,C032,P001,2026-02-22 15:28:13,5.03,68.46,0.16,21.206577,71.228671,Mumbai
E002591,C008,P002,2026-03-08 18:34:48,13.82,73.42,0.01,27.387521,74.515804,Jaipur
E002592,C042,P003,2026-05-11 22:31:33,6.58,87.93,0.93,21.606396,77.506195,Pune
E002593,C026,P004,2026-06-13 20:52:25,7.19,77.9,0.79,25.560664,74.741398,Ahmedabad
E002594,C028,P004,2026-05-12 22:01:16,6.43,70.85,0.13,25.37106,71.822318,Pune
E002595,C010,P002,2026-06-29 08:24:10,9.83,88.59,0.57,20.282596,78.403663,Pune
E002596,C002,P001,2026-06-23 19:11:06,6.94,67.06,0.2,22.026942,72.075374,Jaipur
E002597,C014,P002,2026-02-20 21:11:27,15.84,90.71,0.0,21.970443,79.938793,Jaipur
E002598,C047,P002,2026-06-07 13:48:12,13.77,82.5,0.55,22.90933,77.619587,Mumbai
E002599,C004,P003,2026-03-13 02:53:24,12.27,84.2,0.83,23.894552,77.995304,Mumbai
E002600,C011,P004,2026-02-24 22:49:16,5.16,86.45,0.89,21.305547,74.589025,Pune
E002601,C022,P003,2026-02-25 20:51:28,11.49,81.85,0.58,27.70231,74.25414,Delhi
E002602,C030,P004,2026-03-15 12:33:14,7.79,69.37,0.67,21.084787,79.723002,Mumbai
E002603,C050,P001,2026-01-21 08:03:25,12.44,79.61,0.19,22.960698,70.469319,Jaipur
E002604,C014,P004,2026-02-13 21:04:19,7.11,76.21,0.42,29.078411,73.712701,Ahmedabad
E002605,C049,P004,2026-01-02 14:12:43,8.56,75.94,0.19,22.802927,75.552839,Ahmedabad
E002606,C039,P004,2026-04-09 00:03:33,6.57,86.61,0.1,23.97316,71.039213,Jaipur
E002607,C035,P001,2026-05-09 07:43:40,12.55,70.08,0.62,23.951747,79.847459,Ahmedabad
E002608,C017,P004,2026-03-02 12:37:51,4.87,94.05,0.09,26.670381,79.498048,Ahmedabad
E002609,C008,P003,2026-01-26 18:41:23,13.96,92.16,0.44,23.46689,70.08375,Mumbai
E002610,C017,P002,2026-03-21 23:24:40,15.07,92.0,0.71,24.706973,70.817887,Jaipur
E002611,C033,P004,2026-05-31 23:30:50,9.53,77.47,0.41,22.259056,76.199955,Ahmedabad
E002612,C043,P003,2026-04-26 22:01:00,6.5,89.89,0.5,27.701408,77.411147,Delhi
E002613,C049,P001,2026-04-23 01:01:53,12.71,61.23,0.32,24.155409,74.774819,Jaipur
E002614,C020,P003,2026-01-23 11:21:52,14.17,65.57,0.13,23.120932,77.287872,Delhi
E002615,C028,P004,2026-02-21 20:04:57,5.35,88.16,0.21,20.189949,76.296608,Mumbai
E002616,C014,P003,2026-04-14 03:06:27,9.94,89.6,0.87,26.354908,76.707097,Delhi
E002617,C010,P003,2026-06-20 11:01:42,13.82,63.52,0.01,21.087859,79.743751,Pune
E002618,C046,P001,2026-03-11 22:49:35,10.0,82.82,0.37,29.787924,70.152354,Delhi
E002619,C028,P001,2026-03-04 13:25:21,14.74,62.71,0.82,23.166761,78.547808,Delhi
E002620,C043,P002,2026-02-06 19:35:23,13.34,72.19,0.59,27.337249,74.208455,Ahmedabad
E002621,C007,P004,2026-04-21 19:21:21,13.86,73.54,0.29,22.458017,73.313795,Delhi
E002622,C028,P004,2026-01-25 08:08:41,10.27,87.7,0.35,22.295718,71.31582,Pune
E002623,C009,P001,2026-02-06 00:26:45,15.95,60.69,0.88,21.882019,74.977571,Mumbai
E002624,C015,P002,2026-01-14 02:04:12,14.6,79.22,0.81,29.422101,79.299226,Ahmedabad
E002625,C006,P003,2026-02-13 21:36:33,8.83,66.36,0.93,24.399746,78.716421,Ahmedabad
E002626,C032,P003,2026-03-02 14:17:05,14.27,61.92,0.71,29.498954,72.033079,Ahmedabad
E002627,C015,P002,2026-01-14 10:25:50,10.46,68.36,0.47,27.299112,79.199334,Jaipur
E002628,C017,P002,2026-03-22 18:19:47,4.74,60.42,0.68,22.528746,71.345485,Ahmedabad
E002629,C033,P003,2026-02-22 20:40:45,14.98,89.89,0.2,29.922972,71.775875,Pune
E002630,C030,P002,2026-04-01 06:49:56,11.77,65.51,0.71,25.393973,70.119193,Pune
E002631,C003,P001,2026-05-25 11:56:42,14.42,72.57,0.4,22.762018,73.06045,Ahmedabad
E002632,C041,P004,2026-06-27 14:05:19,7.25,94.64,0.31,23.376302,79.676253,Ahmedabad
E002633,C046,P001,2026-05-11 12:28:18,9.17,88.31,0.19,25.983944,74.515863,Pune
E002634,C016,P001,2026-03-27 23:23:12,6.55,79.53,0.62,24.214344,74.084134,Ahmedabad
E002635,C022,P003,2026-02-05 00:04:01,14.89,68.09,0.05,22.046417,73.164813,Delhi
E002636,C050,P004,2026-03-19 04:38:08,12.21,75.76,0.45,23.630534,70.185956,Mumbai
E002637,C032,P001,2026-03-14 02:58:03,8.87,79.9,0.75,25.887874,73.34292,Jaipur
E002638,C034,P002,2026-05-09 01:54:17,6.47,67.18,0.05,21.463434,70.661682,Ahmedabad
E002639,C016,P002,2026-04-19 11:24:09,8.15,77.37,0.54,23.44151,74.359623,Jaipur
E002640,C001,P003,2026-02-02 01:48:56,4.61,91.09,0.06,21.910149,73.707603,Jaipur
E002641,C009,P001,2026-06-22 15:28:15,4.83,74.26,0.41,23.396484,73.524859,Mumbai
E002642,C018,P004,2026-03-11 05:29:00,6.81,85.82,0.01,23.475325,70.578109,Delhi
E002643,C011,P002,2026-03-07 05:51:48,6.66,68.23,0.43,25.368816,78.724107,Pune
E002644,C036,P003,2026-06-27 23:39:28,5.63,82.17,0.27,28.733209,77.469138,Jaipur
E002645,C027,P002,2026-05-24 08:10:10,10.82,66.47,0.23,22.676095,78.40462,Jaipur
E002646,C048,P002,2026-02-20 21:47:28,4.37,77.83,0.83,20.442867,74.101531,Ahmedabad
E002647,C049,P003,2026-01-21 11:26:45,4.77,81.14,0.23,23.994071,78.727152,Mumbai
E002648,C034,P002,2026-02-19 06:34:06,5.87,61.04,0.79,24.675941,70.030657,Ahmedabad
E002649,C046,P001,2026-02-13 07:05:39,7.58,74.4,0.1,24.667471,70.562687,Pune
E002650,C007,P003,2026-01-09 16:49:59,15.73,61.96,0.22,21.882342,79.481688,Jaipur
E002651,C003,P002,2026-04-18 10:24:17,5.33,77.89,0.75,26.614132,79.844053,Ahmedabad
E002652,C025,P001,2026-04-22 04:00:07,7.64,85.76,0.84,28.360152,71.827181,Ahmedabad
E002653,C029,P003,2026-02-09 19:19:34,14.14,66.21,0.56,26.541547,78.789746,Mumbai
E002654,C016,P004,2026-02-14 06:48:54,11.05,70.24,0.57,20.253463,73.788374,Pune
E002655,C033,P002,2026-05-03 23:52:59,12.04,78.33,0.84,26.454606,74.5083,Jaipur
E002656,C041,P002,2026-05-25 10:45:29,14.43,78.94,0.52,26.425084,73.508372,Ahmedabad
E002657,C034,P001,2026-03-09 11:43:36,14.65,83.01,0.13,22.210628,70.963757,Ahmedabad
E002658,C037,P003,2026-03-25 11:09:15,9.9,73.16,0.15,29.754142,76.825297,Ahmedabad
E002659,C013,P003,2026-03-05 16:40:16,11.08,63.56,0.14,21.980542,72.780114,Jaipur
E002660,C045,P002,2026-05-05 07:15:28,12.58,83.48,0.66,21.498979,70.896579,Jaipur
E002661,C026,P003,2026-01-19 23:51:48,4.32,65.51,0.0,25.408671,75.28521,Ahmedabad
E002662,C001,P002,2026-05-29 14:20:26,8.69,75.09,0.24,20.050136,76.670933,Jaipur
E002663,C007,P003,2026-04-23 20:21:36,7.63,76.19,0.11,22.880767,75.519542,Ahmedabad
E002664,C010,P003,2026-03-02 13:34:37,9.77,85.93,0.57,20.721295,74.816077,Mumbai
E002665,C036,P003,2026-01-23 09:51:49,5.48,76.15,0.04,28.577277,70.9493,Delhi
E002666,C016,P003,2026-05-06 16:32:26,6.6,65.86,0.56,22.406637,70.813096,Ahmedabad
E002667,C007,P002,2026-04-28 11:40:29,9.64,88.38,0.44,24.373481,77.110309,Delhi
E002668,C005,P003,2026-03-19 20:56:08,8.93,91.99,0.87,25.645966,72.380714,Ahmedabad
E002669,C020,P003,2026-03-18 19:42:40,4.17,75.57,0.15,27.237888,74.270604,Ahmedabad
E002670,C019,P002,2026-04-26 21:54:18,13.63,81.38,0.66,24.502561,78.33883,Pune
E002671,C024,P002,2026-03-09 16:52:24,4.28,76.49,0.77,27.849065,75.470657,Ahmedabad
E002672,C041,P002,2026-02-22 20:41:23,14.69,82.0,0.96,21.532609,76.104345,Jaipur
E002673,C042,P002,2026-06-07 13:53:48,11.25,78.01,0.35,22.402716,79.992575,Jaipur
E002674,C002,P003,2026-04-16 16:24:14,6.34,85.74,0.91,24.687754,74.954228,Jaipur
E002675,C019,P003,2026-06-28 01:49:35,14.2,86.12,0.58,25.594087,76.028502,Mumbai
E002676,C046,P002,2026-02-22 13:58:36,5.72,80.24,0.27,20.876901,77.889737,Mumbai
E002677,C013,P004,2026-06-23 17:11:34,14.91,66.4,0.17,28.144412,72.989326,Ahmedabad
E002678,C049,P002,2026-04-15 16:03:51,11.03,61.32,0.13,23.509464,79.591187,Ahmedabad
E002679,C046,P003,2026-06-27 21:32:14,4.78,93.34,0.98,22.562464,77.796674,Ahmedabad
E002680,C043,P002,2026-01-24 20:12:03,8.75,84.59,0.11,24.498539,78.500224,Pune
E002681,C041,P004,2026-05-29 23:19:20,10.59,80.62,0.44,29.120817,76.853751,Ahmedabad
E002682,C003,P001,2026-06-10 23:03:45,10.58,92.8,0.89,20.306688,76.829046,Ahmedabad
E002683,C002,P002,2026-03-29 11:40:13,9.62,63.3,0.68,25.039454,71.423264,Delhi
E002684,C049,P001,2026-03-04 07:08:20,9.36,79.62,0.24,28.902527,71.192222,Mumbai
E002685,C038,P003,2026-01-05 04:49:04,9.26,71.86,0.62,20.0263,77.423464,Ahmedabad
E002686,C021,P004,2026-01-27 17:04:29,14.58,70.68,0.6,23.226652,75.541654,Delhi
E002687,C041,P002,2026-02-10 01:54:17,8.2,77.41,0.68,24.032822,74.301235,Delhi
E002688,C036,P002,2026-01-11 21:37:44,8.9,94.25,0.05,24.723081,72.05712,Mumbai
E002689,C044,P004,2026-01-24 06:00:41,5.95,64.93,0.3,29.035727,71.775296,Pune
E002690,C041,P002,2026-01-08 08:49:37,11.79,64.27,0.88,28.152646,75.461981,Pune
E002691,C029,P002,2026-06-28 10:54:56,5.0,83.62,0.4,29.829929,79.137978,Mumbai
E002692,C008,P003,2026-05-09 22:18:49,5.15,76.72,0.97,26.700966,77.367074,Jaipur
E002693,C036,P002,2026-04-22 05:03:03,5.37,93.28,0.75,26.619726,71.60998,Ahmedabad
E002694,C010,P003,2026-01-12 09:17:04,11.32,74.38,0.77,22.840884,71.290767,Jaipur
E002695,C029,P002,2026-05-14 17:01:52,8.26,78.09,0.21,27.00163,73.459061,Mumbai
E002696,C016,P001,2026-06-22 11:06:24,15.86,84.01,0.42,29.770277,72.034462,Mumbai
E002697,C044,P004,2026-02-10 16:14:03,12.93,68.83,0.49,28.019776,70.63254,Mumbai
E002698,C012,P002,2026-05-10 03:50:14,14.58,65.94,0.8,28.11649,74.60675,Delhi
E002699,C045,P004,2026-03-31 00:26:37,5.1,67.36,0.0,21.041682,75.988683,Mumbai
E002700,C040,P004,2026-01-20 20:21:34,4.46,72.88,0.85,23.515157,77.730911,Jaipur
E002701,C049,P004,2026-03-09 23:21:09,11.03,68.02,0.57,26.468048,75.1491,Jaipur
E002702,C032,P001,2026-06-07 19:27:24,8.14,71.46,0.52,20.394365,72.132427,Mumbai
E002703,C045,P001,2026-02-21 08:53:50,9.67,85.96,0.45,23.785162,70.168449,Jaipur
E002704,C024,P004,2026-05-03 09:18:28,13.42,77.22,0.5,28.703358,79.462633,Pune
E002705,C033,P002,2026-03-16 19:24:43,15.26,84.63,0.09,22.954528,74.928465,Mumbai
E002706,C009,P003,2026-03-06 19:26:32,8.2,88.67,0.75,27.396287,75.931845,Mumbai
E002707,C024,P001,2026-04-24 03:15:25,10.33,90.57,0.21,28.88754,70.261419,Ahmedabad
E002708,C040,P003,2026-06-10 23:36:05,10.62,82.93,0.48,29.040351,77.846655,Delhi
E002709,C017,P003,2026-04-12 22:01:20,5.38,78.56,0.37,27.077091,77.017112,Delhi
E002710,C040,P004,2026-01-14 07:48:59,4.49,63.46,0.53,24.336676,79.938833,Delhi
E002711,C039,P002,2026-06-28 09:28:03,15.14,63.95,0.37,29.213825,73.611025,Ahmedabad
E002712,C007,P004,2026-03-28 08:17:10,12.06,60.92,0.11,29.526549,73.949742,Mumbai
E002713,C003,P004,2026-02-12 03:03:16,11.09,83.63,0.86,27.787161,75.130548,Delhi
E002714,C033,P002,2026-01-11 22:57:59,14.91,81.63,0.8,24.095682,76.411141,Pune
E002715,C011,P004,2026-03-31 13:13:18,11.0,81.14,0.9,27.175787,70.345261,Delhi
E002716,C036,P004,2026-03-08 00:11:36,5.21,93.81,0.57,26.277218,73.949409,Pune
E002717,C021,P002,2026-02-14 14:40:31,5.94,64.7,0.86,21.394378,70.476758,Jaipur
E002718,C049,P002,2026-01-08 12:04:18,10.69,68.86,0.67,26.619381,74.442086,Delhi
E002719,C016,P002,2026-05-15 15:34:44,15.21,92.18,0.14,26.351099,73.666169,Ahmedabad
E002720,C004,P001,2026-04-01 15:01:47,5.21,63.92,0.95,21.119672,71.680684,Ahmedabad
E002721,C046,P001,2026-06-28 22:25:19,5.34,60.14,0.67,27.925025,76.576364,Jaipur
E002722,C036,P002,2026-03-22 05:50:41,7.31,70.69,0.87,22.775622,77.586818,Mumbai
E002723,C002,P001,2026-05-26 11:41:07,5.62,66.41,0.11,27.070552,75.232003,Jaipur
E002724,C014,P002,2026-02-11 10:17:11,12.8,81.54,0.11,28.142725,73.787965,Jaipur
E002725,C014,P003,2026-04-18 02:35:34,6.23,66.17,0.58,25.958251,70.51805,Delhi
E002726,C042,P003,2026-03-31 05:01:48,5.61,79.69,0.25,21.34457,70.463111,Delhi
E002727,C020,P002,2026-03-17 23:57:02,4.36,75.15,0.25,28.010528,70.402061,Pune
E002728,C015,P004,2026-05-27 16:40:08,13.14,67.77,0.1,24.654567,79.801462,Ahmedabad
E002729,C041,P003,2026-01-22 18:58:41,9.03,85.23,0.46,27.792065,70.992448,Jaipur
E002730,C013,P004,2026-06-13 06:01:04,6.96,69.95,0.43,26.139004,76.977463,Pune
E002731,C018,P003,2026-06-27 13:55:59,9.35,62.63,0.29,23.50186,77.857048,Delhi
E002732,C017,P002,2026-02-14 09:02:14,11.26,60.54,0.51,20.077043,76.039398,Ahmedabad
E002733,C046,P004,2026-04-10 19:46:17,14.88,63.36,0.35,27.933998,76.642598,Delhi
E002734,C007,P003,2026-05-06 09:40:13,13.81,91.64,0.61,27.046705,70.26629,Jaipur
E002735,C037,P003,2026-01-01 22:24:24,12.47,65.16,0.85,24.096627,79.093137,Jaipur
E002736,C023,P001,2026-06-07 01:12:43,12.41,77.29,0.93,20.300913,79.131448,Jaipur
E002737,C033,P002,2026-05-21 19:47:35,5.65,73.5,0.02,26.491552,72.170303,Pune
E002738,C001,P004,2026-01-03 12:27:19,8.16,64.25,0.49,28.56489,74.741142,Pune
E002739,C020,P003,2026-01-29 14:53:08,15.37,72.76,0.55,28.002506,71.988575,Ahmedabad
E002740,C050,P004,2026-01-13 05:45:21,10.8,61.43,0.67,25.187983,72.980707,Mumbai
E002741,C006,P004,2026-06-27 14:23:51,8.82,64.32,0.6,21.602479,76.576607,Delhi
E002742,C046,P002,2026-04-20 14:35:40,15.15,94.36,0.49,27.349591,75.057202,Jaipur
E002743,C027,P003,2026-01-20 08:05:23,11.59,71.92,0.51,22.717931,70.027768,Mumbai
E002744,C045,P001,2026-05-15 23:50:29,15.85,69.07,0.04,25.894568,73.663405,Delhi
E002745,C022,P002,2026-05-03 13:05:08,13.69,68.89,0.52,24.215472,78.125637,Ahmedabad
E002746,C018,P004,2026-05-15 12:45:06,5.31,70.44,0.08,22.003318,76.555779,Delhi
E002747,C036,P001,2026-02-09 04:06:02,5.96,91.14,0.18,28.633126,74.466083,Pune
E002748,C024,P002,2026-04-03 22:47:53,4.58,91.37,0.25,29.933069,77.202981,Pune
E002749,C011,P003,2026-05-16 01:26:26,14.15,64.13,0.61,28.338353,74.165672,Mumbai
E002750,C028,P003,2026-04-18 08:23:08,4.84,66.77,0.34,29.064289,76.355275,Jaipur
E002751,C012,P003,2026-03-14 17:54:02,5.31,78.89,0.04,23.705317,78.353611,Pune
E002752,C031,P002,2026-05-24 01:05:56,11.88,61.58,0.86,28.877534,79.456548,Delhi
E002753,C034,P003,2026-05-14 14:00:38,4.03,78.15,0.53,20.884721,72.687242,Jaipur
E002754,C037,P001,2026-04-02 04:01:04,10.64,88.95,0.99,21.900799,73.782637,Delhi
E002755,C012,P004,2026-06-07 03:35:53,14.94,62.52,0.62,25.397034,76.05557,Mumbai
E002756,C022,P001,2026-02-14 01:41:26,10.55,72.84,0.87,20.767141,76.661124,Pune
E002757,C033,P001,2026-03-04 23:25:57,13.19,77.98,0.41,29.589714,75.925109,Jaipur
E002758,C031,P001,2026-02-18 19:02:49,6.14,66.1,0.0,21.983979,72.218059,Ahmedabad
E002759,C026,P004,2026-03-28 12:40:04,13.99,63.81,0.37,29.318771,73.600986,Mumbai
E002760,C038,P002,2026-06-25 08:27:49,12.04,71.01,0.81,29.7187,72.393993,Pune
E002761,C033,P002,2026-06-27 04:31:55,13.22,77.43,0.19,21.865576,70.312559,Delhi
E002762,C028,P002,2026-06-22 03:45:04,8.84,69.38,0.91,25.756683,76.547861,Delhi
E002763,C039,P003,2026-04-01 15:01:37,15.86,67.25,0.36,26.228308,71.01988,Ahmedabad
E002764,C039,P001,2026-06-27 10:21:56,13.95,93.82,0.22,27.376472,74.989141,Pune
E002765,C030,P002,2026-04-24 16:22:43,9.72,90.27,0.96,22.539371,73.712083,Delhi
E002766,C043,P003,2026-04-24 15:32:24,8.88,83.42,0.38,29.123844,76.260546,Mumbai
E002767,C017,P002,2026-04-07 08:17:22,9.65,60.82,0.42,20.685261,76.450133,Pune
E002768,C019,P004,2026-06-01 21:36:22,9.47,76.96,0.49,21.876186,76.04232,Jaipur
E002769,C027,P001,2026-04-27 15:26:22,9.51,75.22,0.3,21.812795,73.724175,Pune
E002770,C042,P002,2026-05-23 17:34:57,14.47,83.49,0.26,22.153903,79.943153,Jaipur
E002771,C038,P003,2026-05-16 08:03:01,5.37,72.58,0.97,26.274127,75.972192,Ahmedabad
E002772,C025,P003,2026-06-12 07:52:42,14.01,64.56,0.65,26.120745,75.287298,Delhi
E002773,C034,P001,2026-06-09 18:56:13,15.65,70.16,0.24,20.892996,72.111341,Ahmedabad
E002774,C022,P004,2026-06-12 02:54:31,4.42,64.87,0.48,28.844993,70.329204,Ahmedabad
E002775,C028,P003,2026-02-01 15:36:05,15.49,63.14,0.6,20.663153,75.042474,Mumbai
E002776,C026,P003,2026-01-22 15:29:04,5.41,74.49,0.87,21.338243,71.243119,Ahmedabad
E002777,C015,P002,2026-06-23 07:08:55,11.94,90.17,0.07,21.813181,73.813432,Ahmedabad
E002778,C030,P001,2026-06-03 04:17:52,14.77,72.06,0.29,28.080645,72.614815,Mumbai
E002779,C037,P002,2026-02-06 10:44:00,4.5,79.46,0.73,23.951451,76.178512,Ahmedabad
E002780,C047,P002,2026-06-05 01:05:37,13.79,70.59,0.19,23.368617,78.810506,Jaipur
E002781,C017,P003,2026-05-15 16:15:37,7.5,94.72,0.35,24.318541,70.502812,Delhi
E002782,C008,P004,2026-01-02 13:16:04,10.62,60.28,0.31,24.910942,70.051887,Delhi
E002783,C047,P002,2026-03-31 18:21:47,11.14,79.12,0.96,22.680225,70.196295,Jaipur
E002784,C016,P003,2026-04-17 01:18:34,6.65,76.65,0.4,27.512098,77.377799,Jaipur
E002785,C010,P004,2026-06-21 02:27:26,4.32,66.16,0.9,28.461555,76.3186,Mumbai
E002786,C027,P001,2026-05-30 06:10:03,11.28,71.32,0.03,25.46862,77.930011,Ahmedabad
E002787,C034,P002,2026-06-01 14:31:40,7.89,65.86,0.52,20.437599,78.85202,Jaipur
E002788,C016,P003,2026-06-16 04:53:21,6.24,76.53,0.46,28.696549,74.94851,Ahmedabad
E002789,C004,P004,2026-01-27 19:15:40,6.66,64.51,0.03,26.457349,77.981928,Ahmedabad
E002790,C043,P004,2026-02-26 05:02:09,13.77,60.23,0.79,28.616267,78.505211,Ahmedabad
E002791,C007,P003,2026-01-09 16:02:45,13.49,90.6,0.9,22.53147,74.698315,Delhi
E002792,C045,P002,2026-06-29 04:02:18,15.53,94.24,0.35,23.101334,79.73696,Delhi
E002793,C016,P004,2026-03-12 13:19:40,4.01,64.19,0.62,28.793525,74.920887,Pune
E002794,C022,P003,2026-04-20 23:18:27,12.83,91.0,0.43,22.175211,72.377084,Delhi
E002795,C012,P001,2026-05-23 14:51:52,5.04,88.61,0.98,21.738307,72.145753,Delhi
E002796,C043,P002,2026-01-18 23:42:11,13.95,65.37,0.12,22.262117,79.525611,Jaipur
E002797,C043,P002,2026-02-21 14:03:00,7.29,90.06,0.18,20.262698,70.714854,Ahmedabad
E002798,C041,P002,2026-06-14 23:51:21,7.73,74.68,0.02,20.448115,74.735891,Pune
E002799,C013,P003,2026-04-03 07:32:11,5.97,87.09,0.2,26.535804,70.043215,Pune
E002800,C029,P002,2026-06-17 08:19:41,9.8,86.87,0.63,24.468062,75.894035,Delhi
E002801,C005,P003,2026-03-04 01:57:15,15.22,75.83,0.95,20.914281,73.114046,Jaipur
E002802,C011,P002,2026-01-21 02:54:32,6.93,94.98,0.21,26.72416,72.882285,Delhi
E002803,C013,P004,2026-01-21 16:34:12,7.92,64.48,0.71,29.783171,75.984369,Mumbai
E002804,C022,P002,2026-05-04 08:19:33,12.78,74.67,0.58,23.800278,71.406458,Delhi
E002805,C018,P003,2026-06-19 11:07:23,7.64,91.04,0.89,25.462756,70.863322,Pune
E002806,C005,P004,2026-01-06 06:59:01,13.27,71.76,0.77,27.619867,74.93973,Delhi
E002807,C031,P002,2026-01-23 03:14:53,13.92,74.08,0.86,22.486637,72.764847,Delhi
E002808,C023,P002,2026-05-09 14:46:37,15.64,61.41,0.8,26.554907,70.692697,Ahmedabad
E002809,C040,P003,2026-04-01 00:08:33,9.59,93.99,0.77,24.23775,72.623626,Mumbai
E002810,C017,P002,2026-04-25 01:04:48,6.71,71.7,0.61,23.855784,78.17758,Jaipur
E002811,C040,P004,2026-06-26 02:49:31,11.9,72.62,0.33,24.746524,72.996935,Jaipur
E002812,C029,P002,2026-05-16 13:00:50,12.89,90.17,0.83,25.829202,71.678628,Ahmedabad
E002813,C015,P004,2026-05-04 20:28:18,15.1,67.07,0.55,22.101324,75.074289,Pune
E002814,C041,P004,2026-06-27 07:34:11,12.36,72.26,0.47,28.276141,76.268751,Delhi
E002815,C004,P001,2026-02-27 21:22:57,5.96,61.46,0.19,22.443126,76.981197,Ahmedabad
E002816,C031,P002,2026-06-26 02:36:39,4.06,91.42,0.77,24.08054,70.622515,Jaipur
E002817,C019,P001,2026-05-10 19:13:43,7.16,78.71,0.11,21.132343,79.865322,Ahmedabad
E002818,C047,P002,2026-02-23 06:43:45,14.9,63.64,0.08,20.46392,79.734812,Ahmedabad
E002819,C016,P004,2026-06-13 03:11:05,9.93,84.27,0.92,23.1821,79.818514,Pune
E002820,C012,P002,2026-01-25 18:56:03,6.8,62.93,0.33,26.3049,73.279642,Mumbai
E002821,C010,P001,2026-02-05 12:01:24,8.04,94.5,0.0,27.247781,74.599253,Jaipur
E002822,C011,P002,2026-06-19 03:20:59,10.07,79.2,0.78,23.4652,74.733321,Mumbai
E002823,C019,P003,2026-04-24 11:51:49,8.09,75.23,0.79,20.460439,76.586526,Mumbai
E002824,C025,P001,2026-03-04 13:46:54,10.54,82.78,0.76,22.141271,77.515899,Delhi
E002825,C020,P003,2026-02-13 22:54:42,12.37,69.94,0.49,22.401261,78.662318,Ahmedabad
E002826,C019,P004,2026-04-24 14:51:43,6.53,69.3,0.11,21.91912,75.10263,Mumbai
E002827,C001,P001,2026-06-21 12:47:09,10.19,88.49,0.23,24.247861,73.077853,Delhi
E002828,C009,P001,2026-06-10 19:00:42,5.7,93.92,0.51,27.714684,74.12004,Delhi
E002829,C032,P003,2026-03-14 12:13:45,8.07,89.38,0.09,22.218299,79.928238,Ahmedabad
E002830,C044,P004,2026-01-07 01:24:13,7.94,73.77,0.66,20.812301,71.846675,Mumbai
E002831,C048,P003,2026-01-17 18:42:51,12.19,83.82,0.67,24.138143,71.060235,Ahmedabad
E002832,C042,P004,2026-01-19 00:50:48,12.68,92.29,0.21,22.115257,72.046262,Ahmedabad
E002833,C049,P003,2026-04-27 03:13:43,13.4,80.95,0.38,25.960795,76.683286,Mumbai
E002834,C025,P002,2026-06-19 09:23:34,4.09,93.52,0.47,28.283633,75.767467,Ahmedabad
E002835,C024,P002,2026-01-02 01:25:22,15.75,84.44,0.39,26.910694,77.485971,Pune
E002836,C032,P002,2026-03-30 15:43:52,11.69,66.57,0.86,27.163098,77.4203,Mumbai
E002837,C015,P001,2026-01-25 16:31:39,4.83,81.05,0.92,25.303181,72.627192,Pune
E002838,C026,P004,2026-05-16 01:41:56,13.06,74.32,0.38,22.058781,75.334454,Pune
E002839,C032,P003,2026-02-01 10:39:12,6.8,61.79,0.45,23.247257,73.870873,Mumbai
E002840,C011,P003,2026-03-22 12:00:59,10.48,86.2,0.11,29.230112,78.79379,Delhi
E002841,C033,P004,2026-06-04 00:31:22,8.64,69.65,0.85,21.4521,77.387338,Delhi
E002842,C030,P004,2026-02-04 15:11:18,12.07,87.67,0.97,28.748723,70.849522,Delhi
E002843,C048,P002,2026-01-12 07:39:06,7.72,90.77,0.46,23.889366,74.351754,Mumbai
E002844,C043,P001,2026-06-29 19:50:39,13.29,70.82,0.48,21.4147,73.624376,Jaipur
E002845,C015,P001,2026-06-18 12:30:13,10.78,87.44,0.61,26.981629,71.202091,Jaipur
E002846,C024,P004,2026-04-19 03:36:20,13.78,64.38,0.9,21.963776,79.429392,Mumbai
E002847,C028,P003,2026-05-26 00:28:52,8.86,78.95,0.76,27.703617,76.744519,Ahmedabad
E002848,C014,P001,2026-05-28 11:08:34,11.34,68.67,0.49,25.626994,79.592177,Ahmedabad
E002849,C046,P002,2026-03-10 10:36:37,13.37,71.63,0.94,27.540837,78.278861,Jaipur
E002850,C040,P004,2026-06-27 08:05:52,5.45,62.31,0.27,22.731741,73.668797,Mumbai
E002851,C007,P002,2026-04-24 15:43:50,11.6,75.35,0.71,20.944579,72.688977,Delhi
E002852,C010,P002,2026-05-28 02:19:26,8.5,70.83,0.53,22.921937,72.784341,Ahmedabad
E002853,C007,P001,2026-01-02 22:46:08,10.34,61.18,0.12,23.660663,74.500598,Jaipur
E002854,C031,P004,2026-06-18 22:15:34,13.12,74.91,0.65,25.283108,71.382213,Pune
E002855,C028,P002,2026-01-30 09:07:53,9.88,71.89,0.91,23.232498,79.313119,Ahmedabad
E002856,C035,P002,2026-02-19 11:26:52,10.88,92.14,0.68,22.464909,75.734483,Jaipur
E002857,C045,P001,2026-04-15 14:20:12,9.76,90.52,0.01,22.638872,76.88955,Jaipur
E002858,C033,P002,2026-03-30 21:20:08,10.29,64.4,0.45,25.440145,79.136793,Delhi
E002859,C042,P004,2026-01-19 18:40:01,8.66,78.26,0.96,20.583663,76.578228,Ahmedabad
E002860,C016,P001,2026-03-20 01:30:38,9.19,70.64,0.45,27.449245,77.671196,Jaipur
E002861,C048,P003,2026-04-15 11:28:16,6.01,79.58,0.66,20.036415,78.261251,Jaipur
E002862,C024,P002,2026-01-18 05:48:38,4.44,78.2,0.18,28.808199,78.354702,Jaipur
E002863,C012,P003,2026-04-12 21:23:47,6.35,76.61,0.01,26.896588,75.819358,Jaipur
E002864,C004,P001,2026-04-20 19:30:04,12.83,85.82,0.48,20.661865,73.980362,Pune
E002865,C007,P002,2026-03-08 16:23:42,14.03,79.39,0.09,26.925826,75.220932,Ahmedabad
E002866,C035,P002,2026-06-02 10:07:28,15.83,81.92,0.6,29.70678,70.062409,Delhi
E002867,C005,P002,2026-05-31 07:42:21,11.47,70.43,0.74,22.136844,72.292377,Delhi
E002868,C031,P004,2026-05-16 07:40:47,12.17,72.12,0.07,22.730451,79.937283,Jaipur
E002869,C002,P003,2026-03-15 14:08:57,11.32,92.51,0.64,20.836769,75.12582,Pune
E002870,C027,P004,2026-05-23 16:40:07,6.82,63.97,0.54,29.222073,79.90564,Ahmedabad
E002871,C015,P004,2026-04-30 10:18:10,8.3,61.8,0.36,23.055869,73.958297,Pune
E002872,C021,P002,2026-05-14 09:47:38,6.45,75.78,0.73,23.318223,71.135249,Mumbai
E002873,C036,P001,2026-06-12 23:38:38,9.91,78.69,0.49,28.74988,71.543837,Ahmedabad
E002874,C022,P001,2026-02-04 15:45:22,4.47,87.63,0.34,22.508764,71.398042,Pune
E002875,C046,P001,2026-02-07 19:08:48,9.74,83.66,0.91,21.770069,71.455932,Jaipur
E002876,C007,P001,2026-02-14 06:16:27,14.04,80.28,0.48,25.705671,73.839478,Mumbai
E002877,C043,P001,2026-06-03 04:15:15,10.49,88.71,0.73,22.582626,72.119266,Jaipur
E002878,C042,P004,2026-06-04 19:58:35,15.69,67.05,0.21,23.06832,77.15281,Ahmedabad
E002879,C039,P003,2026-03-14 18:54:20,13.53,74.84,0.2,23.944546,72.732854,Jaipur
E002880,C005,P003,2026-04-16 11:29:41,5.35,69.93,0.89,24.348478,76.335332,Mumbai
E002881,C029,P003,2026-02-09 10:44:11,15.85,81.44,0.49,26.07491,77.971928,Delhi
E002882,C005,P003,2026-06-08 08:15:41,4.7,71.42,0.94,20.272726,78.373968,Jaipur
E002883,C012,P004,2026-06-23 21:02:46,10.58,73.99,0.49,26.038248,71.192922,Delhi
E002884,C011,P003,2026-05-08 11:46:44,11.13,93.11,0.15,28.753089,79.318196,Mumbai
E002885,C004,P001,2026-01-10 09:21:24,14.28,80.87,0.91,21.023566,75.294597,Mumbai
E002886,C019,P002,2026-04-20 22:37:48,13.39,68.83,0.42,29.323366,75.931933,Mumbai
E002887,C022,P004,2026-05-13 23:48:56,4.77,67.77,0.81,26.033274,71.30542,Mumbai
E002888,C009,P002,2026-03-23 02:45:42,4.79,63.31,0.66,25.128747,73.821827,Mumbai
E002889,C032,P001,2026-04-07 15:16:03,15.18,86.81,0.22,21.008255,70.558732,Mumbai
E002890,C034,P002,2026-02-11 19:41:00,5.61,60.98,0.18,28.79647,72.623241,Pune
E002891,C003,P004,2026-05-13 19:46:10,5.56,84.73,0.26,25.366149,74.85894,Mumbai
E002892,C026,P003,2026-01-05 03:27:02,9.3,82.73,0.38,21.439899,71.04518,Ahmedabad
E002893,C040,P004,2026-05-02 08:47:30,11.91,79.4,0.74,24.863753,76.086337,Ahmedabad
E002894,C014,P001,2026-03-05 06:35:09,14.67,72.19,0.17,20.431984,77.829626,Ahmedabad
E002895,C022,P002,2026-06-10 20:20:47,6.57,93.25,0.75,22.495174,78.354007,Mumbai
E002896,C035,P003,2026-03-27 06:36:11,13.18,75.93,0.46,27.929661,70.175716,Jaipur
E002897,C030,P004,2026-04-23 15:17:24,15.27,67.63,0.63,26.43526,71.772631,Mumbai
E002898,C029,P001,2026-05-31 10:37:14,12.4,68.01,0.73,22.957369,73.769593,Mumbai
E002899,C042,P004,2026-05-01 05:30:04,11.35,87.7,0.5,27.220345,71.101378,Delhi
E002900,C022,P004,2026-05-30 08:52:32,15.02,64.52,0.41,23.748932,78.014723,Jaipur
E002901,C004,P004,2026-01-10 11:27:52,5.86,60.98,0.94,22.916498,73.249987,Mumbai
E002902,C036,P002,2026-04-29 00:42:46,8.76,77.89,0.82,21.03942,72.928461,Delhi
E002903,C038,P004,2026-05-23 18:55:40,12.85,73.34,0.74,25.251781,70.413807,Ahmedabad
E002904,C020,P002,2026-01-11 05:03:49,4.97,94.38,0.63,29.062408,79.006848,Ahmedabad
E002905,C025,P003,2026-06-19 11:24:26,8.92,77.57,0.68,28.218096,75.326056,Pune
E002906,C022,P002,2026-02-28 15:39:16,11.13,67.24,0.25,29.05914,73.183575,Ahmedabad
E002907,C029,P002,2026-05-20 20:54:15,15.43,72.52,0.32,25.320954,71.920827,Mumbai
E002908,C009,P002,2026-05-20 14:30:34,10.21,62.79,0.87,27.700535,77.264241,Pune
E002909,C025,P003,2026-03-17 05:18:35,7.88,69.81,0.68,28.582213,76.181267,Pune
E002910,C034,P004,2026-02-16 04:15:08,7.84,72.87,0.53,21.251918,71.448829,Mumbai
E002911,C007,P003,2026-03-25 01:32:19,6.03,84.54,0.79,26.70244,76.648436,Ahmedabad
E002912,C008,P002,2026-06-01 22:45:46,5.84,79.06,1.0,25.973991,79.374727,Jaipur
E002913,C014,P004,2026-06-06 17:54:52,6.44,84.05,1.0,25.942672,74.966206,Ahmedabad
E002914,C024,P001,2026-03-29 20:37:56,5.41,72.88,0.62,23.575345,79.501724,Ahmedabad
E002915,C034,P001,2026-02-12 16:51:49,10.85,70.3,0.23,21.159496,74.865184,Mumbai
E002916,C049,P004,2026-03-28 04:51:22,5.08,74.93,0.01,27.111682,76.192861,Ahmedabad
E002917,C042,P002,2026-05-20 06:32:59,13.04,75.47,0.47,29.471603,74.014621,Jaipur
E002918,C036,P001,2026-01-16 23:52:27,7.17,67.56,0.24,28.70628,75.583493,Jaipur
E002919,C003,P003,2026-06-08 00:06:43,4.11,90.01,0.34,25.402136,72.860759,Delhi
E002920,C009,P003,2026-01-10 11:01:15,9.47,92.98,0.53,29.894507,77.919201,Ahmedabad
E002921,C012,P001,2026-05-21 23:00:26,8.45,68.59,0.85,26.956155,73.422957,Jaipur
E002922,C012,P001,2026-02-02 00:39:29,10.71,85.2,0.74,29.925735,70.003322,Pune
E002923,C035,P002,2026-01-09 13:32:38,15.54,79.46,0.28,27.848481,73.373028,Mumbai
E002924,C015,P001,2026-03-21 16:49:16,8.15,77.54,0.68,23.28333,77.668342,Ahmedabad
E002925,C022,P001,2026-06-05 13:21:46,6.68,66.18,0.94,28.71456,78.011761,Pune
E002926,C042,P003,2026-06-10 12:18:54,14.97,76.58,0.03,21.577031,72.832725,Ahmedabad
E002927,C002,P004,2026-02-20 19:07:05,5.43,91.77,0.3,25.10651,74.629781,Ahmedabad
E002928,C047,P001,2026-05-31 07:01:02,14.88,77.67,0.35,21.683426,74.318826,Delhi
E002929,C032,P002,2026-03-01 20:01:11,11.7,77.06,0.29,22.992662,79.910165,Mumbai
E002930,C005,P002,2026-02-08 20:51:56,9.59,77.37,0.11,25.896119,73.912793,Delhi
E002931,C042,P004,2026-06-25 05:47:40,9.33,69.92,0.97,23.308541,77.301977,Ahmedabad
E002932,C049,P001,2026-02-15 08:38:17,13.52,75.97,0.5,29.485085,72.472877,Delhi
E002933,C040,P001,2026-01-30 17:19:05,15.1,65.49,0.78,21.336997,78.370756,Pune
E002934,C014,P004,2026-02-02 14:57:07,12.78,88.89,0.84,21.152467,73.006491,Jaipur
E002935,C011,P004,2026-04-04 20:20:46,10.85,80.02,0.51,22.831519,72.25362,Delhi
E002936,C030,P002,2026-02-02 19:51:39,5.44,89.54,0.21,27.113734,77.769403,Pune
E002937,C047,P003,2026-03-23 22:50:40,6.21,91.54,0.04,29.147112,73.736555,Jaipur
E002938,C008,P003,2026-01-31 14:48:35,14.85,89.78,0.08,26.992833,75.565393,Mumbai
E002939,C048,P001,2026-01-06 13:35:07,6.93,61.3,0.54,28.969506,78.195461,Mumbai
E002940,C042,P001,2026-02-05 02:12:39,9.87,91.71,0.15,20.241076,70.545091,Mumbai
E002941,C012,P002,2026-02-10 13:31:07,9.88,71.91,0.99,27.863598,74.98266,Ahmedabad
E002942,C036,P003,2026-01-03 22:29:32,15.97,84.38,0.99,26.300301,70.16616,Pune
E002943,C037,P002,2026-02-12 16:29:21,4.73,90.34,0.82,25.86523,79.754424,Pune
E002944,C032,P002,2026-05-04 14:04:20,11.36,64.49,0.91,28.322982,71.236785,Delhi
E002945,C015,P003,2026-06-16 20:51:23,12.68,92.49,0.11,27.502819,79.427175,Pune
E002946,C045,P004,2026-02-01 02:17:37,5.49,70.04,0.84,22.290386,75.91852,Jaipur
E002947,C033,P004,2026-06-17 22:57:33,7.95,60.63,0.6,25.628487,70.596203,Delhi
E002948,C044,P004,2026-05-09 23:10:49,15.09,71.77,0.49,20.220211,70.562966,Ahmedabad
E002949,C029,P004,2026-02-19 12:32:20,7.92,87.7,0.84,23.834898,76.120301,Mumbai
E002950,C015,P004,2026-04-01 23:18:00,10.34,67.95,0.25,21.760669,75.558925,Ahmedabad
E002951,C042,P003,2026-04-25 00:18:09,8.84,94.04,0.51,22.979686,78.759406,Ahmedabad
E002952,C045,P002,2026-03-17 20:34:34,13.93,61.49,0.21,20.846359,71.120924,Ahmedabad
E002953,C026,P002,2026-03-24 04:34:23,14.45,89.96,0.22,28.72337,70.706862,Pune
E002954,C024,P001,2026-02-19 11:51:17,4.22,63.06,0.57,24.037067,74.867946,Pune
E002955,C035,P002,2026-02-01 05:49:17,7.99,61.22,0.67,29.977524,72.497614,Mumbai
E002956,C024,P004,2026-02-20 05:36:51,6.41,75.05,0.55,22.697027,77.345532,Ahmedabad
E002957,C037,P003,2026-03-26 12:35:17,4.55,65.14,0.47,20.088301,71.386344,Jaipur
E002958,C044,P003,2026-05-18 02:34:52,7.23,93.39,0.68,27.844122,78.050906,Pune
E002959,C011,P001,2026-01-27 07:33:21,10.16,83.94,0.46,25.022163,78.580262,Pune
E002960,C018,P001,2026-03-06 11:33:09,11.02,87.87,0.07,24.007471,73.160249,Delhi
E002961,C025,P003,2026-06-24 10:10:28,5.15,62.51,0.17,25.846242,72.377072,Delhi
E002962,C040,P003,2026-03-01 22:57:35,12.43,91.83,0.2,24.985382,78.058293,Mumbai
E002963,C017,P002,2026-05-21 14:40:42,4.4,75.16,0.34,26.521996,72.839948,Delhi
E002964,C027,P002,2026-04-17 05:27:32,15.26,70.58,1.0,23.496928,79.847694,Ahmedabad
E002965,C026,P002,2026-01-28 12:58:18,12.92,62.52,0.84,22.425209,72.642307,Ahmedabad
E002966,C023,P004,2026-04-03 01:47:06,8.07,73.44,0.43,28.963128,72.012879,Mumbai
E002967,C049,P003,2026-03-16 11:22:29,5.01,79.82,0.42,29.496543,72.839702,Delhi
E002968,C008,P002,2026-03-26 10:46:40,4.54,86.35,0.13,23.724933,70.240484,Pune
E002969,C035,P001,2026-05-14 08:03:24,12.21,78.92,0.48,28.360659,72.535615,Ahmedabad
E002970,C048,P001,2026-06-15 05:46:34,4.67,80.08,0.82,22.351906,71.270039,Ahmedabad
E002971,C037,P004,2026-03-17 02:25:58,6.67,87.33,0.44,29.543854,76.879998,Mumbai
E002972,C020,P003,2026-03-27 18:21:22,12.86,81.01,0.75,29.784322,75.870384,Mumbai
E002973,C042,P004,2026-05-07 20:27:16,7.86,86.92,0.07,25.150425,76.89191,Jaipur
E002974,C046,P003,2026-04-29 03:27:21,4.75,88.5,0.66,20.628631,70.940029,Ahmedabad
E002975,C027,P004,2026-05-22 19:31:56,4.84,77.34,0.97,25.875131,78.365072,Mumbai
E002976,C030,P001,2026-03-31 07:16:16,6.21,85.82,0.52,22.130621,74.834063,Pune
E002977,C012,P002,2026-01-10 16:40:54,4.0,67.42,0.7,22.331758,70.615246,Pune
E002978,C024,P002,2026-02-11 14:21:11,15.98,63.14,0.53,21.774916,75.316152,Pune
E002979,C007,P003,2026-02-20 13:05:38,13.72,66.58,0.65,24.900382,74.220082,Jaipur
E002980,C011,P001,2026-06-14 21:35:11,5.88,83.39,0.34,22.520225,72.94218,Mumbai
E002981,C043,P002,2026-04-27 00:33:42,14.73,62.02,0.02,21.592647,73.671547,Pune
E002982,C050,P003,2026-04-28 09:45:08,13.62,70.63,0.46,26.330375,72.765526,Pune
E002983,C042,P003,2026-01-29 09:15:47,14.56,77.21,0.38,29.229149,75.811798,Pune
E002984,C006,P003,2026-02-06 06:27:40,5.3,66.1,0.87,20.82483,71.937891,Pune
E002985,C038,P004,2026-06-08 14:22:55,9.33,63.61,0.62,28.678601,77.456075,Pune
E002986,C046,P004,2026-04-15 09:30:26,6.84,81.76,0.6,26.634937,76.592224,Pune
E002987,C034,P004,2026-04-15 09:59:32,6.12,86.83,0.33,24.599533,73.44904,Delhi
E002988,C028,P001,2026-02-18 20:52:28,8.18,84.56,0.75,25.001629,77.328138,Pune
E002989,C033,P004,2026-01-24 23:26:19,6.94,90.15,0.99,23.635698,74.736829,Delhi
E002990,C021,P001,2026-05-16 15:16:07,13.08,92.68,0.43,27.645308,74.062771,Ahmedabad
E002991,C040,P002,2026-05-26 14:49:37,6.29,84.58,0.07,29.862168,79.549369,Mumbai
E002992,C041,P001,2026-06-30 06:12:05,13.34,72.0,0.67,23.404789,70.236775,Mumbai
E002993,C033,P002,2026-04-23 10:47:52,4.09,72.11,0.57,28.94156,71.778074,Pune
E002994,C038,P003,2026-04-09 00:11:15,14.99,82.47,0.2,23.085405,76.878782,Delhi
E002995,C024,P004,2026-06-17 13:38:07,4.15,89.65,0.41,22.896514,72.408026,Jaipur
E002996,C038,P002,2026-01-21 15:59:47,8.8,84.29,0.62,29.948052,75.528034,Delhi
E002997,C020,P004,2026-05-08 21:55:41,4.55,63.07,0.56,26.735888,76.227937,Pune
E002998,C041,P004,2026-04-28 06:32:17,11.16,75.03,0.07,27.258989,72.718638,Delhi
E002999,C021,P002,2026-06-14 05:38:44,12.14,87.85,0.6,28.320497,78.074628,Ahmedabad
E003000,C050,P003,2026-06-28 04:19:50,14.02,89.36,0.51,21.246193,75.74025,Mumbai
E003001,C033,P003,2026-04-21 07:17:17,5.35,80.68,0.44,23.627309,72.870631,Ahmedabad
E003002,C006,P002,2026-05-24 14:06:19,15.31,80.35,0.4,20.360283,78.194442,Mumbai
E003003,C005,P003,2026-04-16 02:30:39,13.15,94.87,0.21,28.154689,78.261763,Pune
E003004,C008,P004,2026-05-10 10:19:46,8.01,88.66,0.25,29.564791,79.537993,Ahmedabad
E003005,C032,P003,2026-06-22 14:25:51,10.93,84.02,0.31,20.19066,79.249558,Delhi
E003006,C014,P003,2026-04-11 04:03:47,11.14,61.69,0.26,25.618659,76.345447,Ahmedabad
E003007,C034,P003,2026-04-05 02:42:00,6.85,89.73,0.6,25.370672,70.897472,Ahmedabad
E003008,C050,P003,2026-06-28 01:08:12,14.61,87.01,0.8,20.519774,76.988503,Ahmedabad
E003009,C016,P004,2026-03-11 04:53:25,15.73,66.28,0.7,28.891233,74.477373,Mumbai
E003010,C043,P002,2026-04-17 19:47:47,6.92,62.44,0.25,24.405388,75.14312,Mumbai
E003011,C041,P004,2026-02-09 00:25:12,5.03,88.23,0.03,20.480842,70.22936,Jaipur
E003012,C011,P001,2026-06-26 08:02:03,6.12,65.67,0.14,23.187683,77.035591,Ahmedabad
E003013,C016,P002,2026-03-05 21:56:56,6.48,79.59,0.3,28.406248,70.229725,Jaipur
E003014,C005,P003,2026-04-28 09:04:24,6.21,80.89,0.95,20.587439,75.000014,Pune
E003015,C033,P004,2026-01-17 19:33:36,7.33,69.03,0.37,24.481031,77.660899,Pune
E003016,C035,P002,2026-01-26 12:49:44,6.93,62.11,0.39,28.12957,72.236765,Ahmedabad
E003017,C022,P004,2026-01-20 10:11:35,14.23,86.39,0.42,22.621897,77.338774,Jaipur
E003018,C022,P002,2026-06-18 06:07:43,15.92,75.52,0.99,23.434092,76.554264,Ahmedabad
E003019,C041,P004,2026-03-07 07:49:01,14.24,78.41,0.42,27.03204,71.699782,Ahmedabad
E003020,C024,P004,2026-02-04 05:16:59,7.21,74.23,0.43,24.764238,76.583617,Jaipur
E003021,C044,P002,2026-04-17 06:36:07,14.76,78.96,0.47,21.87314,79.845604,Mumbai
E003022,C035,P002,2026-02-04 03:50:19,14.68,74.84,0.34,29.710535,71.348761,Pune
E003023,C038,P001,2026-02-19 15:40:53,11.99,87.16,0.97,28.556582,76.517058,Delhi
E003024,C040,P004,2026-05-24 00:09:22,8.99,68.69,0.76,21.877325,73.939279,Jaipur
E003025,C035,P001,2026-03-27 06:21:25,12.59,93.02,0.52,22.194321,72.807765,Pune
E003026,C022,P002,2026-03-11 01:53:01,11.57,82.08,0.2,21.59483,76.808676,Pune
E003027,C008,P004,2026-04-22 01:39:06,11.91,85.97,0.07,29.396401,78.933845,Pune
E003028,C014,P004,2026-01-13 23:39:32,13.48,63.78,0.68,22.210565,77.433879,Mumbai
E003029,C023,P003,2026-04-05 01:06:49,4.25,81.49,0.75,28.699766,71.146015,Pune
E003030,C012,P003,2026-04-19 13:50:58,6.09,93.94,0.68,29.03009,78.601913,Delhi
E003031,C028,P004,2026-02-27 13:39:39,4.09,66.48,0.75,29.143506,72.443406,Delhi
E003032,C025,P004,2026-04-16 16:59:35,9.69,87.27,0.99,22.462705,75.886102,Jaipur
E003033,C014,P004,2026-04-01 23:18:02,5.35,72.37,0.23,25.442705,75.231753,Mumbai
E003034,C034,P004,2026-05-07 13:33:09,15.06,86.04,0.65,28.342981,79.770481,Pune
E003035,C046,P002,2026-04-21 07:56:50,7.56,88.09,0.72,28.963855,71.643028,Pune
E003036,C027,P001,2026-02-02 23:50:27,8.34,63.57,0.69,27.665044,76.671501,Ahmedabad
E003037,C016,P001,2026-03-20 20:18:40,13.29,81.31,0.88,26.216699,72.070502,Pune
E003038,C016,P001,2026-02-01 02:59:18,11.19,67.12,0.98,21.591847,70.402274,Pune
E003039,C042,P001,2026-03-25 04:23:08,6.59,60.84,0.56,23.574679,72.025377,Pune
E003040,C012,P003,2026-05-19 02:38:36,11.88,78.82,0.2,23.339523,78.422762,Pune
E003041,C014,P002,2026-05-12 23:52:22,14.26,92.12,0.27,22.273498,73.627824,Jaipur
E003042,C005,P002,2026-02-11 02:59:00,10.79,88.05,0.85,22.806909,70.597813,Pune
E003043,C043,P003,2026-02-26 15:52:31,14.6,82.63,0.8,22.411991,73.77098,Mumbai
E003044,C041,P002,2026-01-31 19:37:45,15.08,81.84,0.89,20.143533,72.960258,Ahmedabad
E003045,C014,P001,2026-01-05 17:03:57,9.33,70.45,0.28,27.383775,74.568167,Mumbai
E003046,C046,P003,2026-03-17 16:57:45,11.63,80.17,0.83,20.402573,72.763458,Jaipur
E003047,C005,P003,2026-02-22 11:44:34,11.22,86.81,0.52,26.046783,71.657369,Pune
E003048,C027,P001,2026-06-23 13:28:17,11.55,79.73,0.16,26.501214,77.532324,Ahmedabad
E003049,C029,P004,2026-01-23 03:26:23,11.85,63.28,0.01,24.555333,72.00057,Jaipur
E003050,C001,P004,2026-02-05 23:31:33,13.33,84.57,0.13,27.775645,79.757702,Pune
E003051,C048,P001,2026-04-24 00:46:02,6.7,67.32,0.39,26.625729,78.368541,Pune
E003052,C018,P004,2026-05-16 05:38:30,10.27,62.74,0.75,28.112062,74.235277,Pune
E003053,C044,P003,2026-05-17 23:02:50,9.07,67.63,0.0,24.681869,77.350217,Delhi
E003054,C030,P004,2026-03-07 10:53:37,13.96,72.8,0.85,27.475148,70.037293,Jaipur
E003055,C035,P004,2026-04-12 18:23:05,5.63,61.49,0.43,22.153143,76.619019,Ahmedabad
E003056,C026,P001,2026-01-19 20:05:25,7.12,86.98,0.41,24.978909,75.756572,Pune
E003057,C037,P003,2026-04-11 18:35:12,7.93,89.14,0.12,21.852,70.227027,Pune
E003058,C005,P001,2026-01-23 21:11:11,15.4,81.99,0.27,29.620988,71.189805,Pune
E003059,C036,P003,2026-06-26 21:39:35,11.49,74.35,0.16,28.936199,77.655531,Delhi
E003060,C042,P003,2026-03-16 09:29:09,4.57,65.32,0.74,27.41887,78.377357,Mumbai
E003061,C045,P001,2026-04-26 03:00:48,15.48,92.9,0.65,20.6738,70.381496,Ahmedabad
E003062,C033,P001,2026-05-15 09:52:33,4.63,71.67,0.33,25.152023,72.578287,Ahmedabad
E003063,C042,P003,2026-05-13 07:31:21,8.93,71.83,0.24,25.317221,72.857648,Ahmedabad
E003064,C023,P002,2026-04-11 20:31:51,8.35,93.44,0.58,23.877977,74.489781,Ahmedabad
E003065,C030,P003,2026-01-07 14:09:03,4.36,60.47,0.13,21.751484,76.60808,Delhi
E003066,C008,P001,2026-05-06 12:48:27,7.27,74.9,0.17,29.653428,73.984955,Ahmedabad
E003067,C044,P002,2026-04-04 06:10:30,8.44,63.72,0.99,23.510817,70.488311,Mumbai
E003068,C047,P001,2026-03-08 00:30:59,9.11,93.45,0.37,21.360366,76.329066,Mumbai
E003069,C026,P001,2026-01-04 00:07:34,5.09,67.04,0.82,26.977755,70.25589,Delhi
E003070,C041,P003,2026-03-14 09:43:42,10.54,77.44,0.11,27.692705,79.021602,Ahmedabad
E003071,C044,P001,2026-04-01 07:10:47,15.68,95.0,0.21,23.408685,77.663723,Mumbai
E003072,C020,P004,2026-04-04 17:19:17,13.27,90.09,0.46,24.255384,76.83509,Delhi
E003073,C034,P004,2026-02-04 02:04:37,10.3,74.89,0.99,24.19405,73.999415,Delhi
E003074,C019,P004,2026-02-19 22:39:24,11.8,82.43,0.11,24.532597,77.917635,Jaipur
E003075,C015,P004,2026-06-22 09:27:32,8.79,65.78,0.73,24.13552,77.234198,Jaipur
E003076,C028,P004,2026-02-11 21:17:35,13.41,92.09,0.13,28.84201,71.372777,Pune
E003077,C046,P003,2026-06-14 07:05:25,13.86,65.81,0.16,22.358478,77.187438,Jaipur
E003078,C038,P003,2026-01-16 10:48:36,12.62,94.82,0.06,27.259472,71.144041,Delhi
E003079,C008,P002,2026-05-30 14:23:41,12.62,72.52,0.23,28.590912,77.518917,Ahmedabad
E003080,C040,P004,2026-05-03 08:15:42,4.02,90.77,0.91,25.517417,74.384766,Jaipur
E003081,C031,P002,2026-01-13 06:40:51,12.8,71.3,0.95,26.102733,73.571185,Mumbai
E003082,C018,P002,2026-06-18 22:13:17,4.54,92.13,0.21,24.749473,79.601231,Ahmedabad
E003083,C024,P001,2026-03-18 08:57:02,13.69,67.99,0.87,23.79337,73.143824,Ahmedabad
E003084,C016,P001,2026-02-17 05:33:56,14.15,75.81,0.22,22.982826,79.50903,Ahmedabad
E003085,C048,P002,2026-06-01 05:28:27,15.48,91.2,0.05,27.301422,75.889041,Jaipur
E003086,C021,P004,2026-03-30 16:07:06,13.41,62.43,0.86,27.818854,79.841509,Pune
E003087,C030,P002,2026-05-14 11:39:16,15.54,73.0,0.72,26.20891,70.770523,Jaipur
E003088,C020,P002,2026-02-19 19:55:17,6.8,91.76,0.89,27.312586,72.37609,Delhi
E003089,C019,P004,2026-05-26 07:57:51,10.57,74.88,0.77,27.45032,70.67958,Delhi
E003090,C040,P002,2026-01-19 07:13:24,8.45,77.22,0.87,26.877901,78.711616,Delhi
E003091,C029,P001,2026-02-25 23:52:40,5.94,63.82,0.79,20.157751,78.271318,Delhi
E003092,C015,P002,2026-03-10 00:38:22,8.78,92.18,0.57,23.082606,72.726591,Mumbai
E003093,C020,P003,2026-05-06 07:20:48,10.9,82.12,0.42,22.177487,75.178566,Delhi
E003094,C017,P001,2026-01-04 02:43:57,14.98,79.83,0.7,29.105316,70.953828,Jaipur
E003095,C042,P001,2026-02-24 00:20:20,15.92,77.22,0.14,27.124556,76.845766,Mumbai
E003096,C029,P002,2026-02-21 19:20:12,14.53,77.22,0.43,27.177864,79.766575,Jaipur
E003097,C039,P001,2026-01-12 22:39:54,4.58,92.68,0.91,27.215508,73.947309,Jaipur
E003098,C029,P003,2026-01-19 01:07:51,11.19,78.36,0.13,29.694359,78.952671,Ahmedabad
E003099,C032,P003,2026-05-20 17:00:38,8.07,60.58,0.14,21.297266,74.966055,Mumbai
E003100,C045,P002,2026-01-19 12:20:15,9.35,75.56,0.98,25.210193,77.972556,Pune
E003101,C024,P004,2026-05-23 06:22:07,7.43,83.64,0.66,28.254475,77.714628,Pune
E003102,C047,P002,2026-05-14 12:49:08,13.96,74.81,0.94,24.258943,77.67036,Delhi
E003103,C005,P003,2026-02-23 22:42:58,9.63,74.95,0.11,27.749751,72.813929,Pune
E003104,C010,P004,2026-05-05 09:50:44,7.11,83.03,0.39,20.594116,72.438065,Ahmedabad
E003105,C033,P003,2026-06-25 04:39:08,8.02,63.83,0.55,20.84459,73.258645,Delhi
E003106,C050,P004,2026-05-05 11:47:10,8.65,87.08,0.03,27.792145,73.853775,Delhi
E003107,C016,P002,2026-05-23 13:40:28,7.6,90.22,0.81,27.242641,77.340242,Delhi
E003108,C037,P001,2026-01-31 11:17:51,6.71,76.61,0.49,20.054333,73.558229,Delhi
E003109,C010,P001,2026-06-03 20:43:18,6.16,62.2,0.42,21.150208,71.096182,Mumbai
E003110,C048,P001,2026-01-15 01:00:37,7.39,67.53,0.5,21.17686,79.247647,Ahmedabad
E003111,C028,P003,2026-05-22 22:57:45,8.88,65.44,0.67,22.453126,74.691357,Jaipur
E003112,C021,P002,2026-01-22 12:44:35,9.85,79.2,0.38,28.273552,71.369634,Jaipur
E003113,C006,P002,2026-05-18 12:45:23,8.58,76.72,0.77,28.448616,77.179596,Delhi
E003114,C023,P002,2026-05-23 05:39:38,13.12,81.52,0.48,28.650332,72.472746,Ahmedabad
E003115,C013,P003,2026-01-23 23:46:34,13.29,93.41,0.14,24.832576,79.179734,Pune
E003116,C011,P002,2026-04-12 03:54:10,8.36,69.9,0.46,24.52969,72.980688,Jaipur
E003117,C029,P001,2026-02-19 07:48:27,11.14,81.53,0.21,21.006588,71.421789,Jaipur
E003118,C041,P003,2026-02-08 10:05:28,14.08,73.66,0.76,24.127403,77.499484,Ahmedabad
E003119,C049,P001,2026-04-14 15:36:19,14.93,76.17,0.8,20.483367,73.248961,Mumbai
E003120,C037,P001,2026-06-22 00:08:17,5.7,72.88,0.47,20.487632,73.601223,Mumbai
E003121,C007,P001,2026-05-25 03:25:09,12.66,73.49,0.02,22.411398,71.30531,Delhi
E003122,C023,P003,2026-05-24 01:42:27,13.47,90.44,0.84,29.302355,75.331485,Mumbai
E003123,C020,P004,2026-02-17 23:27:53,6.59,79.86,0.24,29.466705,70.695337,Pune
E003124,C011,P003,2026-03-25 11:14:23,9.15,72.11,0.86,28.049531,75.38787,Jaipur
E003125,C027,P002,2026-01-12 09:17:19,5.48,69.64,0.27,25.987619,71.37396,Delhi
E003126,C019,P003,2026-01-24 05:43:56,5.23,89.36,0.67,29.397585,78.923729,Mumbai
E003127,C013,P002,2026-02-27 20:28:27,13.77,64.61,0.0,26.913215,75.1829,Pune
E003128,C046,P001,2026-01-16 13:52:24,4.72,90.71,0.94,21.728036,76.002027,Jaipur
E003129,C040,P004,2026-04-27 13:33:38,10.91,81.97,0.92,26.674473,72.333393,Ahmedabad
E003130,C034,P004,2026-02-19 15:07:27,10.15,66.2,0.74,22.782273,72.356843,Delhi
E003131,C010,P002,2026-02-03 02:53:22,6.7,67.16,0.25,28.822848,72.806782,Pune
E003132,C006,P003,2026-03-30 19:54:29,6.23,67.01,0.28,21.440769,78.377213,Mumbai
E003133,C044,P003,2026-06-30 00:10:35,15.56,83.31,0.0,27.077354,74.535298,Mumbai
E003134,C010,P003,2026-04-14 16:10:43,13.52,92.78,0.63,22.114151,74.756675,Jaipur
E003135,C008,P004,2026-02-22 15:44:25,9.9,90.56,0.59,29.805245,78.661002,Jaipur
E003136,C032,P003,2026-04-19 10:29:52,11.11,80.79,0.82,22.748833,78.729421,Pune
E003137,C024,P002,2026-01-15 08:53:26,6.86,79.8,0.92,22.267068,73.631747,Jaipur
E003138,C014,P004,2026-02-26 16:20:16,13.9,63.9,0.06,27.120094,76.55162,Jaipur
E003139,C007,P001,2026-01-27 21:05:37,5.04,63.59,0.44,25.959017,72.469453,Mumbai
E003140,C020,P003,2026-01-08 12:28:43,7.46,86.04,0.04,25.837165,72.402433,Mumbai
E003141,C028,P001,2026-05-15 08:43:35,12.05,83.74,0.14,20.86848,76.290666,Delhi
E003142,C044,P002,2026-06-12 02:03:56,7.55,90.37,0.52,21.687657,76.465031,Ahmedabad
E003143,C006,P003,2026-04-10 07:18:25,14.33,75.36,0.21,22.590099,77.781384,Jaipur
E003144,C017,P002,2026-01-09 12:35:58,14.12,82.76,0.54,22.582334,76.201161,Ahmedabad
E003145,C023,P002,2026-01-08 20:01:30,13.75,67.19,0.07,27.990666,73.820766,Mumbai
E003146,C010,P003,2026-06-17 21:24:52,6.59,82.26,0.95,24.666835,71.023532,Jaipur
E003147,C027,P004,2026-03-12 13:45:18,6.76,85.78,0.13,26.501482,72.327307,Jaipur
E003148,C004,P002,2026-02-20 14:00:30,6.66,74.47,0.87,21.603999,72.118433,Jaipur
E003149,C004,P004,2026-01-16 00:14:50,5.19,92.29,0.12,29.721757,79.487538,Pune
E003150,C021,P003,2026-02-07 11:13:47,5.53,61.19,0.42,23.679381,78.18524,Delhi
E003151,C001,P002,2026-06-12 14:28:41,5.62,82.39,0.53,26.353182,79.010657,Jaipur
E003152,C015,P002,2026-01-02 21:16:53,13.12,83.75,0.05,24.087245,75.432951,Jaipur
E003153,C032,P002,2026-06-26 12:19:18,13.96,86.05,0.06,29.427598,74.804494,Ahmedabad
E003154,C012,P003,2026-05-29 04:39:56,12.81,60.75,0.67,22.960785,73.924995,Mumbai
E003155,C039,P003,2026-02-06 06:00:27,6.01,82.56,0.71,29.470664,79.834807,Delhi
E003156,C046,P004,2026-06-27 16:04:14,11.24,94.6,0.85,25.775909,77.799024,Delhi
E003157,C046,P003,2026-02-05 16:30:32,12.73,75.8,0.18,25.209594,79.743614,Mumbai
E003158,C028,P001,2026-05-05 06:47:27,12.76,75.03,0.18,29.079618,75.348724,Delhi
E003159,C004,P003,2026-01-20 19:13:38,13.27,93.4,0.92,20.839655,73.264701,Pune
E003160,C020,P004,2026-03-28 09:54:49,15.39,82.99,0.95,23.343741,79.988982,Delhi
E003161,C015,P002,2026-03-15 08:09:51,13.83,65.54,0.34,27.296539,79.295736,Jaipur
E003162,C044,P003,2026-02-25 22:10:19,12.41,87.27,0.92,23.298387,79.178977,Delhi
E003163,C034,P002,2026-01-17 21:46:51,13.15,83.87,0.63,28.143482,74.918126,Mumbai
E003164,C046,P004,2026-02-20 06:43:37,10.26,89.58,0.57,21.641878,77.892373,Pune
E003165,C021,P001,2026-02-25 02:32:15,9.36,87.66,0.97,23.775643,77.566263,Jaipur
E003166,C030,P002,2026-01-07 04:08:19,12.72,68.76,0.67,27.644406,75.840452,Jaipur
E003167,C031,P004,2026-05-20 20:11:26,9.9,85.79,0.46,27.782951,70.843595,Jaipur
E003168,C006,P004,2026-02-24 09:06:08,9.47,94.47,0.92,22.202542,78.095759,Pune
E003169,C014,P002,2026-03-05 03:15:06,6.65,93.95,0.11,23.120776,76.214598,Mumbai
E003170,C016,P003,2026-06-05 19:28:34,8.7,82.53,0.96,22.240368,72.026455,Delhi
E003171,C050,P002,2026-04-06 13:09:41,8.13,89.86,0.95,25.35502,72.839257,Ahmedabad
E003172,C028,P002,2026-05-02 18:02:45,8.19,78.1,0.44,24.486788,72.219286,Ahmedabad
E003173,C040,P004,2026-01-07 04:17:08,7.43,87.46,0.37,24.023761,77.788547,Delhi
E003174,C013,P004,2026-04-19 14:33:10,10.15,80.72,0.45,28.457926,70.955313,Ahmedabad
E003175,C010,P001,2026-01-16 20:17:42,15.74,69.11,0.85,22.949028,74.179129,Pune
E003176,C011,P001,2026-04-09 10:50:47,14.9,68.98,0.12,25.411242,78.885851,Pune
E003177,C047,P002,2026-04-17 10:27:44,12.33,85.9,0.05,22.884139,73.24008,Pune
E003178,C009,P004,2026-04-29 10:57:19,6.17,69.6,0.16,22.784807,79.729344,Ahmedabad
E003179,C023,P004,2026-01-25 18:12:20,5.62,66.93,0.97,25.503685,74.650212,Delhi
E003180,C033,P001,2026-04-07 19:17:48,8.64,66.82,0.41,23.254586,73.426485,Delhi
E003181,C043,P003,2026-06-21 14:56:42,10.88,65.2,0.84,25.164759,76.799078,Ahmedabad
E003182,C045,P004,2026-03-25 12:14:13,12.78,64.95,0.28,24.779342,75.886707,Mumbai
E003183,C038,P003,2026-05-31 14:42:23,13.36,88.22,0.71,28.792081,72.300332,Mumbai
E003184,C030,P003,2026-02-19 20:22:38,8.81,69.05,0.91,21.738283,72.343473,Delhi
E003185,C019,P002,2026-05-26 15:21:08,12.6,70.6,0.87,22.023554,74.071802,Mumbai
E003186,C050,P002,2026-05-08 20:42:26,7.74,86.69,0.26,22.502814,73.665452,Jaipur
E003187,C011,P004,2026-03-23 04:06:04,15.54,92.23,0.21,24.910212,78.648046,Jaipur
E003188,C035,P002,2026-06-14 22:57:15,5.21,79.1,0.76,28.407829,78.747375,Ahmedabad
E003189,C045,P002,2026-05-16 16:14:28,10.69,80.71,0.24,27.400802,75.202628,Pune
E003190,C039,P003,2026-06-16 18:09:07,10.44,71.01,0.9,21.970381,78.888367,Ahmedabad
E003191,C017,P004,2026-05-18 13:53:20,4.23,92.83,0.17,23.265111,73.789857,Pune
E003192,C031,P003,2026-03-27 01:59:36,10.29,93.63,0.2,21.943136,71.496297,Mumbai
E003193,C046,P002,2026-01-02 05:33:25,12.42,67.72,0.66,23.127881,71.779511,Jaipur
E003194,C021,P002,2026-02-05 21:30:48,6.56,93.29,0.48,27.732781,78.144019,Ahmedabad
E003195,C013,P002,2026-05-21 09:49:13,7.35,81.66,0.08,25.25907,78.176636,Delhi
E003196,C047,P002,2026-04-04 08:42:59,8.88,83.97,0.04,20.454445,79.46242,Mumbai
E003197,C021,P002,2026-02-27 04:46:39,12.55,84.11,0.41,22.986386,71.128345,Ahmedabad
E003198,C043,P003,2026-02-10 01:48:09,14.59,69.9,0.96,26.597772,76.914539,Pune
E003199,C012,P003,2026-06-17 05:08:41,14.2,79.42,0.12,26.336118,70.031941,Pune
E003200,C014,P004,2026-03-09 02:52:59,11.32,86.13,0.36,28.410038,72.579157,Ahmedabad
E003201,C008,P004,2026-01-02 12:13:13,6.96,72.44,0.26,23.338452,75.440115,Ahmedabad
E003202,C049,P003,2026-04-21 16:24:18,4.66,89.16,0.77,28.225454,76.034068,Jaipur
E003203,C040,P003,2026-03-03 03:21:05,10.59,89.32,0.91,27.356766,78.76065,Jaipur
E003204,C023,P004,2026-04-15 07:19:56,8.72,86.4,0.31,22.69998,74.419826,Delhi
E003205,C047,P001,2026-03-02 21:18:21,13.47,81.24,0.82,21.643741,76.301149,Pune
E003206,C045,P002,2026-03-15 05:35:42,5.67,90.56,0.45,21.68223,73.875693,Pune
E003207,C001,P003,2026-01-25 23:03:00,10.64,62.04,0.57,26.526613,73.333437,Mumbai
E003208,C040,P002,2026-01-31 00:30:50,15.14,78.29,0.36,23.823896,76.39538,Pune
E003209,C025,P002,2026-01-24 07:02:18,9.87,68.77,0.67,21.181954,79.530115,Jaipur
E003210,C021,P001,2026-04-15 10:57:47,10.96,74.74,0.41,21.818074,78.940188,Ahmedabad
E003211,C008,P004,2026-01-05 23:24:18,8.39,75.01,0.63,20.392196,72.523883,Mumbai
E003212,C009,P001,2026-02-09 15:32:57,4.74,77.96,0.35,24.541898,73.551577,Mumbai
E003213,C031,P003,2026-04-01 14:37:36,15.09,83.75,0.98,24.863537,73.765415,Ahmedabad
E003214,C006,P002,2026-03-25 03:21:16,9.58,85.07,0.51,23.297131,76.403845,Pune
E003215,C036,P002,2026-03-07 10:00:23,10.35,68.15,0.8,26.429944,72.097381,Pune
E003216,C019,P002,2026-06-14 22:00:24,9.34,67.52,0.9,27.651635,76.316926,Jaipur
E003217,C035,P004,2026-01-14 11:54:31,4.8,61.99,0.68,24.452394,79.528381,Ahmedabad
E003218,C036,P003,2026-06-08 10:54:49,14.3,92.39,0.23,23.943094,73.901046,Delhi
E003219,C011,P004,2026-06-18 03:45:58,10.45,71.21,0.98,22.580719,79.977042,Jaipur
E003220,C036,P003,2026-06-30 07:42:04,13.75,87.76,0.4,23.439573,70.997834,Jaipur
E003221,C003,P003,2026-04-27 11:04:47,14.86,86.86,0.62,24.961694,71.704878,Pune
E003222,C008,P001,2026-03-01 17:33:25,13.43,80.8,0.27,24.748838,77.156122,Mumbai
E003223,C005,P001,2026-01-18 23:52:24,6.15,69.95,0.0,21.353998,76.026668,Mumbai
E003224,C011,P003,2026-04-29 08:46:27,14.74,61.09,0.23,21.755989,75.479728,Mumbai
E003225,C006,P004,2026-02-08 22:29:30,7.59,88.14,0.7,26.227109,73.40981,Ahmedabad
E003226,C049,P004,2026-03-09 07:31:12,7.15,83.22,0.51,27.292433,76.229028,Ahmedabad
E003227,C020,P002,2026-05-30 11:12:32,11.01,60.16,0.93,29.021995,75.103995,Delhi
E003228,C018,P002,2026-04-07 18:07:34,16.0,67.32,0.46,21.728648,78.047137,Ahmedabad
E003229,C010,P004,2026-04-29 07:43:58,4.75,94.45,0.99,25.160754,77.737901,Pune
E003230,C018,P001,2026-06-22 16:22:09,14.77,86.55,0.37,21.68152,73.356823,Delhi
E003231,C021,P002,2026-06-28 09:05:22,8.68,92.74,0.65,26.534698,77.300187,Delhi
E003232,C013,P002,2026-05-05 09:26:16,6.32,86.57,0.74,23.775551,71.985415,Delhi
E003233,C039,P003,2026-03-29 17:02:46,8.73,75.01,0.43,29.403678,70.31433,Pune
E003234,C009,P002,2026-06-10 20:41:40,4.5,76.14,0.95,26.570059,75.119892,Delhi
E003235,C047,P001,2026-02-21 14:28:16,14.45,75.89,0.56,20.271915,73.869405,Jaipur
E003236,C004,P004,2026-02-10 10:28:57,8.53,67.54,0.65,26.026001,73.774647,Ahmedabad
E003237,C018,P003,2026-05-01 17:31:28,15.08,70.2,0.65,20.140892,70.79639,Ahmedabad
E003238,C037,P003,2026-03-06 08:27:51,5.0,75.16,0.7,27.069325,75.056282,Pune
E003239,C038,P001,2026-04-05 14:46:04,12.47,89.25,0.4,21.342374,79.879271,Pune
E003240,C007,P002,2026-03-24 01:42:00,14.96,77.18,0.38,26.586635,77.420256,Mumbai
E003241,C016,P004,2026-03-27 04:42:50,7.43,64.71,0.97,22.2837,77.952359,Mumbai
E003242,C006,P002,2026-02-18 17:52:12,14.63,89.54,0.67,26.376005,73.987728,Mumbai
E003243,C001,P002,2026-01-11 18:14:35,13.84,66.85,0.84,25.896985,70.188426,Jaipur
E003244,C046,P003,2026-01-22 11:00:23,12.51,87.63,0.26,23.155972,77.030475,Mumbai
E003245,C031,P001,2026-05-06 17:55:45,6.42,69.85,0.57,24.526569,77.453655,Ahmedabad
E003246,C037,P002,2026-04-23 13:13:33,13.42,80.18,0.25,26.152302,74.937744,Mumbai
E003247,C039,P003,2026-06-20 01:52:04,14.06,61.78,0.43,22.161098,72.951902,Jaipur
E003248,C006,P003,2026-06-29 20:09:08,6.63,70.05,0.06,28.581488,72.795606,Jaipur
E003249,C010,P002,2026-02-05 17:21:19,4.07,94.04,0.01,21.717479,71.179622,Jaipur
E003250,C001,P001,2026-04-22 09:00:09,6.51,94.39,0.28,27.144499,73.140107,Jaipur
E003251,C041,P003,2026-03-16 15:39:08,12.79,72.38,0.52,22.032889,70.143487,Delhi
E003252,C030,P001,2026-03-21 17:12:00,15.95,72.06,0.36,28.541621,76.105876,Mumbai
E003253,C019,P001,2026-01-24 18:29:43,8.48,87.05,0.62,24.709126,72.612684,Ahmedabad
E003254,C017,P003,2026-03-20 00:04:21,6.48,83.04,0.48,22.34137,76.857475,Delhi
E003255,C023,P001,2026-04-08 15:43:04,9.04,89.84,0.1,20.301496,75.734456,Pune
E003256,C009,P004,2026-04-13 16:18:59,4.92,84.16,0.25,20.713738,75.21083,Pune
E003257,C014,P001,2026-04-12 10:36:44,11.08,94.31,0.07,24.309587,73.228922,Delhi
E003258,C001,P003,2026-01-29 23:32:46,13.82,92.13,0.01,21.342483,71.085526,Ahmedabad
E003259,C023,P001,2026-05-19 20:12:36,12.37,78.31,0.92,29.292832,71.077984,Delhi
E003260,C001,P002,2026-06-09 13:40:47,6.0,85.05,0.36,22.435189,72.592039,Mumbai
E003261,C050,P003,2026-05-04 23:25:59,15.28,85.3,0.48,27.537047,77.360682,Jaipur
E003262,C035,P003,2026-04-14 09:30:15,7.57,78.96,0.05,24.221125,72.28121,Mumbai
E003263,C020,P003,2026-06-08 14:32:04,6.21,63.55,0.46,20.54446,73.033638,Jaipur
E003264,C041,P001,2026-01-20 09:21:14,7.38,82.67,0.53,26.981928,78.805114,Mumbai
E003265,C031,P003,2026-05-20 01:02:55,7.17,69.74,0.52,21.086247,76.524103,Mumbai
E003266,C023,P002,2026-02-24 00:54:08,9.33,73.49,0.68,27.099478,78.988727,Pune
E003267,C005,P003,2026-02-17 11:09:00,5.93,64.37,0.76,26.64325,73.959306,Pune
E003268,C035,P004,2026-06-02 08:29:54,13.18,64.23,0.15,20.764239,78.071552,Jaipur
E003269,C042,P001,2026-06-15 17:33:11,8.1,75.25,0.77,20.720982,74.063103,Mumbai
E003270,C010,P002,2026-06-01 13:25:25,4.36,92.89,0.58,24.183879,79.114909,Ahmedabad
E003271,C041,P002,2026-03-05 05:59:48,5.34,88.9,0.62,26.267784,78.051642,Delhi
E003272,C029,P004,2026-01-17 04:39:50,5.8,93.36,0.1,24.453777,70.949519,Delhi
E003273,C017,P004,2026-05-28 09:23:42,13.19,91.24,0.15,28.752509,76.018545,Ahmedabad
E003274,C003,P003,2026-04-17 12:51:21,12.83,73.23,0.19,22.579986,73.052873,Delhi
E003275,C035,P002,2026-01-30 01:52:29,9.05,88.89,0.2,27.883201,70.165479,Pune
E003276,C028,P003,2026-05-24 23:22:09,13.88,68.41,0.7,26.897187,75.619759,Pune
E003277,C021,P004,2026-05-25 18:48:29,10.13,78.88,0.21,27.586052,75.601243,Jaipur
E003278,C032,P004,2026-04-04 14:33:47,7.9,62.0,0.11,29.748664,71.395711,Pune
E003279,C032,P002,2026-02-16 15:52:19,7.61,85.98,0.74,23.448374,70.534855,Ahmedabad
E003280,C025,P003,2026-04-07 08:00:12,4.62,81.62,0.62,26.731231,78.958167,Jaipur
E003281,C039,P002,2026-03-23 10:21:15,14.86,92.93,0.69,22.37945,72.95044,Jaipur
E003282,C039,P003,2026-04-22 22:03:08,13.76,67.74,0.14,21.090994,79.786573,Delhi
E003283,C025,P004,2026-05-12 06:07:21,4.83,82.93,0.67,23.12795,78.771138,Jaipur
E003284,C034,P003,2026-03-27 17:35:57,4.96,81.76,0.51,26.772282,78.445352,Delhi
E003285,C036,P002,2026-03-25 03:03:05,14.42,91.07,0.56,28.669796,70.584818,Delhi
E003286,C021,P002,2026-06-30 18:49:04,12.14,65.56,0.69,27.063794,70.826332,Mumbai
E003287,C045,P002,2026-05-04 05:12:38,4.62,70.92,0.21,28.457298,76.330967,Jaipur
E003288,C019,P002,2026-02-13 06:27:55,7.97,69.36,0.9,28.183893,75.659606,Ahmedabad
E003289,C017,P002,2026-03-26 02:15:10,15.8,91.95,0.01,24.347297,72.413712,Mumbai
E003290,C019,P004,2026-01-26 12:32:15,11.63,79.56,0.42,21.249494,77.635107,Jaipur
E003291,C021,P004,2026-06-28 05:24:13,11.58,75.84,0.99,24.346066,79.016594,Jaipur
E003292,C036,P001,2026-04-04 15:00:45,6.13,86.85,0.18,24.703241,71.459255,Jaipur
E003293,C037,P004,2026-06-10 13:29:04,14.91,67.48,0.03,27.794564,73.218461,Delhi
E003294,C050,P001,2026-02-28 04:18:40,6.32,77.5,0.13,20.959023,76.155648,Delhi
E003295,C021,P004,2026-03-05 05:33:55,12.17,93.51,0.1,22.796415,74.304567,Pune
E003296,C030,P003,2026-04-19 20:19:19,9.78,93.07,0.76,25.176443,75.097163,Ahmedabad
E003297,C044,P003,2026-01-28 04:25:55,11.78,89.79,0.15,21.972524,71.095505,Delhi
E003298,C013,P003,2026-02-06 04:56:28,10.84,88.1,0.66,24.061109,76.651377,Ahmedabad
E003299,C036,P004,2026-01-17 14:08:28,7.14,79.14,0.29,28.399922,70.124612,Mumbai
E003300,C022,P001,2026-04-18 14:56:28,15.14,69.85,0.19,28.000333,70.422789,Ahmedabad
E003301,C016,P004,2026-02-12 18:01:23,6.09,68.87,0.66,28.189821,77.232996,Mumbai
E003302,C048,P003,2026-05-19 16:02:50,9.01,88.95,0.1,27.411344,72.87895,Jaipur
E003303,C002,P003,2026-04-03 04:08:43,14.88,82.24,0.9,22.699668,78.877603,Mumbai
E003304,C011,P004,2026-01-26 21:02:40,11.61,73.51,0.52,23.488908,70.045875,Pune
E003305,C014,P004,2026-04-04 22:16:36,7.01,71.14,0.26,25.67881,77.911281,Jaipur
E003306,C003,P001,2026-01-28 05:13:02,11.95,85.85,0.81,20.445796,75.986028,Pune
E003307,C018,P003,2026-02-02 19:30:35,4.28,76.63,0.2,22.603806,73.569319,Delhi
E003308,C011,P003,2026-05-20 00:47:28,11.56,70.43,0.32,26.246149,76.082576,Delhi
E003309,C021,P002,2026-04-01 15:10:15,5.14,86.01,0.16,27.794773,77.480902,Ahmedabad
E003310,C002,P003,2026-05-16 08:52:29,14.65,61.76,0.01,29.042342,70.312198,Pune
E003311,C013,P002,2026-03-09 03:31:42,9.65,82.34,0.35,27.118902,76.041379,Jaipur
E003312,C032,P004,2026-03-10 19:58:54,12.87,73.99,0.68,22.79015,78.295042,Pune
E003313,C042,P004,2026-05-24 01:44:50,13.24,79.47,0.84,20.442451,72.799915,Pune
E003314,C012,P004,2026-02-10 02:22:45,15.88,91.74,0.54,27.405199,73.388661,Mumbai
E003315,C006,P004,2026-05-17 01:50:00,8.92,86.83,0.67,27.252029,70.374677,Jaipur
E003316,C044,P004,2026-03-14 22:36:04,10.93,68.43,0.5,22.017478,73.275819,Delhi
E003317,C015,P004,2026-04-17 23:32:33,6.18,86.43,0.74,23.554891,71.960257,Mumbai
E003318,C036,P003,2026-01-21 18:09:59,8.32,75.0,0.42,21.132951,74.826398,Jaipur
E003319,C028,P001,2026-01-25 19:48:24,12.86,87.9,0.01,21.629249,72.340406,Mumbai
E003320,C001,P002,2026-03-05 05:57:16,13.25,90.34,0.05,21.056081,71.698843,Delhi
E003321,C026,P003,2026-05-18 12:13:13,13.04,75.77,0.93,27.454201,78.113767,Delhi
E003322,C006,P002,2026-02-16 05:04:08,12.21,71.33,0.96,20.475512,74.631013,Mumbai
E003323,C030,P001,2026-04-18 14:12:00,15.46,72.02,0.58,27.938396,71.925001,Delhi
E003324,C030,P004,2026-05-11 15:14:14,10.54,65.71,0.88,24.496595,77.190388,Ahmedabad
E003325,C003,P003,2026-04-15 14:13:03,13.66,68.73,0.73,22.238875,70.994264,Ahmedabad
E003326,C007,P001,2026-06-07 17:29:12,7.27,66.9,0.71,24.969142,74.08503,Mumbai
E003327,C006,P002,2026-01-06 14:37:30,6.86,70.85,0.65,27.806807,76.553484,Jaipur
E003328,C007,P004,2026-01-15 00:31:48,4.17,64.0,0.48,27.276333,75.051259,Ahmedabad
E003329,C011,P002,2026-06-16 11:40:52,8.36,70.57,0.47,25.432845,73.969192,Delhi
E003330,C041,P004,2026-06-29 05:27:29,11.58,77.12,0.79,23.999713,71.013665,Ahmedabad
E003331,C004,P003,2026-03-10 12:59:37,4.01,82.8,0.11,21.711538,71.597652,Delhi
E003332,C026,P004,2026-02-12 16:52:20,14.53,73.06,0.73,28.382859,71.508798,Ahmedabad
E003333,C038,P003,2026-05-18 03:55:19,5.45,94.31,0.79,25.14078,70.837034,Ahmedabad
E003334,C035,P003,2026-03-25 09:47:36,4.56,82.67,0.48,23.547121,73.537501,Pune
E003335,C005,P001,2026-06-27 23:57:23,5.87,66.76,0.95,27.125505,78.267103,Ahmedabad
E003336,C011,P003,2026-05-21 19:27:18,7.59,60.74,0.62,24.610757,73.239303,Delhi
E003337,C035,P002,2026-03-27 18:21:41,13.16,65.83,0.76,21.677468,74.557892,Mumbai
E003338,C027,P003,2026-06-22 07:39:10,11.77,78.53,0.4,28.138596,73.161958,Mumbai
E003339,C025,P004,2026-03-07 14:01:56,14.96,60.79,0.97,27.79174,76.833413,Jaipur
E003340,C007,P001,2026-01-08 16:03:03,10.97,78.42,0.47,29.363486,72.843689,Jaipur
E003341,C012,P002,2026-01-30 13:03:11,7.74,78.19,0.46,29.861085,71.26012,Mumbai
E003342,C028,P003,2026-02-02 06:08:55,4.04,71.84,0.48,25.786323,70.04928,Pune
E003343,C017,P003,2026-06-24 06:07:25,7.72,88.6,0.84,28.354231,74.173114,Delhi
E003344,C045,P004,2026-01-21 19:44:36,9.79,88.45,0.49,26.764617,70.113648,Delhi
E003345,C042,P001,2026-04-26 10:29:41,9.46,75.2,0.68,25.060916,73.299161,Mumbai
E003346,C048,P001,2026-05-18 23:19:33,7.31,70.94,0.77,23.093936,79.618348,Mumbai
E003347,C006,P003,2026-04-03 06:02:00,13.85,70.6,0.11,22.302024,71.898996,Mumbai
E003348,C013,P002,2026-03-10 05:51:09,4.31,68.47,0.49,26.169264,76.462753,Ahmedabad
E003349,C050,P001,2026-03-22 14:46:59,8.41,87.78,0.13,26.656552,71.765546,Mumbai
E003350,C028,P004,2026-06-29 15:56:43,11.81,69.18,0.68,21.189925,77.630932,Pune
E003351,C019,P002,2026-06-30 16:53:05,8.01,76.84,0.68,20.675977,76.765153,Jaipur
E003352,C025,P004,2026-01-08 03:51:59,8.39,91.37,0.67,20.964816,78.697918,Ahmedabad
E003353,C003,P002,2026-03-12 17:10:27,7.34,88.54,0.88,25.268797,71.872287,Jaipur
E003354,C045,P003,2026-02-11 14:47:29,6.88,74.48,0.88,21.380508,70.149173,Mumbai
E003355,C003,P003,2026-01-25 20:59:34,9.3,73.3,0.4,25.738978,76.836691,Delhi
E003356,C038,P001,2026-05-06 07:11:32,14.73,84.42,0.54,29.422307,73.674364,Mumbai
E003357,C038,P002,2026-04-04 00:10:39,5.08,83.78,0.09,21.950649,73.089136,Pune
E003358,C044,P004,2026-03-23 19:59:53,9.22,79.07,0.62,24.571328,73.368125,Pune
E003359,C031,P002,2026-06-25 05:19:35,5.01,70.59,0.89,24.379849,79.697799,Pune
E003360,C036,P002,2026-06-16 21:43:32,9.06,69.81,0.48,24.466619,78.2164,Pune
E003361,C007,P002,2026-01-11 20:30:09,13.22,60.08,0.43,23.360315,72.39664,Ahmedabad
E003362,C030,P002,2026-02-16 04:15:52,7.81,69.05,0.12,22.424009,72.3676,Delhi
E003363,C014,P003,2026-01-15 07:36:07,5.91,90.52,0.54,29.193331,73.822225,Pune
E003364,C030,P001,2026-04-03 01:28:10,11.56,87.88,0.66,22.565792,70.041744,Mumbai
E003365,C021,P004,2026-03-08 21:50:03,12.47,64.55,0.8,22.336642,73.675003,Jaipur
E003366,C006,P001,2026-02-17 13:27:26,10.89,71.33,0.61,28.974784,78.781498,Delhi
E003367,C030,P003,2026-06-30 19:38:25,12.29,82.2,0.53,21.5805,70.171724,Delhi
E003368,C029,P003,2026-04-17 09:24:48,13.57,73.08,0.25,22.300877,74.945165,Mumbai
E003369,C027,P003,2026-04-22 20:00:37,8.24,87.92,0.11,24.868433,74.980284,Ahmedabad
E003370,C013,P001,2026-05-23 03:10:54,14.84,73.41,0.03,26.357304,77.014399,Jaipur
E003371,C032,P002,2026-02-19 06:17:40,14.83,90.03,0.01,21.134657,71.250234,Mumbai
E003372,C047,P001,2026-01-01 19:35:43,9.22,89.19,0.93,24.251752,78.824043,Delhi
E003373,C019,P003,2026-05-17 06:43:18,9.81,63.48,0.37,26.593858,79.209563,Jaipur
E003374,C017,P001,2026-04-24 14:18:44,9.43,85.98,0.12,25.259989,79.149138,Jaipur
E003375,C010,P003,2026-01-28 15:59:00,4.9,93.77,0.2,29.619584,77.121656,Delhi
E003376,C037,P001,2026-01-22 17:00:26,8.38,71.61,0.97,27.485541,75.042773,Pune
E003377,C038,P001,2026-02-28 19:03:57,9.94,78.39,0.34,20.585917,75.866764,Delhi
E003378,C018,P001,2026-01-01 23:28:48,4.13,88.72,0.73,21.750254,77.367854,Ahmedabad
E003379,C023,P004,2026-05-20 11:41:29,5.82,89.02,0.31,20.721026,74.087621,Mumbai
E003380,C028,P002,2026-01-14 07:18:45,5.05,69.26,0.65,20.865383,76.758837,Delhi
E003381,C023,P001,2026-02-23 12:29:44,11.96,61.59,0.46,28.050569,79.099046,Ahmedabad
E003382,C047,P003,2026-06-02 15:24:17,6.72,92.28,0.03,27.392307,79.916636,Ahmedabad
E003383,C046,P004,2026-02-19 05:37:58,4.38,86.3,0.46,23.846575,77.16797,Ahmedabad
E003384,C003,P002,2026-04-10 04:37:47,14.41,76.37,0.44,25.659909,78.347711,Pune
E003385,C035,P001,2026-02-26 08:42:46,5.28,86.27,0.37,25.756033,74.346417,Delhi
E003386,C038,P001,2026-04-20 14:14:08,4.23,91.85,0.26,22.077434,72.665651,Ahmedabad
E003387,C025,P003,2026-03-18 18:56:41,5.21,68.05,0.83,22.900169,72.084702,Delhi
E003388,C026,P001,2026-04-28 07:05:38,13.59,65.79,0.58,24.78003,78.530533,Jaipur
E003389,C008,P004,2026-03-09 01:19:27,9.74,84.05,0.2,25.072329,72.41607,Mumbai
E003390,C020,P002,2026-05-29 20:29:13,4.28,78.35,0.45,29.44605,79.134017,Pune
E003391,C047,P004,2026-01-12 23:16:47,12.75,86.08,0.63,27.288986,74.779993,Ahmedabad
E003392,C025,P003,2026-01-28 04:40:45,12.77,85.11,0.79,27.444042,70.330719,Pune
E003393,C006,P004,2026-01-24 01:22:53,15.03,72.57,0.58,24.112405,72.104731,Pune
E003394,C035,P001,2026-02-17 10:43:48,4.07,84.53,0.33,29.524327,75.762979,Delhi
E003395,C011,P004,2026-02-28 01:02:47,11.22,87.16,0.98,29.532326,72.554783,Ahmedabad
E003396,C049,P003,2026-03-06 02:48:11,5.29,93.35,0.09,28.739654,79.554952,Jaipur
E003397,C037,P003,2026-04-26 13:35:52,8.19,85.21,0.2,23.012683,76.85825,Mumbai
E003398,C045,P002,2026-02-10 21:24:20,11.22,91.48,0.74,23.723599,76.246238,Delhi
E003399,C030,P004,2026-02-01 09:35:21,8.24,77.96,0.8,22.390154,72.778678,Jaipur
E003400,C048,P003,2026-05-06 19:55:13,12.25,76.25,0.03,28.980203,78.076766,Jaipur
E003401,C032,P004,2026-03-09 09:47:01,15.93,94.05,0.32,21.382296,79.320995,Mumbai
E003402,C023,P003,2026-04-23 18:37:24,12.2,70.85,0.69,20.810689,79.906701,Pune
E003403,C029,P001,2026-06-15 03:16:03,8.45,79.68,0.98,20.752914,75.09803,Delhi
E003404,C015,P002,2026-02-26 07:25:06,12.62,87.96,0.07,26.224684,72.153569,Pune
E003405,C018,P003,2026-06-18 17:00:11,11.1,73.73,0.38,23.437521,76.20497,Delhi
E003406,C033,P004,2026-04-29 10:43:34,5.54,81.46,0.12,23.196481,76.451098,Jaipur
E003407,C015,P004,2026-01-05 03:51:22,6.82,78.05,0.79,20.48561,70.316623,Ahmedabad
E003408,C031,P004,2026-03-22 18:06:56,15.15,62.35,0.37,21.707594,79.758167,Pune
E003409,C048,P001,2026-02-25 05:26:02,9.35,87.61,0.31,23.289025,75.402686,Ahmedabad
E003410,C040,P001,2026-03-16 15:33:51,12.19,90.15,0.22,26.161109,71.395199,Ahmedabad
E003411,C026,P004,2026-06-28 08:29:41,4.11,67.84,0.96,29.70523,75.991497,Ahmedabad
E003412,C041,P002,2026-01-03 10:36:23,8.25,64.13,0.26,25.319071,74.613109,Pune
E003413,C027,P003,2026-04-01 03:13:55,8.33,69.46,0.53,25.229657,70.433524,Pune
E003414,C037,P001,2026-02-12 07:28:22,4.42,85.07,0.3,29.977836,78.275684,Mumbai
E003415,C031,P003,2026-03-11 10:39:39,10.51,76.69,0.16,20.259701,77.592995,Mumbai
E003416,C005,P003,2026-02-21 07:15:39,10.42,63.63,0.83,21.292907,72.05869,Delhi
E003417,C022,P001,2026-03-19 07:24:00,14.65,61.29,0.08,25.202491,70.107929,Pune
E003418,C012,P003,2026-01-08 08:01:08,10.88,75.39,0.57,22.930988,73.160908,Mumbai
E003419,C038,P003,2026-05-13 17:46:08,9.82,84.83,0.43,20.415942,71.265015,Delhi
E003420,C010,P003,2026-04-18 21:41:19,15.3,87.39,0.63,20.618686,77.251558,Delhi
E003421,C018,P001,2026-02-23 14:29:55,7.39,67.96,0.44,20.949906,72.454509,Mumbai
E003422,C004,P001,2026-05-20 15:53:26,5.7,77.13,0.91,29.475873,73.885426,Jaipur
E003423,C007,P004,2026-01-22 00:21:03,14.71,79.62,0.93,23.576721,78.337394,Delhi
E003424,C021,P003,2026-02-24 01:40:21,7.15,61.01,0.9,21.947223,74.516217,Ahmedabad
E003425,C026,P001,2026-06-08 20:34:28,4.74,72.95,0.41,26.647407,76.277233,Ahmedabad
E003426,C017,P004,2026-03-16 19:12:39,4.97,88.78,0.78,26.869284,76.71939,Jaipur
E003427,C033,P002,2026-03-04 09:00:15,15.53,94.23,0.08,29.00363,75.810047,Ahmedabad
E003428,C010,P001,2026-06-25 08:27:41,10.8,68.39,0.2,21.403505,72.71779,Jaipur
E003429,C025,P001,2026-05-10 15:33:36,6.6,74.14,0.8,29.786971,74.180346,Mumbai
E003430,C030,P001,2026-03-19 08:20:04,10.87,70.14,0.9,27.301364,78.382189,Mumbai
E003431,C015,P004,2026-06-23 06:40:30,10.29,74.8,0.28,23.345957,75.527216,Ahmedabad
E003432,C014,P004,2026-01-25 07:35:32,5.61,82.86,0.11,27.582669,78.635124,Delhi
E003433,C021,P003,2026-04-16 09:28:10,6.95,71.14,0.52,28.919908,76.079024,Pune
E003434,C012,P001,2026-03-06 12:17:10,7.48,76.32,0.89,26.610783,74.933454,Pune
E003435,C035,P004,2026-01-23 22:06:12,15.82,90.29,0.64,27.902891,73.100086,Ahmedabad
E003436,C048,P002,2026-02-19 21:11:39,6.61,71.13,0.54,26.084179,76.602516,Ahmedabad
E003437,C037,P002,2026-04-05 01:12:55,12.64,64.56,0.58,25.339153,79.38645,Jaipur
E003438,C021,P002,2026-05-07 21:37:47,4.24,60.62,0.63,23.544019,79.118275,Delhi
E003439,C012,P003,2026-01-20 11:01:53,13.97,83.03,0.87,26.952489,72.500726,Jaipur
E003440,C011,P004,2026-01-30 19:25:41,10.49,90.58,0.0,26.538156,76.316393,Jaipur
E003441,C026,P002,2026-05-02 17:28:33,15.72,92.89,0.8,23.638232,72.200344,Ahmedabad
E003442,C043,P004,2026-04-07 18:44:38,4.55,66.39,0.97,20.453495,78.253257,Mumbai
E003443,C050,P003,2026-02-22 02:07:19,14.04,69.64,0.86,24.587008,79.129373,Ahmedabad
E003444,C001,P004,2026-06-07 23:33:37,8.29,66.67,0.13,22.146936,70.131892,Ahmedabad
E003445,C046,P004,2026-02-28 15:50:33,5.06,70.13,0.15,25.986746,71.971205,Ahmedabad
E003446,C039,P003,2026-01-07 03:42:46,8.38,76.52,0.78,23.965417,79.637834,Mumbai
E003447,C049,P002,2026-06-03 00:15:12,8.64,70.68,0.2,20.070901,72.615139,Delhi
E003448,C030,P001,2026-04-27 04:38:09,4.61,94.04,0.32,26.586779,78.660526,Ahmedabad
E003449,C039,P003,2026-01-05 05:18:10,12.0,66.83,0.33,26.934391,70.877359,Delhi
E003450,C039,P002,2026-06-12 04:57:29,10.35,61.22,0.5,27.940464,75.29916,Ahmedabad
E003451,C042,P004,2026-01-16 19:02:10,15.65,81.78,0.34,28.617565,78.818617,Jaipur
E003452,C023,P002,2026-05-20 22:23:19,13.64,62.09,0.37,21.645004,78.630225,Jaipur
E003453,C020,P003,2026-02-26 13:05:52,8.34,93.05,0.42,24.58966,70.42684,Delhi
E003454,C001,P004,2026-01-16 22:13:54,10.2,90.82,0.44,27.942644,70.150898,Pune
E003455,C043,P002,2026-03-28 20:15:30,15.03,61.01,0.84,27.252147,73.148512,Ahmedabad
E003456,C003,P002,2026-06-17 13:56:16,12.49,72.08,0.47,23.12438,70.326136,Jaipur
E003457,C031,P001,2026-06-16 07:33:11,8.12,76.22,0.46,23.614384,73.493277,Delhi
E003458,C023,P002,2026-06-28 08:36:24,8.69,67.54,0.34,24.448413,77.222606,Delhi
E003459,C002,P004,2026-04-12 12:08:57,9.66,75.06,0.48,25.513252,78.894192,Ahmedabad
E003460,C039,P001,2026-06-26 04:02:30,13.47,81.26,0.03,26.261561,73.645658,Jaipur
E003461,C015,P003,2026-05-01 14:59:39,9.62,83.14,0.08,24.587659,74.974875,Pune
E003462,C007,P004,2026-03-09 19:04:34,11.99,88.74,0.46,24.417957,76.904821,Mumbai
E003463,C040,P001,2026-05-01 16:06:04,5.05,76.02,0.29,24.784744,76.106074,Pune
E003464,C017,P002,2026-05-03 10:31:31,6.19,62.0,0.18,25.972135,79.784612,Ahmedabad
E003465,C022,P001,2026-06-04 09:50:05,7.34,92.02,0.67,27.025425,70.888164,Jaipur
E003466,C030,P002,2026-04-25 22:57:21,15.12,71.29,0.2,24.64244,70.847476,Mumbai
E003467,C030,P001,2026-05-14 06:16:06,11.55,83.89,0.13,21.815696,74.62128,Ahmedabad
E003468,C038,P003,2026-01-25 02:54:34,5.17,60.45,0.67,24.651874,73.779446,Jaipur
E003469,C006,P002,2026-02-24 21:57:16,10.65,71.93,0.19,29.625067,72.067169,Jaipur
E003470,C005,P004,2026-04-20 01:14:09,13.11,92.06,0.81,22.308038,74.83167,Ahmedabad
E003471,C006,P003,2026-06-27 20:49:08,15.48,76.99,0.96,24.962829,70.374449,Pune
E003472,C032,P002,2026-02-22 16:41:07,10.42,72.38,0.49,26.299239,74.657139,Ahmedabad
E003473,C047,P001,2026-05-13 22:31:44,11.07,87.66,0.82,21.572115,78.978045,Ahmedabad
E003474,C007,P004,2026-01-14 03:58:40,13.79,72.87,0.27,26.423602,72.11844,Ahmedabad
E003475,C022,P003,2026-02-23 17:13:02,6.82,83.93,0.74,22.374886,72.17465,Delhi
E003476,C005,P001,2026-03-09 16:21:59,15.35,67.17,0.0,23.845709,73.049762,Ahmedabad
E003477,C041,P001,2026-06-24 16:05:16,10.45,70.77,0.24,23.063622,73.407929,Jaipur
E003478,C015,P004,2026-01-09 21:03:25,9.66,85.24,0.98,25.115374,72.855719,Delhi
E003479,C004,P004,2026-03-29 10:10:45,7.34,64.6,0.59,20.732775,77.843533,Pune
E003480,C028,P003,2026-01-08 14:44:46,9.83,82.17,0.84,27.514903,75.131143,Pune
E003481,C038,P001,2026-03-15 05:31:34,11.75,73.29,0.19,28.558356,72.067618,Pune
E003482,C045,P003,2026-04-16 03:03:22,8.72,86.38,0.53,24.709093,75.468059,Pune
E003483,C039,P003,2026-03-01 09:28:25,11.09,80.46,0.08,22.134242,76.664712,Mumbai
E003484,C010,P002,2026-04-27 19:28:09,7.88,83.59,0.43,25.839894,72.598995,Pune
E003485,C033,P004,2026-01-03 01:30:45,5.63,80.58,0.34,24.522004,75.148151,Jaipur
E003486,C003,P001,2026-01-16 09:48:59,14.84,78.87,0.71,24.543466,72.758851,Mumbai
E003487,C027,P004,2026-03-20 08:14:32,13.88,67.44,0.15,20.126945,75.880695,Mumbai
E003488,C010,P002,2026-04-14 16:10:15,11.77,76.96,0.9,27.880387,74.670731,Delhi
E003489,C007,P004,2026-01-31 04:30:14,7.57,94.22,0.62,21.524084,75.106968,Delhi
E003490,C025,P001,2026-03-25 15:34:02,12.21,94.13,0.18,26.031546,77.197963,Jaipur
E003491,C036,P002,2026-04-12 04:04:03,11.99,87.37,0.89,26.702448,70.553303,Pune
E003492,C001,P003,2026-01-11 14:47:41,8.56,75.75,0.01,23.733569,72.83173,Pune
E003493,C035,P003,2026-03-23 06:55:28,9.79,64.38,0.22,20.360643,73.512844,Mumbai
E003494,C040,P001,2026-05-22 14:27:42,14.76,65.63,0.76,24.694338,72.924004,Ahmedabad
E003495,C039,P002,2026-05-12 06:21:16,6.63,85.99,0.67,29.049443,78.399179,Ahmedabad
E003496,C012,P001,2026-01-08 20:06:01,7.29,78.38,0.79,26.567826,77.96773,Pune
E003497,C026,P004,2026-06-04 08:13:45,8.1,83.52,0.07,21.215306,70.483684,Delhi
E003498,C012,P004,2026-03-03 17:06:32,15.72,72.94,0.89,27.704641,76.75566,Jaipur
E003499,C031,P001,2026-01-09 23:46:30,6.1,78.69,0.71,29.921232,74.39152,Mumbai
E003500,C036,P002,2026-06-16 14:43:37,9.36,81.3,0.05,23.62023,78.257481,Jaipur
E003501,C002,P002,2026-03-09 05:17:33,8.99,61.15,0.95,26.916305,76.705642,Ahmedabad
E003502,C024,P001,2026-05-17 13:38:57,13.93,94.45,0.59,29.799517,78.26883,Jaipur
E003503,C050,P001,2026-05-28 17:06:48,4.47,81.35,0.41,25.33873,73.80816,Pune
E003504,C009,P001,2026-01-13 02:25:48,5.37,70.13,0.71,22.345067,76.560842,Pune
E003505,C044,P001,2026-01-05 23:51:02,13.39,71.27,0.22,27.639754,78.179774,Mumbai
E003506,C050,P004,2026-06-06 00:21:02,9.93,93.44,0.85,27.336204,78.921444,Mumbai
E003507,C037,P002,2026-03-16 07:04:01,10.53,92.27,0.11,24.802809,73.582663,Delhi
E003508,C024,P001,2026-05-21 18:03:17,13.49,69.29,0.29,21.412468,78.184506,Delhi
E003509,C037,P004,2026-06-22 20:47:43,4.66,69.11,0.52,21.816649,74.381817,Mumbai
E003510,C050,P004,2026-02-25 14:30:27,5.47,80.26,0.23,24.30091,79.539343,Delhi
E003511,C026,P003,2026-05-01 02:18:11,9.53,71.94,0.89,27.136274,72.086673,Pune
E003512,C035,P001,2026-01-08 20:04:10,8.98,61.56,0.79,28.757746,75.818338,Delhi
E003513,C048,P002,2026-03-28 19:32:09,14.17,69.02,0.3,22.089926,78.829862,Delhi
E003514,C025,P003,2026-06-16 09:36:31,11.45,74.92,0.18,24.371763,79.231866,Pune
E003515,C047,P002,2026-04-04 09:43:47,8.21,94.85,0.56,28.728701,79.457255,Jaipur
E003516,C001,P001,2026-06-01 01:20:27,8.92,68.1,0.91,23.242944,73.129041,Mumbai
E003517,C047,P003,2026-05-26 15:28:57,4.75,91.26,0.14,27.112423,77.255613,Delhi
E003518,C025,P003,2026-02-09 05:13:44,4.83,85.54,0.62,23.84926,78.950124,Pune
E003519,C019,P003,2026-06-03 17:19:18,9.35,88.87,0.99,20.873486,71.647039,Jaipur
E003520,C048,P004,2026-03-29 15:58:53,9.63,85.64,0.61,25.878518,74.658216,Delhi
E003521,C004,P003,2026-01-27 22:26:49,15.41,76.01,0.03,26.918667,74.845274,Jaipur
E003522,C044,P003,2026-06-11 17:07:21,6.16,81.17,0.55,27.553682,74.976412,Mumbai
E003523,C020,P004,2026-05-20 06:32:08,6.67,81.89,0.16,29.320385,72.698296,Mumbai
E003524,C036,P001,2026-01-25 23:12:23,10.94,73.47,0.9,22.868683,78.995717,Pune
E003525,C013,P003,2026-03-05 10:19:07,7.43,62.5,0.21,22.983483,72.33007,Pune
E003526,C021,P002,2026-04-13 03:36:31,5.72,94.03,0.79,25.913352,78.950611,Delhi
E003527,C006,P004,2026-05-22 15:12:47,10.67,66.77,0.41,24.270815,74.189603,Mumbai
E003528,C014,P001,2026-03-31 20:04:45,9.5,71.88,0.67,27.071621,76.122822,Ahmedabad
E003529,C036,P004,2026-06-22 04:47:59,10.35,80.74,0.01,23.392863,76.607754,Mumbai
E003530,C014,P004,2026-01-13 14:26:27,14.49,84.6,0.53,24.803434,76.43547,Delhi
E003531,C012,P002,2026-05-23 02:39:31,8.47,86.44,0.26,27.123193,71.808099,Jaipur
E003532,C032,P003,2026-01-18 15:38:31,4.54,61.24,0.95,25.211265,76.962238,Delhi
E003533,C009,P002,2026-03-27 02:35:00,5.17,83.86,0.09,26.885158,78.566283,Delhi
E003534,C015,P001,2026-01-29 17:22:15,4.61,93.21,0.92,22.38619,78.983347,Ahmedabad
E003535,C048,P001,2026-03-01 20:09:21,10.54,85.58,0.07,26.900509,71.902619,Mumbai
E003536,C046,P004,2026-01-20 13:07:26,9.04,80.36,0.18,29.36112,70.311809,Delhi
E003537,C030,P004,2026-05-27 21:50:20,8.58,61.37,0.43,27.139138,78.724734,Jaipur
E003538,C048,P001,2026-01-27 19:15:48,11.09,62.9,0.1,20.512006,71.972293,Jaipur
E003539,C050,P002,2026-06-14 06:11:00,13.12,61.95,0.28,26.794249,74.867292,Mumbai
E003540,C041,P003,2026-02-02 22:59:31,9.69,70.09,0.32,27.313394,70.379209,Jaipur
E003541,C049,P003,2026-03-20 04:27:11,12.82,81.35,0.51,20.365605,76.161728,Ahmedabad
E003542,C005,P003,2026-04-08 23:08:41,10.5,94.44,0.47,20.973234,77.217081,Ahmedabad
E003543,C010,P001,2026-01-01 03:21:51,12.43,76.97,0.07,26.437207,73.030384,Ahmedabad
E003544,C050,P002,2026-03-14 02:20:38,13.89,83.19,0.39,26.300632,74.560399,Ahmedabad
E003545,C026,P002,2026-06-07 05:20:36,13.69,81.51,0.83,21.350432,75.53959,Ahmedabad
E003546,C018,P004,2026-06-12 14:10:11,8.62,69.61,0.91,23.080736,77.170144,Pune
E003547,C047,P004,2026-04-08 12:16:10,8.53,81.18,0.76,20.004982,71.033087,Pune
E003548,C008,P002,2026-05-27 03:51:03,7.37,78.6,0.25,29.474394,79.567733,Delhi
E003549,C030,P002,2026-03-28 15:02:22,11.05,65.83,0.17,28.454854,77.163949,Ahmedabad
E003550,C045,P004,2026-02-20 11:13:38,5.65,69.93,0.26,21.048873,78.602698,Pune
E003551,C020,P001,2026-05-09 20:57:58,10.94,83.81,0.08,27.189246,75.155027,Pune
E003552,C018,P001,2026-03-21 17:22:11,6.61,92.67,0.32,22.965088,79.955433,Ahmedabad
E003553,C033,P004,2026-01-28 12:05:02,7.59,72.83,0.54,24.134743,76.614149,Mumbai
E003554,C022,P001,2026-04-30 13:39:53,8.84,75.03,0.19,27.363266,75.239712,Delhi
E003555,C042,P003,2026-01-08 16:09:05,6.75,92.82,0.6,26.010986,77.234072,Mumbai
E003556,C002,P003,2026-03-31 06:05:04,10.38,84.12,0.96,27.487305,72.169662,Jaipur
E003557,C014,P002,2026-01-18 02:53:43,8.0,69.2,0.6,22.231094,71.558036,Pune
E003558,C042,P002,2026-06-29 17:40:32,4.73,79.3,0.08,26.065912,77.002983,Jaipur
E003559,C024,P004,2026-06-07 20:12:20,11.25,69.06,0.26,23.852994,71.85806,Ahmedabad
E003560,C039,P003,2026-01-11 15:07:25,14.51,76.63,0.25,23.243693,70.44187,Mumbai
E003561,C023,P002,2026-04-02 13:07:36,12.05,93.81,0.68,22.610315,78.575459,Delhi
E003562,C043,P003,2026-06-18 07:23:45,5.25,81.41,0.77,22.903776,72.775929,Pune
E003563,C011,P001,2026-02-18 01:09:08,13.48,91.14,0.63,28.181353,74.79164,Mumbai
E003564,C006,P004,2026-06-25 22:38:39,8.77,81.4,0.67,26.654507,78.55375,Delhi
E003565,C004,P004,2026-04-15 11:18:17,4.99,77.45,0.77,28.288007,78.162861,Jaipur
E003566,C040,P001,2026-04-29 02:19:02,9.98,72.01,0.46,29.012668,77.681851,Delhi
E003567,C003,P003,2026-02-17 21:35:44,9.21,85.82,0.92,23.107396,74.191719,Mumbai
E003568,C030,P002,2026-05-28 04:27:38,10.23,60.15,0.33,28.802959,70.758772,Jaipur
E003569,C001,P002,2026-01-22 06:52:53,14.67,90.85,0.67,28.819058,79.004836,Pune
E003570,C036,P004,2026-05-17 05:46:23,4.56,81.56,0.31,25.474104,71.631267,Jaipur
E003571,C003,P001,2026-04-04 00:59:21,4.25,86.0,0.94,22.221176,71.043351,Pune
E003572,C026,P001,2026-01-09 20:56:04,11.19,84.53,0.21,27.004002,76.723244,Delhi
E003573,C007,P002,2026-03-29 01:29:03,10.83,79.24,0.93,20.268463,77.838731,Jaipur
E003574,C016,P003,2026-06-23 06:26:16,10.79,73.46,0.17,20.047447,72.414596,Jaipur
E003575,C032,P004,2026-02-10 07:51:26,11.75,94.19,0.44,28.649929,75.242137,Jaipur
E003576,C007,P002,2026-02-21 10:40:13,9.0,85.73,0.69,20.417592,74.629427,Delhi
E003577,C027,P001,2026-06-22 20:02:53,10.88,94.74,0.18,24.843934,72.189834,Pune
E003578,C018,P003,2026-02-01 20:53:32,13.9,90.19,0.12,22.497109,70.327403,Jaipur
E003579,C011,P001,2026-03-01 00:52:55,5.58,65.76,0.18,27.997746,72.335583,Ahmedabad
E003580,C028,P001,2026-06-20 02:01:09,8.09,75.94,0.62,26.632656,77.344209,Jaipur
E003581,C046,P003,2026-01-08 21:37:52,11.66,86.69,0.62,21.214865,70.52612,Ahmedabad
E003582,C022,P003,2026-03-07 02:25:23,4.75,66.63,0.47,21.374303,73.413592,Jaipur
E003583,C042,P002,2026-05-24 20:48:46,15.06,81.26,0.4,22.269733,75.965483,Mumbai
E003584,C019,P001,2026-03-14 04:51:25,5.39,65.62,0.32,28.587134,77.078791,Ahmedabad
E003585,C047,P002,2026-06-12 09:18:02,7.84,64.75,0.82,28.037702,74.276264,Mumbai
E003586,C021,P001,2026-04-22 01:33:46,10.85,67.45,0.68,20.516602,77.228926,Delhi
E003587,C005,P003,2026-02-06 13:36:46,13.59,79.41,0.1,22.633125,73.057821,Mumbai
E003588,C025,P004,2026-02-27 23:33:26,7.35,68.69,1.0,24.236515,74.237851,Ahmedabad
E003589,C017,P004,2026-05-05 17:13:31,9.97,87.5,0.6,23.642343,70.16292,Ahmedabad
E003590,C024,P004,2026-01-09 21:28:32,14.82,91.58,0.72,28.473382,73.660823,Delhi
E003591,C037,P002,2026-01-14 13:09:21,13.1,66.82,0.68,24.134496,71.863888,Ahmedabad
E003592,C011,P001,2026-04-27 08:57:31,4.25,91.48,0.51,25.713292,75.875594,Delhi
E003593,C019,P002,2026-06-23 03:22:50,11.21,83.41,0.01,26.084132,74.242237,Pune
E003594,C041,P001,2026-03-05 07:20:45,5.49,85.79,0.24,28.517507,75.056374,Jaipur
E003595,C049,P004,2026-06-08 10:39:20,12.62,67.96,0.55,26.264856,78.061398,Pune
E003596,C044,P003,2026-05-31 07:36:56,14.04,67.01,0.67,24.668061,73.429674,Delhi
E003597,C023,P003,2026-06-22 09:18:34,8.8,68.98,0.85,26.924676,70.402579,Ahmedabad
E003598,C039,P004,2026-02-21 11:06:46,12.76,74.59,0.44,23.403488,78.241851,Delhi
E003599,C044,P001,2026-03-20 00:21:44,7.93,65.65,0.03,29.131982,79.491092,Jaipur
E003600,C022,P002,2026-06-21 13:58:58,4.16,82.8,0.14,20.476584,75.099515,Jaipur
E003601,C007,P003,2026-05-27 13:19:35,5.83,67.3,0.9,26.565409,76.882444,Jaipur
E003602,C014,P001,2026-02-16 17:16:24,8.26,87.54,0.84,29.703851,70.927975,Mumbai
E003603,C009,P001,2026-04-17 18:54:18,14.3,82.3,0.96,23.504864,74.331868,Pune
E003604,C047,P004,2026-05-17 23:15:52,6.45,81.5,0.12,25.841598,73.623061,Pune
E003605,C023,P004,2026-01-15 03:10:11,7.95,90.11,0.18,21.533387,77.22355,Pune
E003606,C026,P004,2026-03-22 18:22:30,10.98,68.59,0.3,24.050001,74.253975,Pune
E003607,C039,P002,2026-04-13 14:08:14,12.28,86.95,0.26,20.298537,72.384045,Delhi
E003608,C001,P002,2026-02-19 15:56:28,11.41,94.28,0.92,28.98501,70.295622,Delhi
E003609,C046,P003,2026-04-03 13:04:50,13.24,84.3,0.14,22.707073,70.206014,Jaipur
E003610,C001,P004,2026-01-30 15:46:37,8.82,61.24,0.71,25.000232,74.43268,Jaipur
E003611,C010,P003,2026-05-16 17:45:32,11.67,81.56,0.86,22.182435,74.315266,Pune
E003612,C026,P001,2026-06-10 00:55:50,9.21,84.05,0.91,20.744721,74.237981,Delhi
E003613,C019,P004,2026-03-22 11:04:55,14.19,79.28,0.01,23.166902,76.873505,Pune
E003614,C020,P001,2026-03-20 18:59:22,10.27,65.03,0.56,20.679692,71.582751,Pune
E003615,C005,P004,2026-05-19 08:07:44,7.16,76.64,0.79,24.591661,76.647004,Pune
E003616,C012,P001,2026-03-18 01:31:10,8.34,81.12,0.88,22.477056,75.188823,Pune
E003617,C034,P004,2026-01-06 21:11:34,10.21,71.58,0.08,21.866815,77.852497,Jaipur
E003618,C015,P003,2026-03-12 07:46:54,14.45,87.36,0.61,22.670751,72.036544,Mumbai
E003619,C044,P001,2026-03-03 06:53:51,13.69,89.62,0.09,28.770824,76.999171,Jaipur
E003620,C048,P002,2026-03-17 09:20:49,11.01,78.37,0.88,29.219111,73.718529,Jaipur
E003621,C035,P001,2026-01-24 02:02:55,6.44,86.91,0.0,26.287881,73.658573,Jaipur
E003622,C025,P002,2026-03-08 11:33:42,14.66,61.54,0.44,20.488224,78.567277,Jaipur
E003623,C016,P004,2026-03-17 06:39:58,15.3,84.55,0.51,28.397528,71.673146,Delhi
E003624,C007,P003,2026-05-20 08:22:50,6.67,71.64,0.5,21.869745,73.71098,Mumbai
E003625,C047,P002,2026-01-27 06:56:43,9.38,80.66,0.69,21.974686,73.258343,Delhi
E003626,C009,P001,2026-06-30 04:32:07,10.32,64.23,0.44,29.453212,79.51463,Jaipur
E003627,C016,P003,2026-05-13 21:10:50,15.52,62.42,0.86,25.864334,71.461669,Ahmedabad
E003628,C005,P002,2026-06-05 08:00:39,13.82,60.76,0.73,27.503528,74.779937,Jaipur
E003629,C034,P001,2026-01-22 22:18:52,4.05,63.56,0.77,29.132012,72.216816,Delhi
E003630,C050,P004,2026-03-18 22:03:54,9.2,81.92,0.88,29.956549,77.027468,Mumbai
E003631,C041,P001,2026-01-13 23:23:20,5.37,66.2,0.74,25.371023,72.324442,Delhi
E003632,C010,P002,2026-04-29 00:01:28,12.67,91.83,0.44,26.278443,79.269863,Ahmedabad
E003633,C029,P004,2026-03-17 18:57:24,13.31,91.81,0.5,23.469947,75.39087,Pune
E003634,C017,P004,2026-05-21 12:31:36,11.25,60.58,0.76,28.18607,79.248942,Pune
E003635,C043,P003,2026-01-07 07:17:29,12.26,82.81,0.66,22.571389,77.835927,Pune
E003636,C007,P004,2026-04-08 10:50:15,11.78,88.24,0.62,29.975627,78.827856,Mumbai
E003637,C036,P003,2026-06-18 12:40:29,10.47,82.97,0.46,22.892341,75.995294,Delhi
E003638,C021,P002,2026-04-26 16:47:34,8.36,90.91,0.09,21.739107,79.905926,Ahmedabad
E003639,C048,P004,2026-06-15 01:29:58,10.54,90.22,0.16,23.477174,79.02297,Ahmedabad
E003640,C021,P004,2026-02-19 18:56:35,7.63,84.85,0.48,29.192856,79.364706,Ahmedabad
E003641,C025,P002,2026-06-28 04:10:12,5.75,93.11,0.82,22.84654,75.031997,Delhi
E003642,C022,P003,2026-06-23 07:48:36,6.36,69.8,0.51,26.040839,76.039296,Jaipur
E003643,C022,P004,2026-06-19 04:43:46,8.97,69.91,0.81,23.174158,75.280821,Mumbai
E003644,C002,P003,2026-05-31 18:12:59,12.05,71.29,0.86,27.096771,79.647633,Pune
E003645,C050,P002,2026-01-24 23:56:39,14.26,89.63,0.97,20.926058,76.80975,Pune
E003646,C017,P001,2026-05-12 10:56:19,9.42,63.59,0.23,23.856163,79.809327,Ahmedabad
E003647,C049,P004,2026-04-20 10:28:55,14.05,64.1,0.07,20.473762,71.012538,Delhi
E003648,C020,P003,2026-01-24 10:03:32,5.4,85.48,0.14,20.953048,74.415354,Mumbai
E003649,C050,P002,2026-03-15 04:36:17,14.2,63.25,0.94,21.860473,75.154755,Jaipur
E003650,C025,P002,2026-01-01 03:59:19,14.85,61.71,0.88,29.231405,75.879285,Mumbai
E003651,C023,P004,2026-01-31 08:09:03,7.09,82.88,0.18,22.189334,71.446289,Ahmedabad
E003652,C007,P002,2026-04-22 10:10:54,13.38,74.04,0.31,23.439829,74.005685,Jaipur
E003653,C012,P003,2026-04-26 00:40:18,14.61,71.38,0.71,28.008142,79.118508,Jaipur
E003654,C048,P004,2026-04-16 10:00:17,4.65,68.52,0.26,27.691418,74.145616,Ahmedabad
E003655,C022,P004,2026-05-18 05:32:47,14.07,74.62,0.51,25.087753,74.023846,Pune
E003656,C043,P004,2026-04-04 11:58:09,9.86,76.29,0.5,26.03985,79.94761,Jaipur
E003657,C015,P001,2026-06-03 06:15:55,10.09,81.52,0.96,26.643185,78.085345,Pune
E003658,C031,P003,2026-01-20 02:16:34,13.87,84.33,0.92,21.995508,78.812536,Pune
E003659,C030,P002,2026-06-20 23:49:31,8.52,63.49,0.01,21.927107,72.434066,Ahmedabad
E003660,C032,P003,2026-01-15 12:38:28,15.26,87.07,0.19,27.394058,75.961479,Mumbai
E003661,C046,P003,2026-03-17 08:55:55,7.11,71.33,0.29,28.268526,71.397916,Mumbai
E003662,C027,P004,2026-05-26 11:17:39,13.31,77.37,0.27,22.429039,76.146633,Jaipur
E003663,C042,P002,2026-06-10 08:01:50,6.08,82.25,0.38,24.7601,70.313408,Ahmedabad
E003664,C003,P004,2026-06-29 04:44:46,14.46,74.46,0.52,20.031805,79.247479,Jaipur
E003665,C036,P004,2026-01-22 22:38:30,4.55,80.97,0.19,27.562498,79.027001,Ahmedabad
E003666,C012,P003,2026-05-11 12:14:56,6.55,63.52,0.33,29.9301,73.202483,Ahmedabad
E003667,C031,P003,2026-05-07 01:42:39,14.58,87.31,0.34,27.746667,70.632888,Mumbai
E003668,C021,P004,2026-06-14 09:19:14,4.79,70.57,0.09,22.229471,77.147845,Mumbai
E003669,C027,P001,2026-01-21 01:03:57,7.55,90.22,0.77,20.257828,75.239145,Pune
E003670,C028,P001,2026-02-22 07:50:57,9.5,73.07,0.75,23.428755,77.313904,Pune
E003671,C015,P004,2026-05-15 16:55:00,8.51,91.87,0.95,26.742287,74.397243,Jaipur
E003672,C016,P002,2026-06-20 18:00:20,7.97,76.85,0.1,20.668196,74.388562,Delhi
E003673,C014,P002,2026-06-17 10:35:24,8.18,87.01,0.28,26.483351,70.709792,Pune
E003674,C037,P002,2026-01-25 09:04:50,14.1,85.73,0.07,21.779943,72.112342,Pune
E003675,C008,P003,2026-05-12 06:42:59,15.66,90.49,0.62,28.267615,76.882085,Ahmedabad
E003676,C023,P001,2026-02-03 06:25:39,4.98,77.85,0.81,29.029132,74.400786,Pune
E003677,C004,P001,2026-06-16 21:32:53,4.97,73.51,0.51,21.599966,73.681161,Pune
E003678,C026,P004,2026-04-30 15:49:58,5.69,64.37,0.68,28.567026,70.187407,Delhi
E003679,C006,P002,2026-04-19 00:48:11,15.92,81.26,0.35,27.181279,76.476197,Ahmedabad
E003680,C038,P002,2026-05-08 04:19:54,11.07,61.66,0.61,21.140499,75.276276,Delhi
E003681,C026,P004,2026-04-05 12:42:40,10.85,87.82,0.19,20.985328,77.290256,Jaipur
E003682,C006,P002,2026-05-02 03:48:26,14.75,90.66,0.41,25.745985,70.316267,Pune
E003683,C036,P004,2026-05-22 04:09:39,10.04,73.34,0.21,26.920642,75.035218,Mumbai
E003684,C030,P001,2026-02-15 00:25:41,13.76,91.68,0.31,28.918286,75.025245,Mumbai
E003685,C021,P002,2026-05-26 21:00:54,4.42,81.66,0.31,28.500967,78.362308,Jaipur
E003686,C026,P001,2026-02-04 00:14:55,4.51,84.43,0.13,22.850512,76.161672,Ahmedabad
E003687,C018,P003,2026-05-19 04:02:11,11.93,87.12,0.01,20.543118,78.09963,Pune
E003688,C034,P003,2026-06-01 02:24:06,9.95,91.74,0.58,29.442626,74.903763,Ahmedabad
E003689,C047,P004,2026-01-16 16:35:38,11.17,72.65,0.52,24.696907,70.634444,Jaipur
E003690,C003,P002,2026-05-01 12:27:22,15.45,92.09,0.82,24.421756,73.700208,Delhi
E003691,C049,P004,2026-02-18 05:03:42,10.99,60.84,0.27,22.832724,79.254884,Ahmedabad
E003692,C004,P004,2026-05-23 11:16:52,15.36,68.55,0.32,21.350514,72.895527,Ahmedabad
E003693,C020,P002,2026-02-03 03:14:42,14.44,70.58,0.61,29.484683,70.749011,Jaipur
E003694,C010,P002,2026-04-21 16:15:57,13.36,61.83,0.73,24.14012,78.763567,Jaipur
E003695,C041,P001,2026-06-27 02:21:38,15.95,81.41,0.78,21.917095,76.831241,Delhi
E003696,C003,P002,2026-06-22 18:30:31,11.91,72.83,0.97,21.158916,71.845561,Pune
E003697,C022,P004,2026-02-03 05:16:46,6.32,75.25,0.1,28.057358,72.884543,Jaipur
E003698,C015,P004,2026-02-19 08:47:01,10.17,84.46,0.97,27.751088,70.363738,Pune
E003699,C014,P001,2026-04-06 13:23:58,11.74,85.11,0.12,22.877363,78.520059,Mumbai
E003700,C048,P003,2026-01-10 13:20:59,9.19,71.4,0.0,28.600211,73.484662,Mumbai
E003701,C016,P004,2026-06-16 04:04:46,14.3,68.25,0.74,21.704019,79.694704,Pune
E003702,C036,P002,2026-02-08 04:43:30,7.23,65.23,0.19,28.284136,72.728332,Delhi
E003703,C020,P003,2026-06-06 14:43:17,11.09,91.49,0.19,25.456339,72.34438,Pune
E003704,C035,P001,2026-03-30 12:19:14,15.0,84.88,0.92,24.761711,73.268497,Delhi
E003705,C045,P003,2026-01-15 16:21:27,14.96,62.18,0.83,27.935754,70.459342,Ahmedabad
E003706,C037,P004,2026-03-04 22:32:28,15.11,86.07,0.79,26.187109,76.046359,Ahmedabad
E003707,C018,P001,2026-01-16 05:35:20,10.72,65.35,0.68,20.770554,77.43014,Pune
E003708,C041,P003,2026-02-26 20:19:43,5.33,66.76,0.6,27.927867,77.729799,Mumbai
E003709,C019,P002,2026-05-14 00:08:55,12.44,93.71,0.17,23.43241,71.769915,Delhi
E003710,C009,P003,2026-02-08 05:00:41,4.9,63.91,0.44,23.90845,78.773804,Delhi
E003711,C014,P001,2026-03-31 16:32:15,10.14,83.39,0.7,29.308238,76.080998,Ahmedabad
E003712,C002,P001,2026-01-15 03:48:20,12.65,70.31,0.83,25.6419,78.971007,Delhi
E003713,C050,P003,2026-05-23 17:08:31,9.0,86.29,0.12,25.575917,72.224716,Delhi
E003714,C010,P003,2026-03-19 18:17:01,4.91,75.71,0.64,25.504146,79.82606,Mumbai
E003715,C005,P002,2026-03-20 04:51:35,13.04,82.09,0.8,20.499091,74.372762,Mumbai
E003716,C016,P001,2026-03-02 01:09:53,13.45,72.49,0.91,20.736079,76.99786,Delhi
E003717,C038,P003,2026-04-26 08:05:09,9.19,68.54,0.18,24.285493,72.822421,Ahmedabad
E003718,C001,P004,2026-03-12 13:29:02,8.97,88.13,0.9,25.941147,71.06483,Pune
E003719,C004,P004,2026-06-06 08:51:15,5.17,85.86,0.73,24.000914,70.732129,Jaipur
E003720,C031,P003,2026-05-25 02:04:53,11.22,89.58,0.19,22.595352,78.014796,Mumbai
E003721,C015,P002,2026-03-03 01:09:17,10.66,89.91,0.18,29.812074,71.075222,Mumbai
E003722,C037,P003,2026-02-12 11:43:16,10.16,69.53,0.69,28.576939,70.25449,Mumbai
E003723,C034,P004,2026-04-09 18:23:53,15.76,72.79,0.5,28.020316,76.780724,Pune
E003724,C026,P004,2026-06-21 04:16:57,15.98,88.12,0.75,22.921461,79.87715,Jaipur
E003725,C049,P003,2026-02-22 18:42:46,8.03,62.0,0.73,27.92417,71.23625,Pune
E003726,C003,P004,2026-04-01 07:36:15,14.17,63.45,0.86,20.551368,75.623212,Ahmedabad
E003727,C033,P001,2026-05-29 23:17:56,12.66,84.7,0.92,21.597924,79.993668,Ahmedabad
E003728,C033,P004,2026-02-27 18:54:17,15.79,66.07,0.12,24.23237,78.601681,Pune
E003729,C003,P002,2026-03-24 04:15:52,13.33,74.23,0.48,22.233754,71.469725,Mumbai
E003730,C020,P004,2026-01-28 14:24:57,8.11,60.44,0.77,29.781014,71.147204,Jaipur
E003731,C004,P001,2026-01-05 17:40:50,8.8,72.7,0.12,23.806106,74.89656,Jaipur
E003732,C012,P002,2026-06-29 04:17:51,8.17,69.45,0.6,27.41334,71.53958,Ahmedabad
E003733,C025,P004,2026-04-28 20:19:50,15.08,82.41,0.58,28.112579,71.786852,Jaipur
E003734,C031,P003,2026-06-07 01:37:01,10.03,74.65,0.95,28.622659,79.200978,Pune
E003735,C046,P004,2026-01-05 14:15:33,5.06,64.35,0.32,27.492599,71.968457,Jaipur
E003736,C033,P003,2026-03-16 12:25:10,4.87,79.81,0.67,20.677205,73.292428,Mumbai
E003737,C001,P003,2026-05-24 06:03:05,13.23,60.42,0.64,25.310469,79.963115,Jaipur
E003738,C023,P003,2026-03-06 11:56:27,11.7,71.14,0.54,20.048145,70.053366,Ahmedabad
E003739,C015,P002,2026-01-23 18:12:35,4.16,68.83,0.74,22.353466,79.307282,Jaipur
E003740,C035,P001,2026-05-05 03:23:22,15.91,94.07,0.91,25.44863,75.119246,Pune
E003741,C007,P002,2026-04-28 14:30:12,7.92,66.42,0.39,21.210952,70.528708,Jaipur
E003742,C031,P002,2026-06-25 17:30:29,12.03,77.83,0.08,25.826785,78.542328,Delhi
E003743,C036,P001,2026-05-18 22:55:14,11.06,86.02,0.49,21.372008,73.457083,Mumbai
E003744,C020,P004,2026-06-29 01:19:23,12.15,72.56,0.5,21.139224,79.084004,Jaipur
E003745,C047,P003,2026-06-12 15:46:45,14.79,84.82,0.5,24.498503,72.844105,Jaipur
E003746,C020,P003,2026-05-21 01:19:13,12.55,76.81,0.75,24.732402,71.623442,Mumbai
E003747,C012,P002,2026-06-06 01:51:34,6.16,77.33,0.54,25.480472,78.570326,Pune
E003748,C009,P004,2026-01-04 13:17:42,5.86,65.36,0.03,25.691663,72.37019,Mumbai
E003749,C034,P002,2026-05-25 02:48:20,10.88,84.4,0.16,25.98756,72.782157,Pune
E003750,C044,P002,2026-03-18 11:59:08,5.06,85.25,0.62,28.291354,74.730326,Ahmedabad
E003751,C041,P001,2026-03-14 22:10:29,7.95,65.75,0.9,20.621943,76.646518,Mumbai
E003752,C020,P004,2026-05-13 05:40:05,14.18,90.72,0.65,21.547112,75.912396,Jaipur
E003753,C012,P002,2026-04-17 16:20:04,15.5,68.58,0.13,29.892274,72.352713,Ahmedabad
E003754,C035,P003,2026-01-08 07:01:30,13.66,66.04,0.8,20.050859,76.643006,Delhi
E003755,C013,P004,2026-04-21 17:59:19,12.87,60.51,0.86,27.4709,72.845001,Jaipur
E003756,C017,P002,2026-01-02 15:03:11,14.0,70.5,0.35,29.212573,76.622107,Mumbai
E003757,C013,P003,2026-04-19 19:25:42,4.5,93.17,0.36,29.983857,73.126859,Ahmedabad
E003758,C033,P001,2026-02-03 11:42:02,5.21,87.71,0.29,24.132745,71.664721,Delhi
E003759,C006,P003,2026-03-31 13:11:10,4.28,79.34,0.48,28.333793,71.864597,Delhi
E003760,C011,P001,2026-04-07 02:10:49,11.02,88.66,0.39,20.29047,70.049555,Mumbai
E003761,C035,P001,2026-04-29 04:16:48,14.28,72.15,0.36,28.566908,79.665105,Ahmedabad
E003762,C030,P001,2026-05-04 22:58:42,12.86,82.59,0.88,27.414505,70.09934,Jaipur
E003763,C015,P001,2026-03-06 06:18:08,4.41,78.65,0.97,23.325609,75.867801,Ahmedabad
E003764,C001,P002,2026-02-27 10:32:08,11.9,82.48,0.2,27.579502,78.360385,Delhi
E003765,C033,P004,2026-01-24 21:31:10,5.38,73.97,0.62,27.421002,74.769842,Ahmedabad
E003766,C018,P001,2026-03-17 08:03:12,8.49,92.55,0.78,26.157759,72.011636,Pune
E003767,C017,P003,2026-05-24 02:06:56,15.29,83.48,0.26,28.112384,79.298683,Pune
E003768,C033,P003,2026-01-18 10:38:37,10.18,68.65,0.83,20.860201,75.372572,Ahmedabad
E003769,C008,P004,2026-02-15 13:45:51,11.14,65.41,0.81,27.70528,77.732261,Jaipur
E003770,C009,P002,2026-02-21 02:42:50,5.45,73.9,0.51,20.775192,71.58085,Ahmedabad
E003771,C047,P002,2026-01-11 18:31:27,6.83,64.45,0.75,27.596729,77.691592,Jaipur
E003772,C005,P004,2026-02-07 12:21:41,7.12,87.61,0.02,22.378419,79.405646,Pune
E003773,C005,P001,2026-04-15 01:45:45,6.61,77.62,0.97,22.322131,75.995657,Pune
E003774,C025,P004,2026-03-05 11:58:39,8.84,77.96,0.34,23.176352,71.910528,Jaipur
E003775,C011,P003,2026-06-12 13:45:09,15.36,60.4,0.55,21.142207,76.282954,Ahmedabad
E003776,C047,P001,2026-02-10 05:14:45,10.86,68.54,0.04,21.144045,79.594348,Pune
E003777,C011,P002,2026-03-16 00:37:16,12.45,84.02,0.08,21.793498,73.423936,Jaipur
E003778,C022,P001,2026-06-16 04:22:10,11.56,61.57,0.36,22.549241,79.241589,Jaipur
E003779,C005,P004,2026-03-14 21:45:08,4.14,63.84,0.39,29.322421,71.29432,Pune
E003780,C026,P001,2026-01-19 07:11:55,12.96,67.06,0.8,22.455678,76.789481,Jaipur
E003781,C031,P002,2026-05-31 16:26:45,14.47,61.72,0.64,27.794243,70.254839,Delhi
E003782,C007,P002,2026-06-09 10:04:34,12.75,83.33,0.04,23.092293,75.781986,Jaipur
E003783,C024,P004,2026-04-23 17:09:56,5.68,74.22,0.13,29.037298,70.223143,Mumbai
E003784,C001,P002,2026-04-15 22:57:26,9.32,82.71,0.78,23.847489,70.713116,Pune
E003785,C021,P001,2026-06-10 06:17:51,15.45,85.65,0.43,26.05686,73.094868,Jaipur
E003786,C034,P002,2026-06-10 02:19:57,11.05,87.78,0.37,26.390988,79.625278,Mumbai
E003787,C032,P001,2026-03-23 16:00:44,7.74,73.1,0.11,23.90761,74.489467,Mumbai
E003788,C009,P002,2026-01-31 02:14:02,4.72,89.53,0.33,23.479152,75.542924,Ahmedabad
E003789,C032,P004,2026-04-20 03:32:17,5.49,85.05,0.68,20.639205,73.116997,Delhi
E003790,C003,P004,2026-02-08 00:57:55,11.8,72.69,0.06,24.358847,79.12765,Delhi
E003791,C017,P004,2026-02-07 03:45:00,13.14,79.58,0.17,28.480155,78.509736,Ahmedabad
E003792,C019,P004,2026-06-08 16:53:48,4.63,73.09,0.8,22.653965,72.40622,Delhi
E003793,C022,P003,2026-01-22 20:34:46,4.96,72.9,0.14,20.317298,78.588398,Pune
E003794,C040,P002,2026-02-13 05:32:06,7.95,80.17,0.8,29.068197,79.582914,Jaipur
E003795,C014,P003,2026-06-19 17:42:21,13.14,68.79,0.1,22.789458,71.729658,Delhi
E003796,C042,P001,2026-05-30 05:23:34,15.96,91.21,0.38,26.656018,74.412962,Pune
E003797,C023,P001,2026-03-17 23:52:17,14.93,93.54,0.07,22.63544,75.919045,Pune
E003798,C033,P001,2026-03-10 21:58:49,7.14,73.91,0.48,20.883037,79.539123,Pune
E003799,C045,P003,2026-03-15 06:46:54,6.4,88.82,0.15,21.592674,76.474894,Delhi
E003800,C036,P001,2026-02-18 14:37:19,4.64,69.74,0.21,23.54401,77.533346,Delhi
E003801,C048,P004,2026-06-09 21:12:09,10.08,61.53,0.47,27.210179,76.600946,Delhi
E003802,C005,P001,2026-06-03 15:15:11,15.89,66.64,0.39,24.891742,72.640209,Ahmedabad
E003803,C038,P002,2026-05-13 10:52:07,8.36,68.69,0.59,24.811161,75.077727,Pune
E003804,C027,P003,2026-06-20 23:31:46,8.02,67.09,0.88,24.314758,78.392618,Ahmedabad
E003805,C024,P001,2026-06-19 19:39:13,15.75,94.2,0.09,27.556508,74.117721,Delhi
E003806,C016,P002,2026-04-01 03:18:54,7.52,78.88,0.37,25.993037,72.735876,Jaipur
E003807,C035,P004,2026-01-05 19:34:33,12.9,92.32,0.57,20.303802,77.138367,Ahmedabad
E003808,C042,P001,2026-04-28 02:13:40,12.52,84.89,0.5,28.111524,78.433305,Mumbai
E003809,C027,P001,2026-06-05 08:22:00,7.86,94.25,0.52,24.924766,75.886294,Delhi
E003810,C001,P001,2026-02-20 17:09:47,6.73,90.87,0.21,22.258434,75.431028,Ahmedabad
E003811,C005,P003,2026-02-11 01:26:20,13.4,92.08,0.05,28.694234,75.23107,Mumbai
E003812,C005,P004,2026-06-07 20:28:48,14.59,64.75,0.11,29.432807,75.617849,Delhi
E003813,C032,P002,2026-06-09 05:01:44,12.07,71.4,0.86,24.907389,77.691025,Jaipur
E003814,C009,P003,2026-06-02 14:47:57,15.18,67.89,0.54,21.914,70.88929,Pune
E003815,C046,P002,2026-05-02 07:44:16,10.1,81.05,0.31,28.472173,74.624981,Ahmedabad
E003816,C001,P001,2026-05-22 22:52:29,5.92,72.16,0.26,27.075985,70.457573,Pune
E003817,C034,P002,2026-05-16 05:34:09,6.0,69.0,0.1,27.671955,79.869597,Pune
E003818,C049,P001,2026-01-18 17:40:38,11.07,70.15,0.31,27.608551,71.811101,Ahmedabad
E003819,C032,P003,2026-05-11 18:11:02,9.7,81.77,0.52,25.192765,78.241185,Ahmedabad
E003820,C035,P002,2026-01-13 00:30:50,10.77,82.95,0.35,22.106128,70.91156,Mumbai
E003821,C018,P003,2026-04-04 12:06:24,15.09,61.02,0.74,29.739261,79.943778,Delhi
E003822,C011,P004,2026-05-07 20:59:32,11.45,64.7,0.17,28.554534,79.909851,Mumbai
E003823,C025,P001,2026-05-17 08:47:13,14.19,63.41,0.68,24.256827,76.003993,Delhi
E003824,C049,P004,2026-06-08 14:25:29,12.79,76.18,0.6,22.782876,72.058146,Ahmedabad
E003825,C027,P002,2026-06-26 05:04:12,8.35,80.52,0.04,27.779385,76.093977,Delhi
E003826,C044,P003,2026-03-23 00:12:58,11.34,86.62,0.32,22.579819,79.455478,Pune
E003827,C040,P004,2026-02-04 11:36:05,9.73,75.46,0.24,26.34792,70.417639,Pune
E003828,C031,P003,2026-02-24 04:02:41,15.14,76.05,0.95,25.103052,79.576027,Delhi
E003829,C013,P004,2026-05-21 06:22:16,9.75,70.64,0.18,22.167452,77.597553,Delhi
E003830,C047,P002,2026-06-27 14:53:26,14.9,91.46,0.22,22.467699,79.615182,Pune
E003831,C022,P004,2026-02-16 18:25:53,8.48,90.66,0.96,27.873171,73.145604,Mumbai
E003832,C036,P001,2026-04-03 00:34:22,13.81,85.37,0.56,26.300368,76.981778,Delhi
E003833,C015,P003,2026-03-11 15:46:25,5.57,76.51,0.93,24.362862,78.366527,Mumbai
E003834,C015,P002,2026-06-12 20:25:04,10.02,87.24,0.92,28.13113,73.840565,Ahmedabad
E003835,C023,P004,2026-03-20 05:58:45,13.0,66.86,0.7,28.70307,71.400947,Jaipur
E003836,C010,P001,2026-05-02 21:34:27,6.37,75.67,0.95,26.47937,73.941346,Pune
E003837,C005,P003,2026-03-15 21:13:07,15.11,67.63,0.97,26.364359,75.637948,Pune
E003838,C017,P004,2026-05-16 11:19:36,14.24,62.86,0.51,27.149581,75.48703,Ahmedabad
E003839,C040,P004,2026-03-28 22:44:44,4.2,63.51,0.66,28.317865,71.378024,Mumbai
E003840,C047,P004,2026-02-13 17:21:56,11.47,68.41,0.0,22.299811,76.375236,Mumbai
E003841,C029,P002,2026-04-20 02:14:42,6.55,80.75,0.27,27.404371,71.05062,Pune
E003842,C039,P004,2026-05-22 11:42:46,6.17,68.41,0.36,24.526282,79.199878,Mumbai
E003843,C036,P004,2026-06-19 20:15:49,5.09,76.52,0.83,27.366712,70.918084,Ahmedabad
E003844,C018,P002,2026-02-10 06:42:58,8.75,85.51,0.69,22.266102,71.733981,Ahmedabad
E003845,C021,P002,2026-04-28 01:24:30,10.54,63.91,0.25,21.878693,76.404374,Jaipur
E003846,C018,P001,2026-02-01 11:43:27,5.64,87.46,0.4,25.286918,72.753847,Ahmedabad
E003847,C031,P004,2026-02-20 04:55:32,13.53,66.6,0.94,28.369319,71.56883,Jaipur
E003848,C022,P003,2026-04-27 08:04:19,6.93,69.95,0.03,22.439044,74.944635,Pune
E003849,C018,P002,2026-01-19 13:04:26,7.21,72.76,0.49,20.439804,70.175933,Ahmedabad
E003850,C036,P001,2026-02-11 21:09:57,8.42,75.82,0.05,25.055082,77.101517,Delhi
E003851,C031,P002,2026-03-08 07:43:51,14.34,87.65,0.45,28.801354,77.076433,Delhi
E003852,C012,P002,2026-03-07 05:50:02,14.96,73.77,0.38,22.518387,71.973365,Ahmedabad
E003853,C004,P003,2026-01-12 20:39:57,13.85,72.43,0.34,26.201668,74.494011,Jaipur
E003854,C007,P001,2026-04-19 23:55:10,7.72,79.7,0.02,28.74828,72.92933,Ahmedabad
E003855,C013,P002,2026-06-27 20:34:02,11.42,86.75,0.62,20.284004,77.069612,Pune
E003856,C034,P001,2026-04-08 23:39:51,12.47,81.84,0.58,27.424675,72.330368,Pune
E003857,C021,P002,2026-01-17 22:28:28,7.22,84.9,0.12,29.646428,74.237532,Pune
E003858,C013,P004,2026-03-31 15:57:04,7.3,72.34,0.59,25.03041,74.510288,Pune
E003859,C005,P001,2026-01-26 20:15:31,4.67,74.54,0.6,20.161085,70.042019,Delhi
E003860,C026,P003,2026-05-09 03:05:28,15.86,66.6,0.71,29.279968,78.388008,Mumbai
E003861,C050,P002,2026-03-21 07:47:13,11.75,63.31,0.95,28.777389,75.56181,Mumbai
E003862,C036,P003,2026-01-19 14:29:25,8.28,94.61,0.0,26.989973,75.67803,Mumbai
E003863,C028,P001,2026-06-14 17:01:14,9.29,82.43,0.98,29.21225,77.677886,Ahmedabad
E003864,C024,P003,2026-05-16 06:39:40,7.39,72.03,0.88,24.301223,74.409844,Ahmedabad
E003865,C013,P001,2026-01-02 12:00:31,12.13,72.34,0.12,26.817838,70.828207,Mumbai
E003866,C014,P002,2026-05-13 07:19:17,9.2,82.82,0.33,26.908355,79.598738,Ahmedabad
E003867,C035,P001,2026-05-23 19:06:10,4.49,77.92,0.52,25.423775,74.708436,Pune
E003868,C001,P002,2026-03-15 19:16:53,12.68,83.6,0.62,26.977949,71.015657,Delhi
E003869,C041,P004,2026-05-14 15:32:05,4.61,66.86,0.9,26.086418,78.899681,Jaipur
E003870,C021,P002,2026-06-06 08:33:19,4.67,79.47,0.95,25.779357,78.911372,Jaipur
E003871,C024,P001,2026-06-24 01:24:01,5.88,60.52,0.24,25.40497,73.817935,Mumbai
E003872,C018,P004,2026-04-21 16:27:24,10.49,80.02,0.66,27.824442,73.089093,Ahmedabad
E003873,C032,P004,2026-03-25 14:52:52,12.89,70.98,0.78,24.960872,73.614129,Ahmedabad
E003874,C016,P003,2026-03-12 04:17:18,7.06,68.27,0.5,26.116055,70.138211,Ahmedabad
E003875,C038,P004,2026-01-18 05:54:22,15.65,92.02,0.69,24.696781,75.189953,Mumbai
E003876,C007,P003,2026-06-18 05:07:00,10.86,70.32,0.71,29.046054,79.893292,Delhi
E003877,C047,P002,2026-02-11 11:51:38,5.24,72.62,0.39,27.395191,76.603828,Delhi
E003878,C003,P001,2026-01-15 21:07:12,4.91,60.67,0.07,24.388579,79.630646,Pune
E003879,C010,P001,2026-01-27 16:17:31,13.63,87.49,0.18,26.616369,77.062988,Jaipur
E003880,C014,P004,2026-03-06 23:49:46,5.17,81.42,0.34,21.245346,70.835939,Delhi
E003881,C031,P001,2026-05-12 04:29:07,6.33,65.53,0.73,24.054293,76.05384,Mumbai
E003882,C047,P001,2026-01-17 15:40:16,10.79,69.53,1.0,25.025439,73.996182,Delhi
E003883,C011,P002,2026-05-15 17:50:59,7.44,94.97,0.72,29.370169,73.214604,Delhi
E003884,C044,P004,2026-04-24 14:56:29,15.18,86.36,0.4,23.90335,75.009905,Ahmedabad
E003885,C046,P002,2026-06-12 20:48:10,4.02,69.24,0.69,21.851354,74.631812,Delhi
E003886,C038,P001,2026-05-31 05:16:59,12.41,89.8,0.97,27.249863,71.429921,Pune
E003887,C034,P001,2026-06-09 07:13:50,5.81,78.98,0.92,25.736984,79.163992,Jaipur
E003888,C012,P002,2026-03-08 07:56:28,6.75,83.75,0.77,23.856784,78.905831,Jaipur
E003889,C038,P003,2026-01-27 12:57:55,11.91,91.66,0.86,29.928003,72.259996,Ahmedabad
E003890,C037,P003,2026-04-07 00:22:37,7.19,76.74,0.55,27.974314,70.188241,Pune
E003891,C030,P002,2026-01-15 08:01:20,5.42,90.7,0.83,26.630732,79.352031,Pune
E003892,C015,P002,2026-01-06 07:31:18,11.19,61.39,0.82,28.089589,72.67618,Pune
E003893,C042,P001,2026-06-13 01:21:45,5.62,63.7,0.62,20.684781,76.086227,Delhi
E003894,C001,P001,2026-03-03 20:52:33,11.23,81.81,0.18,22.22513,75.124117,Jaipur
E003895,C027,P003,2026-05-15 13:41:29,15.46,81.85,0.47,21.914534,75.128746,Delhi
E003896,C023,P002,2026-03-12 00:56:57,4.12,71.19,0.89,26.7188,70.04486,Mumbai
E003897,C037,P002,2026-01-03 23:25:05,15.51,73.69,0.02,27.430275,75.549892,Ahmedabad
E003898,C023,P001,2026-02-04 12:11:48,10.9,90.87,0.96,20.596751,72.814045,Jaipur
E003899,C013,P001,2026-06-08 18:48:14,10.81,87.27,0.96,22.78547,70.960979,Pune
E003900,C047,P002,2026-01-05 05:02:47,7.39,94.25,0.4,28.735638,79.016381,Pune
E003901,C037,P001,2026-03-29 19:18:09,9.05,68.65,0.62,21.432105,74.508394,Delhi
E003902,C003,P001,2026-03-30 03:31:01,11.42,86.09,0.61,21.633136,78.836827,Ahmedabad
E003903,C049,P003,2026-05-13 20:03:44,7.93,89.43,0.54,28.672036,76.650629,Mumbai
E003904,C022,P002,2026-04-15 01:01:34,13.56,73.24,0.36,29.941941,73.071184,Ahmedabad
E003905,C004,P004,2026-05-29 19:58:28,8.15,88.28,0.25,23.601092,73.158353,Delhi
E003906,C019,P004,2026-04-20 03:16:57,12.65,76.44,0.81,28.484826,78.735248,Jaipur
E003907,C049,P002,2026-01-17 18:11:32,9.15,69.27,0.43,25.225163,71.6613,Delhi
E003908,C036,P001,2026-05-12 13:16:22,4.3,61.81,0.66,21.58624,74.040537,Pune
E003909,C009,P001,2026-03-04 20:43:43,6.37,78.71,0.27,22.214114,77.462848,Jaipur
E003910,C050,P004,2026-01-03 06:15:59,7.63,81.11,0.24,27.644794,75.259198,Mumbai
E003911,C029,P001,2026-03-26 06:56:16,9.34,93.04,0.28,26.298283,76.564175,Mumbai
E003912,C011,P003,2026-04-17 05:48:35,14.91,77.75,0.1,20.57485,75.819501,Mumbai
E003913,C013,P004,2026-03-24 23:10:33,9.16,69.49,0.29,23.256713,70.905559,Ahmedabad
E003914,C028,P003,2026-03-07 04:27:42,8.02,84.79,0.51,23.084494,70.163776,Jaipur
E003915,C017,P001,2026-01-07 14:54:34,6.51,79.68,0.78,24.448713,75.433309,Pune
E003916,C005,P002,2026-02-18 00:57:40,15.12,79.73,0.27,26.21808,77.259574,Ahmedabad
E003917,C028,P004,2026-01-17 03:47:02,12.13,75.24,0.11,27.390469,73.517705,Jaipur
E003918,C013,P002,2026-02-11 23:34:57,12.28,87.29,0.64,29.750604,73.128711,Pune
E003919,C011,P004,2026-04-27 22:29:41,4.25,94.39,0.91,27.044145,70.060137,Jaipur
E003920,C044,P001,2026-06-22 09:16:46,6.28,72.96,0.1,25.076906,73.657738,Delhi
E003921,C013,P001,2026-03-11 06:11:19,6.62,77.19,0.24,23.904768,74.525997,Delhi
E003922,C035,P001,2026-04-25 04:03:52,4.05,73.36,0.29,25.636737,70.562281,Mumbai
E003923,C020,P004,2026-04-30 14:02:22,12.42,74.32,0.22,21.69429,78.566167,Jaipur
E003924,C033,P003,2026-01-23 16:32:30,6.23,72.0,0.55,21.238935,79.720783,Delhi
E003925,C011,P003,2026-03-13 06:51:49,7.59,74.57,0.27,23.628777,71.415274,Delhi
E003926,C041,P001,2026-02-24 22:10:56,11.44,92.15,0.65,21.62285,76.731599,Mumbai
E003927,C023,P002,2026-05-17 22:11:03,12.33,64.61,0.91,28.935233,72.951693,Ahmedabad
E003928,C015,P004,2026-03-07 15:02:18,15.76,72.29,0.57,20.347275,72.915057,Pune
E003929,C014,P001,2026-05-18 05:03:57,11.19,80.81,0.88,25.643447,73.623206,Jaipur
E003930,C027,P002,2026-01-13 12:16:02,13.62,69.63,0.76,27.06063,79.885131,Jaipur
E003931,C021,P002,2026-06-04 03:16:33,4.07,61.71,0.03,29.903014,76.631646,Ahmedabad
E003932,C006,P001,2026-04-16 19:18:13,8.81,87.04,0.28,29.634241,74.58693,Mumbai
E003933,C009,P004,2026-03-03 04:05:28,6.09,76.5,0.62,22.674967,73.524763,Pune
E003934,C011,P004,2026-06-29 15:48:32,10.63,69.28,0.13,29.644563,74.825299,Jaipur
E003935,C015,P001,2026-06-12 03:14:43,15.61,65.1,0.32,27.564985,77.461263,Ahmedabad
E003936,C049,P002,2026-01-29 09:14:07,8.91,72.49,0.99,24.245267,74.122829,Mumbai
E003937,C003,P002,2026-03-20 06:38:23,14.47,84.61,0.17,24.212142,75.45209,Delhi
E003938,C017,P002,2026-03-04 00:03:14,15.37,66.03,0.19,20.319574,77.351975,Delhi
E003939,C019,P001,2026-04-14 02:02:01,11.83,87.59,0.81,23.340351,75.962643,Jaipur
E003940,C044,P001,2026-01-30 13:30:18,4.16,94.08,0.44,20.39028,71.750075,Pune
E003941,C018,P001,2026-05-05 20:34:20,14.21,82.39,0.66,26.523783,74.216845,Pune
E003942,C028,P001,2026-04-05 13:27:25,11.08,94.86,0.17,26.761253,72.21415,Pune
E003943,C004,P004,2026-04-28 00:56:27,5.91,83.84,0.02,29.317074,77.724353,Jaipur
E003944,C038,P004,2026-02-28 00:29:26,7.38,68.76,0.51,27.582725,78.691815,Mumbai
E003945,C039,P002,2026-04-24 00:12:51,14.57,81.44,0.61,23.947134,77.474787,Pune
E003946,C008,P002,2026-03-29 13:04:09,8.28,82.87,0.29,26.704313,72.009491,Mumbai
E003947,C014,P002,2026-04-24 17:16:21,4.44,67.62,0.4,22.024086,75.175971,Ahmedabad
E003948,C005,P003,2026-04-21 05:12:38,6.62,87.17,0.74,29.383816,72.243727,Delhi
E003949,C008,P002,2026-06-04 07:43:50,14.67,82.81,0.37,22.354772,72.945077,Delhi
E003950,C036,P003,2026-06-27 18:57:16,14.54,69.21,0.81,22.154805,77.029229,Mumbai
E003951,C046,P001,2026-04-09 11:34:29,7.75,62.62,0.75,26.630486,79.347196,Ahmedabad
E003952,C017,P001,2026-05-21 23:09:18,9.03,90.74,0.22,24.566108,77.773447,Delhi
E003953,C034,P003,2026-06-18 12:34:14,5.72,84.15,0.61,27.997216,75.509781,Ahmedabad
E003954,C013,P002,2026-06-21 07:49:51,10.89,78.45,0.62,26.718662,77.525132,Pune
E003955,C020,P003,2026-03-02 19:28:04,9.98,66.31,0.01,29.859636,75.785197,Ahmedabad
E003956,C024,P002,2026-02-12 23:07:49,4.56,86.51,0.38,25.982612,74.811117,Pune
E003957,C005,P001,2026-05-05 16:45:55,8.51,84.75,0.32,27.927387,73.029506,Jaipur
E003958,C017,P004,2026-06-03 04:51:30,5.68,93.15,0.61,28.227899,73.452641,Ahmedabad
E003959,C006,P003,2026-06-20 22:39:32,7.37,85.29,0.53,27.558967,70.780416,Pune
E003960,C013,P004,2026-05-08 00:26:52,10.69,94.64,0.37,24.189506,74.68559,Mumbai
E003961,C037,P003,2026-01-10 08:34:14,12.61,61.61,0.06,20.837996,73.486048,Pune
E003962,C038,P001,2026-01-29 10:38:49,12.5,87.68,0.94,24.594146,76.176253,Jaipur
E003963,C040,P001,2026-06-05 22:03:04,15.09,74.03,0.84,21.128959,72.570142,Ahmedabad
E003964,C047,P003,2026-01-12 12:52:56,14.41,74.48,0.48,24.0763,78.943507,Pune
E003965,C033,P003,2026-03-11 06:16:32,7.48,65.4,0.98,29.01223,79.578091,Ahmedabad
E003966,C016,P004,2026-03-31 05:01:29,10.76,63.52,0.05,28.681171,71.47961,Mumbai
E003967,C007,P001,2026-06-27 10:14:15,11.72,64.39,0.39,26.88085,76.221673,Ahmedabad
E003968,C013,P002,2026-03-30 13:01:36,6.96,80.91,0.58,22.792197,71.722594,Delhi
E003969,C008,P001,2026-02-08 03:04:57,7.13,62.08,0.51,21.828406,72.627131,Mumbai
E003970,C023,P003,2026-02-07 21:58:50,6.24,87.85,0.46,21.676121,79.7763,Ahmedabad
E003971,C003,P003,2026-05-13 04:57:21,10.49,66.94,0.46,24.003856,71.875893,Delhi
E003972,C042,P003,2026-06-08 18:48:38,6.63,61.17,0.55,28.379733,78.446945,Pune
E003973,C027,P003,2026-01-20 07:54:18,4.5,69.23,0.93,20.113882,71.612323,Jaipur
E003974,C030,P004,2026-04-21 03:16:35,14.45,65.27,0.8,27.887628,76.542243,Jaipur
E003975,C045,P002,2026-01-09 10:20:42,13.84,93.22,0.69,29.598978,77.374509,Ahmedabad
E003976,C042,P003,2026-06-18 11:36:31,13.67,83.43,0.92,25.818377,76.514447,Mumbai
E003977,C033,P001,2026-04-07 20:58:44,8.09,90.23,0.04,25.229392,76.85478,Ahmedabad
E003978,C021,P001,2026-01-03 07:49:43,10.1,66.2,0.11,21.379385,75.297111,Delhi
E003979,C047,P001,2026-03-17 07:49:04,13.73,69.21,0.92,25.929514,73.481988,Ahmedabad
E003980,C048,P002,2026-04-25 09:29:38,11.4,82.2,0.95,27.501474,77.668136,Mumbai
E003981,C030,P004,2026-02-18 07:51:52,7.71,64.81,0.16,22.065466,77.876858,Pune
E003982,C045,P001,2026-02-10 15:13:52,6.89,85.11,0.73,21.688219,73.459606,Mumbai
E003983,C012,P002,2026-04-14 09:16:09,5.05,74.65,0.64,27.901554,71.543881,Mumbai
E003984,C046,P003,2026-06-18 20:15:26,13.43,87.48,0.99,28.95612,78.316804,Mumbai
E003985,C044,P003,2026-04-26 13:08:26,13.74,79.91,0.96,20.675591,75.513621,Ahmedabad
E003986,C034,P001,2026-04-02 21:58:10,12.62,79.75,0.83,25.540639,79.350088,Mumbai
E003987,C032,P001,2026-04-03 12:55:22,9.64,68.84,0.08,25.715987,76.635514,Mumbai
E003988,C019,P003,2026-02-21 17:01:50,14.8,74.48,0.77,29.309121,79.679943,Jaipur
E003989,C031,P001,2026-02-10 06:10:18,10.49,74.55,0.16,25.716545,71.351893,Mumbai
E003990,C037,P004,2026-05-05 02:18:40,7.63,68.05,0.25,28.009024,76.712288,Ahmedabad
E003991,C041,P003,2026-02-20 07:33:52,4.9,62.24,0.02,29.28748,75.848972,Mumbai
E003992,C046,P002,2026-04-19 03:40:42,15.91,70.61,0.98,26.699664,74.602496,Jaipur
E003993,C006,P003,2026-03-26 23:51:28,12.11,70.19,0.33,28.088496,77.206763,Mumbai
E003994,C008,P003,2026-06-30 12:39:36,6.73,78.38,0.91,23.126891,71.047845,Delhi
E003995,C004,P002,2026-01-02 23:27:09,10.86,73.2,0.08,22.132856,73.632638,Jaipur
E003996,C021,P002,2026-03-05 02:59:03,9.99,74.64,0.33,21.333536,75.408842,Ahmedabad
E003997,C001,P003,2026-01-09 22:58:03,13.87,70.32,0.58,24.242077,76.171306,Pune
E003998,C015,P001,2026-01-13 04:32:42,6.26,84.31,0.27,24.7884,74.945099,Delhi
E003999,C040,P003,2026-01-03 15:54:44,8.1,78.73,1.0,20.94002,79.501364,Mumbai
E004000,C046,P002,2026-05-25 02:30:08,10.79,74.67,0.18,27.877003,74.34582,Pune
E004001,C045,P004,2026-01-27 05:09:03,7.06,94.84,0.86,23.697402,74.673497,Delhi
E004002,C041,P001,2026-04-02 04:29:17,8.49,61.25,0.02,27.751055,79.479649,Pune
E004003,C039,P004,2026-01-17 01:16:55,14.98,86.05,0.11,29.194923,78.141903,Jaipur
E004004,C046,P001,2026-03-16 10:08:58,5.88,94.38,0.52,29.148958,72.091956,Pune
E004005,C013,P003,2026-02-18 13:56:03,14.68,92.22,0.18,24.843282,75.022259,Pune
E004006,C004,P004,2026-06-29 22:50:21,4.08,67.43,0.51,26.750955,78.825788,Delhi
E004007,C048,P002,2026-04-10 02:13:39,14.15,75.59,0.3,28.066771,71.597987,Ahmedabad
E004008,C022,P003,2026-05-11 03:01:25,5.9,79.06,0.66,29.972661,72.203141,Ahmedabad
E004009,C001,P002,2026-01-21 10:36:43,10.33,66.76,0.64,27.96497,75.20871,Ahmedabad
E004010,C025,P002,2026-01-25 03:34:50,9.88,82.68,0.83,24.440017,77.659249,Jaipur
E004011,C020,P003,2026-01-26 16:22:19,6.04,95.0,0.75,29.493429,72.051598,Pune
E004012,C033,P002,2026-01-23 07:38:39,7.07,88.98,0.17,29.144879,71.455147,Delhi
E004013,C024,P004,2026-04-23 18:34:26,7.49,90.04,0.87,25.90552,71.505241,Pune
E004014,C030,P004,2026-05-24 15:33:31,4.47,70.96,0.6,23.565101,72.753537,Jaipur
E004015,C048,P004,2026-03-27 12:48:49,4.18,82.1,0.35,25.737173,79.012829,Delhi
E004016,C035,P004,2026-01-11 14:19:01,5.31,69.61,0.44,20.777802,76.810982,Ahmedabad
E004017,C037,P003,2026-03-28 07:06:08,4.53,67.56,0.71,28.166534,74.184781,Mumbai
E004018,C001,P004,2026-03-01 09:00:14,4.96,75.59,0.48,29.759274,77.903199,Delhi
E004019,C031,P001,2026-02-21 00:43:34,6.83,61.41,0.74,26.037092,78.186219,Pune
E004020,C035,P003,2026-05-23 15:10:45,12.86,94.13,0.11,27.684884,79.120805,Pune
E004021,C042,P001,2026-03-11 14:07:25,6.92,68.56,0.91,28.18893,78.739843,Mumbai
E004022,C050,P001,2026-01-17 06:44:05,15.21,81.47,0.99,29.840652,75.938015,Delhi
E004023,C001,P002,2026-05-11 00:17:02,15.27,66.08,0.3,29.802157,73.657357,Delhi
E004024,C039,P001,2026-01-18 07:37:28,14.8,72.16,0.69,29.152793,74.47738,Ahmedabad
E004025,C029,P003,2026-04-22 06:15:03,9.89,91.18,0.62,24.049247,71.453892,Mumbai
E004026,C028,P004,2026-04-06 22:53:19,8.54,66.13,0.26,29.310558,77.86178,Jaipur
E004027,C040,P001,2026-04-13 13:44:42,6.2,63.36,0.71,22.779127,75.866577,Pune
E004028,C008,P001,2026-06-06 11:04:31,12.8,87.96,0.94,24.608386,72.646815,Ahmedabad
E004029,C013,P003,2026-01-17 15:34:37,13.08,90.7,0.98,20.050521,73.096562,Ahmedabad
E004030,C034,P004,2026-03-12 16:30:17,15.12,93.72,0.82,23.645304,74.935967,Delhi
E004031,C050,P004,2026-06-20 23:11:10,7.08,92.83,0.17,24.029569,78.801304,Mumbai
E004032,C034,P004,2026-04-03 13:28:41,15.03,83.77,0.27,22.843927,73.279377,Ahmedabad
E004033,C018,P002,2026-03-28 09:50:19,4.77,85.36,0.55,21.535246,70.538025,Delhi
E004034,C022,P001,2026-04-26 22:40:50,12.68,68.14,0.1,27.178163,78.489146,Ahmedabad
E004035,C033,P003,2026-03-12 01:15:59,14.12,69.84,0.07,23.660289,79.07711,Jaipur
E004036,C025,P001,2026-02-23 19:39:19,4.34,72.12,0.83,29.476451,78.865992,Jaipur
E004037,C035,P002,2026-01-05 16:51:01,14.73,73.2,0.31,28.88307,70.379605,Jaipur
E004038,C015,P001,2026-03-04 16:07:32,8.5,72.99,0.61,29.906489,78.285254,Ahmedabad
E004039,C041,P001,2026-03-22 01:57:52,7.01,80.68,0.59,23.254614,73.082212,Ahmedabad
E004040,C032,P003,2026-05-29 14:46:02,11.22,79.1,0.83,20.316767,77.221922,Pune
E004041,C004,P004,2026-05-18 19:52:56,14.19,70.77,0.89,26.408634,75.185246,Jaipur
E004042,C049,P004,2026-03-20 20:52:21,11.37,86.32,0.05,22.898148,79.1899,Delhi
E004043,C012,P002,2026-05-06 03:33:57,13.74,81.79,0.01,29.823305,76.798226,Pune
E004044,C039,P003,2026-05-02 19:33:20,15.93,79.7,0.91,29.240482,74.24461,Pune
E004045,C048,P003,2026-03-03 17:52:08,7.11,60.01,0.03,22.34776,74.773386,Ahmedabad
E004046,C039,P002,2026-06-22 21:57:32,12.89,68.88,0.81,22.923479,78.494703,Delhi
E004047,C032,P001,2026-02-05 23:38:29,13.0,93.52,0.55,22.361284,71.155656,Pune
E004048,C024,P002,2026-04-11 01:13:02,12.57,78.53,0.87,29.891028,71.73985,Jaipur
E004049,C023,P002,2026-04-13 10:55:10,9.78,77.9,0.79,20.238429,74.712493,Delhi
E004050,C001,P001,2026-03-11 05:30:03,14.72,92.95,0.61,26.996333,75.310887,Delhi
E004051,C049,P002,2026-01-14 10:53:04,15.93,82.82,0.38,23.04717,70.831079,Pune
E004052,C011,P004,2026-01-24 18:47:30,15.25,86.13,0.83,21.446541,73.591521,Mumbai
E004053,C026,P002,2026-02-19 07:28:04,10.77,60.6,0.77,23.805549,78.842421,Mumbai
E004054,C011,P001,2026-05-11 09:55:37,6.28,72.25,0.87,28.932731,73.588732,Jaipur
E004055,C038,P001,2026-03-12 06:18:37,4.19,72.2,0.81,26.255227,70.761007,Jaipur
E004056,C014,P001,2026-04-28 01:41:26,6.55,80.46,0.93,27.886598,76.872918,Delhi
E004057,C033,P003,2026-05-09 21:11:43,6.58,91.77,0.86,28.4606,70.074802,Mumbai
E004058,C016,P002,2026-05-12 04:28:40,4.39,87.76,0.8,27.8806,71.733882,Ahmedabad
E004059,C008,P002,2026-01-19 09:32:15,5.26,73.2,0.06,22.62923,78.339979,Delhi
E004060,C042,P001,2026-02-23 01:56:53,7.44,90.75,0.67,25.955263,76.885693,Jaipur
E004061,C037,P001,2026-03-22 07:14:19,8.38,75.09,0.65,23.814791,75.71879,Mumbai
E004062,C035,P004,2026-01-21 23:24:48,15.11,89.5,0.82,20.526617,75.490635,Ahmedabad
E004063,C034,P001,2026-05-26 20:41:42,6.22,75.1,0.03,21.899481,74.023891,Jaipur
E004064,C003,P003,2026-04-18 19:48:51,12.48,82.21,0.08,20.433037,77.504878,Mumbai
E004065,C022,P003,2026-04-07 08:24:06,12.06,94.35,0.82,26.888885,79.29901,Pune
E004066,C023,P003,2026-02-01 01:15:50,9.73,80.29,0.09,20.119805,73.594936,Ahmedabad
E004067,C044,P001,2026-04-09 12:12:58,8.12,67.08,1.0,26.962925,70.990944,Pune
E004068,C036,P001,2026-01-21 14:23:52,12.82,75.94,0.96,28.143904,76.123922,Pune
E004069,C028,P003,2026-02-12 01:02:00,13.99,85.98,0.47,23.443915,70.12099,Ahmedabad
E004070,C020,P001,2026-04-01 10:53:01,10.24,73.8,0.54,28.391705,73.085279,Pune
E004071,C018,P004,2026-05-26 09:39:17,9.53,61.2,0.13,25.907283,75.185084,Pune
E004072,C005,P001,2026-05-10 03:27:33,12.89,68.31,0.82,24.594975,75.559237,Mumbai
E004073,C009,P001,2026-02-10 18:48:57,12.98,82.56,0.72,24.572245,72.093741,Mumbai
E004074,C002,P004,2026-06-03 17:46:22,10.56,69.76,0.75,29.796078,76.946205,Mumbai
E004075,C022,P002,2026-04-25 06:19:36,9.13,81.09,0.46,29.047521,77.883036,Delhi
E004076,C048,P002,2026-06-07 03:34:14,5.44,64.65,0.24,26.201958,78.204805,Jaipur
E004077,C003,P001,2026-05-29 11:07:01,6.36,61.82,0.76,29.322571,79.931828,Jaipur
E004078,C010,P001,2026-01-03 03:49:07,7.81,69.44,0.46,28.371796,78.097215,Jaipur
E004079,C021,P001,2026-03-10 08:37:48,9.83,70.04,0.29,20.726514,72.389378,Delhi
E004080,C027,P004,2026-06-06 16:31:21,10.07,93.6,0.65,24.096463,78.727962,Pune
E004081,C009,P001,2026-05-26 09:23:16,12.69,81.04,0.52,29.944439,78.92831,Pune
E004082,C015,P004,2026-03-07 12:28:06,13.4,85.19,0.16,27.764089,78.164455,Delhi
E004083,C019,P002,2026-01-31 17:51:39,10.35,67.26,0.5,26.178076,71.577357,Ahmedabad
E004084,C024,P004,2026-05-04 02:06:44,7.52,75.09,0.31,22.004576,75.097071,Mumbai
E004085,C006,P004,2026-05-12 06:50:58,10.45,71.3,0.88,26.587839,72.609243,Jaipur
E004086,C035,P001,2026-01-05 17:48:45,9.49,77.41,0.51,21.572006,70.175911,Mumbai
E004087,C014,P003,2026-06-26 21:52:05,6.06,90.55,0.26,26.811435,70.393431,Mumbai
E004088,C034,P001,2026-04-15 04:39:18,12.47,77.2,0.62,29.678761,75.211935,Ahmedabad
E004089,C007,P002,2026-02-07 23:45:44,12.22,84.16,0.05,22.565378,77.442813,Jaipur
E004090,C026,P004,2026-01-19 11:53:50,11.6,90.82,0.26,20.022362,77.996885,Jaipur
E004091,C033,P004,2026-04-05 13:37:11,8.11,73.98,0.33,25.585112,74.309228,Delhi
E004092,C011,P003,2026-03-21 17:05:45,13.23,90.46,0.06,21.678869,75.411546,Pune
E004093,C047,P003,2026-01-15 15:30:04,14.77,89.32,0.91,23.43787,73.041482,Delhi
E004094,C029,P004,2026-05-21 02:59:01,8.27,72.55,0.79,20.467271,77.591717,Delhi
E004095,C042,P003,2026-03-16 22:36:46,13.12,77.06,0.33,24.813323,72.736124,Mumbai
E004096,C038,P001,2026-02-06 14:07:30,11.67,92.18,0.31,23.99017,72.992461,Delhi
E004097,C017,P001,2026-01-18 15:41:51,10.57,84.44,0.28,29.324072,76.768024,Delhi
E004098,C012,P004,2026-05-11 00:51:28,15.13,71.07,0.23,28.36664,77.171079,Ahmedabad
E004099,C048,P002,2026-02-01 02:25:33,9.06,62.9,0.45,28.429443,75.335731,Jaipur
E004100,C032,P004,2026-01-04 00:36:07,8.44,86.35,0.85,29.135565,73.474209,Mumbai
E004101,C013,P003,2026-03-23 12:01:24,4.36,87.34,0.69,26.216841,77.021158,Delhi
E004102,C030,P002,2026-05-19 10:05:06,6.73,66.72,0.68,29.267741,74.222153,Delhi
E004103,C041,P003,2026-06-06 05:42:34,11.19,69.26,0.65,23.351763,78.47499,Jaipur
E004104,C033,P002,2026-02-27 18:43:14,8.16,62.09,0.95,23.711081,76.402728,Mumbai
E004105,C025,P003,2026-05-20 13:00:00,14.81,82.89,0.83,29.204053,72.288549,Jaipur
E004106,C011,P002,2026-03-05 00:20:56,9.8,74.92,0.65,28.290735,72.267025,Jaipur
E004107,C048,P002,2026-01-22 02:59:19,11.43,93.42,0.66,27.131511,77.203766,Jaipur
E004108,C044,P002,2026-04-10 11:14:47,8.43,86.25,0.11,23.518162,72.996612,Delhi
E004109,C047,P003,2026-05-04 22:10:22,4.5,83.97,0.45,25.086091,75.60474,Delhi
E004110,C022,P002,2026-03-05 03:04:50,7.89,76.24,0.14,25.075396,77.986165,Delhi
E004111,C042,P004,2026-05-13 11:07:35,10.68,83.35,1.0,21.621437,79.015874,Jaipur
E004112,C028,P003,2026-03-21 19:39:23,5.82,61.86,0.72,27.39785,72.793843,Delhi
E004113,C021,P003,2026-06-27 14:04:18,5.97,94.62,0.76,25.395146,71.157334,Pune
E004114,C028,P001,2026-05-29 18:00:00,10.24,79.56,0.22,25.6535,74.51408,Pune
E004115,C036,P004,2026-06-15 19:52:57,5.93,81.04,0.7,26.385737,74.110724,Mumbai
E004116,C044,P004,2026-05-08 23:24:08,12.95,71.8,0.02,26.10047,71.047028,Ahmedabad
E004117,C033,P002,2026-02-03 09:49:15,6.63,88.8,0.21,28.921035,76.366887,Delhi
E004118,C026,P002,2026-06-26 00:38:55,8.69,94.42,0.29,27.365546,78.863602,Pune
E004119,C015,P002,2026-06-13 19:00:39,11.34,67.35,0.26,27.895836,72.064095,Delhi
E004120,C036,P002,2026-01-28 18:09:24,15.21,93.2,0.32,23.872217,73.515492,Delhi
E004121,C001,P003,2026-01-23 06:29:03,14.3,65.36,0.3,28.002001,78.439185,Pune
E004122,C032,P003,2026-04-22 03:01:29,14.37,93.1,0.63,29.640265,78.067687,Jaipur
E004123,C016,P001,2026-06-09 13:25:27,9.86,87.3,0.04,28.314944,70.819498,Pune
E004124,C042,P003,2026-03-27 12:48:47,11.01,77.09,0.68,21.985231,75.385713,Delhi
E004125,C039,P002,2026-06-14 23:54:50,10.16,62.94,0.55,26.696825,75.104068,Delhi
E004126,C012,P001,2026-03-19 07:32:05,7.66,61.21,0.43,27.649435,71.981724,Delhi
E004127,C022,P002,2026-05-27 01:25:24,15.21,63.57,0.27,22.515912,72.148398,Pune
E004128,C009,P001,2026-02-01 19:30:53,4.88,91.06,0.82,22.914866,77.463025,Mumbai
E004129,C021,P002,2026-04-16 10:23:09,8.79,88.32,0.47,20.444097,78.71355,Pune
E004130,C044,P004,2026-06-05 23:22:02,12.35,62.98,0.23,28.6561,73.031682,Mumbai
E004131,C020,P003,2026-02-17 15:14:48,11.11,65.28,0.14,29.950544,74.666859,Pune
E004132,C037,P002,2026-02-08 08:29:44,11.75,62.4,0.0,24.198809,75.357951,Mumbai
E004133,C047,P003,2026-05-07 22:50:34,8.84,84.47,0.93,29.594685,73.952976,Mumbai
E004134,C007,P001,2026-04-28 21:22:00,4.04,76.94,0.76,22.043022,78.666872,Ahmedabad
E004135,C002,P004,2026-03-21 01:12:32,10.68,84.55,0.88,25.184207,70.694182,Pune
E004136,C013,P001,2026-04-04 17:20:13,4.34,89.33,0.91,22.832347,76.591918,Delhi
E004137,C036,P001,2026-03-26 03:32:51,13.42,76.27,0.04,22.317812,70.26742,Pune
E004138,C028,P001,2026-01-22 21:01:00,14.58,69.02,0.07,22.753978,78.39707,Mumbai
E004139,C038,P002,2026-04-29 15:36:36,11.68,60.47,0.7,22.621642,76.921943,Pune
E004140,C003,P004,2026-04-08 04:03:04,14.11,93.88,0.71,28.438968,76.189313,Jaipur
E004141,C014,P002,2026-01-04 20:23:42,6.12,92.45,0.21,28.550925,79.239432,Mumbai
E004142,C033,P001,2026-01-23 15:06:11,14.9,85.24,0.07,21.37952,75.770272,Jaipur
E004143,C043,P004,2026-04-18 15:14:19,13.8,77.07,0.63,25.712245,78.004744,Pune
E004144,C029,P001,2026-04-16 00:56:27,4.81,87.15,0.01,22.26547,74.646239,Ahmedabad
E004145,C049,P002,2026-01-19 18:16:29,9.54,66.16,0.94,21.402862,78.67524,Jaipur
E004146,C027,P001,2026-02-07 19:25:36,10.03,66.4,0.31,20.859747,72.519197,Ahmedabad
E004147,C022,P003,2026-01-23 20:10:15,7.67,88.37,0.89,27.298286,71.719582,Pune
E004148,C011,P003,2026-01-19 07:28:29,9.72,79.53,0.43,23.580656,79.478233,Ahmedabad
E004149,C002,P002,2026-06-21 14:22:23,9.99,72.64,0.15,23.808701,74.83634,Delhi
E004150,C045,P004,2026-06-26 08:40:48,4.35,84.33,0.22,29.396184,72.811569,Delhi
E004151,C041,P003,2026-01-04 22:34:42,5.53,65.91,0.28,21.71289,76.895111,Mumbai
E004152,C044,P002,2026-03-24 11:06:36,4.72,62.59,0.31,27.985174,79.628674,Ahmedabad
E004153,C011,P004,2026-03-08 12:40:26,5.64,93.75,0.25,26.715607,70.053423,Delhi
E004154,C022,P003,2026-04-02 00:40:42,7.96,64.28,0.52,29.415467,71.006673,Pune
E004155,C027,P004,2026-03-21 13:35:09,11.51,85.98,0.75,22.706521,78.155296,Mumbai
E004156,C043,P001,2026-01-19 09:19:27,10.75,68.88,0.59,25.575746,72.459751,Mumbai
E004157,C035,P001,2026-01-22 03:43:51,4.59,62.31,0.19,27.259947,75.451788,Delhi
E004158,C027,P004,2026-02-24 15:43:27,12.25,93.43,0.65,27.828983,78.64237,Delhi
E004159,C045,P003,2026-01-22 17:58:30,6.16,63.22,0.16,24.161834,72.939005,Delhi
E004160,C045,P001,2026-03-28 03:04:19,5.43,82.37,0.28,26.522277,73.444763,Pune
E004161,C024,P004,2026-04-30 07:04:38,4.07,63.48,0.5,21.994055,78.856614,Ahmedabad
E004162,C033,P001,2026-04-24 07:31:08,11.52,70.64,0.33,27.535429,77.302142,Delhi
E004163,C037,P004,2026-05-08 09:12:20,13.1,72.37,0.47,28.102063,70.969969,Delhi
E004164,C045,P001,2026-03-30 11:05:34,7.23,78.61,0.21,25.435041,78.428081,Pune
E004165,C035,P002,2026-01-20 22:47:08,5.76,66.04,0.2,23.707123,73.759048,Delhi
E004166,C019,P001,2026-03-12 01:40:03,10.18,71.93,0.16,21.279326,79.232368,Ahmedabad
E004167,C023,P002,2026-01-12 11:41:16,6.64,93.16,0.04,25.968351,71.235634,Mumbai
E004168,C003,P002,2026-05-21 19:14:53,8.56,60.09,0.18,25.364868,72.053255,Ahmedabad
E004169,C018,P001,2026-05-17 00:17:16,9.5,92.32,0.22,27.086651,75.015059,Pune
E004170,C037,P003,2026-06-11 12:58:09,13.49,64.64,0.31,21.031234,71.089449,Ahmedabad
E004171,C048,P001,2026-06-03 21:05:56,11.6,77.67,0.28,20.966769,71.204641,Delhi
E004172,C030,P002,2026-02-01 20:43:40,4.31,87.7,0.97,29.867135,77.057929,Jaipur
E004173,C023,P002,2026-02-22 00:25:42,6.8,65.67,0.73,22.740918,72.773327,Mumbai
E004174,C036,P004,2026-04-19 00:59:19,12.99,85.67,0.36,25.734731,73.451257,Pune
E004175,C016,P003,2026-04-07 07:36:41,8.32,71.09,0.14,28.549518,78.66018,Ahmedabad
E004176,C034,P001,2026-05-22 17:40:38,12.96,70.1,0.36,22.063285,79.75578,Mumbai
E004177,C027,P002,2026-02-08 11:20:25,7.56,91.34,0.41,25.707437,74.506989,Mumbai
E004178,C030,P001,2026-01-01 19:06:59,7.79,66.12,0.52,21.86997,70.784053,Delhi
E004179,C034,P003,2026-01-27 03:16:45,10.93,75.72,0.16,23.107227,71.756203,Pune
E004180,C001,P001,2026-06-04 00:59:58,10.96,71.73,0.65,20.108868,78.033794,Mumbai
E004181,C028,P001,2026-04-16 12:27:17,9.46,77.53,0.06,21.047762,75.186708,Pune
E004182,C043,P003,2026-01-21 09:56:07,10.34,76.85,0.42,27.834006,76.449561,Pune
E004183,C024,P001,2026-04-12 09:32:30,8.78,90.84,0.69,28.990514,71.037501,Ahmedabad
E004184,C035,P003,2026-02-08 17:30:32,13.38,80.82,0.96,28.226261,73.145099,Mumbai
E004185,C035,P002,2026-05-16 21:23:21,5.41,80.58,0.88,23.227144,70.479455,Jaipur
E004186,C017,P004,2026-03-19 18:47:25,7.6,75.24,0.13,26.295592,77.07584,Jaipur
E004187,C042,P002,2026-03-31 04:54:06,8.42,82.28,0.93,23.879817,79.440183,Ahmedabad
E004188,C024,P001,2026-02-01 17:10:04,7.24,62.54,0.12,22.928548,75.973721,Jaipur
E004189,C008,P003,2026-02-21 09:07:26,6.81,75.67,0.44,28.793751,75.324947,Mumbai
E004190,C048,P002,2026-01-24 15:52:03,6.18,68.34,0.01,21.372119,79.792625,Mumbai
E004191,C048,P002,2026-05-07 11:46:42,13.17,68.48,0.23,25.161102,78.800753,Pune
E004192,C038,P002,2026-01-06 15:41:22,11.64,88.8,0.14,22.3479,74.040118,Pune
E004193,C033,P003,2026-04-02 15:20:34,5.62,89.28,0.16,21.580654,76.801522,Ahmedabad
E004194,C045,P002,2026-02-01 20:49:11,8.15,82.56,0.79,23.078746,70.667662,Jaipur
E004195,C018,P003,2026-05-21 02:05:55,11.34,89.65,0.29,28.95922,72.438237,Ahmedabad
E004196,C033,P003,2026-04-17 02:12:09,14.48,69.05,0.43,20.442682,72.246498,Jaipur
E004197,C025,P004,2026-06-22 13:27:33,15.39,72.08,0.97,24.914919,76.908212,Mumbai
E004198,C004,P003,2026-01-05 21:13:59,14.58,69.8,0.1,25.346613,78.252707,Mumbai
E004199,C023,P003,2026-03-26 05:32:43,13.9,82.44,0.22,23.481233,79.502765,Jaipur
E004200,C028,P004,2026-03-27 21:58:53,7.59,68.56,0.49,28.038245,78.219188,Pune
E004201,C037,P003,2026-05-20 18:35:09,7.3,90.22,0.62,20.851747,77.080394,Delhi
E004202,C012,P004,2026-06-24 18:29:35,9.84,84.12,0.86,23.069585,78.269655,Mumbai
E004203,C034,P002,2026-02-03 04:39:45,5.91,90.73,0.22,29.680431,78.470805,Jaipur
E004204,C040,P003,2026-02-18 13:52:22,7.66,89.03,0.83,25.74662,70.271972,Mumbai
E004205,C005,P001,2026-04-09 12:06:45,6.66,74.99,0.5,28.460913,74.659698,Pune
E004206,C023,P003,2026-01-11 09:28:51,14.29,65.34,0.97,24.607472,72.042781,Ahmedabad
E004207,C016,P002,2026-02-21 18:21:53,6.77,62.05,0.94,29.77018,70.700836,Delhi
E004208,C036,P001,2026-03-16 20:53:52,5.26,69.93,0.09,28.215449,76.732009,Jaipur
E004209,C014,P002,2026-04-01 17:23:26,13.66,79.01,0.46,29.588309,78.5965,Jaipur
E004210,C012,P002,2026-05-20 05:32:39,15.79,79.69,0.26,22.49703,74.349692,Mumbai
E004211,C024,P002,2026-04-13 15:35:22,10.42,88.08,0.78,24.644064,70.791506,Mumbai
E004212,C027,P003,2026-06-15 23:15:33,13.9,77.11,0.11,29.103218,79.242017,Delhi
E004213,C008,P004,2026-03-16 07:25:19,8.91,67.4,0.11,23.525439,75.000539,Jaipur
E004214,C015,P002,2026-03-25 16:34:21,16.0,87.66,0.25,20.449928,77.768774,Pune
E004215,C038,P002,2026-06-25 13:04:47,9.18,62.88,0.21,22.771668,72.799307,Delhi
E004216,C037,P004,2026-02-14 04:34:24,13.83,65.68,0.82,27.913144,79.056515,Jaipur
E004217,C002,P004,2026-05-15 20:38:58,7.86,94.72,0.03,25.476014,79.056623,Mumbai
E004218,C045,P001,2026-02-21 16:33:07,5.8,66.96,0.49,26.389545,70.986724,Ahmedabad
E004219,C045,P004,2026-03-01 04:31:18,4.68,93.86,0.32,29.825378,70.208417,Jaipur
E004220,C035,P004,2026-06-18 13:45:48,12.98,70.05,0.67,22.276244,79.281996,Mumbai
E004221,C021,P004,2026-01-06 18:30:44,14.44,72.05,0.77,20.528574,74.463371,Jaipur
E004222,C030,P003,2026-02-19 05:12:06,11.38,81.36,0.02,20.191124,72.45058,Delhi
E004223,C005,P002,2026-02-20 07:25:50,13.96,64.15,0.81,27.953987,76.445409,Jaipur
E004224,C033,P003,2026-04-28 07:43:10,9.78,76.58,0.92,25.012842,72.036456,Ahmedabad
E004225,C004,P001,2026-02-17 21:10:45,5.11,66.06,0.49,21.56845,79.648801,Jaipur
E004226,C035,P003,2026-04-22 06:50:24,4.33,61.39,0.32,20.908934,73.788249,Ahmedabad
E004227,C012,P003,2026-01-12 04:14:01,9.39,77.14,0.63,29.17469,77.823009,Delhi
E004228,C029,P002,2026-02-18 15:46:24,14.61,82.62,0.44,24.082303,73.210842,Delhi
E004229,C036,P003,2026-02-12 20:51:23,4.0,73.26,0.98,28.424266,70.48036,Ahmedabad
E004230,C015,P003,2026-01-03 08:19:06,10.0,83.99,0.65,25.422271,76.349884,Mumbai
E004231,C049,P001,2026-05-05 19:51:12,12.16,94.06,0.96,29.157151,72.282256,Ahmedabad
E004232,C011,P003,2026-04-22 03:08:58,8.93,63.37,0.47,22.349935,77.4712,Jaipur
E004233,C047,P004,2026-03-24 05:02:33,8.79,78.27,0.5,21.712414,73.696268,Mumbai
E004234,C015,P004,2026-03-10 11:24:54,9.49,90.59,0.1,24.050217,71.564996,Mumbai
E004235,C023,P002,2026-05-30 15:39:47,6.77,82.34,0.64,25.504135,72.793735,Jaipur
E004236,C007,P001,2026-06-30 08:28:26,4.0,78.91,0.04,23.890729,73.22218,Mumbai
E004237,C016,P002,2026-06-21 11:13:00,5.19,80.54,0.97,23.90527,77.095203,Delhi
E004238,C017,P002,2026-03-16 17:40:16,12.59,77.86,0.34,27.002977,72.004582,Ahmedabad
E004239,C037,P004,2026-04-14 00:28:53,9.77,68.71,0.2,29.040349,77.613393,Jaipur
E004240,C040,P002,2026-04-12 15:33:19,15.65,67.65,0.66,23.063213,71.581227,Mumbai
E004241,C017,P003,2026-04-07 16:11:25,12.43,68.81,0.27,22.413226,71.005564,Ahmedabad
E004242,C030,P003,2026-05-07 02:05:10,14.89,61.06,0.27,24.850557,74.062236,Pune
E004243,C040,P001,2026-03-09 08:25:09,11.48,83.99,0.21,23.204009,76.074148,Delhi
E004244,C021,P004,2026-04-03 06:54:11,11.51,70.83,0.44,27.185582,77.941824,Ahmedabad
E004245,C005,P001,2026-06-30 09:11:07,4.47,61.26,0.53,24.743718,77.098084,Delhi
E004246,C048,P001,2026-01-30 22:34:32,15.79,86.43,0.79,29.630143,75.574501,Delhi
E004247,C019,P001,2026-02-08 11:13:07,12.22,77.64,0.85,27.649729,73.543886,Delhi
E004248,C006,P002,2026-06-02 15:49:45,13.13,89.93,0.47,24.485785,71.34037,Mumbai
E004249,C050,P003,2026-01-23 22:49:42,15.51,82.88,0.83,28.497147,76.936556,Pune
E004250,C007,P003,2026-02-17 06:31:12,7.97,91.49,0.59,24.413846,71.941473,Jaipur
E004251,C044,P001,2026-01-29 21:14:47,8.17,86.86,0.78,23.987057,72.621714,Delhi
E004252,C008,P004,2026-06-04 04:42:27,8.07,62.81,0.15,24.417115,79.454527,Pune
E004253,C007,P004,2026-02-26 20:00:33,10.04,93.12,0.3,26.876325,76.365713,Delhi
E004254,C040,P003,2026-01-12 05:57:23,9.39,79.93,0.87,28.925602,76.874598,Ahmedabad
E004255,C018,P002,2026-01-13 06:09:57,11.41,91.3,0.43,21.989222,71.701531,Jaipur
E004256,C018,P001,2026-01-10 18:31:13,9.63,87.77,0.7,22.903762,79.564764,Pune
E004257,C049,P003,2026-05-19 15:13:42,7.26,75.1,0.91,27.931148,76.166105,Ahmedabad
E004258,C009,P004,2026-02-17 23:22:56,12.31,89.28,0.39,29.977517,76.467956,Mumbai
E004259,C039,P002,2026-05-06 02:18:05,9.25,69.59,0.01,20.195283,75.400441,Jaipur
E004260,C035,P002,2026-01-23 03:31:07,5.62,68.22,0.86,28.458548,79.385331,Mumbai
E004261,C050,P004,2026-05-19 19:30:18,15.09,88.51,0.08,26.14744,77.577204,Mumbai
E004262,C031,P002,2026-02-19 14:12:09,4.75,66.87,0.16,22.433642,71.148341,Jaipur
E004263,C014,P003,2026-04-17 14:41:41,8.8,80.04,0.2,25.67397,78.403401,Delhi
E004264,C042,P003,2026-02-04 15:47:46,15.73,62.17,0.8,27.796299,74.254181,Delhi
E004265,C049,P002,2026-02-15 03:29:15,14.84,83.01,0.89,22.349289,75.25998,Ahmedabad
E004266,C029,P003,2026-04-09 13:49:08,13.16,73.61,0.23,29.19141,71.684638,Jaipur
E004267,C042,P001,2026-03-25 17:42:22,7.46,73.01,0.82,29.228682,72.115787,Ahmedabad
E004268,C004,P001,2026-05-24 10:51:57,7.94,61.13,0.64,21.606948,74.989406,Ahmedabad
E004269,C007,P004,2026-05-02 09:58:21,12.56,85.93,0.76,21.658506,75.00105,Mumbai
E004270,C050,P004,2026-06-16 08:49:39,11.02,73.79,0.55,25.250525,73.310855,Delhi
E004271,C018,P003,2026-05-20 18:51:15,11.53,69.67,0.98,20.990034,76.910244,Jaipur
E004272,C009,P002,2026-02-01 09:30:17,5.75,84.33,0.51,28.705158,75.295959,Pune
E004273,C006,P004,2026-01-11 08:52:32,12.27,66.04,0.75,22.719985,71.320218,Delhi
E004274,C043,P001,2026-01-24 21:26:23,11.3,78.76,0.02,28.326574,76.386747,Pune
E004275,C022,P002,2026-06-21 00:29:37,14.44,60.69,0.27,29.854171,71.035312,Jaipur
E004276,C028,P002,2026-03-07 18:47:55,14.47,86.94,0.16,25.886567,70.069108,Delhi
E004277,C038,P003,2026-05-02 17:53:20,9.97,86.46,0.35,24.990457,77.15199,Pune
E004278,C014,P002,2026-02-11 05:52:34,13.08,94.18,0.32,24.655679,78.361601,Ahmedabad
E004279,C026,P001,2026-06-19 20:36:25,15.14,65.32,0.1,21.522535,71.049732,Jaipur
E004280,C022,P001,2026-04-18 21:03:14,13.64,75.26,0.8,27.221555,72.157757,Jaipur
E004281,C050,P004,2026-04-15 00:34:40,11.75,71.32,0.22,23.225901,76.976369,Delhi
E004282,C036,P002,2026-05-01 17:39:24,9.43,82.39,0.63,26.815869,71.146819,Ahmedabad
E004283,C032,P004,2026-05-27 15:36:57,15.53,71.0,0.65,26.350657,71.53761,Ahmedabad
E004284,C027,P004,2026-04-18 12:00:16,5.92,63.25,0.61,21.672617,71.9273,Jaipur
E004285,C021,P001,2026-06-01 19:35:44,14.02,72.39,0.7,25.547439,76.289208,Ahmedabad
E004286,C016,P003,2026-06-05 02:07:26,15.81,76.35,0.08,23.093194,79.697995,Mumbai
E004287,C016,P004,2026-01-08 23:41:27,7.8,80.92,0.43,26.29623,72.754959,Jaipur
E004288,C010,P002,2026-04-10 15:02:47,13.67,74.57,0.52,22.739175,79.05895,Mumbai
E004289,C019,P001,2026-04-12 07:42:22,11.63,90.86,0.9,27.26424,71.488108,Pune
E004290,C023,P004,2026-01-10 05:38:03,14.24,75.76,0.19,21.147664,77.485931,Delhi
E004291,C018,P001,2026-02-19 06:57:58,15.43,92.84,0.11,28.519871,74.553247,Ahmedabad
E004292,C033,P004,2026-04-26 01:05:56,10.42,68.03,0.21,28.372338,74.517335,Ahmedabad
E004293,C001,P001,2026-01-25 09:06:39,13.43,84.26,0.11,20.387501,71.601961,Pune
E004294,C049,P004,2026-01-16 10:40:18,7.98,85.11,0.22,23.491327,77.386369,Mumbai
E004295,C012,P001,2026-05-08 18:39:45,13.63,73.15,0.22,20.716015,75.501687,Jaipur
E004296,C040,P002,2026-05-29 22:04:54,6.69,83.98,0.14,29.113393,78.596485,Delhi
E004297,C049,P001,2026-04-18 00:33:56,9.25,81.54,0.06,24.571065,73.11444,Ahmedabad
E004298,C005,P004,2026-01-14 19:31:40,8.42,83.41,0.22,28.397124,76.723117,Pune
E004299,C025,P004,2026-05-13 13:51:58,4.28,76.58,0.45,21.662298,78.019459,Pune
E004300,C008,P002,2026-05-30 10:10:11,5.86,61.61,0.4,22.162669,70.054699,Delhi
E004301,C019,P003,2026-05-18 23:57:00,14.59,94.67,0.01,25.459731,76.384209,Delhi
E004302,C037,P001,2026-06-11 19:27:07,8.5,65.36,0.55,24.873753,78.850179,Delhi
E004303,C036,P003,2026-03-25 16:44:07,7.05,63.33,0.25,24.101277,77.546916,Mumbai
E004304,C018,P004,2026-01-16 23:28:52,14.41,77.6,0.95,27.734014,72.22045,Jaipur
E004305,C033,P002,2026-03-02 22:05:06,9.7,84.67,0.61,27.855428,75.879065,Jaipur
E004306,C017,P002,2026-04-30 10:42:37,7.6,65.34,0.59,28.783896,76.129583,Ahmedabad
E004307,C041,P002,2026-04-04 23:57:50,12.9,78.24,0.56,21.552591,76.511296,Ahmedabad
E004308,C033,P003,2026-04-10 01:58:10,7.58,81.26,0.08,20.951272,71.008098,Ahmedabad
E004309,C032,P001,2026-06-09 16:53:19,14.01,85.17,0.97,22.854062,74.057288,Mumbai
E004310,C036,P003,2026-02-27 22:04:09,4.54,89.12,0.24,23.542016,79.476595,Ahmedabad
E004311,C021,P001,2026-04-18 21:43:15,11.18,68.22,0.02,26.12926,74.864555,Mumbai
E004312,C030,P001,2026-03-09 04:53:17,15.03,67.97,0.21,23.764667,74.09643,Delhi
E004313,C027,P004,2026-06-27 12:06:04,8.86,80.45,0.09,20.296201,77.299389,Ahmedabad
E004314,C012,P003,2026-02-23 03:12:31,5.1,86.84,0.54,24.518886,77.594951,Mumbai
E004315,C017,P003,2026-04-14 11:14:29,12.5,73.49,0.61,22.45514,78.296239,Ahmedabad
E004316,C014,P002,2026-04-22 09:43:55,13.11,86.73,0.71,20.197622,74.588309,Delhi
E004317,C035,P003,2026-03-24 06:33:02,5.41,73.55,0.94,28.980242,74.839082,Mumbai
E004318,C019,P002,2026-06-04 15:02:30,15.11,70.51,0.61,29.787667,75.901362,Mumbai
E004319,C032,P002,2026-03-12 11:38:44,14.24,65.13,0.65,26.241899,71.822905,Ahmedabad
E004320,C038,P002,2026-06-07 00:20:49,7.91,94.8,0.26,29.896176,75.200877,Delhi
E004321,C026,P002,2026-03-25 00:49:04,10.88,75.44,0.23,27.895046,79.733407,Jaipur
E004322,C050,P004,2026-03-24 06:13:26,11.02,92.94,0.96,21.951314,73.242015,Jaipur
E004323,C033,P001,2026-05-02 12:25:31,15.98,61.43,0.79,20.073505,73.923366,Mumbai
E004324,C033,P002,2026-03-06 05:54:08,6.03,84.72,0.39,24.979393,74.556557,Mumbai
E004325,C048,P003,2026-05-18 13:56:09,6.87,74.68,0.79,26.148917,74.426015,Ahmedabad
E004326,C038,P004,2026-06-14 21:53:19,11.37,82.26,0.68,24.368604,76.381987,Mumbai
E004327,C049,P004,2026-03-25 05:06:47,5.05,83.55,0.39,20.160328,77.56097,Jaipur
E004328,C011,P003,2026-03-06 09:45:03,10.76,68.91,0.82,24.874293,70.242265,Ahmedabad
E004329,C042,P002,2026-05-07 00:17:40,5.66,93.14,0.0,27.428454,75.40671,Pune
E004330,C032,P002,2026-01-26 05:38:12,13.17,72.36,0.73,24.728545,74.993987,Pune
E004331,C038,P004,2026-01-08 02:27:25,11.93,82.48,0.74,27.890986,70.625928,Jaipur
E004332,C018,P003,2026-03-07 17:36:22,4.17,71.3,0.16,20.837933,74.989357,Pune
E004333,C049,P003,2026-01-02 10:13:44,4.88,92.09,0.15,20.244426,79.733499,Jaipur
E004334,C014,P001,2026-01-26 17:07:10,4.58,64.22,0.17,24.403324,79.831085,Ahmedabad
E004335,C007,P003,2026-03-28 09:08:51,14.05,73.25,0.14,29.742404,76.696754,Ahmedabad
E004336,C029,P003,2026-04-10 19:48:37,9.52,89.41,0.25,26.520125,79.988654,Pune
E004337,C030,P003,2026-06-17 01:19:57,14.44,66.5,0.05,20.803175,72.969645,Pune
E004338,C010,P001,2026-02-12 06:05:32,12.09,83.54,0.75,21.229186,71.379319,Ahmedabad
E004339,C040,P004,2026-02-27 19:03:45,7.03,87.38,0.16,28.327698,78.740567,Pune
E004340,C039,P003,2026-06-16 21:05:14,4.82,89.61,0.52,29.401365,74.305095,Ahmedabad
E004341,C042,P003,2026-06-11 20:57:52,11.75,94.56,0.95,24.108874,70.318262,Pune
E004342,C002,P002,2026-05-23 17:17:28,6.05,71.71,0.71,22.399709,75.81554,Delhi
E004343,C012,P002,2026-06-12 01:38:26,13.39,82.88,0.51,22.500115,79.490057,Mumbai
E004344,C015,P002,2026-01-02 02:48:52,6.74,90.89,0.95,26.364222,70.914572,Delhi
E004345,C029,P003,2026-06-30 02:41:48,10.64,69.38,0.89,22.930654,77.043963,Ahmedabad
E004346,C046,P002,2026-03-25 02:43:25,15.34,73.05,0.76,24.742578,73.071246,Jaipur
E004347,C046,P003,2026-01-13 16:01:31,11.26,76.17,0.46,26.851471,72.695821,Mumbai
E004348,C004,P004,2026-06-04 02:57:33,5.72,86.99,0.36,24.508613,73.312151,Pune
E004349,C003,P001,2026-01-31 06:54:53,10.42,89.93,0.57,28.128009,78.098532,Jaipur
E004350,C049,P002,2026-06-29 16:19:38,6.27,60.94,0.78,27.617053,73.488732,Pune
E004351,C005,P003,2026-06-04 15:45:06,6.42,61.34,0.02,27.142539,70.915808,Mumbai
E004352,C039,P002,2026-04-07 02:37:36,11.86,70.52,0.53,23.343935,71.384647,Delhi
E004353,C033,P002,2026-04-11 16:53:44,5.92,63.27,0.11,20.85132,71.937574,Delhi
E004354,C029,P002,2026-03-01 17:55:41,11.82,92.9,0.42,25.126862,79.062358,Pune
E004355,C023,P004,2026-06-20 18:41:01,14.52,93.6,0.16,28.609201,71.743967,Mumbai
E004356,C036,P002,2026-05-30 06:27:35,9.65,70.71,0.17,23.673684,78.293924,Jaipur
E004357,C005,P001,2026-03-08 08:42:17,8.64,92.03,0.66,28.321924,75.54755,Ahmedabad
E004358,C049,P003,2026-04-24 06:12:03,9.05,94.65,0.57,22.124948,71.374452,Mumbai
E004359,C023,P004,2026-04-13 02:14:35,14.29,74.22,0.66,21.02391,73.613583,Pune
E004360,C036,P003,2026-05-18 02:01:30,14.4,78.03,0.86,25.911206,72.948805,Jaipur
E004361,C043,P003,2026-01-29 15:29:43,13.22,80.1,0.38,27.77388,76.743867,Pune
E004362,C046,P004,2026-01-02 01:34:44,8.09,92.13,0.02,28.293561,79.432247,Mumbai
E004363,C009,P002,2026-03-26 20:44:54,12.63,79.3,0.15,26.474641,72.361097,Mumbai
E004364,C017,P003,2026-05-21 06:39:34,5.94,81.41,0.47,23.701482,70.16343,Delhi
E004365,C042,P003,2026-03-16 07:07:07,13.14,88.36,0.96,25.748271,76.638517,Ahmedabad
E004366,C038,P003,2026-06-23 18:20:07,8.17,82.96,0.27,27.869021,75.255323,Delhi
E004367,C006,P003,2026-01-29 11:04:45,13.31,64.72,0.3,28.487628,70.667945,Jaipur
E004368,C022,P002,2026-04-02 18:03:04,11.47,73.21,1.0,24.828038,70.75946,Pune
E004369,C005,P001,2026-03-12 11:57:09,15.75,86.94,0.11,22.182912,74.719945,Delhi
E004370,C035,P004,2026-01-08 21:55:48,13.04,73.79,0.29,21.674434,74.921234,Ahmedabad
E004371,C042,P004,2026-01-09 00:54:19,13.05,77.39,0.39,27.55614,78.194373,Jaipur
E004372,C040,P004,2026-05-02 17:07:34,7.43,93.3,0.1,25.717609,71.92595,Pune
E004373,C007,P004,2026-01-17 11:33:36,10.94,94.67,0.76,24.090303,73.144704,Pune
E004374,C031,P001,2026-02-12 18:09:48,13.26,87.9,0.03,24.404265,73.342189,Delhi
E004375,C004,P004,2026-04-24 23:58:25,11.78,89.11,0.31,23.163759,70.681983,Pune
E004376,C050,P004,2026-05-30 10:50:10,14.28,64.91,0.39,26.604211,76.609651,Pune
E004377,C034,P001,2026-04-21 04:22:05,10.25,93.33,0.45,27.651902,70.902685,Pune
E004378,C036,P002,2026-02-07 19:52:58,13.92,69.87,0.56,27.680748,75.958736,Delhi
E004379,C011,P003,2026-04-11 15:58:52,14.2,85.66,0.33,20.541365,73.669222,Ahmedabad
E004380,C016,P004,2026-01-04 05:43:46,12.98,76.95,0.66,28.948614,75.196062,Ahmedabad
E004381,C044,P003,2026-02-18 17:26:37,7.18,81.21,0.68,21.637175,76.112565,Pune
E004382,C013,P003,2026-05-16 11:14:55,15.85,68.23,0.14,23.312842,78.802905,Pune
E004383,C013,P003,2026-05-09 08:49:36,9.36,89.01,0.26,20.516537,75.816156,Mumbai
E004384,C009,P004,2026-03-01 10:40:50,14.87,84.27,0.01,27.408607,76.611983,Ahmedabad
E004385,C044,P003,2026-03-01 23:18:42,14.64,74.02,0.61,21.274984,72.16539,Ahmedabad
E004386,C036,P003,2026-01-30 08:08:32,9.12,69.68,0.35,24.498172,72.369509,Jaipur
E004387,C004,P004,2026-05-27 17:48:06,5.86,81.16,0.7,21.188259,73.720056,Pune
E004388,C042,P004,2026-05-06 13:33:58,4.83,71.25,0.47,28.64797,75.689798,Ahmedabad
E004389,C024,P003,2026-05-07 08:37:36,13.97,82.37,0.33,22.980824,79.054382,Jaipur
E004390,C025,P002,2026-06-28 16:26:09,14.07,92.42,0.46,23.096508,73.401521,Ahmedabad
E004391,C039,P002,2026-02-27 00:33:40,10.07,83.49,0.06,24.747867,71.949461,Ahmedabad
E004392,C009,P003,2026-05-07 03:47:17,13.8,78.88,0.99,22.504866,76.772564,Pune
E004393,C001,P001,2026-01-28 22:24:34,15.16,63.99,0.76,26.86291,79.437299,Mumbai
E004394,C020,P003,2026-06-05 18:15:13,7.88,88.31,0.76,29.53716,72.515477,Ahmedabad
E004395,C050,P003,2026-06-29 19:18:58,13.0,85.45,0.85,23.918344,78.366652,Pune
E004396,C020,P002,2026-03-19 00:24:50,12.5,77.3,0.11,20.234571,79.75997,Mumbai
E004397,C011,P001,2026-06-01 11:43:56,13.93,82.46,0.94,25.736673,75.943588,Ahmedabad
E004398,C030,P004,2026-06-01 14:50:04,11.94,86.07,0.86,21.459314,76.881423,Mumbai
E004399,C013,P001,2026-02-26 16:58:39,4.81,92.48,0.69,20.416902,76.667901,Mumbai
E004400,C006,P004,2026-03-27 04:57:53,11.15,88.1,0.41,23.986613,74.99109,Jaipur
E004401,C025,P002,2026-02-04 22:49:23,4.35,91.92,0.9,29.915574,79.361728,Mumbai
E004402,C022,P002,2026-04-27 08:03:23,4.78,69.34,0.25,20.753913,72.549578,Mumbai
E004403,C031,P003,2026-05-31 03:59:30,7.36,69.2,0.55,26.204432,76.044155,Delhi
E004404,C003,P004,2026-05-23 12:30:17,12.67,87.53,0.07,20.051011,75.064949,Jaipur
E004405,C008,P003,2026-05-02 13:55:00,15.31,87.23,0.71,28.330708,74.821827,Ahmedabad
E004406,C017,P004,2026-05-24 11:47:54,9.09,83.41,0.82,24.514162,73.726383,Delhi
E004407,C037,P004,2026-03-06 04:06:55,13.67,78.64,0.02,26.396683,72.014555,Mumbai
E004408,C001,P004,2026-04-19 05:35:43,5.83,75.54,0.23,26.104667,79.905123,Pune
E004409,C029,P004,2026-01-28 15:37:22,11.0,85.01,0.39,28.822898,72.983847,Pune
E004410,C030,P002,2026-05-29 19:32:18,7.65,62.25,0.64,22.621907,76.189829,Mumbai
E004411,C004,P003,2026-02-27 14:14:06,13.01,60.4,0.26,28.145975,71.765373,Pune
E004412,C028,P001,2026-03-11 10:42:45,15.48,83.69,0.05,29.071157,74.441063,Ahmedabad
E004413,C036,P002,2026-06-23 17:44:15,4.89,75.25,0.35,25.101139,70.96448,Delhi
E004414,C033,P004,2026-04-04 23:52:01,15.41,70.93,0.87,20.44279,79.248096,Pune
E004415,C002,P004,2026-04-03 09:39:41,14.67,77.59,0.9,26.507483,79.43335,Pune
E004416,C041,P004,2026-04-24 19:27:14,14.13,94.93,0.16,25.955879,74.860136,Jaipur
E004417,C012,P001,2026-05-25 11:13:51,14.25,71.3,0.1,26.435125,70.077528,Jaipur
E004418,C026,P002,2026-06-10 15:42:00,10.57,85.1,0.57,26.856518,74.561067,Mumbai
E004419,C014,P002,2026-06-01 22:56:37,9.06,74.38,0.38,26.728277,74.087542,Mumbai
E004420,C032,P003,2026-01-18 22:58:30,7.57,65.72,0.31,24.46315,77.557618,Delhi
E004421,C022,P003,2026-05-22 22:45:56,15.25,60.45,0.21,23.437497,75.396083,Jaipur
E004422,C045,P004,2026-03-29 14:37:34,9.5,70.86,0.36,27.889338,76.638603,Mumbai
E004423,C023,P003,2026-02-15 15:24:58,6.52,92.77,0.55,22.337287,79.706601,Ahmedabad
E004424,C011,P001,2026-01-14 03:58:42,5.42,70.42,0.61,29.866282,74.804424,Delhi
E004425,C037,P002,2026-06-09 09:43:24,10.98,89.32,0.12,21.110877,76.674629,Pune
E004426,C002,P001,2026-02-11 03:45:12,9.37,67.6,0.59,26.421465,76.545839,Delhi
E004427,C044,P003,2026-03-07 06:17:31,9.72,88.65,0.3,27.85674,70.06198,Pune
E004428,C009,P003,2026-03-15 12:09:52,4.16,65.77,0.26,21.40636,77.137099,Ahmedabad
E004429,C011,P001,2026-06-03 06:28:08,8.38,90.99,0.16,27.937643,72.249536,Pune
E004430,C009,P001,2026-01-30 04:32:11,10.69,89.79,0.24,29.734121,76.880334,Pune
E004431,C009,P004,2026-05-11 11:53:00,14.04,66.07,0.24,20.887851,74.944771,Pune
E004432,C005,P004,2026-05-05 15:41:03,13.15,87.89,0.64,23.337529,70.081242,Delhi
E004433,C045,P003,2026-05-02 05:03:25,12.82,84.14,0.79,28.433509,74.046651,Mumbai
E004434,C048,P004,2026-01-25 22:39:31,8.92,67.27,0.07,28.620251,78.219953,Mumbai
E004435,C031,P003,2026-01-08 20:54:56,11.97,73.64,0.42,22.891285,77.864878,Mumbai
E004436,C024,P003,2026-01-20 10:18:10,6.16,81.53,0.97,23.155135,75.936358,Delhi
E004437,C029,P003,2026-02-20 14:25:07,12.67,91.14,0.08,23.046228,75.025445,Jaipur
E004438,C026,P004,2026-03-21 03:27:47,10.49,90.83,0.77,20.348641,79.798618,Delhi
E004439,C009,P001,2026-02-06 04:47:34,10.55,63.14,0.4,29.50264,70.48162,Pune
E004440,C013,P002,2026-03-12 13:56:31,9.61,62.75,0.38,21.70086,77.789933,Delhi
E004441,C009,P001,2026-05-10 16:13:10,9.63,73.12,0.06,28.42374,74.070961,Pune
E004442,C011,P002,2026-03-30 09:24:18,9.89,89.11,0.81,25.176669,77.17509,Jaipur
E004443,C005,P002,2026-04-28 20:40:34,8.43,65.99,0.36,29.454063,75.216929,Pune
E004444,C017,P001,2026-04-27 12:40:18,9.17,76.7,0.28,25.177388,72.831712,Delhi
E004445,C031,P003,2026-03-13 06:10:37,13.04,69.13,0.76,21.143679,74.971903,Ahmedabad
E004446,C001,P002,2026-03-29 19:59:57,9.02,93.25,0.52,26.658868,75.586766,Jaipur
E004447,C013,P003,2026-04-29 12:32:10,13.08,76.44,0.21,29.449353,74.491048,Delhi
E004448,C033,P004,2026-04-26 08:50:42,7.2,91.83,0.39,21.427767,71.26567,Jaipur
E004449,C039,P004,2026-04-09 05:10:51,8.08,78.51,0.03,21.917329,70.819191,Ahmedabad
E004450,C006,P001,2026-03-11 23:33:51,7.8,70.09,0.58,28.18291,77.673786,Mumbai
E004451,C030,P002,2026-04-01 06:03:05,5.89,90.55,0.67,22.518797,75.931004,Delhi
E004452,C020,P004,2026-06-01 03:14:03,8.6,72.93,0.62,29.224927,76.274764,Delhi
E004453,C029,P003,2026-01-08 01:45:56,4.88,63.88,0.73,23.01723,71.527423,Pune
E004454,C025,P004,2026-02-12 10:11:42,7.36,77.55,0.22,21.640726,70.321149,Delhi
E004455,C006,P003,2026-03-14 06:55:51,15.45,74.2,0.99,25.982765,75.115479,Delhi
E004456,C016,P002,2026-01-02 07:26:02,7.16,75.05,0.32,24.976279,78.969713,Pune
E004457,C010,P001,2026-01-18 17:26:49,14.83,71.57,0.12,24.157708,73.791162,Ahmedabad
E004458,C049,P002,2026-04-23 11:17:07,13.84,63.52,0.9,24.072734,77.300332,Ahmedabad
E004459,C034,P001,2026-05-01 19:32:56,13.91,91.39,0.6,23.553117,77.485344,Mumbai
E004460,C026,P004,2026-01-23 22:05:17,12.25,71.43,0.44,22.13624,71.578613,Mumbai
E004461,C044,P001,2026-06-01 05:50:25,15.58,94.28,0.35,28.842303,73.326722,Pune
E004462,C040,P004,2026-04-12 00:59:59,9.48,74.92,0.79,24.341078,70.049771,Ahmedabad
E004463,C013,P002,2026-03-23 09:21:15,7.11,66.39,0.71,26.308538,77.819731,Mumbai
E004464,C045,P002,2026-04-26 16:05:57,6.19,63.32,0.83,22.68117,78.287256,Delhi
E004465,C040,P001,2026-01-02 23:57:48,15.09,86.38,0.9,22.560141,72.897685,Pune
E004466,C006,P004,2026-01-20 21:58:04,15.86,80.93,0.53,22.18219,75.159514,Mumbai
E004467,C035,P004,2026-01-01 07:28:21,5.46,70.16,0.88,26.197626,78.021544,Pune
E004468,C023,P003,2026-03-21 08:25:08,15.93,91.14,0.36,25.330444,78.572802,Mumbai
E004469,C050,P001,2026-01-28 20:16:15,9.9,72.52,0.42,21.202146,74.672886,Delhi
E004470,C043,P004,2026-04-12 20:51:07,8.35,77.38,0.61,23.771318,70.929403,Pune
E004471,C033,P002,2026-06-07 03:29:20,12.14,63.72,0.44,26.189103,76.316503,Delhi
E004472,C022,P003,2026-06-09 05:49:49,11.33,83.55,0.95,28.860804,76.389128,Delhi
E004473,C036,P002,2026-02-28 14:20:04,4.35,71.42,0.23,24.368026,71.939937,Mumbai
E004474,C041,P002,2026-01-16 01:34:31,6.2,74.23,0.87,25.952158,73.467961,Jaipur
E004475,C002,P002,2026-04-30 03:40:39,12.35,66.41,0.53,29.302442,73.421389,Delhi
E004476,C020,P002,2026-01-11 19:16:16,12.47,80.35,0.57,26.14767,77.798601,Delhi
E004477,C032,P001,2026-06-24 14:26:16,8.84,81.48,0.41,21.244733,73.151635,Pune
E004478,C043,P004,2026-04-16 01:05:05,9.66,94.85,0.12,27.678121,78.742967,Delhi
E004479,C023,P001,2026-02-12 04:32:20,9.04,72.28,0.2,21.939437,72.380331,Ahmedabad
E004480,C021,P004,2026-05-10 14:06:55,7.24,74.25,0.87,20.322368,72.073323,Jaipur
E004481,C011,P002,2026-01-15 06:24:51,12.28,62.14,0.73,29.137675,70.971511,Mumbai
E004482,C008,P003,2026-02-20 13:05:03,8.85,81.1,0.95,29.237427,73.505017,Delhi
E004483,C015,P003,2026-06-01 05:11:27,7.85,66.74,0.19,26.377032,74.72045,Delhi
E004484,C008,P002,2026-06-12 12:30:06,5.22,87.66,0.89,24.224556,79.140724,Ahmedabad
E004485,C028,P001,2026-04-18 18:18:01,9.68,87.02,0.35,20.964725,70.402149,Pune
E004486,C042,P002,2026-03-27 13:24:28,4.31,81.1,0.06,24.570817,71.811719,Mumbai
E004487,C010,P002,2026-03-10 15:19:13,7.88,94.99,0.98,21.246015,73.959798,Jaipur
E004488,C044,P001,2026-02-02 06:23:26,8.43,64.5,0.22,27.002932,72.656541,Mumbai
E004489,C024,P001,2026-01-20 02:20:24,7.2,67.24,0.85,23.984204,77.433729,Jaipur
E004490,C042,P004,2026-03-14 10:53:57,14.71,72.67,0.97,28.993622,77.191876,Pune
E004491,C001,P001,2026-02-05 18:45:20,5.95,73.67,0.83,21.269535,76.209474,Mumbai
E004492,C031,P001,2026-04-06 09:23:16,11.11,90.28,0.91,27.444355,74.062194,Ahmedabad
E004493,C010,P001,2026-01-28 01:18:21,12.35,62.1,0.69,22.107868,74.88458,Jaipur
E004494,C048,P001,2026-02-22 11:52:33,15.15,61.27,0.26,20.854335,72.784711,Delhi
E004495,C012,P002,2026-03-11 11:21:35,9.09,78.31,0.53,21.170536,72.699402,Ahmedabad
E004496,C019,P003,2026-02-17 04:47:29,15.93,70.98,0.81,22.529572,77.929216,Jaipur
E004497,C021,P001,2026-03-18 21:25:54,10.7,93.81,0.18,27.500086,73.815617,Delhi
E004498,C026,P001,2026-02-19 02:48:22,4.69,63.84,0.5,22.796237,76.769384,Pune
E004499,C047,P004,2026-01-09 04:45:37,10.42,67.84,0.39,27.40133,77.9245,Delhi
E004500,C011,P002,2026-05-06 02:20:40,5.13,94.44,0.91,21.448494,76.077202,Delhi
E004501,C033,P004,2026-05-24 18:43:51,15.15,87.23,0.79,22.646723,72.732112,Pune
E004502,C012,P002,2026-01-03 07:48:21,9.1,62.64,0.85,22.912963,73.397575,Delhi
E004503,C018,P003,2026-03-11 22:37:30,5.86,83.32,0.64,23.486971,70.157865,Jaipur
E004504,C041,P003,2026-02-28 14:38:53,5.9,84.33,0.43,22.74623,77.6169,Jaipur
E004505,C013,P001,2026-04-22 22:56:57,10.96,64.33,0.03,25.685951,72.059311,Jaipur
E004506,C014,P004,2026-02-11 07:32:57,12.95,80.12,0.93,24.646363,71.095776,Jaipur
E004507,C032,P002,2026-05-31 01:38:07,8.25,61.35,0.79,29.837349,76.384487,Ahmedabad
E004508,C004,P001,2026-03-03 15:12:07,15.14,80.37,0.84,24.264381,70.689317,Delhi
E004509,C026,P004,2026-03-20 17:08:24,13.34,89.3,0.66,24.84563,75.169116,Jaipur
E004510,C006,P001,2026-05-30 15:30:35,5.64,66.36,0.58,26.111061,74.916822,Ahmedabad
E004511,C010,P001,2026-05-07 04:52:11,4.39,89.0,0.25,28.587673,79.243624,Ahmedabad
E004512,C011,P004,2026-04-13 14:04:48,8.42,73.46,0.29,21.967065,71.668787,Pune
E004513,C049,P003,2026-02-14 11:52:25,9.2,92.39,0.94,20.872248,71.622651,Pune
E004514,C033,P003,2026-05-13 17:45:45,12.67,63.81,0.7,21.156264,74.476044,Ahmedabad
E004515,C027,P003,2026-01-28 13:02:44,14.61,61.28,0.69,21.715059,70.794705,Delhi
E004516,C027,P003,2026-05-01 18:53:04,5.65,91.77,0.68,25.879625,70.395889,Ahmedabad
E004517,C017,P004,2026-06-03 04:14:00,7.03,94.99,0.48,22.671658,78.887413,Delhi
E004518,C021,P003,2026-06-10 17:08:45,6.14,83.92,0.4,26.590076,74.48347,Jaipur
E004519,C039,P002,2026-04-27 17:47:55,12.48,68.67,0.07,28.412833,74.671365,Jaipur
E004520,C014,P001,2026-05-20 15:45:54,14.88,90.72,0.7,23.502766,76.150187,Ahmedabad
E004521,C006,P002,2026-06-23 08:21:52,6.74,92.96,0.47,20.458227,79.047479,Jaipur
E004522,C016,P003,2026-03-04 23:35:57,6.77,77.89,0.53,25.985603,73.741701,Jaipur
E004523,C011,P002,2026-04-10 14:44:09,13.28,86.38,0.99,21.495843,79.336024,Delhi
E004524,C020,P002,2026-05-13 10:15:41,15.79,81.94,0.52,26.76102,71.225934,Ahmedabad
E004525,C010,P004,2026-03-07 01:37:38,15.71,81.18,0.53,24.172601,70.30693,Jaipur
E004526,C010,P003,2026-06-19 00:07:25,13.33,76.74,0.09,29.306214,72.297838,Ahmedabad
E004527,C045,P001,2026-05-07 23:17:40,9.15,88.95,0.26,28.958834,74.579226,Mumbai
E004528,C035,P002,2026-04-27 07:34:28,14.31,88.09,0.45,28.8105,76.237145,Delhi
E004529,C010,P004,2026-03-06 14:03:06,11.58,79.11,0.26,25.64775,76.552007,Mumbai
E004530,C030,P001,2026-04-03 15:18:11,5.69,64.48,0.25,21.297664,75.708603,Ahmedabad
E004531,C035,P002,2026-05-05 11:30:42,15.31,81.42,0.64,23.838705,73.18948,Pune
E004532,C015,P004,2026-01-28 12:32:58,6.28,71.69,0.98,29.637434,75.985016,Mumbai
E004533,C031,P001,2026-01-09 10:02:09,5.44,84.19,0.2,24.389258,72.166716,Mumbai
E004534,C050,P003,2026-02-18 03:54:01,7.94,76.78,0.37,20.683801,74.399123,Ahmedabad
E004535,C004,P002,2026-04-07 00:52:56,8.94,71.03,0.76,29.730504,73.479726,Mumbai
E004536,C010,P003,2026-01-27 13:32:35,14.02,92.07,0.98,22.944217,70.012476,Jaipur
E004537,C014,P003,2026-01-07 02:14:23,8.23,78.3,0.7,23.574994,75.30174,Delhi
E004538,C018,P002,2026-06-14 19:54:26,13.71,88.6,0.97,28.268189,73.777608,Jaipur
E004539,C006,P001,2026-03-24 16:49:33,10.34,92.61,0.19,21.024042,76.44882,Delhi
E004540,C002,P002,2026-03-22 08:19:17,13.58,87.11,0.77,25.431604,75.370728,Delhi
E004541,C012,P003,2026-01-19 04:31:40,14.55,67.73,0.27,26.654611,75.85575,Jaipur
E004542,C041,P001,2026-01-30 15:43:56,4.58,73.29,0.97,22.443841,72.016458,Delhi
E004543,C006,P003,2026-01-21 09:08:57,14.88,68.16,0.06,21.60523,73.750896,Delhi
E004544,C003,P001,2026-03-13 21:16:24,5.9,93.46,0.14,26.056492,79.101538,Delhi
E004545,C015,P001,2026-05-17 19:57:05,5.25,87.12,0.43,25.459076,75.633511,Ahmedabad
E004546,C031,P002,2026-06-06 22:32:19,14.37,74.76,0.92,20.387383,79.246741,Delhi
E004547,C022,P003,2026-01-12 11:23:37,9.58,69.62,0.56,29.13558,76.542368,Ahmedabad
E004548,C033,P003,2026-01-21 12:42:32,6.44,66.89,0.71,22.735928,76.842215,Mumbai
E004549,C031,P002,2026-01-27 18:36:27,15.34,61.18,0.91,20.319108,76.259741,Jaipur
E004550,C002,P004,2026-03-09 07:48:45,14.71,67.7,0.71,22.540577,78.335671,Mumbai
E004551,C016,P001,2026-06-25 06:28:32,5.72,60.79,0.94,24.330259,75.968004,Pune
E004552,C049,P001,2026-01-01 03:42:31,9.85,82.06,0.53,21.064261,79.903268,Jaipur
E004553,C041,P002,2026-06-14 13:48:18,15.01,74.67,0.79,23.305796,73.220272,Delhi
E004554,C047,P003,2026-01-09 05:07:41,4.25,94.96,0.74,27.398671,79.358491,Pune
E004555,C048,P003,2026-06-16 13:48:19,4.86,89.68,0.11,29.841551,79.195048,Mumbai
E004556,C011,P001,2026-02-25 01:14:16,6.48,65.06,0.28,22.056476,74.222068,Delhi
E004557,C050,P003,2026-03-19 14:26:20,8.88,69.97,0.67,26.16852,72.172436,Mumbai
E004558,C016,P003,2026-01-14 10:11:15,8.68,84.47,0.89,24.861253,73.650907,Ahmedabad
E004559,C016,P003,2026-02-06 16:32:16,7.82,76.9,0.79,24.398121,70.597505,Jaipur
E004560,C028,P003,2026-01-21 00:55:29,5.32,65.98,0.0,26.234997,73.431368,Ahmedabad
E004561,C030,P004,2026-01-13 10:56:19,10.25,76.99,0.43,20.586668,73.317415,Pune
E004562,C015,P004,2026-01-05 05:36:37,8.09,89.1,0.72,23.829234,79.513569,Mumbai
E004563,C022,P002,2026-01-21 01:45:08,14.17,72.09,0.81,22.629458,77.493249,Jaipur
E004564,C035,P002,2026-01-14 10:25:46,9.11,87.25,0.37,21.108518,79.77006,Jaipur
E004565,C025,P003,2026-01-23 04:06:28,8.57,83.87,0.97,25.5957,77.333054,Delhi
E004566,C043,P004,2026-03-10 13:37:09,4.44,84.85,0.79,24.749278,74.170884,Mumbai
E004567,C009,P001,2026-05-08 17:20:11,5.01,73.37,0.21,26.545213,76.088517,Delhi
E004568,C018,P003,2026-04-29 06:28:29,10.07,80.95,0.91,28.121438,70.636956,Ahmedabad
E004569,C013,P002,2026-06-22 10:29:28,12.54,91.12,0.4,28.316679,79.169865,Mumbai
E004570,C041,P004,2026-04-05 14:12:21,4.24,85.07,0.83,22.367621,73.977541,Delhi
E004571,C003,P001,2026-06-03 14:07:15,5.07,92.4,0.72,24.198825,73.174663,Ahmedabad
E004572,C005,P004,2026-04-06 14:16:23,12.72,60.69,0.7,20.065629,74.633099,Mumbai
E004573,C029,P001,2026-04-08 04:38:53,9.77,69.12,0.62,29.929815,78.23441,Pune
E004574,C043,P002,2026-04-30 16:37:56,11.9,66.93,0.53,29.712377,71.207787,Delhi
E004575,C007,P002,2026-05-08 04:49:20,15.35,65.97,0.43,20.72131,79.339728,Delhi
E004576,C033,P001,2026-02-12 04:59:56,6.2,69.0,0.72,25.413814,74.513401,Ahmedabad
E004577,C050,P001,2026-06-03 13:42:21,9.34,94.1,0.46,28.570616,77.320992,Pune
E004578,C016,P002,2026-06-09 23:54:55,4.52,92.51,0.12,26.402424,73.038911,Jaipur
E004579,C036,P002,2026-05-08 05:01:03,6.72,77.85,0.09,24.68414,74.607045,Delhi
E004580,C018,P001,2026-03-20 13:06:13,13.28,88.76,0.14,22.283054,77.765208,Pune
E004581,C032,P004,2026-01-29 08:13:07,7.87,68.29,0.94,28.826437,73.846543,Delhi
E004582,C050,P002,2026-03-16 13:03:31,13.61,89.88,0.45,23.052524,70.98004,Pune
E004583,C047,P001,2026-01-03 04:27:18,7.85,91.8,0.72,27.98599,74.338598,Mumbai
E004584,C015,P002,2026-02-02 18:23:55,8.67,64.01,0.08,22.948536,74.277606,Jaipur
E004585,C024,P004,2026-05-12 17:12:31,4.47,70.95,0.18,21.146915,76.338521,Jaipur
E004586,C030,P001,2026-05-06 15:15:12,15.98,88.79,0.4,25.141618,76.963326,Mumbai
E004587,C027,P002,2026-01-25 21:29:37,5.23,64.89,0.14,25.299459,70.973034,Pune
E004588,C023,P004,2026-06-01 00:10:34,5.19,85.46,0.13,29.149336,74.567409,Jaipur
E004589,C018,P001,2026-04-25 06:10:23,13.0,81.27,0.9,20.015362,76.853011,Jaipur
E004590,C028,P002,2026-04-24 10:34:27,14.57,77.74,0.01,24.890925,77.045214,Ahmedabad
E004591,C027,P002,2026-01-13 06:51:20,15.44,73.98,0.62,24.690061,76.950967,Ahmedabad
E004592,C011,P001,2026-06-14 08:26:34,15.01,93.34,0.91,26.802552,71.659887,Ahmedabad
E004593,C004,P001,2026-03-30 14:11:21,9.95,71.57,0.01,22.012627,72.178294,Pune
E004594,C008,P002,2026-04-08 04:21:40,7.99,90.48,0.72,24.511174,74.818464,Jaipur
E004595,C022,P002,2026-01-12 06:12:36,7.23,86.54,0.58,20.317216,75.808225,Delhi
E004596,C019,P003,2026-03-08 14:45:28,5.92,94.67,0.84,20.984193,77.415289,Mumbai
E004597,C019,P004,2026-04-04 05:42:02,15.44,74.96,0.7,23.734071,74.17924,Ahmedabad
E004598,C018,P002,2026-01-11 05:30:35,12.14,89.6,0.67,23.51938,74.884453,Mumbai
E004599,C021,P001,2026-02-11 21:37:25,14.17,78.21,0.99,21.499883,74.773069,Jaipur
E004600,C041,P004,2026-05-13 17:08:22,9.5,93.12,0.25,25.571255,70.487426,Ahmedabad
E004601,C049,P002,2026-02-24 20:40:26,12.25,93.45,0.25,25.144986,73.028008,Pune
E004602,C002,P001,2026-01-16 15:42:18,7.28,60.79,0.54,27.93811,79.726324,Jaipur
E004603,C045,P002,2026-05-15 18:49:40,7.39,65.94,0.68,22.444353,77.620909,Ahmedabad
E004604,C037,P001,2026-01-28 02:53:14,8.56,93.95,0.08,29.132208,70.681492,Mumbai
E004605,C040,P002,2026-01-29 17:11:54,9.0,88.2,0.03,28.492082,76.944874,Pune
E004606,C015,P002,2026-06-18 23:48:42,5.44,72.29,0.68,24.749959,77.404576,Jaipur
E004607,C011,P002,2026-01-18 06:48:09,6.73,68.82,0.01,20.596648,74.076324,Pune
E004608,C005,P001,2026-04-26 15:28:41,12.75,70.92,0.53,27.888596,75.57127,Ahmedabad
E004609,C034,P004,2026-01-10 01:07:18,15.74,63.48,0.2,22.648631,76.72955,Jaipur
E004610,C034,P004,2026-02-18 14:52:11,7.52,71.0,0.34,20.945639,76.455968,Delhi
E004611,C024,P003,2026-05-09 06:30:06,14.53,89.94,0.27,20.06677,76.938644,Delhi
E004612,C036,P004,2026-03-05 17:44:42,7.64,93.56,0.77,28.965542,72.601798,Pune
E004613,C008,P003,2026-02-24 19:50:00,7.51,90.9,0.02,20.934312,71.107423,Delhi
E004614,C025,P002,2026-03-31 07:31:45,15.9,67.18,0.75,22.357515,77.937201,Jaipur
E004615,C022,P003,2026-01-28 13:18:02,4.2,90.72,0.33,23.267962,74.925763,Mumbai
E004616,C023,P002,2026-05-06 15:09:35,6.15,76.61,0.97,29.605241,76.918325,Mumbai
E004617,C002,P004,2026-05-21 12:24:42,12.7,81.36,0.48,21.360941,75.885081,Mumbai
E004618,C031,P001,2026-03-08 18:28:49,11.54,87.87,0.42,24.400665,74.889471,Mumbai
E004619,C026,P004,2026-06-15 09:05:03,9.12,74.85,0.96,24.842703,77.821752,Pune
E004620,C023,P003,2026-01-11 03:00:07,5.47,81.27,0.33,23.37943,74.537086,Mumbai
E004621,C008,P001,2026-06-28 04:36:06,11.75,82.61,0.46,29.678692,77.846618,Jaipur
E004622,C013,P002,2026-01-11 10:46:52,11.46,73.07,0.7,20.652138,73.980443,Pune
E004623,C018,P003,2026-04-03 12:31:56,5.91,82.46,0.83,20.900718,70.956569,Ahmedabad
E004624,C034,P003,2026-04-11 15:46:54,6.39,72.91,0.05,20.05183,77.465698,Ahmedabad
E004625,C028,P004,2026-03-22 07:27:38,5.89,64.44,0.29,29.7181,73.81772,Delhi
E004626,C033,P004,2026-05-15 07:09:51,7.94,79.06,0.07,22.764349,71.447127,Ahmedabad
E004627,C040,P002,2026-04-08 07:38:42,9.17,73.04,0.67,27.41156,76.041507,Jaipur
E004628,C027,P003,2026-02-05 15:05:09,13.26,86.89,0.95,20.191817,78.935854,Jaipur
E004629,C009,P003,2026-04-17 04:53:52,5.89,80.42,0.29,22.510689,77.169575,Pune
E004630,C001,P002,2026-01-21 08:38:57,9.12,67.67,1.0,28.614503,78.714075,Ahmedabad
E004631,C005,P004,2026-06-28 21:10:06,9.15,71.77,0.51,25.466125,78.124994,Ahmedabad
E004632,C006,P004,2026-03-19 02:08:52,10.95,82.74,0.57,29.863478,74.996292,Delhi
E004633,C033,P003,2026-04-23 11:08:38,5.85,61.07,0.55,20.1687,73.365378,Mumbai
E004634,C015,P002,2026-02-01 18:27:03,13.09,84.36,0.05,26.497235,75.98048,Mumbai
E004635,C029,P001,2026-03-25 21:38:21,9.42,60.79,0.86,29.396545,75.749542,Pune
E004636,C040,P002,2026-02-18 21:46:30,15.87,90.1,0.01,23.377442,79.639573,Ahmedabad
E004637,C043,P001,2026-04-01 00:08:24,9.14,62.01,0.64,21.515555,74.178173,Ahmedabad
E004638,C041,P001,2026-05-19 05:33:31,7.7,77.23,0.64,26.471417,72.929854,Ahmedabad
E004639,C033,P004,2026-05-09 20:30:39,5.8,87.37,0.93,21.732151,79.220953,Jaipur
E004640,C042,P003,2026-02-20 18:13:56,9.18,63.51,0.02,20.805685,78.649863,Delhi
E004641,C027,P004,2026-06-26 20:03:23,12.95,62.19,0.64,26.886467,75.196145,Jaipur
E004642,C032,P004,2026-05-08 12:10:07,14.84,68.93,0.19,24.547112,78.007179,Mumbai
E004643,C032,P003,2026-06-25 11:40:40,14.28,88.66,0.03,25.27548,76.972741,Jaipur
E004644,C008,P004,2026-06-11 16:07:09,13.44,71.57,0.05,20.34123,70.141883,Jaipur
E004645,C028,P003,2026-02-14 02:53:10,8.92,78.57,0.12,22.653028,72.650195,Delhi
E004646,C030,P004,2026-06-30 02:33:06,5.8,86.08,0.11,29.49519,77.929314,Mumbai
E004647,C017,P001,2026-06-04 16:54:14,14.02,72.76,0.7,24.322779,79.139457,Ahmedabad
E004648,C022,P001,2026-06-14 14:55:47,10.7,72.27,0.53,25.633554,74.789431,Mumbai
E004649,C008,P001,2026-06-09 19:37:45,4.91,83.58,0.78,22.953639,77.617335,Mumbai
E004650,C013,P002,2026-01-28 10:17:04,7.05,93.5,0.05,20.533042,74.733755,Mumbai
E004651,C002,P003,2026-05-26 22:07:19,15.93,76.78,0.61,27.674122,72.141203,Mumbai
E004652,C014,P002,2026-01-23 12:37:57,14.9,86.53,0.28,23.988263,75.270742,Pune
E004653,C022,P002,2026-02-17 14:45:47,8.68,77.11,0.17,20.972426,71.326529,Pune
E004654,C035,P003,2026-02-17 11:59:46,7.76,67.23,0.4,24.339839,71.761089,Delhi
E004655,C044,P002,2026-01-17 08:33:36,7.06,88.48,0.26,23.353536,73.183667,Delhi
E004656,C023,P002,2026-05-09 16:15:23,11.56,60.18,0.4,28.162375,72.73741,Mumbai
E004657,C019,P003,2026-05-14 10:02:29,10.96,61.4,0.59,27.677334,77.506542,Mumbai
E004658,C026,P004,2026-04-08 11:44:12,7.64,78.59,0.18,26.193625,72.875626,Ahmedabad
E004659,C026,P001,2026-01-22 11:06:02,9.9,85.52,0.16,26.083698,79.556689,Mumbai
E004660,C024,P003,2026-04-08 19:12:55,13.14,93.66,0.4,24.952814,72.941082,Delhi
E004661,C027,P002,2026-03-20 17:44:56,5.81,92.81,0.06,26.112212,72.153939,Ahmedabad
E004662,C035,P002,2026-03-27 11:42:51,14.63,89.48,0.32,20.01524,77.00462,Pune
E004663,C015,P001,2026-06-06 10:42:23,7.88,84.61,0.34,23.760209,70.297449,Pune
E004664,C019,P001,2026-03-29 17:40:49,10.78,77.19,0.82,21.480909,70.927666,Pune
E004665,C005,P004,2026-03-26 20:27:54,10.31,71.2,0.12,22.681538,78.673994,Mumbai
E004666,C030,P003,2026-06-01 11:38:44,9.72,65.2,0.64,29.502349,70.771405,Jaipur
E004667,C005,P001,2026-04-04 05:33:59,15.52,75.21,0.93,21.753391,75.567446,Jaipur
E004668,C023,P001,2026-02-13 06:01:59,10.73,92.3,0.08,23.699943,76.517419,Jaipur
E004669,C005,P003,2026-02-28 05:35:49,5.54,82.11,0.68,25.200221,77.691954,Mumbai
E004670,C033,P001,2026-01-08 20:43:05,13.46,89.79,0.69,23.828294,79.472489,Pune
E004671,C008,P004,2026-01-16 09:16:01,6.47,94.67,0.58,22.179735,79.887749,Ahmedabad
E004672,C039,P001,2026-01-07 23:41:00,5.22,94.51,0.56,22.279749,75.173607,Jaipur
E004673,C026,P002,2026-03-19 15:51:56,10.58,77.17,0.78,21.100183,75.122398,Delhi
E004674,C004,P003,2026-01-01 11:25:08,4.44,61.84,0.94,22.295706,75.194847,Jaipur
E004675,C037,P002,2026-01-20 09:23:59,15.8,93.48,0.39,22.121533,70.557786,Ahmedabad
E004676,C047,P001,2026-05-30 06:39:53,11.35,88.01,0.02,21.427876,74.462325,Mumbai
E004677,C023,P002,2026-02-03 22:29:55,4.22,70.89,0.24,24.806781,79.183146,Mumbai
E004678,C045,P003,2026-02-28 00:26:08,6.1,66.87,0.42,24.14769,76.095488,Pune
E004679,C045,P001,2026-06-06 14:37:24,9.16,86.94,0.11,26.772846,72.554474,Mumbai
E004680,C040,P003,2026-02-04 22:59:05,7.92,63.1,0.77,23.318157,77.989761,Mumbai
E004681,C012,P004,2026-03-29 17:17:16,14.52,85.67,0.74,25.063563,77.536223,Delhi
E004682,C031,P002,2026-01-14 04:40:03,6.46,71.75,0.2,25.558491,75.143218,Pune
E004683,C006,P004,2026-05-12 23:01:14,13.82,60.71,0.93,28.823564,74.118561,Ahmedabad
E004684,C032,P003,2026-03-16 11:07:43,7.5,69.4,0.15,20.051309,72.655633,Delhi
E004685,C012,P002,2026-04-15 11:50:15,8.34,71.19,0.31,26.803219,79.451643,Delhi
E004686,C023,P004,2026-04-27 12:24:26,4.58,93.52,0.98,26.467277,78.934723,Pune
E004687,C048,P001,2026-02-18 07:37:50,7.67,85.58,0.23,22.232737,71.803482,Delhi
E004688,C010,P002,2026-06-19 11:31:40,9.77,77.5,0.56,29.841353,79.921693,Jaipur
E004689,C034,P002,2026-05-09 23:31:43,9.52,87.7,0.34,20.365037,77.782359,Mumbai
E004690,C043,P003,2026-05-08 18:43:37,13.04,88.63,0.36,22.043152,73.590432,Delhi
E004691,C035,P002,2026-02-11 19:58:20,12.72,75.16,0.3,24.86016,72.429392,Ahmedabad
E004692,C033,P001,2026-04-09 15:15:25,9.83,72.05,0.52,28.042832,73.434202,Ahmedabad
E004693,C019,P001,2026-02-24 05:49:04,14.79,94.69,0.91,25.116867,70.487785,Ahmedabad
E004694,C049,P001,2026-01-16 06:09:27,11.36,86.78,0.93,27.027832,78.237105,Ahmedabad
E004695,C031,P002,2026-03-31 00:56:45,9.46,62.2,0.44,20.980674,72.958347,Ahmedabad
E004696,C030,P001,2026-01-15 14:54:18,9.3,62.82,0.27,20.452647,71.497645,Pune
E004697,C047,P003,2026-05-05 14:49:36,5.55,76.5,0.33,24.68395,77.456688,Mumbai
E004698,C027,P004,2026-06-06 22:06:53,5.63,62.52,0.95,20.747808,79.562437,Mumbai
E004699,C037,P003,2026-04-04 08:08:18,11.88,65.22,0.16,26.147185,74.021865,Mumbai
E004700,C027,P002,2026-01-16 07:28:01,15.82,85.78,0.03,22.490375,70.491362,Jaipur
E004701,C045,P002,2026-05-21 14:54:44,4.26,68.54,0.54,23.832434,76.318517,Delhi
E004702,C046,P001,2026-06-08 00:35:24,11.5,69.26,0.38,27.72501,74.153393,Jaipur
E004703,C020,P003,2026-03-08 10:39:48,9.55,80.86,0.34,21.101304,71.799298,Jaipur
E004704,C035,P004,2026-01-21 08:44:37,13.49,84.98,0.49,27.781921,70.117562,Pune
E004705,C022,P004,2026-02-18 11:33:45,8.41,65.74,0.98,21.992436,75.978197,Ahmedabad
E004706,C009,P004,2026-01-01 20:33:55,7.39,62.97,0.24,27.1308,78.209624,Ahmedabad
E004707,C030,P001,2026-03-28 06:15:43,6.4,68.03,0.64,21.743901,79.569441,Pune
E004708,C011,P003,2026-05-29 07:27:56,7.25,66.05,0.72,28.845899,77.612186,Ahmedabad
E004709,C035,P003,2026-03-09 05:44:25,15.06,63.26,0.08,23.241536,70.874669,Pune
E004710,C044,P004,2026-03-23 15:22:17,5.3,64.77,0.53,22.357653,75.846657,Mumbai
E004711,C008,P001,2026-02-02 10:38:28,4.37,83.35,0.77,22.808688,74.324056,Ahmedabad
E004712,C011,P003,2026-04-01 04:29:28,7.76,82.58,0.32,28.907463,72.903275,Ahmedabad
E004713,C020,P003,2026-06-16 19:51:28,8.72,83.99,0.63,22.631035,72.112897,Ahmedabad
E004714,C025,P003,2026-05-27 21:30:36,9.84,90.31,0.96,20.317877,73.779982,Pune
E004715,C041,P003,2026-02-23 08:52:14,6.51,73.99,0.41,27.200849,79.158591,Delhi
E004716,C040,P002,2026-03-11 15:58:42,15.13,71.93,0.56,20.532162,74.340971,Jaipur
E004717,C044,P003,2026-05-07 10:31:09,14.69,70.4,0.56,24.023296,71.373523,Jaipur
E004718,C003,P002,2026-04-11 06:03:09,10.31,71.26,0.68,22.92612,72.196251,Pune
E004719,C013,P004,2026-02-07 21:50:36,15.31,69.64,0.86,20.235365,78.589478,Ahmedabad
E004720,C008,P004,2026-05-08 14:43:08,12.66,69.55,0.9,21.846814,72.928279,Delhi
E004721,C026,P001,2026-03-26 16:56:26,6.19,69.3,0.27,26.53958,72.721753,Jaipur
E004722,C004,P001,2026-02-05 11:49:40,10.6,71.01,0.58,26.219798,71.109933,Mumbai
E004723,C035,P002,2026-02-12 09:01:34,4.41,65.42,0.89,27.82548,74.626961,Mumbai
E004724,C021,P003,2026-01-18 11:12:28,13.56,84.26,0.89,21.68625,73.016443,Pune
E004725,C010,P002,2026-03-24 14:57:31,9.23,90.96,0.75,29.10961,73.200818,Delhi
E004726,C047,P004,2026-05-30 09:45:35,4.61,73.45,0.63,28.762437,77.276736,Delhi
E004727,C018,P003,2026-01-27 06:02:13,11.33,80.16,0.84,26.653091,72.442435,Jaipur
E004728,C035,P001,2026-04-24 20:35:38,12.37,90.87,0.21,21.677463,77.403845,Jaipur
E004729,C027,P004,2026-05-23 04:08:32,6.29,88.12,0.14,26.417075,73.292223,Pune
E004730,C025,P003,2026-06-09 06:48:11,4.62,75.12,0.48,21.588312,76.435568,Jaipur
E004731,C017,P002,2026-04-25 20:01:15,5.75,63.8,0.26,25.541324,75.951348,Mumbai
E004732,C017,P001,2026-06-29 03:29:29,14.38,89.57,0.58,24.086336,70.430057,Ahmedabad
E004733,C044,P002,2026-04-05 09:12:30,15.11,71.02,0.58,23.529091,77.024715,Delhi
E004734,C046,P003,2026-01-16 22:20:43,7.85,83.63,0.95,23.054534,73.144238,Delhi
E004735,C004,P002,2026-04-18 19:39:01,9.58,87.04,0.99,27.103253,79.315583,Pune
E004736,C042,P001,2026-04-09 02:47:28,14.0,67.69,0.99,20.428597,77.814996,Delhi
E004737,C042,P002,2026-05-06 18:23:39,15.94,76.92,0.35,25.686903,76.29459,Ahmedabad
E004738,C048,P003,2026-04-30 17:32:30,11.33,82.57,0.27,24.282239,70.468753,Ahmedabad
E004739,C046,P001,2026-04-11 17:29:06,11.13,75.03,0.89,23.127872,75.503225,Pune
E004740,C029,P004,2026-05-02 20:38:30,9.21,74.59,0.92,20.866453,73.408792,Pune
E004741,C026,P002,2026-02-09 14:48:37,15.99,68.87,0.48,26.328758,70.494282,Jaipur
E004742,C036,P002,2026-06-05 05:15:44,12.04,85.4,0.34,28.198428,79.172776,Delhi
E004743,C006,P003,2026-04-15 07:20:55,6.97,86.01,0.06,21.683093,75.340641,Ahmedabad
E004744,C028,P003,2026-01-09 23:06:44,9.11,89.98,0.62,24.285896,74.511877,Jaipur
E004745,C023,P003,2026-05-01 05:18:24,12.33,69.99,0.65,27.199111,71.10667,Ahmedabad
E004746,C029,P001,2026-05-15 18:01:35,12.85,80.28,0.89,29.293788,75.853798,Jaipur
E004747,C025,P002,2026-03-03 23:24:13,14.34,67.7,0.97,26.678829,71.441033,Delhi
E004748,C017,P003,2026-04-22 22:43:35,11.16,78.99,0.65,22.145215,78.780529,Delhi
E004749,C022,P004,2026-03-31 16:40:22,8.69,64.37,0.29,29.769986,71.221302,Delhi
E004750,C044,P002,2026-04-10 07:52:55,4.96,84.67,0.87,28.678664,75.295003,Pune
E004751,C003,P004,2026-01-12 11:43:04,12.4,75.59,0.49,21.400893,76.730966,Mumbai
E004752,C042,P003,2026-03-15 23:28:38,11.3,68.93,0.14,26.397156,77.451655,Delhi
E004753,C012,P001,2026-01-05 15:03:57,15.21,83.69,0.63,22.351153,73.105289,Delhi
E004754,C010,P003,2026-02-27 15:44:17,9.7,60.08,0.97,26.023533,77.172182,Pune
E004755,C015,P003,2026-06-03 01:38:25,7.49,69.58,0.79,20.483722,79.593812,Pune
E004756,C027,P002,2026-01-03 10:04:52,15.1,69.24,0.03,24.357437,70.619705,Pune
E004757,C032,P003,2026-04-07 22:32:23,15.81,66.34,0.01,28.169322,76.177028,Mumbai
E004758,C014,P001,2026-06-21 21:32:49,8.76,67.93,0.06,20.425906,75.297394,Delhi
E004759,C026,P002,2026-01-26 15:36:38,4.91,87.68,0.28,28.009904,78.17977,Ahmedabad
E004760,C001,P004,2026-05-03 08:57:56,15.83,62.68,0.33,28.947848,70.645142,Mumbai
E004761,C024,P001,2026-06-04 09:17:47,15.24,86.87,0.44,28.268023,74.469414,Pune
E004762,C013,P004,2026-02-17 12:15:47,9.4,92.07,0.59,26.056285,70.401014,Jaipur
E004763,C005,P003,2026-05-25 22:26:01,7.01,69.56,0.3,28.151969,77.014881,Mumbai
E004764,C014,P004,2026-03-11 05:08:29,11.97,79.23,0.72,29.926997,71.181439,Ahmedabad
E004765,C048,P001,2026-01-13 14:34:07,10.39,74.15,0.53,20.569072,77.326212,Ahmedabad
E004766,C007,P001,2026-06-01 14:42:10,14.61,74.31,0.92,27.746729,78.009418,Mumbai
E004767,C041,P003,2026-03-20 03:23:50,8.67,68.09,0.14,23.866513,72.770623,Mumbai
E004768,C047,P004,2026-01-20 02:14:47,9.18,75.25,0.02,22.841417,76.129658,Delhi
E004769,C040,P001,2026-03-19 16:58:31,15.29,94.89,0.31,29.551418,76.625557,Pune
E004770,C025,P004,2026-06-08 05:35:10,4.13,79.88,0.53,22.032501,71.080436,Pune
E004771,C001,P001,2026-06-03 19:58:58,4.11,77.81,0.6,23.074565,73.35982,Jaipur
E004772,C038,P003,2026-02-12 09:14:11,5.67,73.81,0.12,27.425692,78.038105,Pune
E004773,C020,P003,2026-04-30 04:35:24,8.42,63.86,0.21,20.75305,73.037436,Ahmedabad
E004774,C021,P002,2026-05-12 13:05:01,14.98,68.01,0.07,26.859391,73.193894,Pune
E004775,C036,P004,2026-04-20 09:11:56,8.47,88.79,0.84,26.360504,77.735407,Delhi
E004776,C049,P001,2026-01-27 22:20:14,6.9,93.91,0.08,24.356536,77.428158,Ahmedabad
E004777,C029,P001,2026-04-28 20:46:49,8.18,72.88,0.2,29.988583,78.696372,Pune
E004778,C033,P003,2026-04-20 18:43:53,15.05,91.6,0.69,29.375026,76.582954,Ahmedabad
E004779,C050,P004,2026-05-04 18:17:19,6.15,62.99,0.93,24.658266,72.147204,Pune
E004780,C002,P004,2026-02-17 19:45:01,7.33,63.83,0.95,27.869774,79.750007,Delhi
E004781,C009,P001,2026-02-24 22:12:57,12.98,89.75,0.8,21.207984,73.092235,Jaipur
E004782,C001,P004,2026-05-12 17:34:07,4.91,72.24,0.61,21.400532,71.750123,Pune
E004783,C007,P001,2026-04-26 20:22:53,8.15,64.75,0.92,24.576975,79.214853,Delhi
E004784,C019,P002,2026-03-13 10:07:58,13.24,84.88,0.26,21.565244,78.330124,Mumbai
E004785,C020,P003,2026-05-05 21:53:04,15.53,75.24,0.77,25.534829,70.897665,Mumbai
E004786,C019,P003,2026-03-19 07:43:30,8.55,91.27,0.63,23.6292,76.463356,Ahmedabad
E004787,C047,P003,2026-06-11 07:09:52,12.66,64.1,0.82,23.9857,75.576859,Jaipur
E004788,C044,P004,2026-01-22 20:58:22,11.2,73.67,0.33,23.65779,77.981066,Jaipur
E004789,C043,P002,2026-04-23 08:26:43,8.17,77.58,0.99,27.572175,72.508868,Pune
E004790,C009,P001,2026-05-29 21:30:42,15.85,86.68,0.48,21.090258,77.710218,Pune
E004791,C025,P001,2026-04-13 09:28:03,12.58,74.77,0.34,24.364559,74.796067,Pune
E004792,C047,P003,2026-06-02 20:54:17,11.71,89.42,0.85,25.698213,72.330497,Delhi
E004793,C006,P003,2026-01-29 02:19:10,14.68,75.06,0.34,21.537704,70.647169,Mumbai
E004794,C011,P002,2026-02-16 03:23:34,8.91,80.35,0.02,23.076413,75.023154,Ahmedabad
E004795,C018,P003,2026-04-13 21:15:31,10.02,82.64,0.25,29.640649,77.351737,Pune
E004796,C029,P004,2026-01-23 14:03:06,10.5,61.71,0.39,26.685827,72.319795,Pune
E004797,C027,P002,2026-04-06 05:07:03,7.87,78.43,0.69,23.771165,78.818113,Ahmedabad
E004798,C004,P002,2026-05-23 22:21:01,11.03,92.75,0.0,20.711109,78.343747,Delhi
E004799,C026,P003,2026-04-07 19:06:03,15.08,66.39,0.91,29.761327,77.884672,Delhi
E004800,C037,P003,2026-01-20 04:59:01,9.34,66.69,0.46,26.387999,75.942704,Delhi
E004801,C049,P002,2026-05-27 14:58:02,11.29,77.2,0.18,26.695542,74.972474,Pune
E004802,C013,P004,2026-01-23 08:07:10,12.39,70.51,0.4,25.505405,72.974555,Pune
E004803,C011,P002,2026-03-19 15:32:39,11.59,73.72,0.15,20.657528,70.302263,Delhi
E004804,C001,P004,2026-05-21 05:08:24,7.44,75.74,0.88,28.966053,72.29319,Delhi
E004805,C022,P004,2026-03-31 14:09:05,5.26,75.07,0.54,24.156114,77.077913,Ahmedabad
E004806,C048,P001,2026-03-25 19:03:55,7.79,79.76,0.29,21.076584,76.03877,Jaipur
E004807,C046,P002,2026-05-26 05:40:50,4.92,93.24,0.36,26.111244,74.366781,Jaipur
E004808,C005,P002,2026-05-19 01:59:37,10.79,87.21,0.02,24.943635,75.337582,Ahmedabad
E004809,C040,P001,2026-01-29 12:29:56,5.23,71.4,0.91,22.353657,74.345359,Ahmedabad
E004810,C040,P004,2026-02-18 23:16:43,5.55,65.22,0.04,29.109148,73.122491,Mumbai
E004811,C032,P002,2026-01-31 03:58:21,15.95,77.02,0.87,29.34121,74.435762,Jaipur
E004812,C046,P003,2026-03-02 15:55:47,12.49,62.62,0.54,24.958029,72.029492,Jaipur
E004813,C047,P004,2026-03-24 10:44:52,14.32,64.47,0.49,28.925856,73.862874,Pune
E004814,C037,P001,2026-04-11 04:32:39,9.67,69.63,0.82,24.604502,71.89959,Ahmedabad
E004815,C045,P004,2026-02-06 08:09:49,6.4,60.7,0.53,22.948201,78.655231,Mumbai
E004816,C001,P003,2026-01-23 00:04:15,6.46,65.94,0.85,29.972907,77.491846,Ahmedabad
E004817,C015,P003,2026-01-06 02:16:34,9.61,62.13,0.33,25.122687,71.26237,Ahmedabad
E004818,C008,P002,2026-01-03 11:48:06,9.08,62.08,0.77,25.681138,70.516032,Mumbai
E004819,C008,P002,2026-03-16 11:03:56,7.65,81.61,0.96,25.972396,77.649423,Pune
E004820,C032,P003,2026-05-23 17:31:01,7.73,86.79,0.62,28.613834,76.487306,Jaipur
E004821,C041,P004,2026-03-06 03:26:06,15.32,93.71,0.8,22.499932,71.83943,Jaipur
E004822,C021,P001,2026-02-15 20:26:19,7.96,85.31,0.24,28.734227,71.730244,Ahmedabad
E004823,C007,P004,2026-01-22 00:49:59,14.95,75.74,0.14,29.204043,75.781834,Ahmedabad
E004824,C027,P002,2026-05-31 12:16:12,9.15,81.0,0.17,24.754858,74.766781,Jaipur
E004825,C024,P001,2026-05-31 07:31:19,9.07,85.71,0.36,29.665735,70.62524,Delhi
E004826,C038,P002,2026-04-02 13:42:30,10.97,63.03,0.05,28.931148,77.076658,Delhi
E004827,C004,P001,2026-06-19 03:06:25,8.3,63.47,0.94,25.019808,78.802654,Ahmedabad
E004828,C007,P002,2026-03-30 06:44:08,14.15,93.48,0.62,26.813875,73.258673,Pune
E004829,C009,P004,2026-04-02 12:14:28,5.5,73.12,0.39,24.242467,77.666473,Delhi
E004830,C038,P001,2026-04-15 22:55:31,15.53,91.83,0.62,27.507769,73.350314,Pune
E004831,C031,P002,2026-03-03 11:25:15,13.53,93.13,0.99,21.897956,74.030859,Jaipur
E004832,C012,P002,2026-01-01 21:03:06,5.48,62.69,0.8,21.006212,71.37077,Jaipur
E004833,C023,P003,2026-01-15 01:58:24,6.78,92.88,0.65,25.293019,73.709056,Pune
E004834,C007,P002,2026-04-27 17:20:56,8.08,93.5,0.35,27.779287,70.128597,Ahmedabad
E004835,C020,P004,2026-06-27 19:12:06,14.94,81.27,0.85,28.202234,72.486443,Jaipur
E004836,C048,P001,2026-03-01 19:45:10,9.73,93.58,0.08,21.136661,70.298461,Pune
E004837,C003,P001,2026-03-13 05:07:36,4.23,61.21,0.87,28.102745,74.934612,Pune
E004838,C039,P003,2026-03-31 19:57:28,6.26,63.74,0.03,20.654625,71.813662,Pune
E004839,C009,P004,2026-01-15 14:30:51,14.3,61.37,0.82,21.841226,70.596882,Jaipur
E004840,C049,P001,2026-01-22 19:58:05,5.27,79.16,0.22,28.339866,77.931914,Jaipur
E004841,C019,P003,2026-05-21 19:37:41,11.79,91.61,0.15,29.985422,72.420352,Delhi
E004842,C040,P003,2026-06-26 00:04:06,13.18,67.35,0.29,22.142747,79.662283,Jaipur
E004843,C030,P001,2026-03-06 22:49:07,12.36,61.6,0.41,20.535271,75.642664,Ahmedabad
E004844,C043,P002,2026-03-20 09:09:52,12.4,68.58,0.72,27.179099,77.796143,Pune
E004845,C030,P004,2026-05-03 16:49:54,11.2,60.51,0.16,22.193463,77.469303,Ahmedabad
E004846,C001,P001,2026-01-21 02:42:52,5.19,76.93,0.18,22.095143,79.196986,Jaipur
E004847,C020,P003,2026-02-01 13:31:31,14.29,72.46,0.42,22.215229,78.52825,Jaipur
E004848,C035,P002,2026-02-24 17:56:25,4.5,70.88,0.05,22.487978,78.957115,Jaipur
E004849,C012,P003,2026-05-27 08:31:34,8.29,79.08,0.16,21.889986,70.828627,Ahmedabad
E004850,C039,P003,2026-03-25 02:50:02,5.78,62.07,0.26,26.375228,72.577676,Pune
E004851,C033,P003,2026-05-10 00:27:46,12.87,82.42,0.38,21.924189,75.014489,Delhi
E004852,C004,P004,2026-02-13 12:36:10,5.12,86.25,0.42,21.700129,75.428081,Pune
E004853,C040,P001,2026-03-23 13:00:21,12.58,61.12,0.87,25.668718,71.732836,Jaipur
E004854,C040,P002,2026-05-01 05:26:25,5.34,91.92,0.73,26.838131,78.242597,Mumbai
E004855,C043,P004,2026-03-29 22:15:25,8.04,72.2,0.0,29.097355,75.673147,Pune
E004856,C013,P004,2026-01-02 17:15:46,6.94,69.71,0.38,26.635293,70.514364,Pune
E004857,C006,P004,2026-06-28 15:23:37,13.19,86.16,0.25,24.547969,73.104155,Mumbai
E004858,C024,P003,2026-01-17 13:21:01,4.37,90.61,0.39,29.409401,76.131779,Delhi
E004859,C038,P003,2026-03-26 05:06:15,5.72,90.32,0.9,20.335221,79.163417,Pune
E004860,C021,P004,2026-06-28 18:23:12,14.71,87.97,0.97,22.211278,77.17219,Pune
E004861,C014,P001,2026-04-01 14:37:53,14.11,78.65,0.24,22.998253,74.654539,Delhi
E004862,C049,P004,2026-03-16 19:24:12,15.36,70.47,0.21,21.73094,77.873736,Jaipur
E004863,C029,P004,2026-05-17 17:22:46,5.55,72.09,0.19,28.731526,70.973353,Delhi
E004864,C003,P001,2026-04-11 06:05:11,4.27,66.98,0.3,25.105394,70.944417,Pune
E004865,C034,P004,2026-04-03 05:56:01,5.51,91.81,0.12,29.165386,76.83505,Mumbai
E004866,C025,P004,2026-02-24 07:23:19,15.18,60.05,0.08,22.629152,76.805683,Pune
E004867,C015,P003,2026-05-15 02:49:00,5.91,60.56,1.0,20.581554,78.807176,Pune
E004868,C038,P004,2026-03-04 19:22:50,7.07,92.4,0.49,24.230205,74.384527,Ahmedabad
E004869,C031,P001,2026-03-09 10:34:26,6.89,83.36,0.98,27.260395,77.794849,Pune
E004870,C010,P003,2026-01-03 14:01:44,11.8,79.17,0.03,24.600489,70.50049,Delhi
E004871,C035,P001,2026-04-24 10:30:40,11.6,75.52,0.31,25.614549,70.286755,Mumbai
E004872,C043,P001,2026-02-22 04:24:44,13.31,94.63,0.38,21.126377,74.906437,Pune
E004873,C026,P002,2026-05-02 02:51:41,11.16,63.56,0.71,29.803046,72.89162,Jaipur
E004874,C016,P001,2026-01-06 23:03:42,15.5,83.25,0.83,26.546487,73.834188,Delhi
E004875,C027,P004,2026-04-12 03:24:08,14.52,71.98,0.35,27.205723,76.218434,Delhi
E004876,C041,P004,2026-06-11 13:02:48,10.59,85.06,0.8,22.318059,70.015506,Ahmedabad
E004877,C039,P002,2026-01-10 12:16:13,10.87,67.95,0.76,26.994278,74.046095,Delhi
E004878,C017,P003,2026-01-05 21:38:21,10.83,87.8,0.27,22.909008,77.201967,Mumbai
E004879,C024,P003,2026-01-29 05:05:51,6.18,74.6,0.11,24.787036,75.830521,Jaipur
E004880,C019,P004,2026-01-28 13:33:59,7.42,89.03,0.64,21.614139,76.182907,Pune
E004881,C044,P001,2026-04-19 10:17:58,8.59,73.79,0.62,29.140649,79.388276,Jaipur
E004882,C014,P004,2026-06-11 18:44:42,4.18,77.18,0.73,21.296189,77.06358,Ahmedabad
E004883,C028,P003,2026-03-19 02:53:16,14.39,62.92,0.59,29.698126,73.772599,Ahmedabad
E004884,C026,P004,2026-01-26 21:41:12,12.5,83.64,0.24,22.931722,79.622753,Jaipur
E004885,C047,P003,2026-06-15 18:17:39,11.15,90.54,0.15,23.088605,77.451879,Delhi
E004886,C048,P004,2026-03-22 16:46:34,8.68,75.7,0.38,27.378381,77.729288,Jaipur
E004887,C032,P001,2026-06-04 22:42:41,8.23,75.11,0.35,28.597253,74.722648,Mumbai
E004888,C002,P001,2026-02-02 08:46:20,10.31,88.05,0.09,26.111632,77.156011,Mumbai
E004889,C035,P003,2026-03-18 18:06:30,14.44,82.61,0.31,28.951687,73.624022,Delhi
E004890,C017,P003,2026-06-04 06:58:45,6.3,88.1,0.28,29.174984,71.273392,Mumbai
E004891,C016,P001,2026-02-26 15:52:34,12.9,92.67,0.47,24.619102,72.229766,Jaipur
E004892,C005,P003,2026-06-28 06:36:47,13.95,69.18,0.07,23.601453,72.516281,Pune
E004893,C002,P003,2026-06-08 02:47:25,11.47,86.66,0.59,26.281625,70.775561,Delhi
E004894,C040,P001,2026-06-01 21:54:17,6.97,74.5,0.31,29.571214,71.977383,Mumbai
E004895,C014,P002,2026-06-28 14:41:26,7.77,91.19,0.61,29.469098,79.493103,Jaipur
E004896,C019,P004,2026-04-28 17:18:16,11.99,76.0,0.91,29.128785,73.151296,Delhi
E004897,C023,P001,2026-01-03 12:07:57,11.04,76.47,0.41,29.034096,73.54718,Mumbai
E004898,C001,P001,2026-05-31 13:11:11,13.82,84.53,0.16,29.356009,71.768401,Mumbai
E004899,C046,P001,2026-04-23 03:05:20,9.52,79.45,0.03,20.141596,77.265011,Mumbai
E004900,C050,P003,2026-01-23 15:09:12,7.22,77.85,0.04,22.790894,72.53082,Ahmedabad
E004901,C016,P004,2026-02-06 12:03:39,14.57,81.85,0.86,23.191088,79.799301,Pune
E004902,C050,P003,2026-05-17 18:54:29,9.52,79.21,0.25,27.725951,70.562546,Jaipur
E004903,C010,P004,2026-02-02 15:49:56,9.83,84.19,0.89,23.669527,77.493717,Jaipur
E004904,C007,P003,2026-05-04 11:39:05,6.53,90.19,0.6,20.464946,79.597159,Mumbai
E004905,C050,P001,2026-05-29 12:57:05,8.89,74.24,0.72,21.236539,77.236784,Mumbai
E004906,C005,P002,2026-03-12 18:57:09,6.24,79.49,0.33,26.397154,76.942805,Mumbai
E004907,C049,P003,2026-04-10 09:11:02,13.05,90.02,0.72,21.03315,75.037152,Jaipur
E004908,C006,P002,2026-04-10 12:11:18,10.58,87.89,0.36,29.09557,71.833539,Delhi
E004909,C009,P001,2026-02-19 17:48:46,7.05,89.49,0.46,22.846867,78.90872,Pune
E004910,C002,P003,2026-01-07 11:13:34,12.83,87.95,0.11,21.48755,72.5373,Mumbai
E004911,C024,P003,2026-05-03 13:11:59,13.01,62.33,0.55,22.017869,78.834902,Ahmedabad
E004912,C006,P002,2026-01-25 00:59:23,8.85,72.11,0.52,20.808475,70.172943,Ahmedabad
E004913,C050,P001,2026-03-09 00:03:49,12.53,94.21,0.33,25.931268,79.457883,Mumbai
E004914,C007,P001,2026-03-14 22:35:55,13.02,88.08,0.62,26.702541,70.88906,Mumbai
E004915,C036,P004,2026-06-10 18:07:58,14.18,60.38,0.92,22.999607,71.968991,Pune
E004916,C050,P004,2026-04-22 10:56:33,14.72,72.76,0.92,27.413479,74.415601,Pune
E004917,C018,P003,2026-04-22 14:35:36,13.27,71.2,0.93,28.768852,77.109551,Pune
E004918,C003,P004,2026-05-21 01:19:25,5.9,60.61,0.86,28.200143,76.825141,Delhi
E004919,C009,P004,2026-01-05 14:43:54,13.04,71.24,0.93,22.822863,74.786788,Pune
E004920,C027,P001,2026-05-03 20:59:18,11.97,91.15,0.4,22.105548,79.127652,Jaipur
E004921,C044,P002,2026-04-08 18:35:20,6.97,62.83,0.11,25.597713,79.655773,Ahmedabad
E004922,C044,P003,2026-02-05 05:54:27,5.95,61.61,0.29,21.46869,75.233249,Pune
E004923,C043,P003,2026-04-11 01:53:59,13.87,76.25,0.42,26.126912,70.162719,Ahmedabad
E004924,C036,P001,2026-05-06 02:23:34,10.7,79.11,0.73,27.361153,75.486157,Delhi
E004925,C039,P002,2026-05-31 23:29:16,14.35,90.45,0.45,29.488987,79.230826,Mumbai
E004926,C042,P003,2026-01-07 18:48:11,14.26,90.96,0.9,26.108649,72.734178,Jaipur
E004927,C019,P004,2026-01-20 22:30:41,13.17,84.06,0.62,24.42286,71.56325,Ahmedabad
E004928,C042,P001,2026-03-24 08:13:41,14.55,64.38,0.21,21.363887,72.13356,Jaipur
E004929,C008,P003,2026-06-17 15:17:54,7.64,79.54,0.64,23.479564,75.648652,Jaipur
E004930,C040,P003,2026-03-21 14:17:04,8.43,92.54,0.87,28.573791,78.721827,Pune
E004931,C046,P004,2026-04-25 23:10:26,12.3,93.6,0.8,24.684808,76.710001,Delhi
E004932,C007,P002,2026-02-28 13:38:39,11.83,92.74,0.58,27.860729,79.997433,Jaipur
E004933,C013,P002,2026-04-20 21:53:42,11.25,78.47,0.46,24.183417,71.396157,Pune
E004934,C005,P003,2026-03-05 03:23:54,10.74,74.65,0.34,28.042955,77.028024,Ahmedabad
E004935,C029,P004,2026-04-04 05:56:05,13.38,79.89,0.22,22.09547,77.280916,Mumbai
E004936,C018,P004,2026-04-19 09:14:17,9.06,70.8,0.83,24.168856,78.032221,Delhi
E004937,C021,P004,2026-04-09 17:53:13,4.27,73.69,0.33,20.927395,73.790712,Mumbai
E004938,C009,P002,2026-06-18 00:51:12,14.36,74.63,0.06,22.31121,75.128403,Pune
E004939,C001,P003,2026-01-11 16:41:11,12.96,91.73,0.95,27.301421,78.351101,Jaipur
E004940,C009,P001,2026-02-02 10:04:48,6.11,60.79,0.32,26.513193,72.36173,Ahmedabad
E004941,C020,P003,2026-04-02 21:35:41,8.03,74.42,0.5,25.710479,79.923096,Ahmedabad
E004942,C048,P001,2026-05-16 19:52:06,15.59,73.65,0.22,23.428268,75.232715,Mumbai
E004943,C021,P002,2026-03-13 09:42:30,13.49,68.35,0.81,25.739513,73.663789,Delhi
E004944,C023,P002,2026-04-11 16:56:07,14.78,82.03,0.17,21.771101,72.647291,Mumbai
E004945,C036,P003,2026-02-21 05:23:32,10.26,66.39,0.9,27.995015,73.630995,Ahmedabad
E004946,C038,P001,2026-02-17 13:50:08,11.1,80.4,0.78,20.702944,79.962991,Jaipur
E004947,C025,P001,2026-01-12 05:22:25,9.95,66.48,0.45,27.690725,77.686112,Jaipur
E004948,C050,P003,2026-06-06 14:17:57,13.35,86.39,0.52,27.43882,73.229234,Delhi
E004949,C043,P004,2026-04-11 14:41:14,4.13,85.38,0.95,25.640597,77.108666,Ahmedabad
E004950,C018,P004,2026-04-27 00:17:22,14.95,78.59,0.54,24.082013,79.62251,Pune
E004951,C043,P004,2026-06-02 00:54:02,12.25,67.28,0.96,21.228152,71.28817,Mumbai
E004952,C045,P003,2026-03-25 03:55:26,8.29,78.21,0.51,25.533003,74.059426,Delhi
E004953,C003,P004,2026-06-05 11:59:51,7.22,79.84,0.28,29.78393,75.914658,Ahmedabad
E004954,C044,P002,2026-03-30 10:06:54,9.36,82.6,0.36,28.279113,79.220737,Pune
E004955,C030,P004,2026-04-24 08:39:14,15.89,78.79,0.84,21.525492,77.549564,Delhi
E004956,C014,P004,2026-05-08 07:45:46,4.5,85.14,0.12,21.941741,73.669585,Pune
E004957,C048,P004,2026-03-12 04:27:31,10.97,62.53,0.38,21.222842,71.175809,Mumbai
E004958,C039,P001,2026-05-12 05:59:52,11.99,72.42,0.59,26.79956,73.651545,Mumbai
E004959,C045,P004,2026-02-07 22:22:43,6.83,80.85,0.47,26.257377,75.525324,Pune
E004960,C048,P003,2026-06-04 13:45:14,10.06,72.7,0.12,20.068225,74.196268,Mumbai
E004961,C032,P003,2026-03-30 12:04:26,12.24,73.77,0.45,22.312964,71.95956,Mumbai
E004962,C024,P004,2026-05-28 14:19:34,12.77,65.9,0.65,20.413135,77.087061,Ahmedabad
E004963,C016,P001,2026-06-19 08:13:42,4.4,80.5,0.07,23.09113,76.557694,Jaipur
E004964,C024,P002,2026-01-01 11:42:22,12.45,78.46,0.78,23.594707,75.047494,Mumbai
E004965,C009,P003,2026-02-02 22:08:33,11.33,89.55,0.34,21.611202,72.295046,Delhi
E004966,C037,P003,2026-01-31 00:18:14,5.5,74.41,0.37,25.203427,74.899398,Delhi
E004967,C003,P004,2026-03-25 04:02:45,8.99,87.77,0.54,20.625863,72.76994,Delhi
E004968,C042,P002,2026-01-22 02:32:50,7.24,93.73,0.54,20.805107,71.659436,Ahmedabad
E004969,C030,P002,2026-02-09 12:42:04,10.59,94.02,0.46,24.29343,79.896659,Pune
E004970,C031,P001,2026-01-06 06:04:55,10.72,72.38,0.54,28.034582,73.665376,Ahmedabad
E004971,C025,P004,2026-06-13 15:41:19,4.61,60.29,0.25,28.249821,78.135417,Mumbai
E004972,C001,P001,2026-02-26 02:57:23,7.98,85.18,0.77,24.946063,78.382867,Ahmedabad
E004973,C005,P004,2026-05-09 05:10:36,11.59,90.2,0.02,24.739108,76.141484,Pune
E004974,C002,P004,2026-01-01 18:27:24,7.86,86.84,0.16,24.161113,78.336025,Delhi
E004975,C023,P004,2026-02-01 17:45:31,14.97,78.43,0.72,28.29081,76.633469,Jaipur
E004976,C046,P004,2026-06-13 10:16:00,7.22,85.99,0.28,27.085226,70.581297,Ahmedabad
E004977,C047,P001,2026-03-06 19:31:13,11.72,70.96,0.57,29.023987,70.249747,Mumbai
E004978,C036,P004,2026-06-18 13:00:38,10.97,92.13,0.03,22.514091,74.769787,Pune
E004979,C002,P004,2026-03-25 14:34:40,5.5,82.85,0.47,21.196794,79.491216,Delhi
E004980,C035,P004,2026-05-03 16:57:58,5.26,67.71,0.08,27.109484,70.021397,Mumbai
E004981,C003,P002,2026-01-27 08:27:51,13.47,77.84,0.49,29.284319,70.826347,Pune
E004982,C014,P003,2026-05-31 02:57:26,8.29,80.87,0.88,29.395718,72.325672,Ahmedabad
E004983,C037,P004,2026-04-02 18:48:00,13.12,79.56,0.49,29.950676,78.651003,Jaipur
E004984,C048,P003,2026-01-19 12:05:11,15.15,77.43,0.55,29.515617,73.033622,Jaipur
E004985,C050,P002,2026-02-02 05:35:21,13.4,82.45,0.13,29.723445,71.126125,Jaipur
E004986,C016,P001,2026-02-21 10:09:05,15.76,73.63,0.75,29.796188,76.840583,Pune
E004987,C050,P001,2026-05-05 19:23:24,12.63,63.04,0.77,29.593285,71.614503,Ahmedabad
E004988,C013,P002,2026-04-30 03:04:30,7.32,86.46,0.0,24.925708,78.030637,Mumbai
E004989,C003,P004,2026-03-13 03:41:48,7.45,80.33,0.04,26.424,70.778923,Pune
E004990,C008,P004,2026-03-11 00:18:52,7.2,82.99,0.91,26.740336,76.346386,Delhi
E004991,C013,P004,2026-02-04 22:54:48,6.76,92.41,0.43,27.395424,75.216205,Mumbai
E004992,C020,P003,2026-03-18 15:44:17,14.02,85.33,0.87,26.666846,76.650566,Jaipur
E004993,C026,P004,2026-01-29 11:43:36,10.69,84.76,0.16,21.874938,73.768707,Jaipur
E004994,C050,P003,2026-02-27 12:26:18,14.45,68.23,0.08,24.905135,73.441368,Mumbai
E004995,C003,P003,2026-01-15 23:39:44,6.51,81.0,0.3,29.649996,72.964607,Pune
E004996,C046,P002,2026-03-17 13:20:32,7.75,93.53,0.49,22.398529,71.106632,Delhi
E004997,C020,P001,2026-02-19 02:27:12,15.4,74.64,0.83,28.693941,75.869061,Pune
E004998,C047,P002,2026-03-02 22:30:52,4.7,90.21,0.95,22.413074,78.302358,Ahmedabad
E004999,C048,P002,2026-06-05 23:46:58,6.92,60.9,0.62,23.177666,76.525223,Mumbai
E005000,C034,P001,2026-05-26 16:50:18,14.14,65.47,0.94,25.376985,76.047423,Delhi
E005001,C049,P001,2026-06-07 14:12:35,4.22,93.25,0.45,21.870272,71.867681,Jaipur
E005002,C048,P002,2026-04-06 17:03:50,10.33,94.7,0.37,24.249538,75.84685,Mumbai
E005003,C010,P001,2026-05-14 07:11:21,15.9,70.47,0.42,24.147865,79.923706,Jaipur
E005004,C050,P003,2026-05-12 01:19:49,14.09,78.88,0.66,25.249508,72.588999,Mumbai
E005005,C011,P001,2026-06-04 04:28:48,12.97,91.99,0.63,20.246175,79.480952,Jaipur
E005006,C049,P003,2026-03-22 14:00:48,15.3,92.0,0.52,25.970147,73.108917,Pune
E005007,C046,P004,2026-02-21 04:09:27,11.66,83.61,0.46,27.044702,76.684408,Pune
E005008,C035,P004,2026-05-27 12:43:31,7.65,73.44,0.29,22.908561,77.320764,Pune
E005009,C046,P003,2026-06-09 23:01:55,6.78,83.07,0.33,21.177827,70.68768,Pune
E005010,C007,P003,2026-02-22 01:47:10,14.65,66.81,0.91,22.41889,73.437774,Jaipur
E005011,C012,P003,2026-04-06 23:44:50,10.07,89.19,0.3,27.914376,75.635738,Ahmedabad
E005012,C004,P004,2026-03-24 21:55:12,12.43,91.3,0.67,23.69713,70.239266,Mumbai
E005013,C045,P001,2026-02-23 17:21:57,10.69,84.01,0.66,25.34667,75.6907,Jaipur
E005014,C015,P004,2026-03-27 20:22:56,13.79,62.01,0.62,22.113482,76.381663,Jaipur
E005015,C012,P002,2026-01-09 03:19:33,7.49,70.74,0.56,25.075019,74.720404,Ahmedabad
E005016,C018,P003,2026-01-05 12:50:31,15.32,62.94,0.07,28.600535,70.103914,Ahmedabad
E005017,C029,P001,2026-03-10 03:52:34,15.63,63.55,0.46,27.170723,77.92019,Delhi
E005018,C031,P003,2026-01-18 07:39:10,15.67,85.1,0.16,29.285514,71.836717,Mumbai
E005019,C020,P001,2026-04-06 07:29:29,13.05,78.7,0.28,29.719417,79.085015,Pune
E005020,C014,P004,2026-04-23 07:46:45,13.59,68.02,0.96,26.085832,73.48085,Delhi
E005021,C022,P004,2026-01-29 16:21:19,13.13,94.79,0.94,23.726413,72.849962,Mumbai
E005022,C005,P004,2026-01-23 17:38:07,6.7,68.15,0.0,23.561401,76.335859,Delhi
E005023,C013,P004,2026-06-24 21:56:34,7.96,61.04,0.67,27.746254,73.315212,Jaipur
E005024,C024,P001,2026-04-14 18:14:50,4.85,84.29,0.1,27.844788,71.306757,Ahmedabad
E005025,C017,P004,2026-05-15 06:23:54,12.83,60.79,0.65,22.659481,77.347712,Ahmedabad
E005026,C024,P004,2026-02-05 04:43:49,10.43,92.79,0.83,23.785746,75.181084,Jaipur
E005027,C008,P001,2026-03-12 20:04:44,8.74,94.81,0.36,21.107138,77.998015,Delhi
E005028,C018,P004,2026-03-18 05:59:21,13.08,82.56,0.73,27.22256,74.035821,Jaipur
E005029,C007,P004,2026-05-12 06:12:54,13.27,69.1,0.94,26.587622,73.369069,Mumbai
E005030,C036,P001,2026-02-28 17:24:32,14.91,73.05,0.06,26.760325,78.955928,Delhi
E005031,C020,P001,2026-01-07 11:14:36,13.97,61.87,0.23,22.381336,72.481607,Pune
E005032,C013,P002,2026-03-03 13:04:33,12.41,77.02,0.68,25.436136,70.278605,Ahmedabad
E005033,C037,P003,2026-01-10 01:08:59,5.55,93.03,0.17,21.718448,73.165165,Pune
E005034,C008,P001,2026-05-05 16:48:44,8.71,90.98,0.69,20.833977,73.677404,Jaipur
E005035,C013,P002,2026-01-09 10:57:38,14.64,87.68,0.65,26.344903,70.659085,Pune
E005036,C020,P004,2026-03-09 22:37:41,13.79,86.42,0.59,29.815568,71.297591,Mumbai
E005037,C040,P003,2026-04-21 14:35:52,15.49,63.06,0.79,20.693141,72.392644,Pune
E005038,C032,P004,2026-02-09 05:08:18,5.27,77.72,0.04,24.416961,73.656516,Mumbai
E005039,C010,P004,2026-05-07 22:45:25,10.49,66.67,0.77,29.199028,79.90602,Jaipur
E005040,C024,P003,2026-06-06 16:33:00,5.9,70.12,0.82,29.872071,73.276831,Pune
E005041,C003,P002,2026-03-23 07:30:04,10.45,73.95,0.14,25.135884,70.068037,Jaipur
E005042,C029,P004,2026-04-05 07:18:19,15.57,70.79,0.75,28.653899,77.465968,Pune
E005043,C012,P001,2026-04-11 05:49:44,4.57,69.29,0.05,20.115562,75.777235,Pune
E005044,C046,P001,2026-05-23 09:37:16,7.12,73.49,0.25,20.679478,73.669314,Ahmedabad
E005045,C003,P002,2026-01-25 02:23:48,9.72,88.55,0.01,27.39548,76.575478,Jaipur
E005046,C024,P003,2026-04-26 03:36:44,14.91,87.8,0.94,20.241318,70.527892,Delhi
E005047,C025,P002,2026-03-07 03:05:48,6.47,93.39,0.85,24.097844,73.020604,Ahmedabad
E005048,C045,P002,2026-01-24 03:14:00,4.65,67.68,0.02,29.492112,73.10631,Ahmedabad
E005049,C016,P002,2026-03-30 20:08:21,10.7,86.54,0.54,26.765661,70.677499,Pune
E005050,C011,P002,2026-02-16 06:20:53,15.03,88.89,0.01,20.041448,71.139087,Mumbai
E005051,C047,P002,2026-06-02 15:02:01,10.01,83.02,0.66,27.57281,77.534504,Mumbai
E005052,C002,P001,2026-01-02 15:00:34,4.34,72.79,0.46,21.854069,72.20239,Pune
E005053,C007,P004,2026-06-19 08:31:52,7.52,85.84,0.79,25.96001,74.44714,Mumbai
E005054,C028,P004,2026-05-19 17:49:39,7.24,64.23,0.98,24.105812,75.415149,Jaipur
E005055,C019,P002,2026-02-11 21:30:32,6.59,78.49,0.06,29.465059,75.735531,Pune
E005056,C001,P001,2026-01-06 16:39:01,15.13,81.26,0.23,24.351865,72.932278,Delhi
E005057,C009,P004,2026-02-06 05:48:32,10.27,67.63,0.49,22.545317,75.696948,Mumbai
E005058,C048,P003,2026-01-28 21:17:49,6.37,79.24,0.57,27.33595,77.959972,Pune
E005059,C002,P002,2026-05-16 05:57:29,10.88,89.65,0.44,25.874,71.851559,Jaipur
E005060,C006,P002,2026-05-04 21:01:40,15.92,87.94,0.76,21.93171,78.737356,Mumbai
E005061,C032,P004,2026-04-23 01:49:23,15.36,88.61,0.73,27.337613,72.884023,Mumbai
E005062,C021,P001,2026-03-03 06:11:44,12.41,63.38,0.68,29.753035,77.966858,Mumbai
E005063,C012,P003,2026-05-01 23:16:47,14.65,91.39,0.37,23.365315,77.055783,Jaipur
E005064,C005,P004,2026-01-12 22:08:45,7.54,93.92,0.67,26.561539,70.068603,Ahmedabad
E005065,C014,P003,2026-01-13 22:38:57,12.98,64.77,0.34,27.325111,72.384503,Delhi
E005066,C014,P001,2026-03-27 06:55:05,5.97,92.47,0.49,25.559825,73.2824,Pune
E005067,C004,P004,2026-03-12 12:41:25,5.08,88.49,0.18,29.08998,72.171578,Delhi
E005068,C048,P004,2026-06-25 15:55:49,13.34,62.13,0.03,22.202022,79.104374,Pune
E005069,C031,P003,2026-04-07 20:09:11,9.92,68.01,0.74,21.329264,77.482682,Jaipur
E005070,C006,P003,2026-02-27 14:00:48,11.67,64.78,0.85,22.65412,77.12428,Delhi
E005071,C019,P002,2026-06-19 04:33:56,7.43,64.29,0.35,29.832987,79.238933,Delhi
E005072,C023,P001,2026-05-14 09:03:22,13.76,84.47,0.46,25.851439,77.484795,Pune
E005073,C023,P003,2026-01-09 06:00:26,15.02,66.95,0.39,27.031663,75.686086,Mumbai
E005074,C009,P003,2026-05-27 19:05:35,6.43,78.81,0.61,29.177762,73.70302,Pune
E005075,C034,P001,2026-04-30 23:11:41,14.97,75.53,0.11,22.72183,78.732793,Pune
E005076,C014,P001,2026-01-14 01:08:46,7.98,80.9,0.23,21.71178,73.675368,Mumbai
E005077,C020,P001,2026-06-28 01:41:38,14.8,78.62,0.15,26.493688,72.165401,Mumbai
E005078,C011,P001,2026-02-22 14:47:14,10.44,69.41,0.76,29.353551,78.512842,Delhi
E005079,C017,P002,2026-02-24 14:42:39,8.71,85.56,0.98,22.881998,71.795623,Delhi
E005080,C042,P001,2026-06-17 07:25:31,13.37,75.53,0.64,20.53785,74.997555,Mumbai
E005081,C022,P002,2026-01-18 13:36:46,13.42,67.88,0.58,22.152834,76.378848,Jaipur
E005082,C012,P003,2026-03-16 22:11:03,4.09,67.38,0.13,26.4817,74.207871,Ahmedabad
E005083,C004,P001,2026-03-17 01:31:42,12.2,66.68,0.38,23.559023,71.170401,Mumbai
E005084,C007,P001,2026-06-08 15:12:37,13.36,60.07,0.24,27.990162,72.636688,Pune
E005085,C006,P002,2026-04-30 12:15:59,15.74,67.94,0.38,29.646857,78.080902,Ahmedabad
E005086,C014,P001,2026-06-29 04:24:53,11.91,72.67,0.79,21.318873,76.408054,Jaipur
E005087,C032,P001,2026-05-24 15:33:50,9.72,64.37,0.96,27.237892,70.047465,Ahmedabad
E005088,C020,P002,2026-01-18 23:43:35,12.53,87.09,0.57,29.062636,72.762418,Delhi
E005089,C013,P002,2026-02-14 02:57:12,12.08,77.11,0.38,27.18724,78.219764,Jaipur
E005090,C044,P002,2026-05-11 12:23:01,13.86,69.97,0.01,29.957331,72.635912,Jaipur
E005091,C016,P001,2026-04-29 02:05:13,11.31,69.19,0.66,26.027116,77.184896,Mumbai
E005092,C020,P001,2026-02-04 09:03:10,8.88,84.72,0.06,20.661542,75.888849,Mumbai
E005093,C008,P001,2026-05-03 08:34:06,9.99,83.59,0.37,28.250636,79.430605,Pune
E005094,C002,P001,2026-03-13 16:02:27,7.57,80.91,0.16,27.499798,75.218998,Jaipur
E005095,C001,P004,2026-06-05 22:33:54,13.38,94.74,0.69,24.909635,78.062652,Mumbai
E005096,C032,P001,2026-06-27 17:09:53,11.38,72.1,0.53,27.774274,75.162019,Delhi
E005097,C035,P002,2026-06-26 02:05:11,14.1,85.22,0.11,28.117325,72.017659,Jaipur
E005098,C045,P003,2026-06-18 01:01:42,10.4,62.63,0.21,27.885785,71.233241,Mumbai
E005099,C016,P004,2026-02-22 02:15:17,9.45,68.22,0.84,20.681097,75.295551,Jaipur
E005100,C038,P004,2026-05-17 18:06:29,12.11,90.69,0.95,22.835038,71.022092,Pune
E005101,C002,P004,2026-01-07 00:50:57,6.51,65.2,0.89,20.315672,78.319159,Jaipur
E005102,C017,P003,2026-05-20 17:10:49,15.82,90.65,0.64,27.343249,79.091286,Ahmedabad
E005103,C050,P003,2026-03-11 00:27:27,6.26,76.37,0.51,29.23778,70.744666,Delhi
E005104,C024,P004,2026-04-16 11:08:22,8.9,85.81,0.52,24.766051,74.732454,Mumbai
E005105,C022,P004,2026-05-05 05:02:29,8.67,77.61,0.89,23.787604,76.571764,Ahmedabad
E005106,C012,P003,2026-01-09 22:06:08,12.91,74.91,0.13,27.475261,76.965483,Delhi
E005107,C014,P002,2026-02-28 15:17:04,8.62,72.01,0.52,24.718,71.867653,Ahmedabad
E005108,C012,P001,2026-05-23 18:44:57,6.93,78.13,0.53,29.56056,76.256924,Pune
E005109,C027,P003,2026-06-23 14:22:16,13.52,87.3,0.81,28.972155,77.089058,Jaipur
E005110,C043,P003,2026-04-30 19:17:50,13.0,71.59,0.99,21.19595,73.867002,Pune
E005111,C009,P003,2026-03-21 08:55:21,13.04,92.06,0.74,25.830428,71.649096,Ahmedabad
E005112,C006,P001,2026-06-13 06:38:35,6.33,87.9,0.15,24.382736,72.158579,Jaipur
E005113,C032,P004,2026-04-26 14:57:25,4.7,89.13,0.95,28.987051,78.911221,Jaipur
E005114,C017,P004,2026-03-15 09:27:21,12.21,86.5,0.03,23.911172,78.13413,Jaipur
E005115,C046,P003,2026-03-13 02:51:05,9.41,78.15,0.75,28.981366,79.308662,Delhi
E005116,C034,P002,2026-04-28 16:34:12,6.99,78.15,0.99,29.770261,78.199123,Delhi
E005117,C033,P003,2026-06-04 06:16:38,5.56,92.97,0.69,21.974689,79.18094,Jaipur
E005118,C030,P004,2026-01-04 02:06:49,13.28,81.91,0.89,23.244006,72.783766,Jaipur
E005119,C027,P002,2026-01-13 00:13:04,9.48,92.14,0.53,24.553241,76.029751,Jaipur
E005120,C050,P004,2026-06-26 08:45:22,14.47,65.89,0.79,23.78422,78.225529,Jaipur
E005121,C032,P002,2026-04-17 18:42:12,7.4,62.21,0.98,20.907652,70.253589,Delhi
E005122,C028,P004,2026-04-21 21:56:20,7.31,76.32,0.67,29.004898,74.352767,Mumbai
E005123,C029,P001,2026-03-03 12:54:35,7.38,70.93,0.12,25.339688,76.154459,Jaipur
E005124,C048,P004,2026-04-08 06:14:48,12.13,68.6,0.91,20.029796,73.889251,Ahmedabad
E005125,C005,P001,2026-04-15 21:56:50,12.73,93.75,0.89,29.979457,77.799346,Pune
E005126,C041,P002,2026-02-21 18:45:46,8.45,92.39,0.58,25.973045,73.009077,Mumbai
E005127,C050,P004,2026-05-02 05:58:40,9.74,78.35,0.85,26.612207,79.660365,Jaipur
E005128,C022,P004,2026-03-09 01:46:14,10.34,71.86,0.06,25.277465,77.013626,Ahmedabad
E005129,C048,P003,2026-02-16 14:14:56,6.85,93.08,0.74,25.470494,76.469798,Delhi
E005130,C044,P002,2026-04-06 16:00:17,7.76,65.66,0.6,28.839297,78.419095,Jaipur
E005131,C038,P004,2026-05-05 13:03:28,9.73,67.44,0.51,22.370899,76.175414,Pune
E005132,C009,P003,2026-03-23 16:11:53,11.12,92.18,0.79,29.225531,73.343834,Mumbai
E005133,C029,P003,2026-01-05 19:17:49,11.07,90.35,0.41,24.8548,74.562713,Mumbai
E005134,C003,P003,2026-02-18 02:48:39,9.14,61.31,0.09,26.626385,73.412642,Pune
E005135,C037,P004,2026-06-21 15:36:13,9.52,91.35,0.36,23.774995,71.516021,Ahmedabad
E005136,C023,P004,2026-02-08 06:48:18,10.88,85.91,0.58,25.978977,71.83722,Ahmedabad
E005137,C003,P002,2026-05-02 07:28:14,9.73,68.83,0.32,25.305676,74.092909,Ahmedabad
E005138,C027,P003,2026-04-05 21:00:09,10.83,92.34,0.48,23.030452,72.087728,Pune
E005139,C003,P001,2026-03-12 19:33:31,10.94,62.36,0.81,24.386469,70.136528,Jaipur
E005140,C043,P002,2026-06-17 16:10:34,7.71,61.14,0.44,27.81513,76.800907,Ahmedabad
E005141,C043,P002,2026-04-01 02:27:06,5.85,93.91,0.8,24.509099,78.039761,Delhi
E005142,C045,P001,2026-03-05 17:23:32,11.73,88.71,0.71,27.478097,73.492697,Jaipur
E005143,C017,P002,2026-03-17 16:02:59,7.66,67.18,0.51,28.944197,74.914964,Jaipur
E005144,C029,P003,2026-05-13 18:07:58,15.64,63.21,0.95,22.912412,72.299029,Mumbai
E005145,C040,P004,2026-01-18 07:13:19,5.92,67.66,0.84,23.286368,74.21181,Delhi
E005146,C032,P001,2026-02-28 10:50:44,7.94,76.48,0.15,27.192629,76.862699,Delhi
E005147,C028,P001,2026-03-30 02:32:21,5.52,91.33,0.82,29.900213,75.878831,Pune
E005148,C004,P003,2026-06-03 20:52:32,9.3,63.5,0.43,21.547916,78.016596,Jaipur
E005149,C045,P003,2026-04-18 10:59:00,14.51,79.81,0.86,26.87991,76.752561,Ahmedabad
E005150,C031,P002,2026-06-30 02:20:36,4.61,66.26,0.17,24.669871,71.324178,Mumbai
E005151,C027,P001,2026-04-20 05:59:44,8.29,68.94,0.76,28.377723,78.410942,Ahmedabad
E005152,C030,P003,2026-01-30 11:41:22,8.57,90.06,0.91,21.3838,70.145789,Mumbai
E005153,C005,P002,2026-03-06 08:02:36,9.53,69.29,0.43,23.175432,76.159882,Jaipur
E005154,C005,P002,2026-02-16 03:28:19,5.38,85.23,0.05,25.705219,73.28787,Pune
E005155,C013,P003,2026-01-02 09:07:01,4.62,82.96,0.33,26.423377,78.404951,Delhi
E005156,C004,P002,2026-06-24 16:47:27,14.31,62.28,0.23,23.988063,79.150697,Jaipur
E005157,C010,P004,2026-02-24 00:33:30,7.62,70.84,0.77,24.594957,70.712161,Mumbai
E005158,C031,P001,2026-03-15 16:22:36,11.61,89.39,0.62,22.594856,72.348296,Pune
E005159,C006,P002,2026-06-24 07:50:19,5.27,81.16,0.59,20.836725,77.010601,Mumbai
E005160,C006,P002,2026-02-14 02:23:37,10.27,61.7,0.38,28.90247,78.75835,Mumbai
E005161,C048,P003,2026-03-24 11:15:19,15.47,78.19,0.53,26.953632,74.000261,Delhi
E005162,C003,P003,2026-04-30 19:47:54,9.56,89.89,0.64,21.880978,79.745677,Jaipur
E005163,C039,P001,2026-03-05 01:23:13,4.25,91.63,0.25,25.71002,78.295796,Delhi
E005164,C015,P001,2026-03-08 02:13:16,15.55,81.25,0.69,20.66174,76.993944,Mumbai
E005165,C005,P001,2026-01-25 04:57:46,5.26,73.71,0.08,20.868848,73.796482,Delhi
E005166,C029,P003,2026-05-03 12:22:26,4.7,83.03,0.98,21.993191,73.748225,Pune
E005167,C041,P004,2026-03-04 08:52:42,10.08,82.15,0.17,24.15855,79.213136,Mumbai
E005168,C027,P003,2026-04-12 17:24:55,13.06,65.15,0.26,27.771685,75.683976,Jaipur
E005169,C013,P003,2026-01-18 14:09:30,11.33,86.5,0.75,21.274887,78.249845,Mumbai
E005170,C031,P003,2026-05-23 16:04:12,5.76,79.22,0.8,21.049417,76.475379,Pune
E005171,C010,P003,2026-03-24 19:08:45,13.83,75.43,0.55,29.838649,73.877866,Jaipur
E005172,C018,P003,2026-06-04 12:30:46,14.58,61.5,0.43,28.84958,74.759422,Mumbai
E005173,C015,P004,2026-03-07 01:10:51,12.64,91.18,0.69,23.025742,71.559428,Ahmedabad
E005174,C020,P001,2026-06-16 17:19:05,4.71,71.43,0.46,26.233067,78.863184,Ahmedabad
E005175,C004,P004,2026-05-07 14:22:02,7.36,84.96,0.76,29.295456,72.011513,Jaipur
E005176,C003,P003,2026-02-10 21:42:55,15.17,81.51,0.59,22.571321,77.422186,Pune
E005177,C007,P003,2026-06-16 23:12:02,5.95,93.73,0.75,26.870778,78.901018,Ahmedabad
E005178,C030,P004,2026-02-09 12:25:51,4.29,92.16,0.2,27.819952,79.301086,Pune
E005179,C048,P002,2026-06-10 23:39:38,5.12,60.62,0.1,23.711912,78.935231,Pune
E005180,C049,P002,2026-03-04 17:29:21,9.82,89.55,0.35,25.296806,74.773589,Ahmedabad
E005181,C048,P002,2026-06-24 21:30:16,7.03,70.96,0.6,21.314579,71.05047,Jaipur
E005182,C024,P001,2026-05-19 07:14:27,9.63,78.41,0.81,27.128285,76.897912,Jaipur
E005183,C021,P002,2026-01-03 23:28:18,5.15,68.01,0.47,27.995112,78.534212,Pune
E005184,C028,P003,2026-02-25 15:29:04,9.59,64.82,0.15,28.160605,75.090671,Ahmedabad
E005185,C009,P001,2026-03-07 07:53:27,4.75,89.27,0.35,25.993931,77.219807,Pune
E005186,C030,P002,2026-01-02 12:34:54,12.39,77.96,0.42,26.670968,70.290289,Jaipur
E005187,C021,P003,2026-01-11 20:45:09,6.01,68.69,0.97,25.761366,74.092911,Delhi
E005188,C043,P001,2026-03-21 11:53:54,11.04,62.58,0.08,26.004642,77.597482,Delhi
E005189,C004,P001,2026-05-29 07:49:41,9.99,89.3,0.88,20.691787,71.445284,Delhi
E005190,C038,P004,2026-04-14 13:38:23,6.65,92.47,0.79,22.302071,72.026971,Ahmedabad
E005191,C021,P001,2026-03-05 16:26:48,10.72,67.42,0.5,29.190138,74.715225,Mumbai
E005192,C031,P003,2026-03-09 18:26:22,5.48,81.8,0.74,27.139375,70.84871,Mumbai
E005193,C049,P002,2026-02-20 07:51:30,11.17,63.58,0.72,25.550349,75.348099,Jaipur
E005194,C008,P004,2026-05-20 18:14:07,15.77,84.27,0.91,21.044849,71.563168,Pune
E005195,C031,P001,2026-02-07 02:08:30,12.72,79.57,0.81,20.226453,73.77057,Ahmedabad
E005196,C005,P003,2026-05-02 20:06:48,15.0,75.77,0.2,22.260456,75.191292,Delhi
E005197,C007,P004,2026-03-08 12:34:06,6.52,83.11,0.96,29.592668,73.89545,Jaipur
E005198,C032,P002,2026-03-15 00:07:10,11.32,67.22,0.15,20.428416,76.82987,Ahmedabad
E005199,C010,P001,2026-05-16 15:34:11,4.33,60.01,0.4,27.898996,71.890137,Pune
E005200,C002,P001,2026-03-30 00:26:01,6.49,87.21,0.83,21.286533,78.618651,Mumbai
E005201,C006,P001,2026-06-30 01:51:50,9.64,75.67,1.0,23.406002,75.445563,Jaipur
E005202,C025,P001,2026-03-09 13:48:06,15.23,73.77,0.34,21.285231,70.431238,Delhi
E005203,C010,P001,2026-01-14 17:22:55,11.6,65.52,0.81,27.123937,79.013487,Pune
E005204,C025,P003,2026-06-20 19:59:21,13.32,67.29,0.83,27.856387,74.433066,Ahmedabad
E005205,C013,P003,2026-01-19 04:37:31,8.8,81.37,0.83,25.073327,79.217986,Jaipur
E005206,C021,P004,2026-01-30 23:40:57,7.85,64.22,0.48,28.620468,73.886213,Mumbai
E005207,C046,P001,2026-05-31 10:50:51,10.3,90.35,0.02,22.550602,70.980891,Pune
E005208,C011,P004,2026-05-11 06:10:43,13.11,82.61,0.74,25.295314,70.151468,Delhi
E005209,C021,P004,2026-04-08 19:22:21,7.58,84.89,0.69,26.831523,79.382547,Delhi
E005210,C020,P004,2026-01-03 21:44:09,9.23,72.02,0.16,23.447116,78.282799,Pune
E005211,C038,P003,2026-03-24 03:47:41,13.42,79.75,0.79,27.095283,78.471886,Delhi
E005212,C015,P004,2026-06-14 19:20:56,9.6,85.11,0.06,28.714938,75.137575,Jaipur
E005213,C024,P002,2026-02-06 16:32:18,12.22,77.75,0.84,21.149421,78.358002,Jaipur
E005214,C020,P002,2026-04-19 06:29:05,9.62,75.13,0.35,24.883127,74.891184,Delhi
E005215,C001,P003,2026-01-21 22:12:39,5.11,70.4,0.34,29.503633,78.363882,Mumbai
E005216,C005,P001,2026-03-16 13:48:23,12.56,78.35,0.33,23.701117,71.406951,Jaipur
E005217,C037,P002,2026-03-09 12:05:53,6.4,91.17,0.46,26.543119,71.821069,Jaipur
E005218,C026,P001,2026-03-19 08:55:44,9.96,75.3,0.53,28.366101,75.321932,Delhi
E005219,C027,P002,2026-05-04 15:19:33,13.7,77.04,0.8,21.401258,74.062203,Mumbai
E005220,C040,P003,2026-04-19 04:13:13,4.61,76.55,0.9,20.980403,72.074332,Jaipur
E005221,C001,P004,2026-03-06 12:45:58,7.9,84.79,0.31,20.838092,71.249217,Mumbai
E005222,C005,P001,2026-05-14 23:07:38,6.35,74.21,0.55,24.373492,72.106595,Delhi
E005223,C027,P002,2026-05-31 02:35:20,4.16,72.16,0.67,21.587286,71.867408,Pune
E005224,C015,P004,2026-03-21 05:52:41,14.38,70.65,0.27,22.754891,76.294235,Delhi
E005225,C016,P004,2026-06-11 14:19:06,7.13,85.73,0.36,23.109513,79.599197,Ahmedabad
E005226,C030,P002,2026-03-17 06:14:18,7.45,61.37,0.38,22.31097,73.956106,Pune
E005227,C047,P001,2026-01-24 22:51:44,11.42,78.11,0.22,22.392256,79.618022,Pune
E005228,C010,P002,2026-03-11 13:06:01,12.08,93.13,0.54,22.19083,75.556351,Jaipur
E005229,C047,P001,2026-04-02 10:00:40,4.04,73.59,0.69,29.284988,74.566872,Jaipur
E005230,C001,P003,2026-02-14 23:09:53,13.96,92.8,0.31,24.705183,72.670869,Mumbai
E005231,C022,P002,2026-03-24 04:39:18,7.23,80.23,0.34,21.98739,75.366658,Jaipur
E005232,C033,P004,2026-03-25 01:25:00,7.69,74.24,0.69,25.613304,76.698898,Pune
E005233,C022,P004,2026-04-11 15:59:04,9.36,88.08,0.89,28.676801,72.447297,Mumbai
E005234,C049,P001,2026-04-01 22:31:22,6.33,63.17,0.42,20.064838,78.786672,Jaipur
E005235,C047,P001,2026-06-26 09:57:16,4.17,80.34,0.57,22.687122,76.821963,Jaipur
E005236,C043,P004,2026-04-30 23:40:44,7.3,94.7,0.88,29.425252,73.524958,Ahmedabad
E005237,C040,P002,2026-01-16 03:49:14,6.66,71.19,0.81,26.14252,73.329448,Ahmedabad
E005238,C044,P002,2026-01-13 14:21:27,6.09,61.61,0.65,27.272426,73.668127,Pune
E005239,C043,P004,2026-01-18 17:17:45,4.82,75.13,0.49,21.120478,75.516143,Delhi
E005240,C036,P004,2026-03-27 05:53:08,6.57,70.36,0.29,26.320754,75.223891,Jaipur
E005241,C047,P004,2026-03-27 19:12:32,12.99,82.89,0.34,26.669555,78.731354,Ahmedabad
E005242,C035,P004,2026-01-08 02:28:36,7.5,60.51,0.86,24.44954,77.974145,Pune
E005243,C010,P004,2026-06-07 11:43:10,13.06,65.09,0.86,25.312243,71.091891,Ahmedabad
E005244,C007,P002,2026-05-26 00:22:04,10.44,60.12,1.0,23.257005,70.495742,Jaipur
E005245,C010,P003,2026-02-09 06:26:15,12.98,69.37,0.74,21.129972,77.451496,Delhi
E005246,C041,P002,2026-06-25 09:30:37,11.7,71.75,0.81,20.933557,71.454439,Pune
E005247,C019,P003,2026-01-11 04:47:14,8.26,78.17,0.14,21.094716,78.412089,Jaipur
E005248,C028,P002,2026-06-28 17:27:49,14.18,71.27,0.65,22.52538,78.984808,Mumbai
E005249,C028,P003,2026-02-20 04:57:13,10.04,83.18,0.96,26.312762,75.132003,Pune
E005250,C036,P001,2026-06-14 16:10:42,4.79,71.24,0.41,25.954854,73.880595,Delhi
E005251,C008,P004,2026-01-29 23:06:18,14.51,79.03,0.0,21.636463,74.395938,Delhi
E005252,C042,P002,2026-02-18 17:16:09,9.68,69.85,0.02,20.552903,74.931842,Jaipur
E005253,C044,P003,2026-06-03 22:57:47,7.4,82.35,0.21,28.582188,76.101178,Mumbai
E005254,C039,P003,2026-04-21 07:14:50,12.77,75.88,0.43,28.4107,75.47948,Mumbai
E005255,C031,P001,2026-05-23 21:58:15,7.66,61.5,0.06,26.673836,71.00191,Delhi
E005256,C019,P001,2026-01-08 15:25:08,9.43,80.17,0.62,23.308747,78.44295,Delhi
E005257,C004,P003,2026-02-08 16:38:22,4.3,64.29,0.39,28.31897,75.596341,Jaipur
E005258,C022,P001,2026-02-06 21:14:45,13.66,76.78,0.72,28.580073,74.883765,Pune
E005259,C047,P004,2026-01-11 08:06:25,14.93,61.96,0.97,22.250802,70.886898,Mumbai
E005260,C036,P003,2026-06-06 14:25:30,12.12,91.89,0.64,29.477634,78.051689,Mumbai
E005261,C018,P003,2026-06-20 21:48:20,13.55,87.7,0.99,22.773254,74.78396,Ahmedabad
E005262,C027,P001,2026-01-11 12:21:36,13.54,84.62,0.14,28.250911,75.32641,Pune
E005263,C042,P002,2026-05-18 14:10:16,6.39,80.94,0.74,24.583381,73.752353,Pune
E005264,C007,P001,2026-05-01 13:49:42,14.36,61.23,0.96,20.386981,78.86541,Mumbai
E005265,C026,P002,2026-01-09 09:25:59,4.41,68.9,0.81,25.561032,72.803416,Jaipur
E005266,C035,P002,2026-01-01 18:06:37,14.38,69.65,0.43,29.490723,76.607771,Ahmedabad
E005267,C003,P003,2026-05-05 09:56:52,12.22,78.22,0.01,27.078151,76.494627,Mumbai
E005268,C048,P003,2026-02-22 15:02:56,4.55,70.78,0.97,24.059472,78.718148,Delhi
E005269,C035,P003,2026-02-09 08:11:20,8.97,77.04,0.06,27.735611,73.243713,Mumbai
E005270,C017,P003,2026-05-22 03:59:42,12.22,61.7,0.35,27.368055,76.722107,Jaipur
E005271,C041,P004,2026-06-03 01:05:46,9.55,63.58,0.67,28.706415,74.728842,Pune
E005272,C041,P004,2026-01-11 09:41:37,13.61,81.37,0.07,26.693063,76.97425,Pune
E005273,C041,P001,2026-04-29 12:04:42,5.9,81.86,0.61,29.23374,75.071426,Pune
E005274,C005,P001,2026-05-29 11:57:53,10.7,87.58,0.52,29.840833,77.337653,Mumbai
E005275,C046,P003,2026-05-24 16:54:47,6.12,91.02,0.78,21.955939,72.526144,Jaipur
E005276,C043,P003,2026-06-19 06:23:49,15.43,78.93,0.41,26.248871,77.353417,Mumbai
E005277,C001,P004,2026-05-30 14:09:34,8.96,76.37,0.33,21.498855,73.449448,Ahmedabad
E005278,C036,P002,2026-06-25 14:16:42,9.85,72.7,0.21,28.179247,72.194255,Pune
E005279,C050,P003,2026-01-26 14:09:48,15.23,91.98,0.92,23.610129,71.371855,Mumbai
E005280,C036,P002,2026-06-01 16:23:48,6.36,81.68,0.1,23.20544,76.319288,Delhi
E005281,C046,P003,2026-06-22 20:26:27,14.22,93.08,0.51,26.981903,74.860454,Jaipur
E005282,C024,P004,2026-01-31 00:11:37,5.99,92.26,0.11,24.427233,75.603104,Mumbai
E005283,C049,P001,2026-05-02 00:07:17,4.87,79.4,0.8,22.821825,70.599464,Jaipur
E005284,C041,P004,2026-06-22 07:39:41,11.28,93.23,0.21,25.399966,74.887455,Pune
E005285,C020,P003,2026-04-22 11:44:34,4.21,70.87,0.09,29.130636,79.300878,Jaipur
E005286,C022,P002,2026-01-01 12:37:25,15.61,83.12,0.71,25.661745,78.056277,Jaipur
E005287,C047,P002,2026-02-09 07:35:21,13.12,60.24,0.25,23.005669,75.322238,Mumbai
E005288,C037,P004,2026-02-22 14:20:15,15.42,60.79,0.47,26.205308,72.857228,Mumbai
E005289,C039,P004,2026-06-22 21:18:39,6.12,77.42,0.02,28.601489,73.182995,Jaipur
E005290,C002,P001,2026-02-21 20:49:01,12.4,89.48,0.79,25.988607,77.411876,Mumbai
E005291,C008,P004,2026-03-16 14:45:20,13.54,94.9,0.19,23.559849,77.232304,Ahmedabad
E005292,C018,P004,2026-05-14 05:33:45,11.04,64.99,0.34,23.168081,72.713223,Pune
E005293,C020,P003,2026-06-28 01:31:45,6.31,67.89,0.12,27.375581,72.151328,Delhi
E005294,C034,P004,2026-06-27 00:02:33,14.05,68.87,0.56,28.409118,71.827735,Jaipur
E005295,C026,P003,2026-02-01 12:53:45,7.07,88.85,0.49,24.856738,72.60955,Pune
E005296,C048,P003,2026-02-03 06:35:26,8.23,85.26,0.37,21.79246,75.287633,Pune
E005297,C001,P002,2026-06-09 06:40:40,11.64,85.31,0.51,21.196375,79.408594,Ahmedabad
E005298,C011,P002,2026-04-15 08:50:10,13.5,65.1,0.61,23.512515,70.18218,Ahmedabad
E005299,C029,P003,2026-01-18 13:19:10,5.66,85.08,0.03,29.446402,76.575944,Mumbai
E005300,C007,P004,2026-02-27 00:47:55,9.42,69.11,0.75,28.633306,78.862757,Pune
E005301,C039,P004,2026-02-16 01:36:25,5.68,85.63,0.18,29.471445,70.922174,Pune
E005302,C023,P001,2026-02-08 07:38:54,9.09,88.32,0.13,20.691634,77.260069,Delhi
E005303,C032,P001,2026-01-06 03:08:10,15.81,69.91,0.96,26.291092,75.743505,Mumbai
E005304,C040,P002,2026-05-06 22:26:00,11.3,81.3,0.2,24.206509,73.24634,Pune
E005305,C014,P004,2026-04-17 05:57:54,5.76,81.34,0.88,28.161494,70.299316,Ahmedabad
E005306,C028,P001,2026-06-16 04:05:29,6.7,68.26,0.15,21.631715,79.514995,Pune
E005307,C012,P004,2026-06-19 09:11:38,14.45,86.18,0.7,22.309544,73.576968,Mumbai
E005308,C038,P002,2026-02-23 21:03:40,8.95,84.29,0.75,24.220965,78.133005,Jaipur
E005309,C029,P002,2026-04-01 06:54:06,9.57,90.84,0.35,27.272331,77.223492,Pune
E005310,C001,P002,2026-03-12 05:48:06,6.22,63.98,0.56,21.406856,71.52886,Delhi
E005311,C017,P001,2026-05-17 08:25:43,13.87,86.01,0.07,26.887192,73.758703,Pune
E005312,C034,P002,2026-05-24 18:43:32,11.95,71.48,0.76,27.711814,76.95438,Mumbai
E005313,C050,P003,2026-02-14 23:54:50,10.44,71.28,0.84,29.174283,72.328615,Delhi
E005314,C009,P002,2026-05-15 14:46:22,11.13,71.17,0.01,25.843727,74.085841,Jaipur
E005315,C035,P002,2026-02-16 01:51:48,4.33,92.61,0.34,23.291813,71.083047,Jaipur
E005316,C022,P004,2026-01-21 01:40:15,13.4,92.57,0.62,28.32715,70.270365,Delhi
E005317,C014,P003,2026-06-09 09:04:10,6.47,72.85,0.42,23.129849,74.564797,Jaipur
E005318,C021,P001,2026-02-20 10:26:26,11.82,83.3,0.01,29.965237,71.86216,Ahmedabad
E005319,C032,P003,2026-05-06 00:13:15,14.32,91.7,0.74,27.375459,77.475578,Delhi
E005320,C048,P002,2026-06-21 09:37:51,7.7,87.0,0.16,20.361891,71.418544,Ahmedabad
E005321,C025,P001,2026-03-11 10:43:11,11.26,77.7,0.38,29.599637,73.537629,Delhi
E005322,C045,P004,2026-04-19 13:45:16,9.85,63.69,0.68,21.369264,79.969834,Delhi
E005323,C022,P003,2026-02-11 10:56:28,8.78,62.64,0.11,26.374136,70.266849,Ahmedabad
E005324,C032,P002,2026-06-23 17:40:18,4.92,75.93,0.52,23.163983,76.034696,Delhi
E005325,C026,P002,2026-06-23 16:18:57,14.5,83.73,0.03,28.744625,74.462176,Jaipur
E005326,C021,P003,2026-06-25 12:56:17,14.8,79.86,0.32,20.918565,72.044173,Jaipur
E005327,C022,P002,2026-04-13 22:14:54,10.1,68.06,0.88,29.026121,79.2775,Jaipur
E005328,C016,P001,2026-01-15 02:49:40,14.95,86.97,0.37,26.519879,72.505983,Delhi
E005329,C017,P003,2026-04-28 10:32:33,15.12,87.52,0.72,20.374308,75.036789,Delhi
E005330,C043,P002,2026-03-15 12:15:48,7.79,63.72,0.95,22.499317,74.327244,Mumbai
E005331,C043,P004,2026-02-19 11:50:25,13.72,71.67,0.48,25.919222,71.513151,Ahmedabad
E005332,C039,P004,2026-01-14 04:21:31,7.79,92.55,0.56,23.559031,74.47989,Mumbai
E005333,C017,P003,2026-01-19 03:55:08,4.5,68.06,0.96,28.810319,76.809637,Jaipur
E005334,C033,P004,2026-01-19 02:45:25,14.91,83.6,0.62,28.906865,72.905139,Mumbai
E005335,C042,P004,2026-01-29 19:15:48,13.6,89.99,0.06,25.545806,73.505272,Jaipur
E005336,C016,P004,2026-06-15 17:04:55,9.36,94.45,0.32,28.739722,76.060243,Delhi
E005337,C018,P002,2026-03-16 00:38:13,9.02,73.92,0.46,28.643519,72.781407,Pune
E005338,C009,P002,2026-06-26 06:37:21,15.76,81.84,0.83,23.82152,77.470058,Mumbai
E005339,C050,P004,2026-03-27 20:52:32,4.55,77.87,0.17,20.108881,77.381064,Delhi
E005340,C028,P001,2026-01-01 20:01:10,7.92,66.6,0.09,25.320125,79.036722,Jaipur
E005341,C019,P004,2026-03-13 22:18:17,11.63,67.05,0.0,29.523151,74.797271,Mumbai
E005342,C048,P004,2026-01-21 19:23:00,6.94,63.93,0.5,27.851498,79.143806,Mumbai
E005343,C046,P003,2026-03-03 20:23:22,9.35,81.88,0.71,24.530118,70.500008,Delhi
E005344,C041,P003,2026-05-12 01:07:52,15.38,81.08,0.56,21.954854,74.754456,Delhi
E005345,C015,P003,2026-06-27 21:32:38,10.17,62.74,0.85,29.361029,73.169517,Jaipur
E005346,C035,P001,2026-05-27 22:25:59,11.25,61.14,0.9,24.406448,76.724944,Delhi
E005347,C001,P001,2026-04-24 05:47:23,8.9,60.15,0.28,21.880756,78.24897,Ahmedabad
E005348,C037,P003,2026-01-01 06:42:23,4.28,81.69,0.62,27.450827,70.522264,Ahmedabad
E005349,C020,P002,2026-05-10 03:41:14,10.55,89.71,0.24,21.292803,78.420992,Delhi
E005350,C005,P002,2026-03-31 11:31:45,6.13,94.04,0.4,22.632398,75.688089,Delhi
E005351,C011,P002,2026-06-06 00:31:56,9.04,68.86,0.47,22.456709,79.013635,Mumbai
E005352,C024,P001,2026-02-01 23:59:53,8.55,61.93,0.02,29.283592,79.753665,Ahmedabad
E005353,C010,P003,2026-02-13 23:23:08,10.84,61.71,0.81,24.635562,70.808614,Pune
E005354,C009,P003,2026-01-16 19:47:50,13.92,75.61,0.21,24.604396,74.263436,Pune
E005355,C045,P003,2026-06-04 14:45:52,15.1,60.38,0.31,22.151691,73.384354,Jaipur
E005356,C020,P004,2026-01-29 15:46:55,14.24,89.4,0.21,20.974781,72.688164,Pune
E005357,C035,P003,2026-05-29 18:59:26,5.22,87.97,0.82,22.572454,72.115698,Ahmedabad
E005358,C030,P004,2026-02-18 07:19:53,6.57,71.36,0.69,20.589148,76.846358,Delhi
E005359,C032,P004,2026-05-27 17:54:05,10.96,61.52,0.17,25.265953,76.33158,Ahmedabad
E005360,C005,P003,2026-01-08 02:40:59,12.26,90.88,0.89,22.333203,73.263123,Delhi
E005361,C047,P001,2026-02-14 08:30:40,6.37,94.72,0.58,25.387886,74.547371,Delhi
E005362,C010,P003,2026-03-27 00:42:59,10.85,71.52,0.99,21.307744,76.522939,Delhi
E005363,C021,P001,2026-06-13 23:22:22,13.72,84.46,0.93,22.630043,71.69891,Delhi
E005364,C020,P004,2026-02-01 00:37:54,7.89,73.65,0.13,25.448929,75.107472,Ahmedabad
E005365,C012,P001,2026-02-27 09:37:11,7.54,89.19,0.24,23.867414,72.820854,Mumbai
E005366,C035,P002,2026-03-21 02:08:45,6.51,74.82,0.92,23.848582,76.896007,Ahmedabad
E005367,C020,P003,2026-05-29 22:22:31,7.79,89.36,0.58,29.924938,71.220956,Delhi
E005368,C034,P001,2026-01-17 00:29:36,5.23,76.14,0.12,25.770143,71.975807,Ahmedabad
E005369,C030,P002,2026-01-16 10:32:53,10.74,61.14,0.79,29.634915,73.051734,Pune
E005370,C049,P001,2026-06-22 23:38:08,9.22,89.05,0.74,28.41157,76.119132,Delhi
E005371,C037,P003,2026-04-05 03:24:16,14.19,75.05,0.77,22.894539,78.890878,Pune
E005372,C038,P002,2026-03-28 14:07:33,10.55,88.55,1.0,20.674382,77.023778,Delhi
E005373,C011,P004,2026-03-21 21:50:02,15.61,78.02,0.99,20.154782,77.294414,Ahmedabad
E005374,C044,P003,2026-05-09 05:35:35,13.75,86.38,0.94,20.089217,78.596317,Pune
E005375,C014,P003,2026-04-25 15:20:01,4.35,65.59,0.29,28.000627,75.800951,Delhi
E005376,C050,P001,2026-03-13 01:05:54,10.2,69.17,0.21,26.277359,78.586021,Jaipur
E005377,C012,P004,2026-03-10 04:16:04,9.95,74.5,0.55,22.423503,73.317591,Jaipur
E005378,C037,P004,2026-01-05 06:43:14,14.21,82.78,0.77,28.910494,75.956568,Pune
E005379,C016,P003,2026-06-19 16:53:55,15.89,66.44,0.26,29.93967,78.383796,Delhi
E005380,C030,P004,2026-05-18 07:19:58,6.68,83.59,0.74,24.51211,71.263536,Jaipur
E005381,C045,P002,2026-01-27 22:50:25,11.36,75.82,0.39,20.755444,79.258266,Ahmedabad
E005382,C028,P004,2026-04-17 21:06:19,7.95,92.31,0.24,20.786283,76.993076,Pune
E005383,C017,P001,2026-01-17 20:19:36,7.56,81.91,0.76,27.976721,71.892498,Delhi
E005384,C018,P003,2026-06-23 10:21:42,8.01,88.23,0.64,21.975985,76.095815,Pune
E005385,C031,P003,2026-04-22 10:40:12,4.16,74.64,0.4,29.832549,77.705714,Delhi
E005386,C025,P004,2026-04-22 03:13:07,4.09,88.1,0.56,29.559705,70.819504,Pune
E005387,C023,P003,2026-05-17 08:22:00,14.01,67.5,0.67,26.002665,79.394727,Ahmedabad
E005388,C045,P001,2026-04-11 21:17:41,14.92,77.09,0.36,26.423446,71.037064,Mumbai
E005389,C044,P001,2026-03-10 00:39:23,10.77,62.74,0.61,26.658037,74.156343,Ahmedabad
E005390,C022,P003,2026-06-11 08:44:19,5.27,85.19,0.64,24.419241,78.739479,Mumbai
E005391,C032,P003,2026-02-21 14:25:09,11.04,76.13,0.5,22.10391,77.196852,Mumbai
E005392,C042,P003,2026-02-12 14:21:29,12.41,72.83,0.98,29.802352,77.681866,Mumbai
E005393,C014,P003,2026-04-15 00:47:56,6.57,89.51,0.24,26.080243,76.543042,Jaipur
E005394,C018,P002,2026-04-21 16:23:48,15.51,69.78,0.1,20.167246,76.866609,Jaipur
E005395,C016,P004,2026-01-12 05:45:01,15.38,89.83,0.82,26.571078,71.718235,Delhi
E005396,C007,P001,2026-05-10 20:02:36,11.97,82.65,0.81,28.502786,78.193695,Pune
E005397,C010,P001,2026-06-16 05:43:21,9.98,81.76,0.22,24.727769,77.668366,Jaipur
E005398,C012,P004,2026-04-07 04:13:03,10.98,69.59,0.43,29.491557,78.648035,Delhi
E005399,C027,P003,2026-04-09 10:41:44,12.0,92.74,0.37,28.511009,74.775742,Delhi
E005400,C007,P002,2026-04-12 01:45:12,13.3,75.54,0.4,24.569186,73.190568,Jaipur
E005401,C039,P002,2026-01-03 09:02:26,6.73,83.57,0.39,24.943054,70.532876,Jaipur
E005402,C008,P003,2026-06-27 07:06:09,8.49,90.83,0.88,22.214829,76.42888,Jaipur
E005403,C036,P001,2026-01-25 02:41:55,9.03,88.95,0.18,27.970538,79.67663,Jaipur
E005404,C042,P001,2026-06-07 20:22:18,15.46,76.86,0.41,28.877592,74.103896,Jaipur
E005405,C002,P003,2026-03-26 23:21:23,4.67,83.28,0.35,21.31807,74.748188,Jaipur
E005406,C034,P001,2026-04-17 01:06:58,5.57,93.25,0.16,24.570992,74.796115,Jaipur
E005407,C034,P001,2026-05-01 16:35:42,7.32,64.69,0.81,20.435274,71.668588,Ahmedabad
E005408,C013,P003,2026-06-23 04:16:37,10.64,73.83,0.82,26.476265,73.909656,Pune
E005409,C045,P004,2026-02-01 12:24:59,13.6,75.35,0.2,21.962801,75.813319,Pune
E005410,C007,P004,2026-03-27 14:01:05,15.41,71.2,0.61,25.855887,73.474331,Delhi
E005411,C018,P002,2026-05-20 18:44:46,9.72,61.37,0.17,29.387806,75.762327,Pune
E005412,C039,P001,2026-05-15 03:51:25,11.26,78.24,0.35,27.403344,78.954246,Ahmedabad
E005413,C035,P003,2026-01-09 22:05:27,11.54,70.9,0.81,28.758549,71.71869,Pune
E005414,C009,P001,2026-02-18 12:04:25,6.74,86.08,0.1,20.380787,78.262066,Delhi
E005415,C025,P004,2026-02-13 02:50:57,11.13,90.29,0.26,25.279934,74.736936,Mumbai
E005416,C033,P002,2026-03-03 07:06:27,6.09,68.95,0.43,20.309648,73.413892,Pune
E005417,C022,P001,2026-03-25 20:06:51,8.9,90.97,0.15,20.818438,76.631193,Jaipur
E005418,C032,P002,2026-02-23 21:13:27,4.03,90.15,0.74,20.634331,78.493505,Delhi
E005419,C005,P002,2026-06-20 21:30:07,11.65,72.96,0.07,21.634919,74.695139,Pune
E005420,C023,P002,2026-06-08 00:57:10,8.82,82.54,0.37,29.877889,75.715359,Delhi
E005421,C011,P004,2026-04-27 07:08:59,15.57,85.14,0.75,25.093344,78.11079,Jaipur
E005422,C019,P001,2026-01-27 17:27:57,15.52,93.25,0.4,20.375537,77.712869,Mumbai
E005423,C045,P001,2026-04-27 22:26:04,7.76,86.13,0.63,25.416492,70.186847,Pune
E005424,C046,P001,2026-02-20 08:03:02,8.58,63.09,0.27,21.228125,73.505901,Delhi
E005425,C029,P003,2026-01-08 09:54:46,14.51,69.1,0.32,29.194368,74.456536,Mumbai
E005426,C048,P004,2026-04-06 16:32:38,13.44,88.29,0.03,23.429532,77.473538,Ahmedabad
E005427,C019,P004,2026-06-21 19:42:35,5.11,70.67,0.41,26.69326,78.985705,Mumbai
E005428,C010,P004,2026-03-31 13:53:12,8.57,83.16,0.63,23.091463,76.094736,Pune
E005429,C030,P002,2026-04-08 10:23:36,8.51,73.01,0.24,28.511486,77.189072,Delhi
E005430,C037,P002,2026-01-16 23:52:15,10.39,91.01,0.96,21.890144,70.057513,Mumbai
E005431,C024,P001,2026-06-22 23:24:41,11.66,63.23,0.1,27.519549,75.073815,Delhi
E005432,C009,P002,2026-05-01 14:23:57,9.29,75.29,0.93,29.093271,71.188989,Jaipur
E005433,C018,P001,2026-03-15 13:45:13,12.95,90.45,0.88,25.838378,75.984278,Delhi
E005434,C012,P004,2026-02-02 12:18:13,5.79,66.91,0.42,25.090253,72.340496,Jaipur
E005435,C024,P003,2026-06-30 05:24:06,15.87,93.81,0.32,28.407751,77.049097,Pune
E005436,C046,P003,2026-04-16 01:32:52,9.76,93.57,0.31,22.127427,79.797259,Pune
E005437,C027,P001,2026-01-05 01:02:32,7.63,70.39,0.69,21.264047,72.398183,Ahmedabad
E005438,C002,P001,2026-04-23 07:27:35,4.46,65.76,0.63,20.980025,79.409436,Ahmedabad
E005439,C036,P003,2026-03-28 09:03:28,5.2,92.08,0.18,29.230206,72.641607,Jaipur
E005440,C021,P002,2026-02-28 20:32:18,6.44,92.79,0.08,20.932208,74.097936,Mumbai
E005441,C022,P001,2026-01-21 01:00:53,10.52,69.93,0.23,21.84848,71.725974,Pune
E005442,C037,P004,2026-01-10 23:14:52,15.39,74.08,0.02,24.397995,75.435784,Ahmedabad
E005443,C047,P002,2026-02-24 17:35:03,9.15,84.8,0.6,24.887124,73.82948,Ahmedabad
E005444,C048,P001,2026-03-19 06:16:39,8.21,78.56,0.31,29.935317,76.282606,Delhi
E005445,C036,P003,2026-05-12 06:37:08,9.68,80.8,0.73,29.396736,74.912543,Pune
E005446,C035,P002,2026-02-22 17:02:38,10.4,92.32,0.51,23.599343,79.759678,Jaipur
E005447,C004,P001,2026-02-01 16:11:05,7.86,92.89,0.13,24.11689,71.141091,Delhi
E005448,C021,P002,2026-05-17 11:25:43,15.74,94.98,0.72,20.142751,73.341864,Pune
E005449,C025,P004,2026-03-31 16:10:02,15.2,84.03,0.42,23.759103,76.757194,Ahmedabad
E005450,C033,P003,2026-06-24 08:23:35,12.03,76.81,1.0,20.534275,75.40408,Jaipur
E005451,C020,P003,2026-01-29 16:19:14,14.29,60.86,0.57,27.868139,78.781784,Mumbai
E005452,C007,P001,2026-06-21 05:52:34,13.61,86.68,0.23,29.462348,79.607499,Mumbai
E005453,C025,P002,2026-06-14 11:39:59,12.27,91.17,0.87,28.821693,70.603969,Ahmedabad
E005454,C023,P004,2026-02-24 10:40:58,7.26,86.92,0.89,25.335463,76.245585,Jaipur
E005455,C005,P002,2026-02-19 03:56:28,12.07,84.29,0.54,24.907251,78.889785,Mumbai
E005456,C040,P003,2026-05-02 06:08:09,10.95,74.07,0.01,20.235357,76.989175,Mumbai
E005457,C048,P001,2026-06-06 09:19:54,6.16,64.94,0.32,27.853773,71.638909,Ahmedabad
E005458,C021,P002,2026-02-03 09:38:32,6.05,60.78,0.45,28.945074,79.958271,Pune
E005459,C041,P002,2026-04-17 22:47:22,9.72,84.25,0.72,26.775306,75.96098,Ahmedabad
E005460,C009,P004,2026-03-31 08:21:32,7.44,93.31,0.8,20.440043,70.50025,Delhi
E005461,C006,P002,2026-06-28 15:44:11,15.47,78.86,0.57,21.262902,78.437109,Ahmedabad
E005462,C007,P004,2026-05-29 11:43:18,8.62,63.49,0.21,22.09647,72.438685,Pune
E005463,C030,P004,2026-05-31 01:22:39,7.98,88.23,0.9,25.656514,77.535702,Delhi
E005464,C047,P001,2026-06-17 21:22:59,8.23,74.39,0.77,21.84221,79.677982,Jaipur
E005465,C046,P003,2026-06-30 22:22:36,8.49,64.02,0.45,25.596077,71.390771,Ahmedabad
E005466,C020,P003,2026-02-25 21:05:27,14.36,61.85,0.88,23.673095,71.313527,Ahmedabad
E005467,C003,P004,2026-02-15 03:32:57,12.83,74.29,0.02,21.682194,73.759642,Ahmedabad
E005468,C002,P004,2026-03-06 19:05:09,13.94,79.68,0.05,26.855784,78.043564,Pune
E005469,C046,P002,2026-05-21 09:42:40,5.61,74.65,0.66,29.511434,72.578033,Delhi
E005470,C024,P004,2026-05-26 03:52:10,15.06,85.24,0.71,25.596901,77.589771,Delhi
E005471,C043,P002,2026-05-21 23:47:26,9.28,87.29,0.18,23.107307,75.634056,Pune
E005472,C032,P001,2026-02-11 12:48:30,5.26,66.13,0.55,23.37636,78.804488,Jaipur
E005473,C011,P003,2026-05-23 18:11:15,8.34,85.97,0.06,20.923074,70.488025,Ahmedabad
E005474,C042,P001,2026-03-23 21:36:19,15.66,63.42,0.15,22.455587,77.134148,Mumbai
E005475,C016,P001,2026-04-28 00:20:18,12.39,88.03,0.34,28.249212,77.953001,Delhi
E005476,C002,P003,2026-01-11 17:53:34,12.2,68.81,0.75,25.951482,72.621115,Mumbai
E005477,C001,P001,2026-03-27 07:06:40,5.22,73.36,0.38,22.38266,77.39359,Jaipur
E005478,C023,P003,2026-01-31 23:26:24,4.61,90.09,0.95,25.679091,75.938992,Ahmedabad
E005479,C048,P001,2026-02-22 18:38:25,9.18,67.65,0.67,23.65515,73.989832,Pune
E005480,C050,P004,2026-02-17 00:01:24,7.88,90.87,0.54,27.382387,72.272547,Delhi
E005481,C016,P001,2026-02-28 16:23:27,14.55,61.97,0.81,28.890429,73.424926,Mumbai
E005482,C001,P001,2026-04-20 00:11:32,7.67,66.07,0.86,25.246631,79.232066,Mumbai
E005483,C024,P003,2026-05-16 23:05:28,14.83,79.37,0.44,20.610901,76.814634,Jaipur
E005484,C040,P002,2026-05-20 18:36:30,14.29,62.72,0.67,29.258773,72.675544,Mumbai
E005485,C016,P001,2026-06-08 03:18:44,14.4,78.82,0.65,21.919714,77.897386,Ahmedabad
E005486,C028,P001,2026-04-21 06:21:03,5.86,76.04,0.16,25.95561,75.585722,Mumbai
E005487,C021,P001,2026-06-03 02:14:40,4.9,64.67,0.39,21.696295,70.548038,Jaipur
E005488,C030,P001,2026-06-19 01:36:25,9.2,78.18,0.0,29.262147,72.081536,Mumbai
E005489,C022,P001,2026-06-11 05:26:12,6.58,61.54,0.79,23.096584,77.637763,Pune
E005490,C036,P002,2026-05-18 15:24:24,5.16,61.97,0.8,25.986004,75.643366,Ahmedabad
E005491,C005,P002,2026-04-09 02:16:23,10.33,86.87,0.62,20.755,71.796299,Mumbai
E005492,C035,P004,2026-03-19 07:16:48,7.45,75.47,0.5,24.996351,72.859825,Jaipur
E005493,C048,P003,2026-06-26 08:27:35,7.63,85.46,0.91,28.584154,72.184548,Mumbai
E005494,C048,P003,2026-06-09 12:38:32,11.98,74.41,0.46,24.404729,77.356747,Mumbai
E005495,C027,P003,2026-06-16 16:46:22,12.49,74.94,0.99,24.531362,76.605931,Ahmedabad
E005496,C037,P003,2026-04-03 14:16:59,5.89,84.39,0.65,21.183462,76.818016,Delhi
E005497,C038,P004,2026-04-05 20:05:14,10.29,81.66,0.47,20.131191,75.737238,Ahmedabad
E005498,C022,P002,2026-01-26 08:48:01,14.79,81.1,0.65,27.566405,78.665019,Pune
E005499,C007,P001,2026-05-13 15:57:04,6.68,65.04,0.84,22.03055,70.954163,Ahmedabad
E005500,C038,P001,2026-02-27 01:22:12,5.48,69.92,0.45,22.180293,76.586249,Delhi
E005501,C002,P002,2026-03-23 09:27:03,11.11,82.58,0.22,21.064653,79.074915,Mumbai
E005502,C033,P001,2026-06-19 04:28:19,6.87,64.28,0.75,24.471043,77.643047,Pune
E005503,C012,P003,2026-01-29 16:15:32,5.89,74.82,0.38,26.873545,75.025237,Mumbai
E005504,C017,P003,2026-05-22 21:49:35,13.98,66.2,0.85,29.886692,70.483661,Mumbai
E005505,C050,P001,2026-06-08 16:09:00,14.62,66.54,0.68,22.515056,73.522262,Ahmedabad
E005506,C003,P003,2026-03-26 20:40:03,6.85,90.04,0.82,24.108089,75.6211,Delhi
E005507,C030,P004,2026-06-25 11:59:35,8.12,74.24,0.56,23.170885,73.182052,Ahmedabad
E005508,C037,P002,2026-06-26 19:59:22,13.0,72.39,0.59,29.314278,78.09287,Delhi
E005509,C005,P001,2026-01-24 11:39:12,13.59,70.28,0.72,26.264594,72.366047,Delhi
E005510,C042,P004,2026-01-15 21:21:30,15.89,73.22,0.14,20.987339,79.751504,Mumbai
E005511,C026,P002,2026-03-26 23:13:48,5.73,79.92,0.79,24.09307,74.057141,Jaipur
E005512,C003,P002,2026-04-04 10:31:50,15.54,83.15,0.81,22.922685,75.136922,Jaipur
E005513,C023,P004,2026-04-28 16:39:50,13.12,67.17,0.62,28.254009,79.591251,Pune
E005514,C007,P003,2026-04-27 12:21:35,14.12,83.49,0.75,27.579415,78.70617,Mumbai
E005515,C012,P004,2026-06-10 01:16:26,10.46,92.87,0.03,20.937945,75.034904,Pune
E005516,C033,P004,2026-03-31 17:25:47,15.51,75.12,0.28,29.230247,73.782149,Delhi
E005517,C011,P002,2026-04-03 19:37:10,11.88,92.8,0.3,24.89762,74.387742,Mumbai
E005518,C009,P004,2026-04-05 22:33:15,8.19,69.76,0.19,29.96498,79.8986,Mumbai
E005519,C029,P004,2026-02-20 12:45:21,10.6,86.09,0.51,22.140246,77.10913,Pune
E005520,C041,P002,2026-01-25 19:30:13,14.75,66.08,0.54,23.601287,71.569269,Delhi
E005521,C041,P003,2026-04-14 17:44:23,15.88,65.28,0.47,24.001164,70.964274,Pune
E005522,C005,P001,2026-06-21 01:07:12,7.89,94.53,0.59,29.491817,79.545063,Mumbai
E005523,C033,P004,2026-06-09 09:58:17,4.8,69.98,0.53,25.796768,79.150265,Delhi
E005524,C001,P002,2026-05-07 17:36:43,8.6,60.66,0.6,20.410886,77.650358,Delhi
E005525,C041,P003,2026-01-07 11:45:34,6.69,78.65,0.8,21.35117,76.198652,Mumbai
E005526,C025,P002,2026-02-15 18:26:07,7.73,88.96,0.73,20.16443,70.131896,Jaipur
E005527,C042,P004,2026-01-27 01:49:36,4.87,89.3,0.12,27.013589,77.853428,Pune
E005528,C014,P004,2026-05-21 06:42:50,9.1,87.57,0.88,26.639089,78.956515,Delhi
E005529,C014,P002,2026-01-19 01:53:03,10.81,88.7,0.95,21.478046,78.579738,Pune
E005530,C014,P001,2026-02-28 19:08:32,6.73,87.21,0.69,24.00088,75.60426,Delhi
E005531,C042,P003,2026-03-16 22:19:18,8.31,92.0,0.36,25.741783,71.02736,Pune
E005532,C021,P002,2026-04-07 14:59:28,13.77,81.95,0.2,29.47223,77.670085,Mumbai
E005533,C025,P002,2026-02-26 06:08:49,14.61,63.24,0.71,24.762458,74.150023,Mumbai
E005534,C030,P004,2026-01-25 05:37:55,7.66,61.71,0.88,28.451573,78.630706,Delhi
E005535,C026,P002,2026-02-08 12:55:33,12.15,62.74,0.68,23.851603,72.577721,Delhi
E005536,C048,P003,2026-01-12 23:47:21,7.5,65.37,0.12,20.104635,77.251233,Pune
E005537,C011,P001,2026-02-01 08:40:53,13.78,87.35,0.87,22.866748,77.526686,Ahmedabad
E005538,C028,P002,2026-01-28 14:56:41,12.02,82.19,0.08,27.277052,73.574897,Ahmedabad
E005539,C019,P004,2026-02-07 08:42:39,7.19,86.88,0.19,27.071432,76.264094,Mumbai
E005540,C017,P002,2026-03-02 07:29:54,6.06,91.51,0.05,29.08729,72.565427,Delhi
E005541,C044,P004,2026-01-08 22:50:54,10.59,64.01,0.79,24.244566,79.63177,Pune
E005542,C031,P001,2026-05-26 08:33:25,9.08,91.63,0.5,22.559415,70.795951,Mumbai
E005543,C015,P004,2026-04-11 08:57:11,5.24,91.16,0.51,26.819833,71.688871,Ahmedabad
E005544,C037,P002,2026-03-07 13:23:49,4.11,79.84,0.69,27.831633,71.663268,Ahmedabad
E005545,C027,P003,2026-02-24 16:20:27,8.22,71.95,0.97,27.930328,74.407377,Mumbai
E005546,C011,P002,2026-06-01 13:54:42,11.36,91.65,0.61,24.327042,74.780936,Mumbai
E005547,C035,P001,2026-02-27 15:55:12,15.33,70.59,0.84,28.311853,77.862039,Ahmedabad
E005548,C048,P002,2026-05-09 18:37:28,6.26,70.27,0.45,20.803064,71.472687,Pune
E005549,C004,P003,2026-05-17 12:27:19,13.28,81.8,0.94,29.450946,70.94764,Pune
E005550,C014,P003,2026-02-26 10:23:29,8.11,74.45,0.1,20.636675,76.512728,Ahmedabad
E005551,C013,P004,2026-02-22 20:51:15,8.75,89.89,0.66,23.00494,71.622023,Ahmedabad
E005552,C036,P003,2026-02-13 06:02:08,5.84,87.13,0.44,26.270106,77.360901,Ahmedabad
E005553,C042,P004,2026-05-10 11:56:00,8.46,84.91,0.51,20.271934,76.535974,Delhi
E005554,C048,P004,2026-02-17 15:42:13,6.74,75.67,0.92,24.159082,70.386294,Pune
E005555,C041,P002,2026-03-29 12:13:55,12.4,94.43,0.16,21.557947,74.110512,Pune
E005556,C016,P002,2026-05-25 07:02:08,7.29,77.4,0.55,29.407119,74.213898,Ahmedabad
E005557,C027,P004,2026-04-23 22:42:56,11.19,90.44,0.34,21.543277,75.486295,Jaipur
E005558,C042,P002,2026-04-09 11:26:43,14.88,76.56,0.23,21.261952,70.760401,Jaipur
E005559,C046,P002,2026-03-30 17:40:18,7.66,62.18,0.22,23.446297,78.732721,Pune
E005560,C005,P003,2026-04-29 17:45:12,11.64,68.46,0.58,29.934956,74.501774,Delhi
E005561,C012,P002,2026-05-19 16:36:51,11.34,60.65,0.68,22.679079,77.935301,Delhi
E005562,C019,P001,2026-05-21 10:56:40,7.98,70.97,0.45,21.095621,72.738655,Ahmedabad
E005563,C024,P002,2026-04-02 08:54:58,5.24,89.17,0.75,20.335945,73.675647,Pune
E005564,C022,P001,2026-01-07 21:28:13,6.34,72.52,0.56,28.575637,72.53165,Jaipur
E005565,C010,P003,2026-06-14 18:01:17,10.35,80.93,0.54,27.486359,78.690973,Ahmedabad
E005566,C050,P001,2026-01-18 22:44:58,4.25,75.21,0.57,25.082808,75.4348,Mumbai
E005567,C007,P001,2026-04-18 08:45:45,13.0,82.99,0.57,28.71656,77.058723,Jaipur
E005568,C005,P001,2026-03-27 17:05:38,14.64,84.99,0.22,26.776357,75.837749,Ahmedabad
E005569,C029,P003,2026-06-29 20:58:00,12.11,92.08,0.36,26.892618,74.094388,Pune
E005570,C046,P003,2026-01-21 01:29:40,7.85,80.97,0.33,26.082485,72.26827,Delhi
E005571,C035,P002,2026-03-04 00:39:09,14.77,74.65,0.59,24.766369,73.313629,Ahmedabad
E005572,C019,P003,2026-03-29 19:06:39,14.3,61.35,0.82,27.04753,73.533085,Mumbai
E005573,C015,P004,2026-03-18 06:09:29,10.71,62.8,0.98,24.406319,72.51639,Pune
E005574,C001,P002,2026-05-18 12:22:24,4.35,86.95,0.65,21.608584,74.08445,Ahmedabad
E005575,C019,P001,2026-01-19 02:36:44,9.94,92.65,0.13,25.48154,74.781017,Pune
E005576,C018,P004,2026-03-02 01:52:26,15.89,93.18,1.0,28.64442,79.602464,Ahmedabad
E005577,C014,P002,2026-01-01 19:18:06,5.67,81.32,0.11,21.785829,70.317991,Jaipur
E005578,C039,P002,2026-04-29 23:51:37,10.3,75.82,0.35,20.6956,78.867639,Delhi
E005579,C004,P001,2026-03-22 22:33:53,8.94,91.24,0.05,21.920691,74.02553,Mumbai
E005580,C047,P002,2026-03-03 03:15:40,13.92,91.42,0.84,29.665772,77.545373,Pune
E005581,C044,P004,2026-04-02 08:45:10,15.86,63.3,0.32,22.599975,74.848377,Mumbai
E005582,C014,P003,2026-03-01 19:39:03,5.36,73.41,0.18,23.462918,70.137893,Pune
E005583,C031,P003,2026-05-18 12:21:09,14.91,85.27,0.3,23.146592,77.553797,Delhi
E005584,C020,P004,2026-01-21 20:12:12,15.78,84.02,0.19,27.063722,78.643768,Delhi
E005585,C040,P004,2026-05-28 10:57:33,8.03,60.31,0.13,20.044083,72.417503,Delhi
E005586,C042,P002,2026-06-22 09:43:53,8.85,71.17,0.91,23.674922,73.559706,Ahmedabad
E005587,C029,P003,2026-05-30 01:37:51,4.9,82.56,0.21,27.105946,70.510632,Pune
E005588,C017,P002,2026-01-21 02:22:16,10.58,62.82,0.39,22.288269,75.654552,Ahmedabad
E005589,C001,P003,2026-05-13 01:26:37,13.62,69.32,0.95,22.479445,75.266355,Mumbai
E005590,C014,P003,2026-02-15 15:59:45,10.29,82.81,0.54,24.082842,73.934011,Ahmedabad
E005591,C040,P001,2026-05-10 07:02:18,14.25,81.96,0.07,21.542874,77.356182,Pune
E005592,C032,P002,2026-06-26 11:31:39,14.91,76.65,0.53,28.839217,79.264773,Mumbai
E005593,C038,P002,2026-02-26 06:46:34,15.42,80.96,0.04,29.57679,79.996601,Jaipur
E005594,C037,P003,2026-04-30 06:08:22,6.7,72.87,0.15,24.672136,71.886265,Delhi
E005595,C049,P001,2026-03-09 00:34:40,13.25,88.39,0.38,20.469137,72.05293,Jaipur
E005596,C025,P003,2026-04-15 16:49:48,15.49,80.05,0.57,27.949454,75.809162,Delhi
E005597,C027,P003,2026-04-28 11:25:08,11.59,85.13,0.62,24.961182,72.782885,Ahmedabad
E005598,C028,P004,2026-03-25 09:20:52,12.24,93.22,0.4,25.929347,79.426717,Ahmedabad
E005599,C001,P003,2026-05-11 07:20:10,7.45,80.26,0.35,24.304923,78.411248,Pune
E005600,C041,P003,2026-06-20 09:15:08,6.93,86.79,0.22,29.814294,77.104565,Ahmedabad
E005601,C046,P004,2026-05-10 17:52:51,7.76,66.52,0.37,23.1649,73.991149,Delhi
E005602,C002,P001,2026-02-08 21:07:01,4.32,86.77,0.66,20.844798,73.433718,Pune
E005603,C039,P003,2026-01-04 23:24:30,5.94,85.61,0.67,21.272876,77.961453,Pune
E005604,C023,P001,2026-01-14 08:57:19,4.12,70.05,0.93,28.032938,75.01326,Delhi
E005605,C043,P003,2026-05-22 14:06:20,5.01,71.59,0.62,20.068826,73.595795,Pune
E005606,C009,P004,2026-02-07 19:15:06,4.47,72.61,0.67,21.334848,70.195045,Ahmedabad
E005607,C037,P001,2026-05-13 20:10:58,13.28,71.59,0.9,29.193171,79.940838,Pune
E005608,C043,P003,2026-04-20 14:28:37,6.9,91.07,0.77,28.092771,79.396938,Ahmedabad
E005609,C022,P003,2026-02-23 11:02:20,6.94,78.91,0.67,21.394774,75.686335,Ahmedabad
E005610,C030,P004,2026-06-30 04:23:38,7.2,80.66,0.82,25.643302,73.501687,Delhi
E005611,C028,P002,2026-02-14 21:50:03,12.05,79.02,0.74,25.941237,78.986287,Ahmedabad
E005612,C008,P004,2026-01-14 12:15:58,9.66,93.27,0.51,27.072649,72.263497,Jaipur
E005613,C038,P003,2026-05-24 14:58:10,13.67,86.73,0.26,29.862382,79.681042,Mumbai
E005614,C037,P003,2026-04-21 07:30:10,6.38,92.7,0.74,21.674155,72.933269,Mumbai
E005615,C017,P004,2026-04-07 01:00:02,5.94,70.11,0.57,21.076326,70.060453,Mumbai
E005616,C010,P002,2026-01-31 20:23:03,9.2,88.02,0.17,21.719306,75.028018,Ahmedabad
E005617,C016,P003,2026-04-06 19:41:58,6.81,81.5,0.38,23.489111,71.347372,Mumbai
E005618,C045,P004,2026-01-24 14:15:03,15.4,75.29,0.43,24.895132,74.304984,Jaipur
E005619,C031,P001,2026-04-24 18:23:27,4.29,94.71,0.85,22.342748,79.409338,Jaipur
E005620,C033,P003,2026-04-04 19:38:14,10.91,93.27,0.48,29.213582,73.355148,Ahmedabad
E005621,C013,P003,2026-01-13 16:13:27,10.19,73.59,0.57,28.632254,73.277564,Jaipur
E005622,C036,P003,2026-01-20 20:22:54,15.66,84.41,0.94,23.723804,71.637832,Jaipur
E005623,C041,P001,2026-03-23 05:39:23,8.82,63.25,0.6,28.579648,73.271631,Pune
E005624,C029,P004,2026-03-23 16:02:51,8.11,69.37,0.8,24.881094,74.714486,Ahmedabad
E005625,C019,P002,2026-05-17 02:47:47,13.76,69.82,0.01,24.424178,76.75724,Delhi
E005626,C019,P001,2026-02-18 16:42:53,15.77,85.4,0.41,26.224646,73.102222,Ahmedabad
E005627,C022,P004,2026-06-14 04:44:19,4.64,62.34,0.99,23.521693,73.875302,Ahmedabad
E005628,C044,P004,2026-06-16 22:46:52,10.23,73.99,0.29,27.511705,74.065597,Jaipur
E005629,C035,P003,2026-05-20 14:55:50,9.04,64.24,0.22,28.5839,71.743547,Jaipur
E005630,C008,P001,2026-02-16 20:40:44,13.72,87.1,0.55,20.006599,73.195074,Delhi
E005631,C019,P002,2026-06-15 00:24:07,10.51,84.38,0.12,22.146696,76.822084,Delhi
E005632,C047,P004,2026-01-15 14:14:39,12.56,70.36,0.71,28.053496,77.122136,Jaipur
E005633,C011,P004,2026-05-01 09:12:39,4.02,76.25,0.73,27.268358,78.014375,Jaipur
E005634,C014,P001,2026-05-27 13:20:27,14.25,69.17,0.37,28.013471,76.292408,Pune
E005635,C006,P001,2026-01-07 01:30:32,8.25,79.64,0.92,26.821771,79.049034,Delhi
E005636,C018,P004,2026-01-30 09:32:41,11.17,66.54,0.49,24.587102,71.868737,Pune
E005637,C016,P001,2026-04-13 00:04:16,10.35,69.82,0.63,23.100405,75.554363,Mumbai
E005638,C017,P001,2026-05-08 18:31:09,6.59,76.26,0.57,22.546065,71.474929,Pune
E005639,C042,P002,2026-02-19 19:15:11,6.73,86.7,0.93,23.626193,76.504051,Mumbai
E005640,C042,P003,2026-04-20 13:25:22,7.03,85.61,0.28,23.394305,79.974405,Mumbai
E005641,C024,P004,2026-06-13 19:29:48,12.49,75.07,0.73,22.767409,75.128823,Jaipur
E005642,C038,P004,2026-04-06 17:52:17,14.75,78.62,0.49,20.311582,78.107679,Jaipur
E005643,C017,P002,2026-06-16 19:22:59,10.22,77.35,0.63,28.279481,79.015558,Ahmedabad
E005644,C011,P003,2026-03-21 19:11:29,11.51,62.96,0.04,21.934498,72.567313,Delhi
E005645,C009,P004,2026-06-28 10:22:19,9.21,88.75,1.0,25.743825,76.696035,Delhi
E005646,C010,P004,2026-03-17 20:50:58,7.27,83.62,0.25,26.582809,77.631644,Delhi
E005647,C020,P001,2026-03-26 00:26:38,5.27,83.24,0.04,21.335456,78.611839,Ahmedabad
E005648,C008,P002,2026-03-06 19:58:11,9.66,76.4,0.63,26.436188,76.857913,Ahmedabad
E005649,C002,P001,2026-05-26 16:21:59,14.03,73.33,0.76,20.96171,77.738354,Jaipur
E005650,C047,P001,2026-02-25 07:31:13,13.61,91.94,0.08,21.97091,72.130288,Mumbai
E005651,C029,P001,2026-01-05 18:00:28,13.32,60.64,0.08,26.99161,76.247291,Jaipur
E005652,C019,P004,2026-02-01 16:29:21,13.96,70.53,0.77,26.501633,76.500218,Ahmedabad
E005653,C045,P001,2026-05-27 17:43:11,11.77,77.78,0.92,21.237992,70.413818,Ahmedabad
E005654,C032,P004,2026-01-17 21:19:26,5.86,89.66,0.84,26.929998,77.701012,Ahmedabad
E005655,C009,P004,2026-03-10 02:55:57,14.79,91.92,0.07,22.692506,78.272919,Ahmedabad
E005656,C045,P002,2026-04-10 01:30:23,5.58,72.23,0.03,22.734442,70.58485,Pune
E005657,C047,P002,2026-06-14 18:12:03,9.98,86.2,0.79,26.946853,79.25125,Pune
E005658,C031,P004,2026-01-22 14:54:58,14.68,81.84,0.01,21.550461,71.186696,Mumbai
E005659,C036,P003,2026-03-24 09:03:43,15.61,63.8,0.38,28.499316,72.182482,Jaipur
E005660,C025,P004,2026-06-11 14:15:10,10.25,93.81,0.15,27.158516,77.281094,Jaipur
E005661,C020,P002,2026-06-28 13:28:51,12.77,71.56,0.91,20.386469,74.41806,Jaipur
E005662,C027,P003,2026-04-01 10:27:17,6.77,87.82,0.78,27.927458,76.129452,Mumbai
E005663,C008,P001,2026-02-13 20:02:20,9.5,90.29,0.31,23.336867,71.284403,Mumbai
E005664,C040,P003,2026-06-09 20:23:43,12.15,94.11,0.8,28.43902,76.201118,Pune
E005665,C035,P003,2026-04-24 14:49:35,11.47,78.52,0.32,25.126586,74.298747,Mumbai
E005666,C001,P001,2026-04-03 02:34:56,15.4,92.05,0.47,23.528839,71.180817,Ahmedabad
E005667,C023,P002,2026-06-10 04:39:49,11.53,94.21,0.22,24.278298,74.41095,Jaipur
E005668,C039,P004,2026-05-22 08:12:06,11.02,88.47,0.92,26.817826,76.818642,Jaipur
E005669,C040,P003,2026-04-26 19:31:00,6.78,63.45,0.16,21.174069,76.278937,Jaipur
E005670,C023,P004,2026-06-23 10:24:13,11.03,68.05,0.53,27.070359,79.048028,Pune
E005671,C047,P001,2026-04-09 01:46:06,9.5,85.41,0.11,21.9405,72.081742,Pune
E005672,C046,P002,2026-05-08 08:27:11,13.03,84.75,0.97,26.790336,73.257898,Pune
E005673,C049,P001,2026-02-18 17:34:59,4.9,61.22,0.76,26.59865,75.465508,Mumbai
E005674,C038,P004,2026-01-07 01:49:28,5.85,71.04,0.95,28.478347,79.173644,Ahmedabad
E005675,C020,P004,2026-04-30 06:15:20,4.56,65.2,0.21,27.476977,77.056425,Mumbai
E005676,C041,P003,2026-01-03 06:42:00,8.15,82.61,0.76,23.442556,77.921984,Mumbai
E005677,C040,P001,2026-05-20 05:10:30,7.45,71.49,0.17,25.134794,75.075774,Pune
E005678,C008,P003,2026-03-22 16:29:27,12.99,78.35,0.09,28.030754,77.464808,Delhi
E005679,C050,P001,2026-02-05 23:57:53,9.74,94.38,0.59,25.207323,76.645815,Mumbai
E005680,C011,P003,2026-06-22 01:55:39,6.05,70.38,0.01,24.551875,76.811841,Mumbai
E005681,C048,P003,2026-02-21 13:39:28,6.74,93.11,0.85,25.69189,75.853011,Ahmedabad
E005682,C026,P001,2026-01-18 22:41:48,5.11,65.24,0.51,22.919846,71.347518,Pune
E005683,C010,P004,2026-02-06 17:08:37,7.94,81.69,0.51,21.295823,77.059787,Mumbai
E005684,C024,P003,2026-06-19 07:33:35,5.01,87.77,0.6,26.40361,73.22278,Ahmedabad
E005685,C032,P002,2026-06-28 01:44:23,14.27,93.76,0.61,26.585485,77.435413,Jaipur
E005686,C009,P001,2026-04-09 14:30:24,4.09,77.88,0.27,29.087526,72.692981,Pune
E005687,C016,P002,2026-05-31 18:50:14,14.26,92.66,0.63,26.569484,72.329751,Pune
E005688,C012,P004,2026-06-21 08:44:01,9.07,74.93,0.24,24.867798,73.766813,Pune
E005689,C011,P002,2026-04-13 01:10:33,15.74,71.14,0.41,26.300588,72.509268,Ahmedabad
E005690,C047,P001,2026-06-24 13:23:24,13.66,62.14,0.35,25.323464,73.672461,Pune
E005691,C013,P001,2026-05-21 01:22:20,11.99,73.93,0.3,20.183423,70.996637,Ahmedabad
E005692,C014,P001,2026-06-05 08:33:59,5.26,92.0,0.64,22.218,72.210813,Delhi
E005693,C024,P001,2026-04-01 23:32:59,8.72,64.62,0.42,29.215578,75.237722,Jaipur
E005694,C046,P004,2026-02-02 07:11:27,5.31,93.67,0.72,29.363113,71.599729,Mumbai
E005695,C027,P002,2026-01-05 08:49:23,7.9,81.37,0.49,20.241945,71.353295,Pune
E005696,C040,P001,2026-02-24 00:13:39,15.37,66.47,0.57,22.797779,78.511924,Delhi
E005697,C030,P001,2026-01-15 16:27:18,8.93,83.34,0.27,26.544521,75.622969,Delhi
E005698,C032,P004,2026-04-07 05:06:49,8.18,62.25,0.14,27.470513,73.25514,Mumbai
E005699,C024,P002,2026-01-24 02:11:42,14.46,70.09,0.93,26.390821,72.286385,Pune
E005700,C032,P002,2026-06-03 09:47:15,6.08,74.76,0.37,22.914533,71.795725,Jaipur
E005701,C012,P002,2026-05-04 05:30:10,9.93,66.23,0.83,24.273539,78.820886,Mumbai
E005702,C040,P004,2026-02-26 04:56:35,14.49,65.14,0.56,22.816644,74.136857,Mumbai
E005703,C015,P001,2026-06-28 21:59:00,11.01,75.24,0.97,28.900887,74.224399,Mumbai
E005704,C031,P001,2026-03-27 07:08:49,15.12,93.21,0.26,23.849189,71.406376,Ahmedabad
E005705,C021,P001,2026-04-08 22:35:08,4.45,61.56,0.44,25.217356,76.476773,Ahmedabad
E005706,C017,P003,2026-04-13 03:25:08,10.36,86.74,0.38,29.550044,74.336358,Mumbai
E005707,C006,P003,2026-06-26 00:00:57,13.54,72.98,0.06,21.860992,78.189975,Pune
E005708,C007,P004,2026-02-02 19:02:37,9.05,93.1,0.9,29.338402,76.933226,Ahmedabad
E005709,C018,P003,2026-02-12 12:54:44,14.32,85.69,0.36,27.062159,77.751155,Ahmedabad
E005710,C046,P004,2026-04-01 16:43:27,10.52,76.25,0.32,24.50838,70.108577,Ahmedabad
E005711,C004,P002,2026-02-06 02:13:27,13.76,94.37,0.49,29.848169,76.117391,Jaipur
E005712,C028,P002,2026-04-05 14:34:47,8.76,85.23,0.34,20.366806,79.040403,Pune
E005713,C015,P002,2026-06-29 09:42:20,9.68,62.95,0.03,24.265625,70.698393,Ahmedabad
E005714,C026,P003,2026-06-04 07:27:05,9.69,60.78,0.14,26.331389,79.012551,Jaipur
E005715,C005,P004,2026-05-20 01:23:33,4.87,62.88,0.5,24.280111,71.592724,Pune
E005716,C049,P003,2026-02-12 13:08:42,13.72,71.31,0.77,29.398192,72.507519,Ahmedabad
E005717,C008,P004,2026-01-07 20:49:52,9.7,81.26,0.71,28.516762,72.074064,Jaipur
E005718,C031,P004,2026-05-03 21:13:52,12.63,86.78,0.4,24.343069,71.72667,Pune
E005719,C040,P004,2026-02-23 16:38:30,6.72,76.56,0.98,28.438642,72.985178,Mumbai
E005720,C032,P004,2026-03-04 11:25:45,14.43,71.56,0.06,24.24873,74.089849,Ahmedabad
E005721,C045,P003,2026-03-15 03:28:18,6.73,91.06,0.5,21.702402,74.963913,Mumbai
E005722,C008,P003,2026-01-31 12:13:27,15.78,82.53,0.26,21.75843,72.45355,Jaipur
E005723,C037,P001,2026-05-05 02:00:03,11.78,72.95,0.31,20.163933,72.711751,Jaipur
E005724,C028,P004,2026-06-29 17:32:56,15.75,64.85,0.35,21.3391,78.64386,Pune
E005725,C040,P001,2026-04-12 20:31:12,11.1,67.92,0.55,24.399575,78.687832,Mumbai
E005726,C041,P003,2026-05-05 18:31:07,12.78,69.95,0.29,26.755806,77.049357,Ahmedabad
E005727,C018,P001,2026-04-20 01:01:56,4.9,74.15,0.54,24.1106,78.973208,Delhi
E005728,C007,P001,2026-01-05 05:33:56,9.27,90.39,0.68,23.770896,74.505275,Delhi
E005729,C047,P003,2026-05-11 19:39:09,13.7,64.72,0.78,28.028858,74.031402,Ahmedabad
E005730,C010,P004,2026-05-10 04:50:44,6.76,94.74,0.79,22.81253,76.706699,Jaipur
E005731,C044,P003,2026-02-06 07:02:54,6.31,90.4,0.94,25.195584,77.19624,Mumbai
E005732,C004,P001,2026-01-31 17:39:38,11.72,94.71,0.15,29.222149,74.316513,Jaipur
E005733,C034,P002,2026-03-31 00:24:03,9.29,93.84,0.05,22.485018,70.532765,Mumbai
E005734,C021,P001,2026-05-18 15:21:46,15.93,62.94,0.6,24.086298,78.410199,Delhi
E005735,C045,P002,2026-04-25 08:18:03,13.06,75.16,0.37,22.024934,71.193243,Jaipur
E005736,C029,P004,2026-04-26 20:44:11,15.69,83.63,0.34,29.719753,77.668747,Jaipur
E005737,C023,P004,2026-03-20 19:14:41,8.83,65.64,0.62,26.59081,75.21544,Mumbai
E005738,C020,P002,2026-05-11 11:24:35,11.6,92.75,0.86,29.318639,76.570255,Delhi
E005739,C019,P004,2026-02-09 18:46:11,14.47,64.85,0.11,28.291751,78.80294,Pune
E005740,C007,P001,2026-01-04 11:55:16,4.33,70.33,0.95,20.974161,76.997001,Pune
E005741,C018,P004,2026-06-16 17:02:15,5.24,75.57,0.45,29.785285,79.712731,Delhi
E005742,C027,P002,2026-03-12 16:44:36,15.94,77.27,0.85,20.05746,75.098435,Mumbai
E005743,C042,P001,2026-01-15 19:07:06,9.58,61.31,0.63,29.807937,71.039303,Jaipur
E005744,C003,P004,2026-05-19 01:14:28,13.8,75.25,0.36,21.564987,76.541201,Ahmedabad
E005745,C028,P003,2026-06-11 17:35:26,15.26,80.26,0.08,24.594829,75.538969,Ahmedabad
E005746,C029,P001,2026-05-19 04:22:02,4.31,67.42,0.53,24.123319,76.036338,Delhi
E005747,C015,P002,2026-06-11 15:16:24,8.67,78.16,0.81,28.588379,72.500236,Pune
E005748,C021,P002,2026-01-08 17:06:54,9.42,72.1,0.45,28.613811,74.675173,Delhi
E005749,C003,P003,2026-02-04 16:17:46,14.92,60.23,1.0,23.963239,76.201068,Mumbai
E005750,C030,P004,2026-06-16 01:12:37,5.12,91.46,0.16,21.610099,71.833967,Jaipur
E005751,C036,P001,2026-04-24 10:42:34,9.31,80.19,0.83,27.476881,76.92615,Pune
E005752,C050,P003,2026-04-21 13:37:21,13.52,85.85,0.6,22.700814,73.220861,Mumbai
E005753,C009,P002,2026-03-27 12:41:03,14.58,88.47,0.9,28.35538,71.370121,Ahmedabad
E005754,C020,P002,2026-06-26 17:03:45,13.0,88.26,0.72,27.417889,78.119533,Delhi
E005755,C039,P004,2026-02-07 15:10:51,13.92,70.69,0.92,29.063482,72.548981,Ahmedabad
E005756,C020,P003,2026-01-23 12:24:11,7.31,73.02,0.06,29.39963,72.626677,Ahmedabad
E005757,C045,P003,2026-01-10 13:46:15,5.1,72.31,0.69,23.783535,79.156428,Delhi
E005758,C013,P001,2026-04-24 05:16:41,4.97,61.64,0.57,20.878801,77.715858,Ahmedabad
E005759,C037,P002,2026-01-17 21:42:08,13.36,71.72,0.9,27.20986,79.276093,Ahmedabad
E005760,C023,P002,2026-02-02 04:23:59,4.11,76.24,0.72,23.568444,75.723028,Delhi
E005761,C001,P004,2026-01-24 21:21:03,6.44,84.93,0.56,24.587326,75.750153,Jaipur
E005762,C022,P003,2026-04-03 05:21:44,11.95,79.16,0.92,25.413239,76.316899,Jaipur
E005763,C015,P004,2026-01-07 18:52:23,11.82,70.19,0.08,23.285145,77.657467,Ahmedabad
E005764,C021,P001,2026-06-10 02:22:25,4.69,71.27,0.49,26.456165,73.679117,Jaipur
E005765,C045,P002,2026-02-06 10:31:10,6.83,92.83,0.03,27.770482,78.104794,Jaipur
E005766,C001,P003,2026-05-11 12:41:22,11.53,68.67,0.18,27.81268,75.774368,Ahmedabad
E005767,C026,P001,2026-02-27 18:59:23,9.71,72.0,0.66,24.885974,77.796415,Jaipur
E005768,C016,P001,2026-03-09 18:09:50,13.77,83.86,0.93,20.719616,76.78164,Pune
E005769,C047,P002,2026-02-05 20:28:08,4.98,80.18,0.85,24.893228,77.554219,Jaipur
E005770,C034,P003,2026-03-13 19:46:08,14.76,81.44,0.76,23.04638,79.035125,Mumbai
E005771,C002,P003,2026-03-16 05:17:07,9.23,76.11,0.06,29.202315,72.695639,Ahmedabad
E005772,C035,P002,2026-02-25 15:42:53,7.06,61.6,0.15,25.500766,71.451925,Delhi
E005773,C019,P001,2026-04-10 18:28:35,13.23,75.32,0.31,21.375765,72.504255,Mumbai
E005774,C035,P003,2026-06-09 00:07:47,8.53,88.02,0.06,29.14708,70.019032,Pune
E005775,C038,P003,2026-04-13 19:08:30,5.09,81.52,0.94,28.779244,71.808557,Delhi
E005776,C044,P003,2026-02-23 08:00:20,9.16,72.21,0.48,26.299998,76.133346,Delhi
E005777,C032,P004,2026-01-25 06:37:37,5.47,71.93,0.1,26.186852,75.568282,Delhi
E005778,C040,P001,2026-05-08 21:12:18,8.49,94.0,0.25,20.10763,77.371098,Ahmedabad
E005779,C013,P004,2026-02-06 20:19:44,5.69,86.3,0.13,25.66289,79.034545,Mumbai
E005780,C027,P002,2026-04-26 14:27:55,6.8,73.98,0.29,23.2924,75.080437,Delhi
E005781,C005,P002,2026-03-23 23:52:43,9.07,65.73,0.87,20.543987,75.403459,Mumbai
E005782,C025,P003,2026-05-08 16:41:16,4.31,86.48,0.91,22.503198,76.034097,Pune
E005783,C024,P003,2026-02-25 20:15:54,8.94,65.68,0.49,29.769473,74.656721,Delhi
E005784,C025,P001,2026-06-28 02:39:26,7.85,82.58,0.73,24.49751,72.240985,Ahmedabad
E005785,C002,P004,2026-05-24 20:42:05,10.19,89.83,0.36,29.127831,76.701206,Mumbai
E005786,C029,P001,2026-03-12 06:23:28,14.33,63.48,0.42,28.252259,79.209828,Ahmedabad
E005787,C036,P001,2026-01-13 07:00:31,4.78,82.91,0.3,27.618505,74.135515,Pune
E005788,C007,P004,2026-06-28 18:24:43,8.37,75.82,0.69,23.868078,75.587657,Jaipur
E005789,C039,P003,2026-05-25 23:26:24,9.87,75.03,0.83,28.034249,75.565873,Mumbai
E005790,C017,P003,2026-03-30 01:26:20,8.43,86.12,0.35,20.173842,70.037674,Ahmedabad
E005791,C047,P003,2026-06-24 17:49:58,6.52,87.17,0.31,26.946355,71.043728,Jaipur
E005792,C046,P003,2026-06-23 02:43:38,12.76,92.01,0.63,29.9653,79.477566,Ahmedabad
E005793,C008,P001,2026-02-27 03:19:06,11.06,82.0,0.35,28.313942,78.718132,Jaipur
E005794,C023,P001,2026-03-30 01:56:38,11.4,94.25,0.98,28.858535,76.812456,Mumbai
E005795,C033,P004,2026-06-17 22:30:22,14.73,76.86,0.6,23.984526,74.57882,Pune
E005796,C036,P002,2026-04-18 15:39:51,11.33,80.33,0.5,26.83577,76.987046,Delhi
E005797,C030,P002,2026-01-09 05:04:25,6.1,82.62,0.99,20.030001,76.395932,Jaipur
E005798,C009,P001,2026-01-21 02:04:17,14.23,88.63,0.74,27.181782,79.761751,Jaipur
E005799,C013,P001,2026-01-24 13:52:17,14.4,82.13,0.88,20.101254,76.933265,Pune
E005800,C002,P002,2026-01-05 03:04:53,9.17,77.84,0.67,21.017924,73.187069,Ahmedabad
E005801,C025,P003,2026-02-10 19:09:08,6.41,67.26,0.47,23.420692,78.265858,Mumbai
E005802,C005,P003,2026-04-29 06:14:32,5.66,66.98,0.2,25.803786,79.705686,Jaipur
E005803,C028,P002,2026-06-14 07:37:12,12.68,94.54,0.1,25.626744,75.328163,Delhi
E005804,C038,P002,2026-02-15 09:00:21,9.84,76.6,0.29,29.215329,72.095203,Pune
E005805,C033,P003,2026-04-19 11:26:53,10.06,70.53,0.96,28.630751,79.026463,Delhi
E005806,C025,P003,2026-03-09 09:49:56,8.66,87.54,0.69,20.611585,72.407117,Pune
E005807,C007,P004,2026-01-05 12:56:25,8.0,91.68,0.5,20.021666,73.161217,Jaipur
E005808,C028,P004,2026-02-26 03:14:46,15.36,86.91,0.12,25.177054,74.285815,Pune
E005809,C009,P003,2026-03-02 07:48:55,13.0,63.31,0.82,24.374008,75.317325,Jaipur
E005810,C049,P001,2026-02-16 08:21:19,11.02,74.9,0.26,27.633488,78.839065,Jaipur
E005811,C001,P004,2026-05-19 18:13:10,10.37,72.74,0.35,22.981485,75.683381,Pune
E005812,C031,P003,2026-01-03 20:13:56,14.94,71.18,0.67,28.947874,78.381794,Mumbai
E005813,C034,P001,2026-02-14 02:28:45,6.07,73.22,0.94,20.983539,73.310585,Pune
E005814,C048,P001,2026-03-28 06:11:22,13.33,81.63,0.44,25.505012,78.84217,Pune
E005815,C035,P004,2026-04-01 23:04:13,8.3,62.74,0.69,22.486217,70.027688,Ahmedabad
E005816,C044,P001,2026-03-03 16:25:23,8.24,85.38,0.91,24.151289,74.896693,Jaipur
E005817,C016,P003,2026-04-06 09:13:43,14.91,84.56,0.51,29.55088,71.014012,Pune
E005818,C003,P003,2026-03-05 13:27:45,8.93,70.63,0.16,26.892177,75.581057,Mumbai
E005819,C019,P004,2026-02-10 10:17:34,8.89,77.86,0.78,29.28858,79.212891,Ahmedabad
E005820,C017,P001,2026-05-13 17:00:15,15.85,81.84,0.25,29.184005,73.616344,Ahmedabad
E005821,C013,P004,2026-01-28 10:13:15,11.35,65.48,0.94,29.368575,78.531038,Delhi
E005822,C021,P002,2026-01-07 03:16:49,10.86,80.48,0.77,24.509036,75.012005,Delhi
E005823,C042,P001,2026-04-22 14:55:57,9.94,79.27,0.54,27.727839,71.963489,Pune
E005824,C041,P003,2026-06-19 12:30:37,9.39,71.6,0.72,21.903554,75.942414,Delhi
E005825,C020,P002,2026-04-18 10:27:45,14.55,78.2,0.91,29.34286,75.706855,Ahmedabad
E005826,C030,P002,2026-04-15 17:47:55,15.03,94.0,0.73,23.931183,75.662081,Ahmedabad
E005827,C027,P001,2026-03-22 14:45:23,14.54,73.6,0.74,22.242338,74.574867,Delhi
E005828,C027,P002,2026-01-19 17:49:11,11.92,89.57,0.97,24.128487,79.481044,Pune
E005829,C003,P002,2026-01-29 19:55:56,4.16,87.27,0.57,24.638184,79.320842,Delhi
E005830,C045,P003,2026-01-29 19:30:24,7.37,91.02,0.07,24.219989,78.96426,Ahmedabad
E005831,C024,P002,2026-01-03 19:42:12,5.14,87.16,0.81,21.749023,79.997662,Jaipur
E005832,C048,P001,2026-06-26 19:20:15,11.88,91.22,0.22,27.198513,78.756826,Jaipur
E005833,C026,P001,2026-05-23 21:55:47,12.47,70.4,0.84,22.168229,75.85013,Ahmedabad
E005834,C032,P001,2026-04-26 23:58:34,15.3,86.57,0.81,20.475219,74.045645,Delhi
E005835,C025,P003,2026-05-16 00:01:27,4.16,89.75,0.76,26.29799,76.623188,Ahmedabad
E005836,C027,P002,2026-06-02 05:25:30,10.45,83.85,0.64,23.874065,73.857527,Pune
E005837,C013,P004,2026-04-26 20:58:16,9.03,65.98,0.26,29.84107,70.799852,Jaipur
E005838,C041,P002,2026-06-27 18:25:08,6.54,74.11,0.43,28.791614,79.403555,Ahmedabad
E005839,C012,P003,2026-05-22 15:53:41,4.5,65.29,0.72,23.614999,75.547259,Delhi
E005840,C021,P003,2026-03-17 15:04:33,8.61,84.66,0.57,28.61786,75.842382,Jaipur
E005841,C007,P001,2026-06-17 01:34:42,15.9,87.16,0.26,24.094483,75.769508,Mumbai
E005842,C013,P003,2026-02-07 03:34:10,10.31,90.22,0.11,24.927685,71.163919,Ahmedabad
E005843,C026,P001,2026-06-19 09:13:48,13.68,68.87,0.5,26.176982,72.875559,Jaipur
E005844,C024,P002,2026-02-01 06:27:39,4.82,62.27,0.69,23.234762,75.622306,Jaipur
E005845,C030,P004,2026-01-13 22:10:39,15.97,81.37,0.5,29.540801,72.879281,Jaipur
E005846,C043,P002,2026-01-11 04:12:32,15.16,91.47,0.56,21.916523,70.045004,Pune
E005847,C005,P001,2026-04-02 04:42:38,10.48,75.08,0.97,27.871892,70.981134,Ahmedabad
E005848,C027,P003,2026-01-21 20:11:00,13.76,87.05,0.1,26.275146,72.963799,Jaipur
E005849,C039,P002,2026-06-16 09:27:40,11.25,88.01,0.77,23.244051,74.865844,Delhi
E005850,C021,P003,2026-05-08 03:31:54,9.26,61.19,0.6,28.597086,76.245634,Ahmedabad
E005851,C035,P003,2026-01-22 00:20:45,13.03,90.98,0.68,28.885612,75.126048,Ahmedabad
E005852,C017,P004,2026-03-14 22:21:59,14.23,65.94,0.62,25.720998,78.674839,Delhi
E005853,C011,P003,2026-02-03 21:48:00,13.66,70.82,0.73,26.588854,79.888522,Mumbai
E005854,C033,P004,2026-02-07 10:35:14,11.5,64.13,0.27,20.222176,75.379098,Jaipur
E005855,C042,P004,2026-04-04 21:33:46,5.06,83.8,0.35,29.822095,75.460484,Delhi
E005856,C011,P002,2026-04-26 08:52:41,4.36,89.52,0.32,24.259035,77.644026,Pune
E005857,C032,P001,2026-03-19 18:04:13,5.16,86.98,0.59,27.413933,79.737809,Jaipur
E005858,C024,P001,2026-01-25 19:08:42,7.27,82.47,0.38,21.162702,75.344427,Delhi
E005859,C010,P001,2026-03-19 20:53:48,14.02,60.51,0.15,22.433306,76.526063,Pune
E005860,C019,P003,2026-05-16 10:30:28,14.23,85.0,0.56,28.493065,74.347535,Mumbai
E005861,C039,P004,2026-03-26 06:26:17,12.14,71.84,0.31,23.859383,74.764586,Jaipur
E005862,C044,P002,2026-05-27 07:22:30,7.37,72.32,0.45,24.463357,72.421439,Delhi
E005863,C043,P004,2026-03-17 01:30:18,14.8,66.35,0.63,26.580527,74.285042,Pune
E005864,C033,P003,2026-05-14 10:40:44,12.4,80.85,0.12,26.54066,73.242484,Ahmedabad
E005865,C007,P004,2026-04-25 11:49:57,9.85,89.35,0.52,29.678411,77.021477,Jaipur
E005866,C025,P003,2026-02-28 19:30:16,10.35,94.83,0.09,20.837382,75.34526,Delhi
E005867,C015,P003,2026-05-21 11:25:23,5.14,81.73,0.41,28.099759,78.921929,Mumbai
E005868,C033,P003,2026-02-01 07:46:26,6.41,74.97,0.55,20.451725,72.338774,Ahmedabad
E005869,C048,P004,2026-03-18 08:07:37,6.62,70.73,0.93,26.38412,79.708192,Mumbai
E005870,C027,P003,2026-06-05 11:08:19,5.69,88.04,0.91,25.25984,73.951079,Ahmedabad
E005871,C014,P004,2026-05-01 07:14:48,9.09,85.94,0.27,22.122393,72.766564,Jaipur
E005872,C028,P004,2026-01-11 18:02:53,13.88,67.79,0.82,23.444641,78.7711,Delhi
E005873,C010,P001,2026-05-12 21:57:11,13.38,70.7,0.44,24.816363,73.525033,Delhi
E005874,C022,P004,2026-05-30 14:45:04,12.76,74.75,0.32,26.067093,70.317279,Jaipur
E005875,C007,P002,2026-04-14 21:18:14,14.39,86.09,0.12,29.966505,76.165871,Ahmedabad
E005876,C038,P002,2026-05-09 19:19:30,6.66,79.18,0.55,23.15427,71.588243,Pune
E005877,C043,P002,2026-01-29 01:21:38,5.87,68.82,0.59,26.182352,73.045365,Delhi
E005878,C027,P004,2026-03-14 23:22:59,10.26,77.7,0.01,25.192614,79.383633,Ahmedabad
E005879,C046,P004,2026-02-22 05:15:58,13.6,60.65,0.33,24.335601,78.102,Jaipur
E005880,C043,P001,2026-04-24 08:49:36,9.38,61.27,0.27,22.859207,72.973127,Mumbai
E005881,C011,P003,2026-02-16 04:19:16,6.31,93.29,0.75,25.199009,73.204564,Delhi
E005882,C020,P003,2026-03-26 17:16:57,13.49,70.64,0.13,25.20485,79.233912,Mumbai
E005883,C039,P004,2026-05-15 11:54:48,4.44,83.74,0.16,29.416835,76.128568,Jaipur
E005884,C044,P001,2026-02-13 04:15:33,15.48,74.05,0.82,27.752217,70.30691,Jaipur
E005885,C006,P002,2026-05-07 22:17:49,8.2,81.45,0.62,24.998872,76.946537,Jaipur
E005886,C009,P002,2026-05-20 20:53:13,9.25,88.81,0.22,22.974694,75.301151,Delhi
E005887,C027,P003,2026-01-03 17:36:36,4.95,72.34,0.02,25.184152,72.16158,Delhi
E005888,C005,P003,2026-01-10 05:47:32,6.57,61.34,0.59,26.588031,71.173838,Jaipur
E005889,C013,P003,2026-03-13 00:02:48,13.56,63.49,0.02,20.502545,75.477032,Pune
E005890,C024,P002,2026-05-20 09:16:37,5.28,88.15,0.73,24.283027,75.241442,Delhi
E005891,C018,P003,2026-03-26 21:50:04,12.19,63.27,0.75,27.614019,78.147334,Ahmedabad
E005892,C038,P002,2026-04-17 10:33:37,9.85,78.93,0.88,28.173151,72.41734,Delhi
E005893,C044,P002,2026-06-17 11:03:24,11.59,73.8,0.26,29.48351,77.766712,Jaipur
E005894,C008,P001,2026-04-29 07:58:14,10.44,76.79,0.67,20.753175,79.827904,Delhi
E005895,C029,P004,2026-02-22 15:48:41,6.99,90.53,0.09,28.046159,78.87447,Pune
E005896,C045,P004,2026-02-10 08:20:39,5.57,66.12,0.66,24.284487,75.644199,Mumbai
E005897,C010,P001,2026-05-26 21:16:18,6.18,61.7,0.15,20.098071,73.584868,Pune
E005898,C044,P003,2026-04-04 04:09:58,6.69,66.2,0.66,23.034779,72.334812,Pune
E005899,C026,P002,2026-06-24 15:55:09,9.02,74.62,0.9,29.454862,78.837103,Mumbai
E005900,C049,P004,2026-02-25 10:13:43,8.0,79.07,0.88,27.081121,71.931713,Delhi
E005901,C012,P003,2026-04-07 04:05:42,4.89,76.49,0.84,21.634007,77.584219,Pune
E005902,C036,P002,2026-04-14 17:34:46,8.01,62.95,0.43,23.358495,78.982575,Ahmedabad
E005903,C029,P004,2026-04-19 22:18:46,4.95,85.81,0.17,25.717119,74.001213,Mumbai
E005904,C032,P004,2026-04-30 16:59:18,12.26,67.96,0.72,21.061514,77.154917,Mumbai
E005905,C005,P003,2026-02-04 22:53:48,12.55,80.9,0.57,26.737201,75.091464,Jaipur
E005906,C013,P003,2026-05-04 22:46:23,4.09,86.76,0.16,24.758642,75.67229,Ahmedabad
E005907,C022,P001,2026-01-06 23:16:21,11.72,87.57,0.07,22.750693,71.881463,Ahmedabad
E005908,C005,P002,2026-02-28 01:22:06,13.02,88.86,0.55,26.476511,78.094764,Mumbai
E005909,C050,P003,2026-05-21 22:08:30,6.61,71.38,0.72,27.985349,74.116353,Pune
E005910,C046,P001,2026-01-20 12:59:27,6.71,86.49,0.39,26.969113,75.790459,Jaipur
E005911,C015,P004,2026-06-06 06:06:40,10.09,89.69,0.52,24.855379,75.195583,Jaipur
E005912,C019,P003,2026-03-14 19:29:09,11.11,76.04,0.72,21.554118,77.981597,Ahmedabad
E005913,C014,P004,2026-01-23 19:26:58,15.87,80.31,0.16,23.928249,79.476702,Pune
E005914,C032,P004,2026-05-22 20:21:33,14.67,66.72,0.62,29.408123,75.374731,Pune
E005915,C013,P004,2026-04-10 13:52:18,15.03,94.09,0.3,26.253345,74.363241,Pune
E005916,C050,P004,2026-02-23 12:12:29,7.95,93.51,0.75,29.597672,72.360914,Pune
E005917,C016,P002,2026-05-06 21:15:08,15.73,89.83,0.75,24.505567,70.709342,Jaipur
E005918,C026,P003,2026-05-27 06:12:11,4.43,84.32,0.28,29.4431,76.454494,Jaipur
E005919,C003,P002,2026-05-18 21:22:31,6.55,69.93,0.2,24.023338,78.727381,Mumbai
E005920,C008,P002,2026-04-29 16:56:08,4.02,92.28,0.19,21.523387,78.402468,Pune
E005921,C018,P001,2026-03-24 14:19:26,15.06,63.76,0.6,24.617707,78.99002,Mumbai
E005922,C009,P001,2026-06-09 00:56:12,4.85,68.82,0.35,24.551228,70.968883,Jaipur
E005923,C010,P001,2026-04-10 00:53:59,5.73,85.43,0.39,21.630283,73.828812,Jaipur
E005924,C001,P004,2026-03-18 19:11:10,8.28,80.41,0.87,23.794355,72.178735,Ahmedabad
E005925,C010,P004,2026-02-10 16:37:36,7.48,77.57,0.22,22.111286,74.446457,Pune
E005926,C036,P001,2026-03-02 04:51:33,5.5,92.68,0.65,29.76213,71.196407,Pune
E005927,C041,P001,2026-04-28 17:04:43,7.3,70.99,0.0,24.9747,78.152795,Ahmedabad
E005928,C049,P002,2026-05-04 16:33:08,15.26,64.31,0.8,29.281634,79.457561,Pune
E005929,C034,P002,2026-06-22 17:58:25,11.34,89.66,0.37,27.50734,73.452092,Delhi
E005930,C002,P002,2026-03-07 05:26:10,8.14,64.89,0.72,22.044308,77.923462,Ahmedabad
E005931,C009,P004,2026-06-07 11:17:45,15.21,82.0,0.36,29.227501,70.878368,Jaipur
E005932,C030,P003,2026-02-04 12:10:28,8.16,69.87,0.43,22.306977,74.52042,Mumbai
E005933,C025,P004,2026-06-07 00:26:14,4.83,72.66,0.51,20.328453,72.434705,Ahmedabad
E005934,C018,P002,2026-02-06 04:45:59,13.19,70.61,0.01,29.889883,70.895505,Delhi
E005935,C024,P002,2026-01-04 15:22:57,7.64,76.92,0.06,21.085073,77.811781,Pune
E005936,C039,P004,2026-03-28 01:06:16,7.11,84.91,0.79,24.978093,77.615993,Jaipur
E005937,C019,P002,2026-02-17 13:08:25,4.32,82.9,0.9,25.905819,76.320647,Delhi
E005938,C001,P003,2026-02-16 17:02:31,15.07,64.74,0.28,23.304304,71.933134,Ahmedabad
E005939,C018,P002,2026-02-14 00:20:27,10.69,80.51,0.48,25.249813,73.147903,Pune
E005940,C025,P004,2026-03-04 00:18:57,12.78,70.46,0.95,28.697387,79.203057,Pune
E005941,C002,P002,2026-01-03 15:21:19,12.14,94.74,0.43,23.521698,76.222537,Delhi
E005942,C034,P004,2026-02-16 16:01:12,11.27,83.82,0.82,28.699137,77.275773,Mumbai
E005943,C029,P002,2026-06-01 17:20:50,7.93,88.45,0.89,29.339971,78.064785,Pune
E005944,C012,P003,2026-02-07 07:05:09,15.6,74.14,0.61,28.435955,77.264351,Delhi
E005945,C024,P003,2026-06-02 02:56:33,8.46,84.22,0.99,22.550297,74.787992,Mumbai
E005946,C016,P001,2026-03-19 13:00:24,11.89,78.44,0.65,21.931795,72.27555,Mumbai
E005947,C048,P003,2026-05-15 07:20:36,6.5,63.53,0.41,21.732119,73.989821,Mumbai
E005948,C042,P004,2026-06-22 16:40:52,6.35,75.58,0.19,26.507971,76.950942,Mumbai
E005949,C043,P002,2026-02-05 21:18:17,11.67,62.21,0.01,23.892555,78.588073,Mumbai
E005950,C015,P003,2026-05-03 19:12:00,6.84,77.84,0.15,28.106632,75.521433,Ahmedabad
E005951,C040,P001,2026-01-13 21:04:49,11.78,77.8,0.36,29.018196,76.824055,Jaipur
E005952,C006,P004,2026-06-12 19:27:17,10.25,82.28,0.41,28.032877,73.435443,Jaipur
E005953,C017,P002,2026-02-16 22:11:03,5.56,75.49,0.25,28.003959,78.98952,Delhi
E005954,C022,P002,2026-03-21 05:52:41,8.3,73.88,0.41,25.619441,75.642092,Jaipur
E005955,C004,P004,2026-06-25 18:46:56,7.08,72.67,0.63,24.748272,75.056973,Delhi
E005956,C031,P002,2026-04-10 00:02:34,9.16,84.69,0.82,24.55731,74.783041,Mumbai
E005957,C028,P002,2026-03-20 21:50:02,8.46,81.45,0.04,27.458589,74.045817,Jaipur
E005958,C032,P002,2026-04-20 06:55:07,10.17,80.9,0.05,22.28506,71.056898,Jaipur
E005959,C042,P001,2026-02-28 20:27:53,10.81,84.12,0.36,23.104886,77.415965,Delhi
E005960,C014,P001,2026-06-17 05:25:54,11.08,61.97,0.27,28.964069,77.765976,Mumbai
E005961,C008,P001,2026-01-30 03:37:10,5.87,92.82,0.68,23.929464,75.8097,Ahmedabad
E005962,C036,P002,2026-04-11 20:10:05,15.44,73.42,0.94,23.749602,75.531125,Ahmedabad
E005963,C012,P001,2026-04-08 05:18:33,10.68,70.35,0.63,22.833324,73.926326,Ahmedabad
E005964,C008,P004,2026-06-08 22:50:19,15.38,76.41,0.34,22.884589,72.736415,Pune
E005965,C039,P003,2026-05-20 09:34:40,8.26,76.65,0.64,26.106565,76.557068,Jaipur
E005966,C040,P002,2026-02-18 12:38:18,12.23,93.67,1.0,20.108108,79.122664,Pune
E005967,C039,P003,2026-03-09 19:28:34,9.29,89.25,0.34,26.524334,79.588839,Delhi
E005968,C035,P004,2026-03-17 05:22:29,11.59,83.18,0.81,23.670666,77.399286,Delhi
E005969,C034,P003,2026-01-03 07:46:36,5.72,81.75,0.91,29.230061,74.048427,Jaipur
E005970,C036,P001,2026-01-22 11:12:04,5.17,69.65,0.38,29.238131,72.320849,Mumbai
E005971,C042,P004,2026-02-21 14:54:07,10.26,91.32,0.35,24.338921,75.031862,Ahmedabad
E005972,C024,P004,2026-06-29 23:41:46,5.14,77.23,0.66,25.803219,77.675736,Pune
E005973,C033,P001,2026-01-29 15:53:41,5.14,81.72,0.75,24.823863,75.225252,Mumbai
E005974,C026,P002,2026-05-29 05:37:59,11.77,77.31,0.6,21.747066,78.663981,Delhi
E005975,C016,P003,2026-04-22 17:15:30,13.06,79.92,0.52,20.01574,76.765767,Delhi
E005976,C036,P001,2026-04-23 17:23:46,6.93,61.96,0.53,25.38578,71.273988,Ahmedabad
E005977,C008,P002,2026-01-19 02:43:57,15.8,88.5,0.18,20.384129,79.592776,Delhi
E005978,C033,P002,2026-06-09 02:08:19,5.41,60.27,0.82,28.655007,72.932289,Delhi
E005979,C046,P003,2026-01-08 12:10:57,6.63,82.01,0.81,27.214778,75.134025,Ahmedabad
E005980,C012,P003,2026-04-20 10:48:59,13.42,68.95,0.97,26.242329,72.758553,Delhi
E005981,C018,P003,2026-06-28 01:11:43,5.91,78.64,0.47,25.06996,73.596758,Jaipur
E005982,C014,P002,2026-06-04 22:42:55,6.02,80.13,0.58,20.319229,75.32113,Mumbai
E005983,C012,P004,2026-05-13 07:19:54,14.76,91.85,0.61,25.345655,77.590413,Jaipur
E005984,C040,P001,2026-01-19 21:12:09,9.11,70.23,0.95,26.060054,70.764862,Pune
E005985,C001,P001,2026-02-24 20:04:46,11.06,91.2,0.78,22.097878,72.381336,Delhi
E005986,C048,P004,2026-05-10 20:04:35,9.03,93.53,0.81,27.43191,77.362716,Delhi
E005987,C011,P004,2026-05-19 19:45:52,13.59,78.59,0.91,20.940104,74.814123,Delhi
E005988,C020,P004,2026-06-28 22:05:31,10.42,62.79,0.74,27.635113,77.887118,Jaipur
E005989,C026,P001,2026-05-03 07:17:53,4.15,83.94,0.11,22.015816,74.082385,Mumbai
E005990,C046,P002,2026-05-26 06:07:11,5.86,92.07,0.41,24.616173,77.244303,Ahmedabad
E005991,C024,P001,2026-04-25 16:49:43,9.9,74.48,0.15,21.699357,78.790686,Jaipur
E005992,C029,P002,2026-04-01 08:29:06,13.41,94.02,0.54,22.281031,70.967935,Jaipur
E005993,C021,P001,2026-06-05 19:01:57,12.92,74.85,0.26,25.330542,71.391588,Mumbai
E005994,C008,P004,2026-01-27 22:13:18,5.23,86.19,0.28,22.23712,71.809999,Delhi
E005995,C023,P001,2026-01-01 06:07:25,5.77,60.3,0.72,29.089082,70.975381,Ahmedabad
E005996,C037,P004,2026-06-26 09:07:31,7.57,87.4,0.45,27.367426,71.155165,Jaipur
E005997,C039,P001,2026-04-25 03:47:47,5.41,94.77,0.49,27.227764,72.272159,Mumbai
E005998,C024,P001,2026-04-22 11:54:53,10.8,94.13,0.93,24.259112,71.865628,Mumbai
E005999,C008,P002,2026-05-17 13:53:23,12.39,71.58,0.2,26.242994,72.965602,Pune
E006000,C033,P004,2026-06-13 20:36:31,11.42,75.38,0.14,20.154261,75.412972,Delhi
E006001,C012,P003,2026-05-18 15:21:34,12.38,87.76,0.33,27.03836,72.287506,Pune
E006002,C018,P001,2026-03-05 18:23:48,11.24,78.73,0.56,25.621029,74.972705,Ahmedabad
E006003,C011,P004,2026-06-26 22:48:00,15.48,66.06,0.04,29.885646,79.700249,Mumbai
E006004,C019,P002,2026-01-11 03:20:05,13.54,77.87,0.24,26.714778,70.431664,Jaipur
E006005,C002,P002,2026-02-05 07:04:53,8.6,90.94,0.36,26.805079,79.077951,Delhi
E006006,C033,P001,2026-06-14 19:49:20,15.05,80.6,0.76,21.066792,79.10836,Mumbai
E006007,C020,P003,2026-03-20 23:18:57,15.81,94.52,0.55,22.252532,76.036157,Delhi
E006008,C044,P003,2026-06-02 04:24:53,12.71,61.63,0.04,29.185058,73.41333,Jaipur
E006009,C006,P004,2026-05-29 15:15:35,13.87,67.25,0.31,23.215826,74.350865,Delhi
E006010,C025,P004,2026-03-19 11:47:39,13.3,61.16,0.77,29.468204,70.647114,Delhi
E006011,C002,P004,2026-06-03 16:21:22,9.0,62.79,0.27,29.116152,78.581799,Ahmedabad
E006012,C042,P004,2026-01-01 21:48:06,4.72,62.85,0.74,28.582853,72.956033,Jaipur
E006013,C024,P001,2026-01-27 13:41:24,14.06,78.31,0.91,22.263522,74.928681,Mumbai
E006014,C048,P003,2026-06-30 15:47:46,8.37,86.65,0.97,22.663442,75.946336,Pune
E006015,C041,P002,2026-04-12 03:17:45,14.86,75.65,0.5,24.650015,70.534136,Ahmedabad
E006016,C015,P002,2026-05-01 06:59:40,8.02,75.49,0.88,24.638998,75.286008,Ahmedabad
E006017,C027,P003,2026-04-07 18:37:32,14.99,60.2,0.04,27.805799,72.949368,Delhi
E006018,C012,P001,2026-01-23 18:44:38,12.98,63.85,0.34,23.886809,76.001819,Ahmedabad
E006019,C013,P003,2026-02-02 11:21:16,15.01,62.73,0.6,23.031457,73.412894,Ahmedabad
E006020,C016,P002,2026-06-08 03:38:54,9.18,62.7,0.14,27.349845,72.775948,Ahmedabad
E006021,C046,P001,2026-02-21 16:35:46,5.09,74.84,0.66,26.592512,79.352576,Jaipur
E006022,C048,P002,2026-05-17 05:46:00,12.37,64.88,0.5,21.770931,75.374981,Ahmedabad
E006023,C016,P002,2026-06-13 09:01:30,9.32,69.69,0.72,22.709764,72.064799,Pune
E006024,C003,P002,2026-03-30 10:42:53,9.07,61.21,0.74,29.309356,72.556724,Jaipur
E006025,C038,P003,2026-02-23 14:34:12,15.66,84.75,0.71,20.79438,70.018469,Pune
E006026,C014,P002,2026-01-06 12:52:22,7.7,73.32,0.34,29.417926,79.990206,Ahmedabad
E006027,C041,P004,2026-04-04 16:36:38,7.32,80.49,0.0,26.927936,72.39026,Delhi
E006028,C014,P002,2026-05-22 15:04:08,11.4,76.19,0.19,26.8753,78.988496,Delhi
E006029,C014,P003,2026-06-19 00:04:08,6.55,92.44,0.0,20.288728,75.619592,Ahmedabad
E006030,C044,P004,2026-06-16 19:42:58,7.93,83.19,0.41,25.233312,77.376296,Jaipur
E006031,C043,P004,2026-02-13 19:39:48,11.92,61.44,0.45,24.578349,77.091307,Mumbai
E006032,C030,P002,2026-06-12 02:27:46,10.31,73.18,0.87,26.23597,70.35766,Ahmedabad
E006033,C036,P002,2026-06-04 20:15:13,11.97,75.64,0.23,24.009052,72.129565,Mumbai
E006034,C006,P001,2026-05-17 03:33:02,7.55,84.52,0.04,23.389333,71.092052,Jaipur
E006035,C009,P004,2026-03-03 00:11:08,6.91,94.13,0.83,20.194541,78.996128,Delhi
E006036,C047,P003,2026-06-16 14:19:33,15.04,82.98,0.12,23.583316,74.06753,Ahmedabad
E006037,C001,P003,2026-06-23 00:18:40,8.27,86.58,0.6,26.570271,70.783623,Pune
E006038,C033,P002,2026-04-18 16:28:07,10.04,79.5,0.76,22.304731,78.644518,Ahmedabad
E006039,C033,P003,2026-01-30 07:51:33,8.32,79.95,0.39,28.3195,73.897691,Ahmedabad
E006040,C005,P004,2026-04-30 09:17:54,9.14,69.64,0.19,21.487657,78.836437,Ahmedabad
E006041,C034,P003,2026-01-07 19:09:29,8.09,70.99,0.32,22.940902,77.600314,Ahmedabad
E006042,C035,P002,2026-06-05 02:23:24,14.62,62.75,0.84,20.048195,77.857739,Ahmedabad
E006043,C028,P003,2026-04-29 15:16:02,11.88,79.89,0.2,27.82607,71.883649,Pune
E006044,C028,P004,2026-04-18 05:59:15,9.49,75.2,0.22,23.170036,75.191491,Ahmedabad
E006045,C006,P003,2026-02-02 00:07:42,12.11,60.16,0.6,26.490787,77.764841,Mumbai
E006046,C015,P004,2026-04-19 01:55:59,14.85,74.49,0.15,25.544129,76.183222,Ahmedabad
E006047,C044,P002,2026-01-05 11:39:05,15.52,89.64,0.42,23.602977,74.774771,Ahmedabad
E006048,C017,P003,2026-01-19 07:27:23,13.26,68.36,0.7,28.40119,79.760314,Mumbai
E006049,C006,P001,2026-06-02 18:32:52,7.03,81.12,0.26,25.410675,76.04742,Delhi
E006050,C038,P001,2026-03-01 18:43:00,4.41,82.98,0.72,27.488672,76.211306,Delhi
E006051,C011,P004,2026-04-25 22:35:24,4.05,85.5,0.48,24.78057,73.435923,Pune
E006052,C035,P001,2026-02-22 01:07:55,10.84,94.35,0.56,22.175273,77.85492,Mumbai
E006053,C015,P003,2026-03-16 13:43:12,16.0,64.89,0.54,22.264864,75.305406,Mumbai
E006054,C037,P003,2026-03-04 20:03:36,9.82,90.67,0.47,20.641657,71.082061,Delhi
E006055,C036,P004,2026-01-06 04:17:13,5.13,77.33,0.38,24.516623,70.310633,Pune
E006056,C048,P001,2026-04-22 06:43:14,8.39,80.27,0.95,29.884869,73.052487,Jaipur
E006057,C023,P004,2026-01-22 11:07:09,14.33,80.1,0.27,27.074457,75.388588,Ahmedabad
E006058,C021,P004,2026-03-22 06:31:46,5.86,89.62,0.79,26.448215,78.91044,Delhi
E006059,C028,P004,2026-06-27 05:52:22,7.75,73.32,0.22,25.472978,74.281929,Delhi
E006060,C029,P003,2026-06-22 20:53:47,14.83,61.13,0.76,24.223915,72.388409,Ahmedabad
E006061,C040,P003,2026-01-04 17:14:22,13.97,74.91,0.39,21.065611,75.606758,Ahmedabad
E006062,C021,P003,2026-05-02 19:44:23,11.79,84.66,0.77,25.677303,76.037459,Mumbai
E006063,C031,P003,2026-06-03 18:12:58,13.39,78.37,0.39,20.290764,72.223798,Ahmedabad
E006064,C024,P002,2026-06-20 02:10:50,7.28,81.4,0.29,29.386458,70.66452,Delhi
E006065,C031,P003,2026-05-24 18:55:02,6.41,76.0,0.75,28.313129,72.627162,Pune
E006066,C020,P002,2026-01-01 10:13:47,11.62,80.54,0.53,25.09955,76.911654,Ahmedabad
E006067,C045,P001,2026-05-06 04:19:42,8.94,78.8,0.49,23.658081,71.832974,Delhi
E006068,C030,P003,2026-06-06 09:21:39,10.13,74.94,0.99,26.198725,78.669925,Pune
E006069,C014,P004,2026-04-17 04:43:54,7.78,83.39,0.74,21.27028,75.499807,Jaipur
E006070,C012,P004,2026-06-21 00:40:39,5.27,71.84,0.81,28.824994,73.778332,Mumbai
E006071,C040,P003,2026-03-04 20:08:45,8.37,73.98,0.46,28.948999,76.858311,Jaipur
E006072,C023,P001,2026-06-13 03:20:40,5.27,77.45,0.36,27.721852,75.571091,Pune
E006073,C041,P002,2026-04-08 18:38:30,13.19,77.9,0.05,27.858885,74.301238,Jaipur
E006074,C016,P001,2026-06-09 00:44:35,12.92,87.52,0.7,23.843272,78.848935,Pune
E006075,C021,P004,2026-03-10 04:39:38,5.25,60.35,0.46,23.027782,78.864802,Delhi
E006076,C042,P003,2026-02-09 20:21:41,15.56,66.29,0.1,22.003334,71.739033,Delhi
E006077,C049,P004,2026-05-03 00:32:18,6.69,65.11,0.33,25.210899,77.474706,Delhi
E006078,C039,P003,2026-02-09 20:52:11,4.02,64.42,0.42,20.934395,78.669339,Delhi
E006079,C025,P004,2026-02-14 13:07:25,7.23,72.08,0.78,29.062507,70.783909,Jaipur
E006080,C037,P002,2026-06-23 14:35:45,5.64,79.23,0.56,23.623011,79.033961,Pune
E006081,C050,P004,2026-03-20 05:44:47,5.18,83.7,0.78,22.927668,78.265239,Delhi
E006082,C043,P002,2026-06-05 00:41:26,10.11,94.76,0.17,26.766121,76.58354,Mumbai
E006083,C011,P004,2026-06-02 17:57:55,8.37,71.36,0.91,20.770237,79.176301,Pune
E006084,C026,P003,2026-03-21 00:49:08,5.96,85.88,0.53,22.267471,73.166295,Mumbai
E006085,C001,P001,2026-06-22 08:13:23,15.81,87.19,0.09,27.777362,77.291883,Jaipur
E006086,C038,P002,2026-01-10 16:12:31,8.35,61.3,0.38,28.128997,78.550833,Ahmedabad
E006087,C026,P003,2026-06-14 03:52:30,14.91,64.96,0.45,22.992654,70.607516,Delhi
E006088,C030,P002,2026-05-14 11:54:54,12.24,91.17,0.93,25.130567,77.69335,Ahmedabad
E006089,C011,P004,2026-01-27 02:33:49,9.74,77.54,0.01,27.707789,75.01188,Pune
E006090,C035,P004,2026-01-04 13:04:44,12.07,60.35,0.34,29.524671,77.097877,Mumbai
E006091,C008,P002,2026-01-21 07:29:41,15.17,63.25,0.54,29.510838,78.736681,Pune
E006092,C019,P001,2026-04-23 21:25:04,4.77,94.91,0.27,29.373176,74.883203,Jaipur
E006093,C012,P001,2026-03-18 06:06:32,13.63,60.46,0.98,21.143947,78.265761,Pune
E006094,C032,P001,2026-01-01 08:25:45,5.97,60.92,0.89,22.22185,77.67991,Delhi
E006095,C026,P004,2026-06-02 06:20:16,10.75,88.85,0.3,26.120619,75.571592,Ahmedabad
E006096,C026,P002,2026-05-04 14:12:09,7.02,93.3,0.02,20.972898,72.470808,Mumbai
E006097,C023,P002,2026-04-09 00:03:11,13.36,89.14,0.85,22.311148,73.395364,Mumbai
E006098,C005,P002,2026-02-03 17:13:09,15.97,93.15,0.74,25.857213,74.640262,Ahmedabad
E006099,C017,P004,2026-04-22 14:18:56,5.42,70.49,0.22,29.209188,71.58689,Jaipur
E006100,C031,P002,2026-01-25 14:19:06,12.67,77.33,0.64,20.827419,77.199844,Ahmedabad
E006101,C028,P002,2026-01-11 19:47:32,5.75,70.46,0.93,23.751943,76.636527,Pune
E006102,C008,P001,2026-05-15 09:29:11,11.41,84.0,0.96,25.643895,79.66802,Pune
E006103,C049,P001,2026-01-03 06:01:40,14.03,74.38,0.98,20.755405,76.661563,Ahmedabad
E006104,C018,P001,2026-05-17 11:32:23,12.65,69.61,0.1,21.45637,76.150493,Delhi
E006105,C013,P002,2026-03-30 20:50:32,7.4,89.55,0.11,20.922003,77.192556,Mumbai
E006106,C011,P001,2026-03-20 01:07:18,5.63,60.41,0.76,27.040701,75.315825,Mumbai
E006107,C005,P001,2026-05-29 13:04:29,10.19,78.71,0.89,25.783431,73.246307,Delhi
E006108,C035,P002,2026-02-01 17:51:47,14.78,87.9,0.81,27.387919,77.320146,Mumbai
E006109,C023,P001,2026-05-10 02:04:25,13.08,66.31,0.55,29.682745,71.848744,Delhi
E006110,C007,P001,2026-01-15 02:31:09,9.07,72.45,0.7,25.145807,76.714435,Mumbai
E006111,C003,P003,2026-03-21 21:03:10,11.74,88.61,0.06,23.524233,74.359118,Mumbai
E006112,C033,P004,2026-03-04 09:31:14,15.29,83.3,0.4,20.383363,74.885456,Pune
E006113,C038,P003,2026-02-06 10:47:03,10.95,61.18,0.53,23.690355,78.5878,Mumbai
E006114,C035,P003,2026-01-21 08:32:22,7.92,78.65,0.49,21.027225,75.604368,Pune
E006115,C003,P001,2026-01-09 03:11:35,10.55,87.99,0.06,26.171175,75.619433,Delhi
E006116,C010,P004,2026-06-19 08:29:13,7.63,70.32,0.66,27.670351,75.91865,Pune
E006117,C030,P001,2026-06-04 22:50:47,9.01,90.78,0.34,20.253972,75.08543,Mumbai
E006118,C039,P003,2026-03-23 22:23:57,6.04,70.74,0.17,27.31589,75.630737,Pune
E006119,C030,P001,2026-04-28 00:07:35,11.58,89.81,0.17,26.282473,76.956313,Ahmedabad
E006120,C014,P001,2026-01-07 13:24:10,9.3,85.5,0.95,29.928927,78.328232,Pune
E006121,C047,P003,2026-05-08 14:15:07,7.74,64.99,0.12,22.718688,74.08512,Ahmedabad
E006122,C019,P003,2026-05-21 12:38:11,6.0,71.17,0.96,29.919738,73.485469,Jaipur
E006123,C012,P004,2026-03-07 19:16:59,10.61,84.91,0.82,22.148135,71.779356,Ahmedabad
E006124,C013,P002,2026-06-28 20:35:17,15.53,91.88,0.74,28.761913,78.180578,Delhi
E006125,C034,P001,2026-04-01 05:02:32,15.61,79.16,0.39,21.925067,78.851358,Jaipur
E006126,C042,P001,2026-04-07 07:24:08,15.27,67.83,0.72,23.815612,71.544161,Jaipur
E006127,C045,P002,2026-04-12 07:58:25,11.75,82.23,0.29,21.192902,72.858835,Pune
E006128,C050,P003,2026-04-01 07:40:27,8.67,79.61,0.56,24.060767,73.225308,Mumbai
E006129,C001,P001,2026-05-05 22:51:05,7.45,80.22,0.64,28.792467,79.885309,Pune
E006130,C006,P004,2026-06-28 13:54:42,13.64,75.17,0.87,22.512665,78.766211,Delhi
E006131,C042,P003,2026-04-19 20:51:56,9.2,89.14,0.24,27.110289,72.930804,Jaipur
E006132,C029,P001,2026-03-16 04:49:16,15.0,71.81,0.22,23.331841,79.568662,Delhi
E006133,C007,P002,2026-02-25 06:38:57,6.1,61.81,0.63,25.945066,79.604645,Jaipur
E006134,C038,P001,2026-05-14 00:58:19,9.0,72.35,0.93,22.088982,79.901621,Ahmedabad
E006135,C049,P004,2026-04-10 16:13:51,9.61,61.94,0.22,29.779451,70.333674,Jaipur
E006136,C010,P004,2026-02-24 14:26:55,4.33,88.17,0.63,26.718978,78.084721,Pune
E006137,C027,P003,2026-05-05 20:45:57,10.94,75.67,0.1,21.530473,76.674155,Ahmedabad
E006138,C030,P004,2026-03-11 05:38:51,9.13,78.06,0.9,25.005303,75.324709,Delhi
E006139,C008,P004,2026-04-16 16:20:23,12.39,75.8,0.52,21.31598,73.769109,Mumbai
E006140,C019,P002,2026-02-08 02:58:35,10.25,74.44,0.5,24.44661,77.660127,Pune
E006141,C050,P001,2026-02-25 16:05:03,10.36,86.37,0.21,21.783128,72.042754,Jaipur
E006142,C032,P002,2026-01-01 09:34:38,13.91,60.33,0.91,23.51072,76.251609,Mumbai
E006143,C035,P002,2026-03-16 13:46:26,15.36,67.74,0.17,24.263756,70.59136,Ahmedabad
E006144,C048,P003,2026-06-20 19:15:58,10.43,68.48,0.7,20.827305,75.741876,Jaipur
E006145,C016,P002,2026-06-12 08:05:45,7.61,93.22,0.43,27.81556,73.724039,Ahmedabad
E006146,C028,P004,2026-06-26 15:29:27,13.35,87.68,0.39,29.650046,74.40586,Delhi
E006147,C045,P001,2026-06-24 18:42:33,4.51,72.39,0.74,29.66225,78.409521,Pune
E006148,C004,P003,2026-01-11 15:47:21,7.6,82.74,0.57,23.696225,76.215619,Ahmedabad
E006149,C028,P001,2026-02-22 05:44:11,10.2,62.79,0.89,26.181722,74.455535,Ahmedabad
E006150,C047,P002,2026-01-12 01:42:26,7.99,77.23,0.05,28.313468,72.086217,Jaipur
E006151,C021,P004,2026-01-03 23:39:29,14.77,70.34,0.73,27.942242,75.072629,Jaipur
E006152,C003,P003,2026-04-17 04:20:33,15.87,70.27,0.94,29.95742,70.085371,Ahmedabad
E006153,C047,P001,2026-06-03 05:25:33,5.6,62.91,0.31,20.489333,78.295531,Pune
E006154,C009,P001,2026-04-06 23:01:08,9.73,64.45,0.32,26.172144,71.880166,Jaipur
E006155,C047,P004,2026-02-01 00:08:53,15.76,73.68,0.58,24.195356,78.581487,Mumbai
E006156,C001,P002,2026-02-14 09:16:40,7.09,63.93,0.13,27.354465,77.835102,Delhi
E006157,C026,P003,2026-01-29 04:02:31,8.7,70.19,0.77,22.366812,70.265032,Mumbai
E006158,C043,P004,2026-04-10 03:01:59,11.35,89.0,0.52,29.554922,77.899278,Jaipur
E006159,C035,P003,2026-01-03 04:08:23,10.32,67.21,0.35,29.583058,75.634983,Jaipur
E006160,C028,P002,2026-01-10 22:54:01,13.14,89.75,0.43,26.33967,76.306098,Ahmedabad
E006161,C033,P004,2026-02-27 16:56:45,7.35,76.01,0.78,26.081758,72.436153,Ahmedabad
E006162,C029,P004,2026-01-19 13:13:48,4.35,78.3,0.43,25.886809,72.141408,Delhi
E006163,C024,P003,2026-03-30 23:48:14,15.15,91.62,0.93,22.883793,76.519172,Mumbai
E006164,C050,P001,2026-02-10 12:11:52,14.91,86.0,0.03,27.246129,72.012642,Pune
E006165,C037,P001,2026-04-26 00:34:23,12.7,67.94,0.57,28.14673,76.439834,Pune
E006166,C021,P002,2026-05-18 16:08:34,7.49,71.53,0.31,25.652904,70.719845,Jaipur
E006167,C012,P003,2026-01-21 09:44:37,11.45,85.44,0.48,23.524998,75.938853,Delhi
E006168,C046,P002,2026-06-28 00:56:14,11.52,92.87,0.8,21.350688,70.608992,Jaipur
E006169,C043,P002,2026-06-08 21:22:25,13.39,70.04,0.91,25.288434,70.888073,Jaipur
E006170,C035,P001,2026-06-21 03:30:16,8.46,73.08,0.37,26.300109,76.568093,Mumbai
E006171,C048,P003,2026-01-05 22:15:18,5.21,89.94,0.75,27.170195,76.008247,Pune
E006172,C041,P001,2026-01-13 18:23:49,14.74,78.43,0.0,25.678635,72.80087,Mumbai
E006173,C038,P004,2026-01-01 11:13:20,11.95,83.14,0.86,26.996154,73.456615,Delhi
E006174,C027,P001,2026-04-26 01:46:42,9.76,84.06,0.34,24.658537,76.703457,Jaipur
E006175,C002,P003,2026-06-15 09:48:12,10.46,67.72,0.27,27.83326,72.454162,Mumbai
E006176,C017,P002,2026-04-14 22:53:53,7.7,94.33,0.33,21.233594,76.302073,Mumbai
E006177,C036,P003,2026-06-12 13:06:45,6.37,77.21,0.58,28.339191,74.352534,Pune
E006178,C005,P003,2026-01-17 08:39:10,6.92,85.56,0.94,25.763763,74.505102,Pune
E006179,C031,P002,2026-06-03 15:19:51,7.23,74.34,0.47,22.820967,71.131052,Jaipur
E006180,C035,P004,2026-02-01 13:36:06,13.23,73.07,0.43,27.299282,70.289425,Delhi
E006181,C009,P002,2026-03-06 10:10:08,14.68,78.78,0.46,29.263917,76.274072,Pune
E006182,C042,P004,2026-01-23 23:51:54,6.87,87.59,0.3,21.339296,79.347603,Ahmedabad
E006183,C039,P002,2026-04-05 22:48:19,10.78,67.14,0.45,27.78442,74.747367,Mumbai
E006184,C020,P004,2026-03-07 01:07:03,6.84,64.99,0.37,24.670659,70.511602,Pune
E006185,C040,P002,2026-06-15 22:23:47,4.25,88.72,0.9,20.789773,70.486109,Ahmedabad
E006186,C030,P004,2026-04-11 05:18:26,5.86,93.23,0.67,29.31603,76.817354,Jaipur
E006187,C001,P004,2026-06-09 16:08:49,8.46,78.47,0.3,25.953255,75.896632,Mumbai
E006188,C009,P002,2026-01-15 11:45:11,4.72,84.02,0.2,27.268679,76.888893,Ahmedabad
E006189,C037,P002,2026-03-06 20:24:31,11.23,83.35,0.76,25.379996,79.898558,Ahmedabad
E006190,C001,P002,2026-02-17 11:34:57,13.52,89.5,0.14,29.037167,72.115792,Jaipur
E006191,C032,P003,2026-06-16 10:48:37,15.2,93.48,0.44,26.434174,79.005268,Delhi
E006192,C025,P004,2026-04-20 02:08:00,7.52,75.95,0.86,24.68542,71.624497,Ahmedabad
E006193,C016,P003,2026-04-12 12:37:47,6.8,76.67,0.45,21.250097,75.224301,Jaipur
E006194,C035,P002,2026-03-02 10:29:37,5.78,70.89,0.59,29.725134,79.115257,Ahmedabad
E006195,C032,P003,2026-02-18 14:08:49,15.68,65.71,0.31,20.172975,70.658302,Pune
E006196,C049,P002,2026-06-09 01:01:02,14.64,90.2,0.75,25.341092,75.772746,Pune
E006197,C016,P002,2026-04-26 23:32:08,13.09,79.59,0.46,25.803093,77.497072,Jaipur
E006198,C043,P002,2026-02-23 15:35:47,11.49,73.58,0.42,21.839063,71.043557,Jaipur
E006199,C025,P004,2026-04-02 17:01:42,14.55,71.7,0.89,29.733384,73.408513,Pune
E006200,C037,P002,2026-02-23 23:43:01,5.53,87.65,0.03,21.926976,71.597736,Ahmedabad
E006201,C006,P003,2026-04-09 04:29:58,8.46,81.61,0.68,24.095584,77.443549,Ahmedabad
E006202,C007,P004,2026-03-11 23:38:22,14.76,81.69,0.18,23.592193,73.035626,Mumbai
E006203,C004,P001,2026-03-25 12:33:24,4.79,62.92,0.19,23.815752,71.564906,Jaipur
E006204,C019,P003,2026-02-24 21:19:21,8.81,91.89,0.83,22.980104,78.3141,Delhi
E006205,C045,P001,2026-02-27 02:38:07,11.51,66.57,0.83,28.474803,74.371358,Pune
E006206,C042,P002,2026-03-10 05:45:14,13.77,63.01,0.23,22.466806,70.459974,Mumbai
E006207,C020,P003,2026-04-09 07:56:49,6.05,91.68,0.62,29.530854,70.845945,Pune
E006208,C014,P001,2026-01-04 23:41:23,12.84,88.28,0.68,27.204006,74.510511,Ahmedabad
E006209,C016,P001,2026-01-15 10:59:52,14.46,69.71,0.46,28.942503,74.815341,Jaipur
E006210,C008,P003,2026-06-09 10:32:34,13.92,89.6,0.43,28.114226,78.94681,Delhi
E006211,C038,P002,2026-03-13 11:40:23,6.32,65.8,0.89,27.136187,75.798588,Ahmedabad
E006212,C011,P004,2026-01-06 18:43:01,12.1,76.76,0.17,23.402854,77.673102,Ahmedabad
E006213,C012,P001,2026-01-17 19:46:51,6.63,86.17,0.79,27.036074,74.827842,Delhi
E006214,C039,P001,2026-05-19 23:42:12,7.69,78.37,0.79,21.181608,79.101178,Jaipur
E006215,C002,P004,2026-01-27 17:08:32,13.78,68.17,0.24,28.975354,74.102288,Jaipur
E006216,C012,P001,2026-03-26 17:42:24,9.78,63.86,0.39,29.742758,78.03295,Pune
E006217,C003,P001,2026-02-03 07:45:55,6.84,91.36,0.34,27.518897,71.852729,Jaipur
E006218,C006,P002,2026-03-08 20:31:24,10.37,93.18,0.87,23.899096,72.392175,Delhi
E006219,C022,P004,2026-06-30 01:01:22,7.71,61.35,0.83,24.805096,72.796502,Delhi
E006220,C015,P001,2026-01-06 00:45:47,6.13,92.41,0.85,24.668955,79.175357,Ahmedabad
E006221,C005,P003,2026-02-03 14:56:16,13.41,62.96,0.45,25.659651,70.398665,Ahmedabad
E006222,C041,P001,2026-04-12 17:02:27,14.05,93.03,0.57,20.02021,71.551365,Ahmedabad
E006223,C040,P002,2026-01-04 13:42:10,9.05,73.15,0.21,21.12914,78.148661,Ahmedabad
E006224,C017,P002,2026-05-10 02:52:40,4.67,72.32,0.46,26.669488,76.019469,Delhi
E006225,C003,P004,2026-01-15 21:48:34,6.98,66.24,0.19,24.550979,78.082525,Ahmedabad
E006226,C049,P001,2026-04-15 08:40:28,7.38,88.69,0.28,26.216682,72.182721,Mumbai
E006227,C042,P002,2026-01-02 07:09:55,7.27,69.99,0.41,28.448628,75.347695,Jaipur
E006228,C015,P004,2026-02-25 01:56:00,5.55,68.85,0.48,25.350551,76.440459,Pune
E006229,C002,P001,2026-01-28 16:25:40,5.57,63.2,0.45,20.325544,75.153305,Pune
E006230,C037,P003,2026-05-06 17:25:36,13.65,67.67,0.97,20.0497,71.586198,Delhi
E006231,C010,P002,2026-04-07 23:53:07,15.29,76.27,0.59,23.464853,75.187768,Pune
E006232,C012,P004,2026-01-19 07:53:52,9.48,85.85,0.74,20.891184,73.589868,Pune
E006233,C036,P003,2026-03-10 10:13:18,10.61,83.97,0.23,28.883762,72.568738,Mumbai
E006234,C015,P004,2026-03-31 10:36:21,10.85,67.42,0.43,26.770241,72.03769,Ahmedabad
E006235,C042,P003,2026-05-06 04:43:34,14.35,84.92,0.81,21.538191,76.517856,Jaipur
E006236,C040,P004,2026-05-14 10:53:17,10.81,75.11,0.11,22.224674,75.899411,Delhi
E006237,C031,P003,2026-02-19 23:46:11,13.44,86.4,0.69,25.671426,78.41063,Delhi
E006238,C004,P004,2026-05-04 01:59:13,11.29,68.29,0.42,26.799778,79.912192,Pune
E006239,C037,P002,2026-05-02 03:34:33,15.62,64.17,0.07,22.41481,77.876763,Ahmedabad
E006240,C035,P003,2026-03-18 03:34:50,8.24,60.82,0.39,22.082526,75.093478,Pune
E006241,C049,P001,2026-05-02 22:36:09,10.66,75.58,0.95,22.31797,77.115665,Jaipur
E006242,C032,P002,2026-02-01 02:49:09,6.27,83.37,0.6,22.523649,76.277303,Pune
E006243,C028,P003,2026-05-11 15:36:04,10.67,85.17,0.6,26.15151,75.113732,Pune
E006244,C038,P004,2026-04-22 03:31:21,11.58,63.08,0.83,29.274996,78.909774,Jaipur
E006245,C014,P004,2026-04-20 00:06:33,7.25,91.05,0.57,24.040075,71.946942,Jaipur
E006246,C024,P004,2026-06-27 01:30:40,9.43,65.77,0.22,26.115642,70.650611,Ahmedabad
E006247,C002,P004,2026-02-21 22:38:08,4.04,71.83,0.93,22.929324,72.740851,Jaipur
E006248,C037,P002,2026-02-03 04:37:16,6.45,81.27,0.29,25.768369,73.054871,Jaipur
E006249,C044,P002,2026-01-08 01:53:45,5.47,81.21,0.69,22.75263,75.199702,Mumbai
E006250,C014,P001,2026-04-01 23:09:38,13.77,67.79,0.49,21.598635,74.761024,Mumbai
E006251,C050,P004,2026-01-16 14:54:50,4.46,71.91,0.53,27.554598,70.78983,Pune
E006252,C001,P003,2026-05-09 06:29:40,14.17,87.73,0.61,26.529187,74.080749,Mumbai
E006253,C048,P004,2026-02-13 10:53:49,13.33,74.36,0.84,20.464996,77.735556,Pune
E006254,C021,P003,2026-04-12 22:58:30,12.35,77.17,0.31,29.788067,70.92562,Jaipur
E006255,C024,P002,2026-02-06 08:24:00,10.21,88.12,0.88,22.584401,72.227065,Delhi
E006256,C021,P003,2026-03-20 12:09:52,11.75,91.51,0.76,23.794321,73.169307,Jaipur
E006257,C046,P001,2026-01-22 15:10:29,6.23,73.87,0.59,22.844259,74.393018,Jaipur
E006258,C047,P001,2026-06-19 17:35:06,14.73,68.61,0.32,26.568045,72.326451,Jaipur
E006259,C006,P004,2026-04-14 14:31:11,9.61,62.37,0.82,29.979622,77.136721,Delhi
E006260,C022,P004,2026-06-19 20:42:43,14.75,66.14,0.52,25.366208,74.232811,Ahmedabad
E006261,C032,P001,2026-05-17 23:21:49,10.4,73.78,0.76,20.298382,79.445409,Jaipur
E006262,C036,P002,2026-01-04 22:42:33,15.74,91.98,0.51,20.902848,71.603383,Delhi
E006263,C011,P002,2026-01-06 23:03:52,14.9,62.39,0.48,23.010492,74.355934,Pune
E006264,C046,P003,2026-02-12 14:03:40,13.48,65.57,0.92,23.686198,78.928026,Ahmedabad
E006265,C030,P002,2026-01-22 22:44:30,8.6,78.72,0.99,21.000406,79.395047,Pune
E006266,C014,P002,2026-06-10 14:47:36,6.14,85.61,0.57,22.459441,70.580262,Ahmedabad
E006267,C021,P001,2026-05-17 16:28:24,15.21,91.28,0.54,23.849115,75.599744,Pune
E006268,C012,P001,2026-06-28 02:45:02,15.86,60.27,0.46,20.693835,73.146759,Mumbai
E006269,C026,P001,2026-03-24 18:04:40,13.92,89.62,0.55,27.414399,70.24007,Pune
E006270,C007,P004,2026-01-27 05:28:55,8.13,82.51,0.27,24.250887,78.323323,Pune
E006271,C039,P003,2026-06-20 02:02:22,14.66,69.26,0.71,20.743869,70.54175,Delhi
E006272,C036,P002,2026-02-23 06:42:03,13.23,64.5,0.27,23.704026,78.180299,Ahmedabad
E006273,C003,P001,2026-01-30 06:10:25,6.89,70.87,0.3,24.384965,70.362436,Mumbai
E006274,C016,P003,2026-01-16 04:22:24,6.01,91.76,0.37,21.445857,73.009384,Jaipur
E006275,C005,P003,2026-04-10 01:23:22,9.7,64.89,0.04,25.90432,75.870205,Ahmedabad
E006276,C027,P002,2026-04-19 19:44:35,15.07,92.69,0.4,22.123753,75.365693,Ahmedabad
E006277,C005,P003,2026-06-04 19:25:46,7.63,91.81,0.67,21.646367,77.066463,Delhi
E006278,C045,P003,2026-05-16 13:53:42,12.43,69.0,0.34,24.331576,73.216595,Jaipur
E006279,C022,P002,2026-01-13 08:35:17,4.11,71.94,0.57,25.764774,72.861948,Delhi
E006280,C026,P003,2026-05-13 08:22:20,12.79,87.79,0.93,27.382845,73.328853,Jaipur
E006281,C016,P002,2026-05-14 02:25:01,5.38,62.72,0.84,22.090062,72.915737,Ahmedabad
E006282,C003,P004,2026-05-07 06:02:17,11.05,94.32,0.17,26.72922,70.326252,Ahmedabad
E006283,C034,P002,2026-02-27 17:08:15,8.14,92.29,0.4,29.540716,75.86297,Jaipur
E006284,C018,P004,2026-05-30 22:57:05,14.35,93.39,0.9,27.866575,76.527333,Mumbai
E006285,C035,P002,2026-03-13 22:23:43,10.52,69.09,0.66,20.601631,76.588257,Pune
E006286,C009,P003,2026-01-13 16:38:24,7.79,89.61,0.09,23.408771,71.781138,Jaipur
E006287,C041,P001,2026-05-15 11:23:54,11.05,87.6,0.05,24.414622,70.401107,Ahmedabad
E006288,C038,P003,2026-01-31 03:06:29,14.79,73.93,0.62,27.446892,71.972792,Ahmedabad
E006289,C019,P001,2026-04-21 12:44:10,14.52,73.9,0.82,21.833767,74.275142,Mumbai
E006290,C027,P001,2026-01-01 07:27:27,11.01,93.02,0.35,29.191868,76.593709,Jaipur
E006291,C016,P001,2026-04-20 07:01:35,11.46,65.65,0.42,21.711877,73.055174,Ahmedabad
E006292,C027,P003,2026-02-27 19:17:11,15.66,83.0,0.97,26.297846,73.716249,Pune
E006293,C025,P001,2026-06-17 23:58:51,6.46,71.5,0.37,29.715507,79.073056,Mumbai
E006294,C021,P004,2026-03-12 00:47:36,13.1,77.9,0.78,27.292681,75.879602,Ahmedabad
E006295,C043,P001,2026-03-29 16:36:42,12.1,94.01,0.97,26.613067,74.694903,Mumbai
E006296,C035,P004,2026-04-03 17:13:35,6.6,79.65,0.65,26.811125,71.584368,Pune
E006297,C021,P002,2026-05-04 16:38:17,13.19,91.22,0.91,26.153777,71.325477,Mumbai
E006298,C018,P001,2026-05-26 16:27:17,8.61,92.82,0.52,27.146916,78.676635,Mumbai
E006299,C041,P004,2026-01-01 19:19:05,9.7,77.12,0.55,22.1713,78.330111,Ahmedabad
E006300,C045,P004,2026-03-01 03:25:13,14.95,81.35,0.4,27.105824,76.399022,Delhi
E006301,C050,P002,2026-06-29 10:54:28,7.6,88.43,0.98,22.232675,79.591388,Ahmedabad
E006302,C025,P001,2026-05-03 17:46:27,14.0,60.03,0.68,27.371969,70.758345,Mumbai
E006303,C014,P003,2026-06-05 06:23:50,5.39,77.65,0.92,27.200131,78.042569,Delhi
E006304,C046,P001,2026-05-16 21:30:00,6.23,68.51,0.92,23.060463,75.387959,Jaipur
E006305,C019,P003,2026-03-07 11:47:10,5.99,60.21,0.48,26.621409,76.683621,Mumbai
E006306,C023,P001,2026-04-12 10:03:47,6.63,66.61,0.36,23.235462,78.357442,Jaipur
E006307,C004,P003,2026-04-02 14:38:23,14.48,90.64,0.0,23.697569,73.46927,Ahmedabad
E006308,C023,P004,2026-03-10 19:57:42,11.94,90.68,0.24,22.580898,74.548178,Pune
E006309,C039,P002,2026-04-15 03:07:46,8.35,68.05,0.64,22.167686,70.241149,Mumbai
E006310,C008,P001,2026-05-14 19:43:45,5.48,63.68,0.51,26.869419,77.350149,Jaipur
E006311,C037,P003,2026-02-10 18:14:42,4.2,79.74,0.69,21.964168,79.457784,Pune
E006312,C020,P004,2026-02-05 08:19:33,12.56,78.15,0.63,29.404588,74.179243,Delhi
E006313,C020,P002,2026-05-05 13:53:06,14.73,68.16,0.22,20.350171,78.487734,Pune
E006314,C040,P004,2026-04-07 15:14:04,5.84,87.39,0.45,23.896812,78.154828,Jaipur
E006315,C047,P001,2026-06-22 00:50:03,14.33,63.23,0.05,24.718557,71.616763,Jaipur
E006316,C046,P003,2026-06-08 18:02:57,15.32,73.13,0.29,27.284607,77.515209,Pune
E006317,C041,P004,2026-01-25 14:25:29,14.19,85.84,0.02,24.762126,72.019889,Pune
E006318,C012,P004,2026-06-23 21:12:21,4.6,86.35,0.76,26.366519,72.661822,Jaipur
E006319,C044,P001,2026-04-02 06:14:47,5.93,93.96,0.07,20.106465,77.491524,Ahmedabad
E006320,C043,P003,2026-03-11 20:21:38,11.52,72.66,0.19,26.582246,75.650836,Jaipur
E006321,C023,P003,2026-05-16 18:03:38,10.55,80.17,0.85,23.577074,71.687465,Pune
E006322,C016,P004,2026-06-03 03:16:56,5.34,70.92,0.82,29.279397,73.435984,Delhi
E006323,C018,P004,2026-06-29 05:19:32,15.64,78.1,0.37,28.216331,76.966957,Jaipur
E006324,C046,P001,2026-02-02 18:48:54,9.79,63.53,0.16,23.690781,77.08325,Pune
E006325,C016,P003,2026-06-03 10:43:00,11.8,88.77,0.31,22.719288,75.69425,Pune
E006326,C022,P001,2026-06-22 06:29:10,11.11,88.83,0.57,28.090245,71.591224,Jaipur
E006327,C008,P002,2026-02-17 22:39:02,8.19,94.39,0.93,29.512521,75.417755,Jaipur
E006328,C011,P002,2026-06-30 14:07:03,4.73,77.68,0.77,23.928606,78.139976,Jaipur
E006329,C011,P004,2026-03-03 12:46:11,4.01,93.62,0.73,23.346163,75.967188,Pune
E006330,C013,P004,2026-04-01 02:16:11,4.79,74.12,0.13,22.15517,78.721301,Mumbai
E006331,C047,P003,2026-02-11 11:27:42,8.68,79.92,0.04,28.274726,75.227629,Jaipur
E006332,C031,P002,2026-03-17 13:46:42,14.09,65.16,0.29,24.763055,70.077634,Ahmedabad
E006333,C033,P002,2026-04-09 00:13:32,10.67,63.51,0.59,26.624206,71.0686,Ahmedabad
E006334,C024,P002,2026-05-24 07:27:22,10.98,90.07,0.31,25.181005,74.273989,Jaipur
E006335,C038,P002,2026-03-01 08:03:12,5.58,66.11,0.36,22.665937,76.271807,Mumbai
E006336,C026,P001,2026-03-03 03:43:28,8.59,65.9,0.28,26.765756,78.002884,Delhi
E006337,C006,P002,2026-03-07 15:49:49,13.92,68.99,0.98,24.566115,76.650718,Delhi
E006338,C040,P003,2026-06-20 14:53:58,9.89,63.21,0.48,29.839943,78.636272,Mumbai
E006339,C006,P002,2026-01-17 12:26:12,14.65,87.38,0.14,25.832801,78.292984,Pune
E006340,C039,P004,2026-05-04 15:56:53,8.94,90.22,0.58,24.816943,78.322998,Jaipur
E006341,C044,P004,2026-01-18 02:22:34,4.57,81.75,0.09,23.561469,71.859843,Ahmedabad
E006342,C045,P004,2026-01-08 11:44:39,11.24,90.92,0.69,21.40909,72.774456,Ahmedabad
E006343,C006,P001,2026-06-18 13:51:06,10.59,77.36,0.82,22.108332,73.800071,Delhi
E006344,C013,P001,2026-06-04 10:46:55,10.46,66.33,0.86,24.654323,76.843576,Delhi
E006345,C004,P004,2026-03-07 13:40:59,4.39,90.3,0.21,22.448862,75.011661,Ahmedabad
E006346,C035,P001,2026-05-13 23:41:00,13.27,62.89,0.83,24.511194,78.19561,Ahmedabad
E006347,C010,P001,2026-04-19 19:33:14,12.84,78.72,0.73,21.50332,76.058864,Delhi
E006348,C018,P001,2026-06-20 08:49:53,6.41,93.76,0.39,29.185681,70.029156,Jaipur
E006349,C003,P003,2026-03-22 22:42:45,14.66,93.33,0.63,27.57928,78.922657,Ahmedabad
E006350,C013,P004,2026-04-21 03:13:15,15.79,78.88,0.03,24.367533,74.309348,Pune
E006351,C008,P003,2026-04-17 14:07:36,13.5,67.11,0.75,26.556863,72.314225,Jaipur
E006352,C048,P001,2026-01-23 11:41:28,9.39,75.35,0.83,21.388136,74.885321,Pune
E006353,C006,P003,2026-04-12 01:31:45,5.96,94.49,0.65,24.055313,70.214429,Mumbai
E006354,C030,P004,2026-01-19 02:39:54,10.3,87.1,0.73,28.75383,70.445096,Mumbai
E006355,C029,P002,2026-06-04 05:27:40,14.2,88.3,0.97,27.628001,79.869556,Jaipur
E006356,C028,P002,2026-02-16 22:25:15,12.41,61.0,0.29,20.063524,76.785646,Mumbai
E006357,C009,P002,2026-03-02 05:36:09,9.72,65.38,0.19,20.266261,76.096866,Ahmedabad
E006358,C040,P001,2026-06-15 18:04:19,5.1,86.36,0.94,24.844734,78.114799,Jaipur
E006359,C015,P004,2026-03-20 03:49:13,6.57,71.16,0.73,25.321886,70.876146,Pune
E006360,C003,P003,2026-03-05 11:51:16,7.12,81.14,0.75,26.253786,77.617312,Delhi
E006361,C024,P001,2026-04-13 07:59:37,8.23,72.48,0.5,22.371603,74.902309,Ahmedabad
E006362,C020,P002,2026-04-29 18:18:08,5.87,62.97,0.62,28.48073,72.782553,Mumbai
E006363,C039,P001,2026-05-07 16:20:40,7.6,79.76,0.62,25.189116,71.415681,Jaipur
E006364,C050,P002,2026-04-06 23:35:10,14.64,72.23,0.4,23.530405,78.601675,Ahmedabad
E006365,C027,P004,2026-04-25 19:44:49,9.89,66.23,0.42,21.282568,72.212368,Mumbai
E006366,C016,P003,2026-06-18 06:11:19,8.43,73.3,0.57,21.715781,74.059506,Delhi
E006367,C020,P004,2026-05-02 22:07:46,14.85,63.64,0.53,28.261555,75.124915,Delhi
E006368,C022,P001,2026-03-20 11:52:46,11.16,80.8,0.53,23.681361,70.667422,Jaipur
E006369,C027,P004,2026-03-30 03:36:23,7.33,71.73,0.15,21.57472,72.890626,Pune
E006370,C033,P004,2026-02-22 07:09:05,4.07,90.14,0.17,23.840617,73.297502,Pune
E006371,C035,P002,2026-04-20 17:35:24,15.0,93.09,0.01,25.711437,74.688361,Jaipur
E006372,C026,P001,2026-02-07 18:57:59,5.84,83.73,0.14,21.65628,79.180045,Ahmedabad
E006373,C049,P002,2026-03-19 06:32:44,15.02,74.36,0.39,24.419183,74.069286,Ahmedabad
E006374,C021,P002,2026-02-27 19:28:25,12.67,66.92,0.77,24.805101,78.845779,Mumbai
E006375,C009,P003,2026-03-22 01:29:10,12.68,83.9,0.98,22.148205,73.011847,Delhi
E006376,C002,P004,2026-01-25 13:19:25,13.93,79.67,0.45,28.562286,70.998725,Mumbai
E006377,C016,P003,2026-01-29 09:30:57,9.78,90.47,0.91,22.845524,77.687791,Delhi
E006378,C001,P003,2026-02-09 21:38:01,9.54,77.55,0.4,27.241403,70.989551,Ahmedabad
E006379,C007,P001,2026-04-24 17:30:33,5.05,91.81,0.54,27.432846,73.591828,Mumbai
E006380,C017,P002,2026-05-25 03:26:34,15.93,92.1,0.92,21.793344,77.408112,Pune
E006381,C026,P003,2026-03-02 08:21:41,15.88,81.2,0.45,29.8306,70.372081,Mumbai
E006382,C049,P002,2026-01-22 22:10:03,8.28,82.06,0.32,27.58732,77.020954,Mumbai
E006383,C015,P001,2026-04-24 21:14:52,5.85,71.76,0.82,24.259715,71.240863,Delhi
E006384,C039,P002,2026-02-22 23:55:14,11.33,67.28,0.57,26.428535,79.996152,Delhi
E006385,C029,P004,2026-03-14 10:18:22,7.96,62.84,0.04,20.224838,74.777979,Pune
E006386,C045,P004,2026-02-14 18:06:08,7.56,71.42,0.57,22.398256,72.314203,Jaipur
E006387,C020,P001,2026-03-17 10:20:43,7.56,85.54,0.27,26.044619,76.364248,Pune
E006388,C016,P003,2026-01-01 17:16:14,13.35,77.21,0.84,24.839144,71.845547,Jaipur
E006389,C011,P004,2026-04-25 18:44:29,10.03,78.83,0.45,25.225044,74.197365,Pune
E006390,C047,P003,2026-03-12 18:13:41,4.24,74.88,0.05,25.457891,78.099299,Ahmedabad
E006391,C048,P003,2026-03-14 10:38:05,14.49,90.73,0.78,23.674529,71.088304,Pune
E006392,C011,P001,2026-03-07 02:55:01,11.01,85.06,0.98,23.42419,73.986798,Mumbai
E006393,C026,P001,2026-04-10 20:35:54,11.86,85.78,0.93,20.579043,71.316367,Ahmedabad
E006394,C012,P003,2026-06-22 18:02:02,7.44,69.34,0.23,28.462818,75.592931,Mumbai
E006395,C037,P003,2026-02-18 19:30:37,6.23,82.18,0.7,22.304436,79.571654,Mumbai
E006396,C014,P003,2026-06-14 09:03:26,4.92,85.52,0.12,25.710101,78.110352,Mumbai
E006397,C041,P002,2026-03-09 11:22:23,10.06,62.66,0.75,23.816577,71.18808,Jaipur
E006398,C037,P001,2026-06-09 17:19:10,12.67,63.65,0.59,21.878755,76.238676,Pune
E006399,C016,P001,2026-01-07 19:00:35,10.28,88.37,0.3,24.845679,79.253676,Ahmedabad
E006400,C022,P002,2026-05-12 23:08:52,8.45,72.69,0.07,20.865309,78.615161,Pune
E006401,C006,P001,2026-04-28 09:34:03,6.21,79.07,0.87,28.766115,72.047835,Delhi
E006402,C020,P003,2026-01-11 19:53:02,4.66,69.46,0.34,28.294913,76.398684,Delhi
E006403,C043,P001,2026-02-05 02:45:41,4.81,76.71,0.83,25.217075,75.673025,Delhi
E006404,C005,P004,2026-01-14 21:59:45,9.8,74.3,0.03,23.208891,75.798214,Delhi
E006405,C041,P003,2026-05-25 13:11:17,6.91,60.48,0.97,29.769782,70.6643,Mumbai
E006406,C048,P001,2026-06-07 00:31:35,7.93,68.33,0.94,22.253391,77.753161,Jaipur
E006407,C040,P003,2026-03-30 12:48:31,8.48,73.72,0.63,20.546575,71.700644,Pune
E006408,C023,P001,2026-05-20 18:21:18,7.64,82.59,0.53,21.525262,78.963887,Delhi
E006409,C018,P002,2026-03-16 03:43:17,9.48,92.21,0.27,22.290049,73.03073,Delhi
E006410,C009,P002,2026-06-06 16:05:54,12.77,68.02,0.12,22.056846,78.815195,Delhi
E006411,C050,P003,2026-02-02 11:45:46,15.05,90.16,0.38,25.038179,76.780168,Mumbai
E006412,C024,P002,2026-01-09 09:56:26,7.24,79.35,0.33,20.745369,76.658411,Pune
E006413,C031,P004,2026-05-10 12:59:30,14.61,86.94,0.07,23.702843,78.846149,Jaipur
E006414,C028,P004,2026-04-10 02:41:55,15.47,92.96,0.1,22.73563,72.148791,Mumbai
E006415,C011,P004,2026-01-27 02:08:26,5.68,82.13,0.89,29.810522,72.091123,Ahmedabad
E006416,C048,P001,2026-03-26 14:04:43,4.33,78.19,0.24,20.730956,72.687855,Pune
E006417,C049,P004,2026-02-13 18:40:50,9.56,76.76,0.33,29.616606,78.854255,Jaipur
E006418,C014,P004,2026-05-31 22:08:45,11.86,64.08,0.8,26.659072,74.852164,Mumbai
E006419,C033,P001,2026-04-04 01:37:20,5.74,91.09,0.19,20.435277,71.254506,Mumbai
E006420,C028,P004,2026-05-13 09:36:58,8.61,93.14,0.13,28.660272,77.169831,Pune
E006421,C041,P002,2026-04-04 03:56:22,14.34,70.87,0.05,23.983441,72.358927,Delhi
E006422,C019,P002,2026-03-21 20:07:29,14.65,84.5,0.33,22.949641,78.400463,Ahmedabad
E006423,C001,P001,2026-03-28 09:57:23,9.89,74.56,0.08,24.415504,76.808967,Delhi
E006424,C005,P003,2026-03-09 12:42:35,15.27,78.19,0.39,22.2769,78.257875,Pune
E006425,C026,P002,2026-04-15 23:24:49,11.42,91.0,0.71,24.485918,78.359157,Jaipur
E006426,C003,P002,2026-03-17 11:23:56,14.06,70.95,0.61,26.679821,75.808487,Ahmedabad
E006427,C027,P001,2026-05-10 05:10:13,13.76,75.17,0.28,23.058546,71.079841,Delhi
E006428,C010,P001,2026-06-02 01:19:28,15.42,83.61,0.05,21.31701,75.994453,Pune
E006429,C001,P001,2026-01-08 07:15:03,8.12,74.37,0.78,20.820447,79.932289,Ahmedabad
E006430,C021,P003,2026-06-23 19:28:44,8.05,78.69,0.14,22.55078,72.239562,Ahmedabad
E006431,C012,P002,2026-03-09 13:36:35,10.96,91.56,0.7,21.398497,73.063556,Ahmedabad
E006432,C014,P003,2026-02-03 14:35:15,8.95,82.95,0.97,21.770371,72.242868,Mumbai
E006433,C022,P003,2026-04-22 12:53:12,7.01,89.53,0.21,22.35331,70.469837,Delhi
E006434,C048,P003,2026-04-09 16:45:39,11.15,74.77,0.55,29.44143,75.174576,Jaipur
E006435,C030,P003,2026-04-01 15:38:49,9.04,86.82,0.53,27.228795,79.223095,Mumbai
E006436,C048,P003,2026-04-27 11:12:45,7.43,82.97,0.7,27.582826,79.833512,Mumbai
E006437,C036,P004,2026-06-01 18:07:31,10.36,84.2,0.25,28.63197,73.336526,Pune
E006438,C013,P004,2026-02-18 18:49:13,15.18,80.15,0.4,22.871777,79.414926,Ahmedabad
E006439,C043,P001,2026-05-29 01:51:45,13.82,64.57,0.97,26.528381,75.966237,Pune
E006440,C025,P003,2026-03-15 22:45:19,7.21,82.82,0.41,20.969926,75.132297,Ahmedabad
E006441,C042,P003,2026-03-26 23:03:05,4.06,92.57,0.08,20.075068,70.044255,Mumbai
E006442,C036,P004,2026-06-03 04:06:38,12.65,79.83,0.11,23.3506,70.873401,Jaipur
E006443,C038,P002,2026-05-02 10:23:56,8.56,73.3,0.89,29.187535,79.184507,Delhi
E006444,C003,P004,2026-06-17 20:42:43,7.48,67.34,0.85,27.716596,79.400944,Delhi
E006445,C026,P003,2026-05-18 16:42:50,15.2,89.3,0.57,23.270795,70.96512,Mumbai
E006446,C012,P003,2026-06-28 17:51:51,4.93,86.4,0.41,24.484096,75.243844,Pune
E006447,C014,P003,2026-04-05 11:03:14,6.43,74.04,0.22,21.255879,75.406469,Delhi
E006448,C025,P003,2026-06-24 18:44:47,12.28,93.79,0.3,27.548318,71.158716,Pune
E006449,C046,P003,2026-03-29 15:46:28,5.65,90.11,0.4,20.653287,70.267035,Mumbai
E006450,C029,P002,2026-04-07 07:10:57,11.01,89.12,0.59,24.18165,76.728453,Pune
E006451,C034,P001,2026-04-15 19:21:27,13.11,87.83,0.95,26.54828,78.380378,Mumbai
E006452,C026,P003,2026-03-26 14:07:19,7.98,76.45,0.76,28.933788,76.277977,Mumbai
E006453,C004,P003,2026-03-12 22:12:21,7.41,80.38,0.23,25.429289,78.189367,Ahmedabad
E006454,C050,P001,2026-03-18 12:55:09,8.5,60.18,0.49,29.090917,71.666466,Mumbai
E006455,C004,P001,2026-02-25 19:40:02,15.6,93.83,0.54,25.25461,75.895791,Pune
E006456,C038,P002,2026-01-10 01:26:19,12.5,94.55,0.77,28.20331,71.452018,Ahmedabad
E006457,C039,P001,2026-05-29 11:36:36,4.04,87.86,0.05,28.01056,77.851762,Mumbai
E006458,C036,P001,2026-04-06 06:01:34,7.72,61.39,0.14,20.441843,74.204355,Mumbai
E006459,C007,P004,2026-02-12 15:10:36,7.2,88.59,0.36,29.655157,75.999188,Jaipur
E006460,C009,P002,2026-06-02 22:40:49,5.06,79.38,0.25,27.995814,77.982634,Pune
E006461,C027,P003,2026-06-07 03:38:51,7.32,66.84,0.13,29.138277,71.36991,Jaipur
E006462,C029,P002,2026-05-06 09:37:16,4.49,68.62,0.21,23.976028,73.623118,Ahmedabad
E006463,C031,P002,2026-03-01 08:19:08,4.35,76.63,0.54,20.404845,75.132091,Ahmedabad
E006464,C018,P004,2026-01-08 02:17:03,7.5,93.13,0.93,29.134995,77.333356,Mumbai
E006465,C027,P002,2026-06-07 22:01:23,5.22,82.19,0.07,22.701604,76.799858,Ahmedabad
E006466,C042,P004,2026-06-03 13:41:57,12.72,88.18,0.33,21.982017,78.415659,Jaipur
E006467,C004,P001,2026-06-06 11:12:53,5.66,71.44,0.31,20.327228,73.604781,Mumbai
E006468,C021,P002,2026-04-11 23:04:46,10.03,61.66,0.97,26.26805,75.419318,Jaipur
E006469,C030,P002,2026-01-24 23:37:57,5.62,60.21,0.5,26.52689,71.06086,Ahmedabad
E006470,C015,P001,2026-02-21 18:13:37,14.25,81.04,0.38,29.123648,70.119883,Pune
E006471,C017,P002,2026-01-02 05:00:28,13.47,79.72,0.81,29.02331,76.739079,Delhi
E006472,C007,P004,2026-02-24 09:04:38,13.93,83.19,0.27,20.363233,77.071245,Ahmedabad
E006473,C043,P001,2026-03-13 19:09:57,6.92,89.37,0.12,27.085062,73.186256,Jaipur
E006474,C035,P002,2026-04-12 10:39:01,7.48,65.07,0.15,27.63305,79.847578,Jaipur
E006475,C044,P004,2026-03-11 07:49:12,12.42,94.57,0.43,28.903797,75.161415,Delhi
E006476,C009,P002,2026-06-08 04:58:29,10.96,65.73,0.47,26.934515,74.529745,Ahmedabad
E006477,C010,P003,2026-03-11 09:58:04,4.67,71.6,0.27,22.561865,75.138798,Delhi
E006478,C043,P002,2026-04-05 08:12:26,4.4,64.66,0.06,23.729679,78.989009,Mumbai
E006479,C046,P002,2026-06-26 15:25:42,5.74,70.31,0.49,20.788577,76.114747,Jaipur
E006480,C035,P003,2026-05-12 04:29:51,8.81,74.61,0.2,26.810293,77.563148,Delhi
E006481,C023,P003,2026-01-16 20:56:40,13.78,62.08,0.44,25.863118,78.1257,Jaipur
E006482,C023,P004,2026-06-30 12:33:29,12.31,74.34,0.63,21.472581,72.023501,Mumbai
E006483,C035,P002,2026-05-17 20:02:01,9.84,82.01,0.26,26.935433,72.79156,Pune
E006484,C047,P003,2026-03-30 02:26:27,7.93,93.18,0.07,27.369574,74.710032,Ahmedabad
E006485,C013,P004,2026-05-03 22:04:08,8.52,78.11,0.62,24.662542,75.110687,Mumbai
E006486,C045,P001,2026-04-08 23:17:50,5.59,89.37,0.15,27.867294,73.376149,Ahmedabad
E006487,C021,P003,2026-06-27 10:41:45,8.14,61.05,0.81,26.510916,71.829113,Mumbai
E006488,C015,P002,2026-03-26 23:27:07,15.13,65.69,0.15,24.861154,70.313213,Delhi
E006489,C004,P002,2026-02-13 14:04:28,7.04,68.31,0.29,28.299932,76.44321,Ahmedabad
E006490,C008,P003,2026-06-19 00:09:38,12.18,83.67,0.74,24.969985,75.161805,Delhi
E006491,C042,P002,2026-05-07 12:04:32,5.9,76.73,0.89,21.891458,70.458027,Jaipur
E006492,C037,P002,2026-01-28 05:18:28,9.55,68.52,0.48,25.815647,77.14744,Pune
E006493,C002,P001,2026-03-28 15:43:07,8.12,93.64,0.48,26.683128,72.215336,Pune
E006494,C007,P004,2026-06-20 03:58:07,4.13,75.8,0.38,25.672264,72.764965,Jaipur
E006495,C034,P002,2026-02-24 16:19:54,5.61,70.99,0.66,21.620687,73.140935,Delhi
E006496,C046,P003,2026-03-04 08:35:09,11.44,62.07,0.11,28.713258,73.938711,Mumbai
E006497,C049,P002,2026-01-16 08:13:51,4.56,90.99,0.9,28.62139,77.007369,Mumbai
E006498,C044,P001,2026-01-05 20:20:57,11.12,60.73,0.75,22.655083,72.452462,Pune
E006499,C005,P004,2026-04-11 12:39:34,13.98,83.89,0.0,23.475371,72.931147,Pune
E006500,C026,P001,2026-01-19 12:21:40,9.74,61.9,0.43,26.301244,71.42895,Pune
E006501,C011,P004,2026-04-25 04:01:36,14.55,71.04,0.69,29.998994,75.24318,Delhi
E006502,C011,P001,2026-06-26 20:08:41,12.2,88.55,0.79,24.054016,70.079958,Pune
E006503,C017,P002,2026-03-10 22:26:21,12.75,94.74,0.03,23.815513,70.548345,Mumbai
E006504,C021,P003,2026-03-21 04:42:49,9.61,86.57,0.72,22.880934,75.030763,Delhi
E006505,C004,P001,2026-04-05 00:26:44,4.09,93.78,0.58,21.085745,72.647243,Ahmedabad
E006506,C022,P003,2026-01-31 16:57:39,9.45,79.86,0.64,23.590971,75.142113,Mumbai
E006507,C023,P004,2026-06-30 19:53:31,12.52,89.62,0.69,29.491411,71.166291,Delhi
E006508,C045,P002,2026-06-02 16:08:47,6.21,86.74,0.27,23.142372,75.024558,Mumbai
E006509,C001,P004,2026-05-12 13:00:39,6.25,75.13,0.56,25.565547,73.724993,Mumbai
E006510,C003,P003,2026-01-13 11:08:40,4.4,63.22,0.05,28.916397,72.384336,Delhi
E006511,C047,P001,2026-06-18 01:01:51,11.01,78.65,0.57,23.694329,76.214362,Jaipur
E006512,C015,P003,2026-04-17 21:46:25,11.51,65.67,0.46,22.538233,75.210135,Ahmedabad
E006513,C049,P002,2026-01-08 04:24:24,12.72,90.39,0.29,28.44827,72.803609,Mumbai
E006514,C015,P002,2026-01-11 13:16:08,12.04,93.34,0.44,22.054516,75.573979,Jaipur
E006515,C008,P004,2026-04-11 01:57:37,14.19,63.47,0.9,24.698425,73.256106,Jaipur
E006516,C028,P004,2026-04-19 06:28:16,7.84,68.53,0.95,28.426148,78.652071,Pune
E006517,C005,P002,2026-02-22 08:31:13,5.37,88.49,0.63,29.972336,79.919815,Mumbai
E006518,C002,P001,2026-05-19 13:43:07,14.81,65.21,0.51,26.684687,78.06868,Mumbai
E006519,C030,P002,2026-04-10 11:32:17,10.97,63.3,0.01,26.520425,75.935973,Pune
E006520,C007,P004,2026-04-21 06:06:10,15.92,77.85,0.92,23.099427,76.338983,Ahmedabad
E006521,C001,P002,2026-03-22 10:23:20,7.98,65.22,0.63,26.806323,73.552612,Mumbai
E006522,C041,P003,2026-03-19 10:40:53,10.77,64.3,0.69,27.317172,78.643385,Mumbai
E006523,C039,P003,2026-05-17 04:10:25,13.78,84.59,0.33,27.102544,75.397549,Jaipur
E006524,C017,P002,2026-04-25 01:20:28,4.56,80.66,0.44,29.26341,71.856087,Pune
E006525,C003,P003,2026-03-08 21:35:51,5.97,86.65,0.05,22.096956,73.342071,Ahmedabad
E006526,C007,P003,2026-05-23 01:48:09,10.0,64.48,0.22,29.525179,72.433706,Mumbai
E006527,C027,P001,2026-01-25 06:23:42,8.82,92.1,0.39,21.598385,73.491467,Mumbai
E006528,C009,P004,2026-04-05 02:00:21,5.23,80.74,0.95,23.471885,78.720843,Delhi
E006529,C012,P001,2026-05-15 06:22:12,9.59,89.48,0.82,25.823735,73.823943,Mumbai
E006530,C002,P003,2026-03-14 07:49:14,11.25,83.76,0.53,24.481139,70.410308,Pune
E006531,C040,P003,2026-04-08 15:16:25,6.37,71.33,0.28,22.243215,74.283466,Pune
E006532,C015,P004,2026-03-24 01:23:26,15.03,81.25,0.34,27.021683,73.664319,Jaipur
E006533,C016,P001,2026-06-19 22:46:37,9.0,89.12,0.47,29.263638,75.935599,Mumbai
E006534,C034,P001,2026-03-20 21:11:47,12.23,76.34,0.19,28.968753,76.543984,Delhi
E006535,C039,P002,2026-03-06 05:43:15,10.48,72.85,0.78,20.948287,74.73141,Delhi
E006536,C010,P001,2026-03-20 08:50:45,14.45,77.45,0.44,20.911357,78.131308,Delhi
E006537,C024,P004,2026-01-26 20:02:58,13.45,94.19,0.45,27.259963,74.318112,Delhi
E006538,C018,P002,2026-04-01 15:26:56,5.12,67.43,0.35,21.651168,73.041659,Jaipur
E006539,C001,P001,2026-04-17 04:55:45,10.94,69.76,0.56,28.69927,75.868092,Mumbai
E006540,C016,P002,2026-01-11 03:22:34,12.3,86.83,0.29,25.220008,73.420879,Delhi
E006541,C014,P001,2026-01-12 11:47:43,11.78,70.49,0.64,21.661664,79.177771,Jaipur
E006542,C035,P001,2026-05-21 01:45:41,6.25,61.03,0.02,21.625162,76.170794,Mumbai
E006543,C011,P001,2026-06-24 22:17:25,13.84,80.91,0.26,21.769927,73.048624,Ahmedabad
E006544,C009,P004,2026-01-29 07:56:27,4.77,79.47,0.58,29.375019,71.761758,Delhi
E006545,C006,P004,2026-05-04 18:46:07,8.88,74.99,0.15,22.932289,77.859399,Jaipur
E006546,C031,P002,2026-03-22 05:05:29,14.06,65.85,0.72,21.859646,78.500681,Ahmedabad
E006547,C010,P004,2026-04-17 06:27:53,15.8,67.51,0.01,27.519563,72.381708,Pune
E006548,C027,P004,2026-01-28 14:03:54,14.39,64.83,0.95,23.835894,77.870552,Delhi
E006549,C042,P001,2026-03-15 23:53:17,4.51,92.83,0.17,24.600022,71.320767,Ahmedabad
E006550,C040,P004,2026-06-26 21:32:09,14.38,68.37,0.58,27.226471,71.828114,Ahmedabad
E006551,C018,P003,2026-01-27 22:36:21,5.56,85.03,0.21,24.966842,78.95153,Jaipur
E006552,C035,P003,2026-05-08 11:01:55,8.52,85.88,0.19,20.758325,74.083052,Pune
E006553,C010,P002,2026-05-27 20:42:10,14.05,72.87,0.99,29.030884,73.38255,Mumbai
E006554,C029,P003,2026-03-03 00:38:38,6.96,68.04,0.74,21.927383,71.856047,Delhi
E006555,C049,P003,2026-05-25 17:17:01,4.07,64.39,0.69,22.382662,78.009821,Ahmedabad
E006556,C021,P001,2026-02-23 08:42:31,7.08,64.57,0.14,20.53976,73.800113,Ahmedabad
E006557,C045,P001,2026-01-31 12:47:52,13.83,67.74,0.61,25.580352,72.665673,Pune
E006558,C034,P004,2026-01-02 17:25:07,15.53,91.1,0.92,22.141957,71.032536,Mumbai
E006559,C014,P003,2026-01-06 14:32:55,7.41,72.55,0.99,25.064321,71.838697,Mumbai
E006560,C050,P002,2026-05-19 23:45:34,6.01,85.02,0.63,27.281572,73.356973,Jaipur
E006561,C050,P002,2026-03-30 16:23:34,13.71,73.77,0.57,23.783383,70.615475,Pune
E006562,C047,P003,2026-03-05 21:01:08,7.61,87.68,0.68,20.173349,74.506142,Pune
E006563,C022,P004,2026-02-09 20:35:36,8.68,76.61,0.55,26.189327,73.907208,Delhi
E006564,C042,P001,2026-02-19 04:22:53,9.89,78.63,0.56,20.336356,70.693949,Mumbai
E006565,C012,P001,2026-06-19 22:34:37,14.75,75.15,0.05,25.417841,74.574698,Ahmedabad
E006566,C034,P002,2026-05-29 01:06:55,13.91,91.68,0.67,29.079627,72.535573,Delhi
E006567,C043,P001,2026-01-29 11:13:17,7.88,83.41,0.42,20.136315,70.046705,Pune
E006568,C010,P004,2026-06-19 17:35:05,12.98,69.34,0.99,22.914616,78.690165,Ahmedabad
E006569,C018,P003,2026-01-22 02:37:53,14.88,74.83,0.62,23.539884,79.187833,Ahmedabad
E006570,C010,P003,2026-01-26 15:53:07,8.07,92.23,0.37,28.336417,79.484391,Jaipur
E006571,C008,P001,2026-01-15 22:27:07,11.54,83.98,0.44,26.440407,75.625745,Pune
E006572,C019,P003,2026-04-01 11:11:51,4.55,83.25,0.98,29.568888,79.287647,Mumbai
E006573,C018,P004,2026-05-30 19:02:41,6.47,74.39,0.39,28.16686,72.121981,Ahmedabad
E006574,C043,P003,2026-03-25 13:38:36,7.91,66.78,0.64,20.652797,76.118372,Mumbai
E006575,C045,P001,2026-02-09 14:30:36,6.09,65.43,0.75,24.66028,71.845558,Jaipur
E006576,C025,P001,2026-06-13 13:42:06,5.09,84.29,0.83,29.528731,71.426207,Ahmedabad
E006577,C040,P003,2026-06-05 05:41:18,5.99,77.58,0.3,26.412989,76.394839,Mumbai
E006578,C007,P001,2026-02-11 09:50:16,6.45,92.38,0.15,28.050842,77.194787,Ahmedabad
E006579,C044,P002,2026-01-16 07:45:44,9.96,64.74,0.46,28.190958,79.129809,Jaipur
E006580,C015,P001,2026-06-10 10:32:14,11.24,76.73,0.15,23.649874,73.814092,Ahmedabad
E006581,C040,P002,2026-04-06 19:40:38,4.32,68.06,0.75,26.635217,78.470631,Pune
E006582,C048,P001,2026-06-15 04:39:46,9.08,63.68,0.83,27.8866,78.139974,Pune
E006583,C004,P002,2026-04-06 15:52:06,10.43,70.97,0.54,29.692244,76.874295,Pune
E006584,C007,P004,2026-05-26 15:26:52,9.76,71.42,0.61,21.882948,73.7806,Delhi
E006585,C012,P004,2026-03-06 06:09:48,6.08,66.71,0.52,23.974263,77.484281,Jaipur
E006586,C026,P003,2026-01-19 17:52:27,10.01,90.49,0.06,20.705615,71.620508,Jaipur
E006587,C018,P002,2026-05-15 02:50:57,7.86,66.81,0.18,25.676726,74.963768,Mumbai
E006588,C050,P004,2026-03-20 22:02:40,12.77,88.23,0.76,22.065165,78.532237,Pune
E006589,C042,P004,2026-06-06 18:29:23,6.09,89.1,0.3,24.352424,70.145711,Mumbai
E006590,C021,P004,2026-05-14 13:35:34,9.55,75.63,0.51,28.185517,72.328668,Ahmedabad
E006591,C002,P002,2026-04-29 16:00:17,7.29,65.19,0.97,25.461364,75.522598,Mumbai
E006592,C002,P001,2026-04-01 16:36:05,13.61,81.67,0.04,20.100422,73.395702,Pune
E006593,C030,P002,2026-01-04 16:02:35,6.17,63.03,0.23,29.511038,75.5526,Ahmedabad
E006594,C029,P002,2026-06-07 09:19:18,15.78,66.88,0.73,24.764053,73.181473,Jaipur
E006595,C005,P001,2026-06-22 09:20:10,15.49,94.26,0.98,26.175251,73.859553,Ahmedabad
E006596,C016,P003,2026-05-31 11:51:18,15.85,64.47,0.62,21.091662,79.871754,Jaipur
E006597,C019,P004,2026-02-15 17:16:45,10.61,66.93,0.62,20.793033,75.396508,Mumbai
E006598,C045,P002,2026-02-08 10:43:18,14.06,69.26,0.38,27.500814,78.662282,Ahmedabad
E006599,C035,P001,2026-03-24 20:57:26,10.05,83.27,0.38,27.337082,70.239126,Pune
E006600,C017,P004,2026-01-09 13:42:58,5.64,80.61,0.73,22.714881,77.556164,Delhi
E006601,C031,P002,2026-02-05 05:57:47,10.09,74.55,0.23,26.901586,71.170511,Mumbai
E006602,C021,P003,2026-05-07 19:25:16,5.02,75.26,0.79,24.614977,75.418374,Mumbai
E006603,C022,P001,2026-05-28 08:42:44,5.77,89.85,0.29,23.005023,73.632688,Pune
E006604,C026,P002,2026-06-08 20:09:17,10.17,84.15,0.54,28.468926,79.78141,Mumbai
E006605,C012,P004,2026-06-01 18:44:55,9.35,69.67,0.75,21.11414,75.330199,Jaipur
E006606,C006,P003,2026-03-06 00:06:00,15.69,68.11,0.36,27.864992,76.22175,Delhi
E006607,C041,P004,2026-01-22 12:43:01,15.7,86.28,0.42,24.827134,72.318215,Ahmedabad
E006608,C013,P002,2026-05-02 01:35:36,13.24,67.57,0.44,21.783891,76.621098,Ahmedabad
E006609,C035,P003,2026-02-12 15:12:36,8.53,61.79,0.02,24.758822,71.935551,Mumbai
E006610,C008,P001,2026-03-14 13:57:40,14.28,77.41,0.06,20.604868,72.172941,Ahmedabad
E006611,C008,P001,2026-03-19 17:20:55,10.41,67.62,0.91,21.472219,71.338782,Ahmedabad
E006612,C017,P004,2026-05-04 05:14:02,4.2,61.16,0.23,24.341176,77.118794,Delhi
E006613,C045,P001,2026-06-15 13:30:05,13.18,64.53,0.53,21.012984,71.476579,Delhi
E006614,C040,P004,2026-03-22 14:49:59,5.73,62.51,0.33,28.374579,74.416342,Ahmedabad
E006615,C030,P001,2026-05-04 23:04:14,5.61,62.1,0.74,29.643781,72.854107,Delhi
E006616,C020,P001,2026-03-30 05:21:05,14.3,72.61,0.36,24.014746,73.207543,Jaipur
E006617,C026,P002,2026-04-25 02:26:33,8.9,81.11,0.24,29.876956,79.52004,Delhi
E006618,C031,P001,2026-01-05 05:04:27,13.2,90.1,0.85,22.977095,70.049007,Pune
E006619,C004,P004,2026-03-19 00:54:01,9.82,90.61,0.15,26.639743,72.063574,Jaipur
E006620,C035,P002,2026-03-22 00:54:12,13.23,84.02,0.16,26.417034,77.969267,Jaipur
E006621,C013,P004,2026-03-04 15:05:03,12.69,61.2,0.15,28.07117,72.4987,Jaipur
E006622,C019,P002,2026-01-16 00:13:13,5.53,87.23,0.14,22.523818,76.06063,Pune
E006623,C015,P003,2026-03-22 07:37:25,9.98,66.68,0.9,26.191539,73.143354,Pune
E006624,C041,P001,2026-05-09 20:55:40,6.15,81.5,0.5,26.995979,71.17777,Mumbai
E006625,C042,P002,2026-03-27 18:52:30,5.74,70.38,0.02,29.986906,77.190335,Jaipur
E006626,C009,P004,2026-06-15 12:43:39,12.68,75.57,0.81,28.399858,73.982689,Delhi
E006627,C045,P001,2026-01-21 08:01:05,4.55,72.16,0.83,20.29909,71.919984,Ahmedabad
E006628,C009,P001,2026-03-27 09:17:30,15.22,63.52,0.14,26.475767,75.938037,Mumbai
E006629,C019,P004,2026-03-02 11:36:54,8.75,76.74,0.04,24.313214,71.732953,Jaipur
E006630,C024,P003,2026-05-01 03:09:54,8.92,76.21,0.13,20.030433,72.571332,Ahmedabad
E006631,C037,P004,2026-03-14 16:14:33,14.29,74.41,0.31,29.51426,76.640823,Ahmedabad
E006632,C031,P002,2026-02-17 07:41:41,12.87,80.48,0.65,28.708902,75.173509,Jaipur
E006633,C014,P004,2026-06-29 22:08:51,8.14,68.01,0.51,23.744696,76.949859,Delhi
E006634,C048,P001,2026-04-05 00:11:49,9.41,84.71,0.8,24.162021,75.698631,Ahmedabad
E006635,C004,P002,2026-02-03 13:42:26,13.25,81.18,0.4,28.046235,70.842614,Delhi
E006636,C012,P001,2026-01-28 21:39:13,10.66,63.5,0.98,20.564827,73.587919,Delhi
E006637,C018,P004,2026-06-14 02:55:51,12.73,86.41,0.48,22.966777,76.234492,Ahmedabad
E006638,C029,P003,2026-02-08 05:23:47,14.78,82.72,0.26,24.435958,74.289138,Delhi
E006639,C017,P003,2026-06-23 06:21:35,7.71,61.98,0.2,27.587955,78.09856,Jaipur
E006640,C027,P002,2026-03-25 00:50:44,13.53,63.27,0.55,21.59444,76.909961,Jaipur
E006641,C026,P003,2026-06-15 08:06:13,11.69,93.19,0.57,26.482732,79.215094,Mumbai
E006642,C045,P004,2026-04-06 12:59:06,10.9,80.44,0.31,21.236097,70.946108,Delhi
E006643,C049,P001,2026-02-03 15:40:23,12.94,75.51,1.0,28.310654,76.894514,Jaipur
E006644,C045,P001,2026-03-29 09:05:53,5.45,87.67,0.04,27.107113,70.095608,Delhi
E006645,C022,P001,2026-06-07 13:35:12,14.44,86.6,0.31,22.089641,72.315655,Ahmedabad
E006646,C029,P001,2026-03-05 09:37:04,15.53,75.47,0.2,21.949063,77.184823,Delhi
E006647,C010,P004,2026-02-01 00:14:34,8.24,61.99,0.55,22.598832,76.855918,Pune
E006648,C020,P002,2026-04-19 18:22:00,8.64,78.8,0.75,25.474631,74.243401,Pune
E006649,C029,P003,2026-03-29 00:13:23,9.74,68.42,0.88,21.127662,78.891536,Ahmedabad
E006650,C027,P002,2026-01-27 22:08:11,4.57,64.97,0.88,25.148863,76.582689,Mumbai
E006651,C030,P004,2026-04-13 20:15:18,13.85,81.01,0.52,21.249327,78.012305,Mumbai
E006652,C028,P004,2026-05-17 09:31:37,9.01,91.24,0.48,28.550706,76.892687,Mumbai
E006653,C021,P001,2026-03-23 21:43:04,7.96,82.71,0.33,21.867238,77.720159,Pune
E006654,C033,P004,2026-06-09 08:21:27,4.2,86.0,0.91,21.965447,72.510231,Ahmedabad
E006655,C032,P003,2026-04-13 05:03:50,15.93,64.19,0.75,25.27553,77.000207,Ahmedabad
E006656,C022,P001,2026-04-27 05:10:24,10.16,90.98,0.27,22.862848,77.698162,Ahmedabad
E006657,C038,P003,2026-01-27 14:19:08,4.62,76.74,0.55,26.491932,78.546294,Ahmedabad
E006658,C005,P003,2026-03-10 04:02:30,4.73,72.62,0.1,28.614321,76.425271,Delhi
E006659,C047,P004,2026-06-23 19:31:29,14.45,87.33,0.29,22.773633,72.221335,Jaipur
E006660,C036,P003,2026-02-16 07:50:23,10.96,62.8,0.24,21.999517,76.828206,Mumbai
E006661,C038,P001,2026-01-19 06:56:48,7.18,77.22,0.1,29.634824,74.825561,Jaipur
E006662,C011,P004,2026-01-18 02:47:06,8.41,79.45,0.75,29.771029,76.993663,Pune
E006663,C042,P003,2026-01-28 08:30:28,5.19,62.57,0.67,27.827085,75.06116,Pune
E006664,C025,P003,2026-06-10 04:12:21,14.55,71.6,0.45,20.923734,76.015378,Delhi
E006665,C020,P001,2026-01-26 01:45:06,15.67,73.7,0.01,26.823302,79.785334,Ahmedabad
E006666,C027,P003,2026-06-04 09:50:37,4.25,75.75,0.95,23.224669,73.393889,Jaipur
E006667,C012,P004,2026-03-12 01:01:34,15.3,76.9,0.44,26.925823,73.068335,Pune
E006668,C032,P003,2026-04-25 23:14:26,6.26,82.53,0.64,28.603444,76.474239,Mumbai
E006669,C044,P002,2026-03-22 17:28:10,7.06,81.2,0.61,23.602842,79.587425,Ahmedabad
E006670,C048,P004,2026-04-20 15:52:38,10.95,75.52,0.61,28.148536,75.408698,Jaipur
E006671,C013,P001,2026-01-28 02:14:54,8.98,67.43,0.87,24.609722,73.201564,Mumbai
E006672,C039,P003,2026-03-22 12:17:41,7.33,70.98,0.42,25.833686,75.070955,Ahmedabad
E006673,C008,P001,2026-05-05 20:13:13,11.3,82.15,0.38,21.234991,70.000704,Delhi
E006674,C001,P003,2026-04-27 15:50:42,9.23,67.55,0.26,28.592767,77.735622,Jaipur
E006675,C040,P002,2026-03-12 06:33:34,13.09,84.02,0.87,24.00363,75.190255,Mumbai
E006676,C016,P003,2026-03-16 13:33:33,13.29,60.4,0.53,23.63384,71.451111,Mumbai
E006677,C005,P003,2026-02-21 16:52:41,7.37,79.5,0.86,21.911441,76.74519,Pune
E006678,C050,P001,2026-02-14 06:32:22,11.61,86.73,0.51,29.84311,77.009437,Pune
E006679,C045,P002,2026-01-07 05:45:54,13.45,69.18,0.22,26.719005,78.604006,Mumbai
E006680,C034,P004,2026-02-06 14:01:41,7.98,69.41,0.93,24.817219,71.825933,Jaipur
E006681,C031,P003,2026-04-15 07:02:19,5.23,64.32,0.01,28.098286,71.116878,Mumbai
E006682,C003,P002,2026-02-02 10:03:03,14.7,66.79,0.67,20.721222,70.597653,Pune
E006683,C047,P001,2026-05-26 11:14:05,11.4,77.02,0.09,21.090071,71.668455,Mumbai
E006684,C029,P004,2026-02-23 12:36:57,11.64,81.74,0.26,20.842345,78.021729,Pune
E006685,C021,P004,2026-02-09 04:30:14,4.42,85.97,0.13,26.80366,78.26555,Ahmedabad
E006686,C028,P001,2026-06-09 15:27:22,5.25,88.76,0.57,29.290546,77.811265,Mumbai
E006687,C037,P001,2026-05-28 01:06:51,15.16,74.18,0.08,21.711331,74.095974,Ahmedabad
E006688,C026,P004,2026-04-10 07:12:35,9.06,67.29,0.58,26.24535,74.152198,Delhi
E006689,C033,P004,2026-04-15 21:37:58,8.22,77.74,0.9,20.030847,75.610449,Ahmedabad
E006690,C007,P001,2026-03-04 08:48:19,15.5,60.33,0.98,22.892164,73.114488,Jaipur
E006691,C032,P003,2026-03-13 21:11:28,15.08,94.74,0.75,20.872771,75.666245,Pune
E006692,C002,P004,2026-04-04 17:31:25,5.17,66.74,0.36,26.260033,72.598567,Jaipur
E006693,C037,P002,2026-01-23 00:44:09,6.69,70.99,0.67,26.189719,75.621832,Mumbai
E006694,C047,P002,2026-03-21 07:26:21,15.99,72.9,0.78,21.934732,75.131651,Jaipur
E006695,C018,P002,2026-06-20 19:08:33,4.66,74.04,0.67,28.752705,79.985232,Jaipur
E006696,C049,P003,2026-01-18 10:19:49,12.03,91.81,0.43,28.771874,73.317968,Delhi
E006697,C014,P003,2026-04-02 16:22:50,11.31,87.9,0.44,21.706849,72.02888,Pune
E006698,C042,P002,2026-02-02 13:09:55,9.25,68.29,0.98,25.666183,72.382062,Pune
E006699,C025,P001,2026-04-10 05:20:11,10.31,79.33,0.66,27.105549,79.491585,Mumbai
E006700,C050,P004,2026-01-28 05:20:18,9.14,65.59,0.74,24.11973,75.814637,Ahmedabad
E006701,C002,P004,2026-03-03 06:44:54,11.85,73.85,0.24,27.815587,71.017278,Delhi
E006702,C042,P002,2026-06-11 05:57:09,10.28,70.16,0.37,21.037647,77.533832,Jaipur
E006703,C028,P004,2026-03-13 18:45:19,7.15,81.34,0.84,29.643347,77.349328,Pune
E006704,C018,P002,2026-01-22 20:44:13,4.7,91.57,0.47,23.591403,73.650434,Ahmedabad
E006705,C015,P002,2026-06-25 20:46:30,15.91,93.56,0.96,29.577104,75.035088,Mumbai
E006706,C038,P001,2026-01-10 23:20:27,15.67,84.54,0.18,22.754109,72.884958,Mumbai
E006707,C002,P004,2026-02-15 04:52:50,12.02,88.84,0.95,27.325159,71.059957,Delhi
E006708,C024,P003,2026-05-08 03:12:43,8.95,74.94,0.98,28.533724,76.127307,Mumbai
E006709,C029,P001,2026-05-25 01:30:24,8.72,77.53,0.44,23.846973,77.014122,Jaipur
E006710,C027,P001,2026-01-31 22:53:51,9.43,86.53,0.17,21.942476,72.246166,Jaipur
E006711,C013,P001,2026-01-04 10:24:11,9.92,90.34,0.08,22.568498,76.251301,Pune
E006712,C025,P001,2026-03-05 16:52:31,14.76,72.69,0.97,25.081624,77.765628,Ahmedabad
E006713,C029,P001,2026-06-21 07:42:43,7.38,75.01,0.82,27.535991,70.149771,Jaipur
E006714,C009,P004,2026-05-25 01:41:57,5.16,89.13,0.32,24.849039,73.099971,Ahmedabad
E006715,C010,P004,2026-04-12 01:09:16,7.86,93.24,0.21,26.176594,72.095968,Mumbai
E006716,C042,P002,2026-01-18 14:07:36,10.84,83.49,0.23,29.876608,75.597799,Ahmedabad
E006717,C012,P004,2026-05-08 12:58:37,15.95,63.85,0.22,24.179466,76.559085,Delhi
E006718,C040,P002,2026-01-09 18:50:12,12.37,88.69,0.61,23.803034,78.827334,Mumbai
E006719,C043,P001,2026-06-02 05:11:58,15.42,66.23,0.85,21.568235,79.135227,Ahmedabad
E006720,C028,P001,2026-06-23 13:40:59,7.63,72.11,0.55,20.82581,75.233398,Ahmedabad
E006721,C008,P001,2026-05-20 20:06:10,14.26,63.74,0.37,20.130058,77.296485,Pune
E006722,C022,P002,2026-03-16 18:41:16,12.61,88.26,0.56,25.985288,77.709383,Mumbai
E006723,C034,P001,2026-02-19 02:03:55,8.28,65.43,0.38,29.726333,73.736849,Ahmedabad
E006724,C010,P001,2026-05-31 04:58:58,7.07,68.89,0.26,26.660036,77.542249,Ahmedabad
E006725,C025,P002,2026-02-26 00:38:19,12.68,71.87,0.48,26.537055,70.481991,Pune
E006726,C049,P001,2026-04-01 12:03:19,11.75,76.96,0.23,20.344625,78.929429,Delhi
E006727,C023,P001,2026-03-05 04:19:16,15.2,76.1,0.74,26.00865,72.576004,Pune
E006728,C013,P004,2026-03-17 04:18:25,13.59,88.06,0.03,24.77812,77.515703,Jaipur
E006729,C019,P001,2026-02-19 08:59:12,5.51,78.98,0.84,27.332267,72.793085,Delhi
E006730,C042,P002,2026-06-14 08:02:56,15.21,80.39,0.25,25.723834,74.987063,Jaipur
E006731,C036,P001,2026-04-08 18:30:58,11.33,92.33,0.4,23.223608,74.928905,Pune
E006732,C025,P003,2026-03-20 09:37:01,9.21,90.4,0.64,25.182296,79.706362,Jaipur
E006733,C046,P001,2026-01-20 01:56:53,13.04,91.63,0.65,29.941456,70.14772,Delhi
E006734,C038,P003,2026-05-01 18:33:38,12.48,79.17,0.32,27.875783,71.30227,Jaipur
E006735,C040,P002,2026-03-29 21:27:00,6.21,60.41,0.78,23.258426,72.992525,Delhi
E006736,C019,P004,2026-05-31 11:40:46,5.79,75.18,0.0,29.672575,70.817245,Ahmedabad
E006737,C018,P001,2026-04-29 00:14:22,6.16,89.72,0.31,22.479778,71.315522,Mumbai
E006738,C009,P001,2026-01-25 21:22:02,12.25,67.33,0.48,26.862711,71.235701,Pune
E006739,C019,P004,2026-03-12 23:34:15,6.18,88.89,0.36,26.203806,70.155085,Jaipur
E006740,C008,P003,2026-02-23 09:06:26,6.82,68.55,0.28,20.425116,76.654343,Pune
E006741,C021,P004,2026-05-09 11:23:47,6.63,81.35,0.98,28.502511,73.739491,Jaipur
E006742,C034,P004,2026-02-05 04:19:20,10.01,73.83,0.19,21.018423,77.433175,Ahmedabad
E006743,C050,P002,2026-04-13 06:15:11,13.18,88.82,0.44,28.176302,76.585159,Ahmedabad
E006744,C003,P003,2026-03-18 05:25:32,14.72,70.2,0.59,27.654835,76.796236,Delhi
E006745,C003,P004,2026-02-06 12:03:41,14.92,84.36,0.8,27.247004,71.338321,Mumbai
E006746,C049,P002,2026-06-03 21:40:31,6.62,82.66,0.7,25.837324,76.815299,Jaipur
E006747,C001,P004,2026-03-16 08:32:45,14.46,60.94,0.58,27.249635,77.447206,Pune
E006748,C022,P004,2026-02-22 15:43:49,9.03,60.11,0.38,22.080789,77.160094,Pune
E006749,C032,P001,2026-05-28 18:57:42,12.41,66.57,0.4,27.921373,76.726221,Pune
E006750,C047,P001,2026-05-30 01:01:27,11.3,78.44,0.99,28.931474,72.818179,Jaipur
E006751,C009,P002,2026-01-13 20:17:33,10.49,63.42,0.19,25.678655,79.558152,Jaipur
E006752,C018,P003,2026-03-17 13:25:07,5.56,82.88,0.07,29.843578,70.810613,Mumbai
E006753,C037,P004,2026-03-01 02:16:56,11.84,80.55,0.29,26.60122,71.874464,Delhi
E006754,C024,P004,2026-03-05 10:18:39,13.21,66.51,0.2,28.493365,75.227789,Delhi
E006755,C038,P001,2026-05-17 15:30:48,10.06,61.72,0.44,25.63624,70.695047,Delhi
E006756,C009,P003,2026-06-15 14:32:06,7.7,61.47,0.23,20.631278,77.8836,Ahmedabad
E006757,C027,P003,2026-03-25 15:22:36,9.22,60.93,0.68,24.045165,76.803384,Pune
E006758,C030,P001,2026-03-08 08:59:14,6.58,79.93,0.47,24.50415,73.951788,Jaipur
E006759,C032,P001,2026-01-31 02:23:17,9.08,69.03,0.55,29.627716,74.643414,Pune
E006760,C020,P004,2026-06-02 14:32:57,6.17,76.27,0.05,27.895119,72.722071,Pune
E006761,C005,P001,2026-05-08 10:43:43,6.48,63.72,0.4,20.416773,70.990198,Ahmedabad
E006762,C003,P002,2026-06-23 08:07:53,12.34,83.39,0.92,29.060645,72.074345,Mumbai
E006763,C023,P003,2026-05-08 05:13:25,9.65,71.55,0.92,25.437183,77.685463,Mumbai
E006764,C040,P003,2026-01-22 22:50:47,15.56,67.01,0.36,26.24437,71.445883,Delhi
E006765,C047,P002,2026-03-14 18:47:48,11.57,83.51,0.03,23.283148,71.492682,Ahmedabad
E006766,C010,P002,2026-01-06 08:06:37,14.03,75.24,0.65,22.601636,79.918697,Mumbai
E006767,C001,P001,2026-04-09 11:16:49,8.43,75.25,0.64,24.152399,75.811379,Jaipur
E006768,C035,P004,2026-05-13 12:17:58,8.21,89.86,0.83,25.951845,79.339374,Jaipur
E006769,C029,P002,2026-03-29 04:49:16,10.63,63.67,0.13,28.79061,74.777255,Jaipur
E006770,C024,P002,2026-01-27 17:06:55,6.03,82.63,0.09,26.262421,71.242799,Pune
E006771,C012,P002,2026-03-11 11:23:56,5.71,67.85,0.25,21.671507,76.31615,Jaipur
E006772,C020,P003,2026-04-14 17:10:53,13.6,86.19,0.25,20.986921,72.940445,Delhi
E006773,C032,P002,2026-03-11 20:50:44,7.65,69.15,0.37,24.100855,71.447243,Mumbai
E006774,C032,P004,2026-01-11 17:45:55,12.1,74.0,0.36,20.883788,79.49641,Delhi
E006775,C040,P002,2026-03-13 11:19:18,13.21,68.16,0.4,26.333477,72.574298,Jaipur
E006776,C036,P003,2026-04-28 14:02:15,6.19,74.72,0.68,22.370921,72.839837,Jaipur
E006777,C046,P003,2026-05-17 10:36:58,12.66,67.98,0.4,26.086208,74.147956,Ahmedabad
E006778,C004,P001,2026-04-08 04:52:11,6.66,69.75,0.43,23.515443,79.535784,Ahmedabad
E006779,C009,P004,2026-06-14 21:06:26,8.59,67.46,0.37,22.967595,77.483396,Ahmedabad
E006780,C033,P004,2026-01-26 12:36:31,8.57,90.52,0.06,24.909545,72.369924,Delhi
E006781,C029,P002,2026-04-24 09:12:35,10.74,78.62,0.49,21.079851,76.560559,Pune
E006782,C043,P002,2026-04-02 09:03:38,9.16,81.91,0.49,27.861273,70.132215,Delhi
E006783,C003,P003,2026-01-30 12:49:48,9.9,78.1,0.69,27.624784,78.813541,Mumbai
E006784,C005,P002,2026-02-13 00:41:00,14.71,90.98,0.67,26.386872,79.127042,Delhi
E006785,C020,P001,2026-02-02 15:55:11,15.19,69.69,0.66,23.003151,77.437912,Pune
E006786,C033,P001,2026-06-06 19:23:35,9.3,75.89,0.77,27.822381,78.017791,Mumbai
E006787,C026,P002,2026-04-22 21:23:15,14.8,92.53,0.55,29.281093,70.672038,Mumbai
E006788,C021,P002,2026-06-24 01:32:22,4.45,89.43,0.53,23.291533,77.929268,Pune
E006789,C017,P003,2026-05-07 12:57:35,5.92,85.56,0.41,20.801272,75.868224,Ahmedabad
E006790,C042,P004,2026-05-21 05:36:53,15.85,69.08,0.21,23.304332,75.447588,Jaipur
E006791,C046,P003,2026-01-24 16:42:25,14.8,69.1,0.8,22.230828,75.69734,Mumbai
E006792,C028,P001,2026-06-13 21:57:41,14.41,61.26,0.27,25.395366,78.173416,Pune
E006793,C042,P004,2026-03-15 17:51:32,6.55,69.87,0.81,27.125777,78.156657,Jaipur
E006794,C029,P003,2026-03-27 03:24:30,7.9,94.15,0.25,21.738922,72.695436,Jaipur
E006795,C015,P004,2026-02-15 09:17:16,5.35,90.98,0.4,23.838394,76.648225,Delhi
E006796,C038,P003,2026-01-06 15:56:30,9.35,94.23,0.56,21.879818,75.226183,Ahmedabad
E006797,C013,P004,2026-03-22 21:13:43,15.68,83.11,0.21,24.071106,77.897621,Pune
E006798,C017,P002,2026-01-18 18:17:35,5.77,81.21,0.77,29.417019,75.646249,Delhi
E006799,C029,P003,2026-01-28 17:34:17,4.32,90.6,0.55,29.295983,71.295931,Jaipur
E006800,C034,P002,2026-05-04 08:49:09,8.7,61.67,0.04,27.626245,77.252557,Jaipur
E006801,C033,P004,2026-06-20 08:59:39,14.84,66.03,0.47,24.312106,72.707616,Jaipur
E006802,C036,P001,2026-02-06 19:37:57,13.72,71.04,0.34,29.0307,75.871654,Delhi
E006803,C050,P001,2026-06-08 10:11:52,10.72,77.07,0.44,24.859075,76.77194,Pune
E006804,C008,P004,2026-05-05 17:25:13,4.49,80.26,0.26,20.297166,71.509023,Ahmedabad
E006805,C029,P003,2026-03-23 11:18:13,7.99,60.21,0.35,20.239361,73.975133,Mumbai
E006806,C006,P003,2026-06-02 13:19:49,13.43,88.35,0.2,21.569012,77.456787,Ahmedabad
E006807,C001,P002,2026-01-06 20:29:49,14.3,93.16,0.66,21.73241,75.667907,Pune
E006808,C036,P002,2026-05-23 21:23:56,4.81,76.57,0.58,21.985624,76.383732,Jaipur
E006809,C003,P001,2026-06-08 11:27:02,8.77,68.16,0.08,23.929081,75.12739,Pune
E006810,C034,P001,2026-02-06 18:40:58,12.93,87.56,0.01,28.852853,76.247634,Mumbai
E006811,C050,P001,2026-02-22 01:29:52,10.13,61.29,0.92,25.172081,76.199252,Delhi
E006812,C035,P004,2026-05-05 21:28:42,14.03,61.36,0.75,23.313665,70.895386,Ahmedabad
E006813,C003,P001,2026-01-30 06:03:34,6.11,75.56,0.02,26.368594,74.812959,Delhi
E006814,C009,P002,2026-01-30 04:20:48,10.17,85.71,0.85,26.567439,74.425799,Delhi
E006815,C015,P001,2026-04-19 03:46:40,11.01,70.92,0.99,28.206801,74.462737,Pune
E006816,C041,P002,2026-01-14 17:08:57,12.71,70.57,0.59,21.278593,70.055264,Mumbai
E006817,C047,P002,2026-05-08 17:21:41,10.46,65.04,0.54,24.750863,71.865497,Mumbai
E006818,C012,P004,2026-06-17 01:20:26,10.62,72.18,0.36,25.286467,73.564328,Jaipur
E006819,C039,P003,2026-04-24 14:40:00,7.53,68.7,0.94,29.8087,70.682286,Pune
E006820,C042,P001,2026-02-23 03:56:04,5.06,81.62,0.67,20.748862,73.569397,Pune
E006821,C037,P001,2026-03-09 00:50:25,13.1,65.07,0.68,27.276995,75.731731,Pune
E006822,C044,P004,2026-06-12 12:07:42,12.95,79.7,0.73,25.361942,79.235533,Delhi
E006823,C050,P004,2026-06-14 07:57:35,6.35,62.71,0.23,24.281533,78.683428,Jaipur
E006824,C036,P002,2026-01-27 18:59:18,15.8,65.32,0.46,23.882411,76.787415,Pune
E006825,C049,P001,2026-01-20 16:10:37,6.69,73.42,0.37,26.247996,74.780836,Mumbai
E006826,C031,P003,2026-06-27 09:27:56,11.36,73.17,0.61,21.149589,75.343335,Ahmedabad
E006827,C023,P001,2026-01-11 23:12:42,8.72,81.32,0.9,22.828532,71.073266,Mumbai
E006828,C033,P004,2026-04-24 21:55:39,7.55,66.26,0.71,23.7957,70.602322,Jaipur
E006829,C027,P001,2026-02-13 04:54:43,4.95,77.89,0.58,28.565015,78.77507,Mumbai
E006830,C050,P001,2026-01-09 18:55:27,6.46,62.9,0.2,21.189505,72.862813,Delhi
E006831,C017,P004,2026-01-07 04:13:33,9.88,69.14,0.68,21.037564,74.331753,Mumbai
E006832,C035,P001,2026-02-03 02:35:36,5.59,76.69,0.16,23.422813,71.959758,Delhi
E006833,C017,P001,2026-01-14 02:54:06,7.93,91.05,0.21,29.060936,76.597856,Pune
E006834,C021,P004,2026-02-25 19:14:27,7.78,79.07,0.1,22.744831,70.130116,Jaipur
E006835,C021,P002,2026-04-28 15:02:15,4.87,69.56,0.11,24.808987,79.830123,Mumbai
E006836,C037,P002,2026-03-03 17:39:06,12.67,91.98,0.62,29.292461,78.53029,Jaipur
E006837,C035,P002,2026-06-06 01:57:43,15.56,67.36,0.06,21.181159,74.029756,Delhi
E006838,C048,P004,2026-06-04 12:50:22,14.92,69.96,0.64,23.9914,79.646342,Jaipur
E006839,C024,P001,2026-04-16 18:30:19,8.82,88.78,0.33,24.285109,73.316386,Jaipur
E006840,C047,P003,2026-01-20 16:25:10,10.78,81.1,0.45,25.350193,79.457207,Jaipur
E006841,C002,P004,2026-01-08 09:42:35,5.0,88.94,0.62,25.718548,77.769555,Mumbai
E006842,C025,P002,2026-06-09 09:39:12,11.16,71.73,0.19,29.892863,72.280691,Delhi
E006843,C016,P002,2026-03-20 17:50:23,6.66,66.69,0.23,20.824122,70.400814,Ahmedabad
E006844,C035,P003,2026-02-06 01:17:56,4.47,78.1,0.2,22.499374,74.567673,Jaipur
E006845,C015,P003,2026-03-15 03:19:52,9.5,64.4,0.87,20.680787,77.370999,Ahmedabad
E006846,C041,P001,2026-01-19 11:14:44,14.76,68.63,0.43,22.132871,72.106497,Mumbai
E006847,C043,P003,2026-06-20 00:25:55,10.33,84.06,0.95,28.188638,76.903561,Pune
E006848,C006,P003,2026-04-18 08:56:24,9.3,83.1,0.56,28.617504,78.116039,Delhi
E006849,C009,P003,2026-03-22 11:14:21,8.08,71.2,0.56,22.737301,72.849111,Delhi
E006850,C030,P003,2026-03-15 18:17:09,6.18,71.98,0.65,22.253011,79.779234,Pune
E006851,C023,P004,2026-01-10 13:53:09,14.95,91.2,0.68,28.952848,76.092082,Jaipur
E006852,C005,P003,2026-02-25 21:10:26,14.21,84.08,0.6,26.997396,71.054579,Jaipur
E006853,C019,P003,2026-03-16 16:28:16,7.64,69.69,0.81,25.886967,79.685599,Pune
E006854,C045,P004,2026-02-17 23:41:50,6.45,64.85,0.86,27.505163,78.682241,Pune
E006855,C026,P001,2026-05-30 09:51:02,13.75,68.54,0.07,22.798061,73.840148,Delhi
E006856,C013,P004,2026-04-10 07:08:57,6.77,88.72,0.98,23.128122,73.241333,Jaipur
E006857,C043,P003,2026-05-03 11:10:02,5.83,66.23,0.63,26.580963,75.888912,Delhi
E006858,C005,P003,2026-04-30 07:44:32,9.47,86.7,0.05,21.043671,71.689076,Jaipur
E006859,C009,P002,2026-03-28 10:00:24,12.01,72.36,0.4,23.433635,74.523716,Ahmedabad
E006860,C022,P001,2026-05-20 09:31:10,12.96,90.45,0.51,25.893387,75.383165,Delhi
E006861,C035,P001,2026-02-13 07:47:12,5.8,84.79,0.54,27.123818,72.262247,Jaipur
E006862,C041,P002,2026-04-05 21:00:58,9.23,73.26,0.57,25.328559,77.18278,Ahmedabad
E006863,C030,P002,2026-06-15 00:35:41,14.79,75.68,0.63,24.568583,73.783378,Ahmedabad
E006864,C044,P004,2026-06-05 23:43:22,7.38,86.64,0.76,28.753966,74.371853,Pune
E006865,C041,P004,2026-03-21 04:22:25,10.08,88.49,0.99,24.027642,70.114938,Jaipur
E006866,C020,P002,2026-05-20 11:23:03,9.04,73.41,0.89,29.395837,74.531246,Mumbai
E006867,C048,P001,2026-05-31 04:55:19,5.16,65.14,0.1,26.954561,73.332908,Pune
E006868,C002,P004,2026-04-21 20:39:16,13.21,64.68,0.75,21.98263,77.653374,Jaipur
E006869,C039,P004,2026-02-24 19:27:23,5.65,72.14,0.16,25.09286,70.039327,Delhi
E006870,C015,P002,2026-05-18 10:22:18,6.68,89.75,0.08,22.995879,77.469703,Ahmedabad
E006871,C039,P004,2026-01-26 02:05:15,14.43,82.19,0.88,26.976896,75.444367,Jaipur
E006872,C041,P004,2026-06-28 21:02:48,5.82,94.06,0.02,28.885242,76.341599,Ahmedabad
E006873,C026,P003,2026-02-01 06:47:50,13.45,82.06,0.05,26.033537,78.095117,Delhi
E006874,C019,P002,2026-06-26 22:37:22,6.05,92.99,0.17,24.556787,74.361564,Delhi
E006875,C048,P003,2026-04-20 02:41:00,4.87,75.28,0.51,27.120624,70.405173,Pune
E006876,C023,P004,2026-03-08 14:18:22,13.79,67.55,0.63,28.299363,77.147125,Pune
E006877,C004,P003,2026-06-15 08:53:02,14.58,68.84,0.9,23.923703,75.703409,Ahmedabad
E006878,C046,P002,2026-04-25 03:24:51,6.63,78.78,0.64,21.239774,78.549723,Ahmedabad
E006879,C041,P002,2026-04-12 12:21:09,9.42,84.57,0.76,21.473017,78.941323,Pune
E006880,C012,P004,2026-05-06 06:09:28,11.91,69.71,0.59,23.948733,75.732372,Mumbai
E006881,C027,P003,2026-06-25 10:51:56,5.45,68.78,0.69,23.054668,75.660528,Pune
E006882,C002,P002,2026-01-30 11:41:17,7.23,93.33,0.68,21.401369,79.202688,Ahmedabad
E006883,C025,P004,2026-03-09 01:55:40,8.34,85.13,0.85,22.681428,78.650084,Mumbai
E006884,C025,P002,2026-05-28 21:53:07,12.56,64.12,0.97,26.848212,79.182536,Jaipur
E006885,C044,P003,2026-02-10 19:49:02,7.66,63.9,0.98,28.663974,79.728198,Ahmedabad
E006886,C036,P001,2026-05-06 01:09:14,11.01,89.59,0.85,23.837963,78.818238,Ahmedabad
E006887,C019,P004,2026-04-30 13:57:23,13.36,83.93,0.78,27.007039,72.765506,Delhi
E006888,C042,P004,2026-02-15 06:08:54,11.51,69.18,0.98,23.241006,76.395961,Jaipur
E006889,C025,P001,2026-03-11 21:39:07,13.46,77.86,0.96,21.976435,70.273371,Ahmedabad
E006890,C035,P004,2026-01-06 12:06:47,7.82,70.23,0.15,26.249322,72.943188,Ahmedabad
E006891,C047,P001,2026-05-01 16:08:04,6.74,66.24,0.42,27.420097,76.380744,Pune
E006892,C021,P002,2026-05-14 07:20:35,15.13,67.11,0.35,22.628508,78.200634,Ahmedabad
E006893,C027,P002,2026-02-01 03:22:29,11.06,80.77,0.65,26.982369,71.798263,Ahmedabad
E006894,C005,P004,2026-02-20 10:56:42,11.75,68.81,0.08,28.311699,75.434424,Jaipur
E006895,C028,P002,2026-01-08 08:54:59,12.17,94.43,0.85,20.744202,73.654439,Delhi
E006896,C034,P001,2026-03-15 09:38:52,5.33,88.05,0.95,20.37625,71.415848,Mumbai
E006897,C015,P002,2026-06-30 07:53:46,15.62,76.99,0.45,25.497172,72.238249,Pune
E006898,C005,P003,2026-04-08 04:38:15,5.38,77.21,0.14,24.568581,79.432263,Mumbai
E006899,C033,P003,2026-01-12 21:10:19,6.62,66.26,0.66,20.961514,77.608354,Ahmedabad
E006900,C034,P004,2026-01-15 01:46:13,4.94,86.25,0.18,20.823059,74.959564,Mumbai
E006901,C038,P002,2026-04-13 17:59:09,5.89,74.88,0.5,27.044686,77.994316,Ahmedabad
E006902,C002,P002,2026-06-24 10:38:55,8.94,66.88,0.87,28.368061,70.680926,Pune
E006903,C032,P004,2026-06-08 19:11:32,13.98,72.46,0.35,28.96146,70.653223,Mumbai
E006904,C008,P003,2026-04-26 17:32:09,11.61,64.63,0.2,25.352815,74.419284,Pune
E006905,C042,P002,2026-02-20 23:03:56,5.0,73.82,0.86,26.482628,75.603854,Delhi
E006906,C024,P001,2026-03-23 20:49:47,8.19,93.74,0.34,28.591221,74.867693,Pune
E006907,C049,P003,2026-04-20 16:30:39,8.77,80.35,0.1,21.773112,77.420692,Jaipur
E006908,C001,P001,2026-06-06 07:12:18,12.22,65.54,0.48,29.835625,72.216134,Mumbai
E006909,C013,P003,2026-06-30 21:47:17,8.88,81.1,0.39,27.51819,71.223989,Pune
E006910,C021,P004,2026-06-02 12:34:05,4.88,70.09,0.55,21.316227,74.713647,Pune
E006911,C026,P003,2026-02-04 19:37:31,15.54,66.75,0.59,22.462941,78.258628,Jaipur
E006912,C042,P004,2026-06-07 19:48:31,10.59,74.31,0.76,23.037572,71.181125,Jaipur
E006913,C031,P001,2026-02-17 21:43:18,13.84,91.45,0.97,21.320029,75.675972,Mumbai
E006914,C042,P004,2026-03-06 16:03:02,15.17,88.02,0.19,20.979357,72.193355,Delhi
E006915,C038,P003,2026-04-14 15:20:04,5.17,64.79,0.45,26.410493,77.496258,Pune
E006916,C021,P001,2026-05-09 09:44:09,7.65,72.16,0.22,20.224697,74.730623,Ahmedabad
E006917,C002,P002,2026-03-12 19:08:50,13.45,76.16,0.29,25.519715,74.676507,Pune
E006918,C007,P003,2026-05-11 10:02:12,6.14,68.62,0.1,29.819033,70.684411,Mumbai
E006919,C031,P004,2026-04-01 08:16:39,8.27,92.91,0.23,21.513146,73.149579,Delhi
E006920,C050,P004,2026-05-02 19:47:51,4.33,70.8,0.74,26.777801,74.026473,Ahmedabad
E006921,C010,P004,2026-05-19 23:44:31,12.26,89.62,0.4,25.100483,77.651262,Pune
E006922,C014,P002,2026-01-13 13:46:07,15.34,72.03,0.57,25.862473,76.907477,Mumbai
E006923,C018,P003,2026-04-27 03:40:34,13.44,62.64,0.15,24.127243,73.789819,Ahmedabad
E006924,C013,P004,2026-06-23 00:42:34,8.53,89.4,0.09,28.357074,76.895123,Ahmedabad
E006925,C006,P002,2026-06-17 17:48:34,6.51,83.87,0.77,26.33262,74.653748,Jaipur
E006926,C010,P003,2026-02-12 10:32:33,9.97,68.66,0.75,21.667254,73.207426,Mumbai
E006927,C003,P003,2026-06-03 12:08:23,12.36,84.23,0.66,23.114941,72.47607,Delhi
E006928,C031,P003,2026-04-18 07:20:56,12.73,73.85,0.37,20.773163,72.879385,Pune
E006929,C004,P003,2026-05-18 08:32:54,14.9,78.21,0.06,28.861703,75.379855,Pune
E006930,C008,P002,2026-03-04 14:55:30,6.97,80.28,0.47,24.584163,77.524552,Ahmedabad
E006931,C032,P004,2026-02-27 09:03:28,13.21,80.45,0.92,22.644455,74.893558,Jaipur
E006932,C034,P003,2026-04-13 02:50:38,9.27,76.08,0.43,24.606938,77.06386,Ahmedabad
E006933,C042,P003,2026-03-27 13:21:44,9.35,93.22,0.46,20.56529,71.43916,Jaipur
E006934,C024,P004,2026-01-03 08:22:19,12.87,68.31,0.91,26.087548,78.803058,Mumbai
E006935,C041,P003,2026-02-26 14:59:07,8.91,91.72,0.02,29.904835,72.422127,Delhi
E006936,C016,P001,2026-02-21 18:30:27,12.23,68.13,0.32,28.599106,79.286377,Ahmedabad
E006937,C001,P004,2026-04-05 12:00:11,10.05,88.9,0.47,28.394415,71.334555,Ahmedabad
E006938,C022,P004,2026-05-10 21:54:47,14.06,60.28,0.88,27.89184,73.459026,Ahmedabad
E006939,C011,P003,2026-04-15 10:02:49,10.21,70.35,0.25,25.405499,79.412628,Pune
E006940,C025,P001,2026-05-14 09:57:09,11.32,81.98,0.02,28.389557,74.102806,Mumbai
E006941,C029,P004,2026-03-24 17:41:21,8.4,72.18,0.04,22.483331,76.403803,Mumbai
E006942,C034,P004,2026-05-26 12:42:21,4.42,76.98,0.45,28.610216,71.585599,Ahmedabad
E006943,C013,P002,2026-04-17 00:59:55,15.74,67.13,0.46,26.76977,78.952274,Pune
E006944,C049,P004,2026-04-01 21:38:30,9.04,80.74,0.81,22.450307,70.040349,Mumbai
E006945,C024,P003,2026-01-23 23:31:59,5.67,64.43,0.88,22.878944,76.686568,Ahmedabad
E006946,C015,P004,2026-05-27 00:18:01,15.27,80.85,0.53,27.45958,77.705956,Delhi
E006947,C041,P003,2026-06-05 05:30:33,7.68,66.28,0.75,20.832371,71.036564,Jaipur
E006948,C011,P003,2026-05-01 09:15:00,6.04,77.41,0.64,21.73855,71.608858,Delhi
E006949,C044,P001,2026-01-26 11:22:31,14.46,81.62,0.25,24.777366,79.031788,Mumbai
E006950,C016,P001,2026-05-08 19:21:25,5.64,81.34,0.03,28.773415,72.55489,Jaipur
E006951,C046,P002,2026-02-20 05:24:06,14.61,72.63,0.4,26.218834,79.516725,Ahmedabad
E006952,C008,P004,2026-03-21 14:37:50,8.51,63.36,0.32,25.789554,75.569392,Mumbai
E006953,C035,P003,2026-04-08 05:54:45,12.05,79.43,0.15,25.642153,78.934286,Ahmedabad
E006954,C011,P004,2026-06-16 21:46:50,13.04,81.8,0.11,25.346733,73.432722,Jaipur
E006955,C049,P001,2026-06-21 23:25:16,12.54,65.32,0.84,21.9898,71.181203,Jaipur
E006956,C009,P002,2026-01-23 04:04:10,15.25,93.04,0.54,28.014006,77.853994,Ahmedabad
E006957,C001,P002,2026-03-07 16:36:08,11.37,76.95,0.18,26.660232,78.883477,Ahmedabad
E006958,C005,P002,2026-01-12 06:19:23,4.95,88.06,0.23,20.250915,79.052831,Jaipur
E006959,C033,P002,2026-05-15 05:50:59,9.76,63.88,0.21,22.587861,73.592242,Jaipur
E006960,C027,P003,2026-01-10 04:51:17,9.15,79.94,0.81,25.520012,74.269175,Ahmedabad
E006961,C023,P004,2026-01-06 12:08:53,9.2,69.56,0.99,24.60256,79.017603,Delhi
E006962,C041,P002,2026-04-23 08:01:11,5.72,91.99,0.16,25.537604,70.443906,Mumbai
E006963,C020,P003,2026-04-03 19:14:48,5.69,71.63,0.19,24.975138,76.784078,Pune
E006964,C013,P002,2026-06-29 03:23:35,4.51,67.12,0.65,22.366927,75.26666,Pune
E006965,C017,P001,2026-05-06 22:52:31,5.88,64.39,0.48,21.515113,77.170902,Jaipur
E006966,C004,P003,2026-01-19 22:30:31,5.82,84.19,0.58,26.955224,78.629206,Pune
E006967,C046,P002,2026-03-10 05:43:30,4.21,81.73,0.45,26.606602,76.232742,Pune
E006968,C010,P001,2026-05-05 04:57:04,15.51,71.37,0.95,26.788785,71.01785,Ahmedabad
E006969,C032,P004,2026-03-10 21:23:23,4.94,63.58,0.94,21.807973,77.783329,Delhi
E006970,C021,P002,2026-04-30 00:07:27,15.76,86.47,0.03,27.060172,79.299617,Delhi
E006971,C050,P003,2026-03-20 10:24:33,8.07,64.02,0.22,20.497408,70.978071,Jaipur
E006972,C005,P001,2026-05-17 11:22:51,5.93,68.41,0.36,22.88299,74.890865,Mumbai
E006973,C017,P003,2026-02-13 14:44:47,8.37,68.04,0.61,22.893937,70.150498,Ahmedabad
E006974,C034,P001,2026-04-19 13:20:53,12.39,80.54,0.37,28.485989,75.80647,Jaipur
E006975,C024,P002,2026-04-07 04:41:56,6.53,85.9,0.29,25.847872,72.716499,Jaipur
E006976,C014,P003,2026-05-21 21:00:39,11.67,88.38,0.86,24.407564,77.90461,Mumbai
E006977,C005,P004,2026-01-17 00:46:21,10.56,66.98,0.25,21.617505,79.985366,Ahmedabad
E006978,C007,P002,2026-01-06 11:35:11,7.17,66.17,0.21,22.189626,77.075853,Ahmedabad
E006979,C042,P003,2026-05-30 21:02:42,11.25,62.64,0.05,27.499001,72.087101,Jaipur
E006980,C038,P002,2026-01-25 18:57:06,7.59,61.24,0.02,23.548992,79.208474,Mumbai
E006981,C003,P002,2026-06-17 00:52:34,10.47,77.27,0.5,22.622985,75.573536,Mumbai
E006982,C018,P001,2026-04-30 08:33:33,6.67,68.91,0.19,29.223517,71.064005,Jaipur
E006983,C049,P002,2026-04-29 08:05:51,6.0,65.74,0.53,22.863518,78.153846,Mumbai
E006984,C029,P001,2026-03-21 04:24:16,4.2,82.26,0.21,21.592844,72.758867,Jaipur
E006985,C047,P001,2026-04-23 04:46:22,5.41,82.64,0.13,20.382795,77.92862,Delhi
E006986,C032,P003,2026-02-02 01:25:58,4.68,60.87,0.68,22.27572,75.018794,Pune
E006987,C001,P002,2026-01-11 14:42:01,10.23,63.06,0.73,21.74069,72.257991,Mumbai
E006988,C012,P001,2026-05-01 02:33:21,7.73,90.36,0.43,26.5225,70.17316,Pune
E006989,C047,P003,2026-04-10 11:55:52,10.0,84.04,0.27,27.816582,78.668394,Mumbai
E006990,C007,P004,2026-01-06 07:37:48,4.51,75.37,0.89,25.603203,76.814707,Jaipur
E006991,C018,P003,2026-04-27 21:52:20,8.68,61.56,0.69,24.253491,71.508289,Mumbai
E006992,C012,P004,2026-06-29 12:56:25,8.97,86.28,0.63,28.288704,75.058008,Pune
E006993,C040,P003,2026-02-05 16:29:34,10.66,73.42,0.1,29.100972,73.368389,Mumbai
E006994,C002,P001,2026-05-08 08:25:02,9.9,81.81,0.53,29.866712,73.575296,Jaipur
E006995,C031,P004,2026-04-22 09:36:48,15.51,93.92,0.11,24.177914,70.421048,Mumbai
E006996,C030,P002,2026-05-20 22:29:28,4.07,63.0,0.26,24.533691,76.583992,Pune
E006997,C011,P001,2026-02-20 09:54:40,4.24,63.32,0.52,28.696017,79.224628,Pune
E006998,C031,P001,2026-01-27 05:18:13,8.52,67.28,0.16,28.974354,73.521006,Jaipur
E006999,C013,P004,2026-02-03 08:51:11,13.74,72.38,0.31,25.953624,78.915744,Delhi
E007000,C009,P003,2026-04-24 22:51:36,14.88,73.87,0.48,25.009646,75.98753,Jaipur
E007001,C004,P003,2026-06-06 04:30:48,4.17,88.3,0.17,23.320142,72.772822,Jaipur
E007002,C028,P003,2026-01-31 05:21:27,14.93,63.75,0.18,24.009687,73.687829,Mumbai
E007003,C050,P002,2026-05-15 00:52:25,8.97,86.13,0.06,29.80188,75.38534,Mumbai
E007004,C013,P002,2026-04-03 12:46:59,8.85,82.97,0.59,24.238046,78.690599,Jaipur
E007005,C018,P002,2026-01-18 05:20:51,12.54,71.01,0.54,24.590045,78.12603,Mumbai
E007006,C029,P002,2026-05-28 01:25:07,7.06,93.46,0.14,27.323963,79.4913,Ahmedabad
E007007,C032,P004,2026-02-04 03:43:36,13.59,71.76,0.43,23.96746,77.35498,Delhi
E007008,C036,P002,2026-05-10 02:06:44,15.24,68.0,0.64,20.94794,73.606742,Jaipur
E007009,C021,P003,2026-01-18 11:32:09,8.6,85.18,0.75,27.028284,72.915113,Mumbai
E007010,C046,P003,2026-01-13 14:17:18,5.09,85.54,0.97,27.238198,74.866312,Delhi
E007011,C025,P003,2026-06-12 13:39:37,14.19,87.57,0.77,25.605971,72.922645,Jaipur
E007012,C003,P002,2026-01-02 04:39:46,4.69,60.45,0.8,22.741114,71.373945,Ahmedabad
E007013,C044,P004,2026-06-11 07:17:34,5.34,93.64,0.47,20.959364,73.512371,Jaipur
E007014,C021,P001,2026-01-16 04:31:56,11.54,88.55,0.12,20.312555,72.557343,Delhi
E007015,C047,P001,2026-03-02 11:22:22,15.17,91.16,0.01,21.250023,78.937048,Pune
E007016,C008,P001,2026-01-04 08:47:31,5.73,77.28,0.78,29.057014,71.373676,Delhi
E007017,C025,P001,2026-05-24 20:21:23,14.55,64.16,0.87,21.233033,72.814014,Delhi
E007018,C020,P001,2026-01-19 04:27:17,15.41,86.45,0.52,29.246516,74.131451,Ahmedabad
E007019,C048,P003,2026-04-10 11:36:24,13.68,73.69,0.38,27.684601,73.093636,Ahmedabad
E007020,C023,P003,2026-06-26 10:06:43,7.32,66.85,0.77,21.12483,74.794226,Mumbai
E007021,C049,P003,2026-03-15 03:44:08,11.4,92.37,0.43,25.627597,78.468829,Pune
E007022,C031,P004,2026-06-15 19:51:26,7.53,75.98,0.93,24.057452,71.884614,Jaipur
E007023,C005,P004,2026-03-21 23:08:50,9.41,61.62,0.92,29.671193,74.273268,Jaipur
E007024,C035,P002,2026-05-12 00:52:37,14.94,72.15,0.61,24.995003,79.120937,Mumbai
E007025,C047,P002,2026-04-27 13:23:21,4.91,90.38,0.53,28.332492,78.618358,Delhi
E007026,C016,P004,2026-06-20 02:29:09,9.34,84.58,0.57,21.555223,70.641651,Mumbai
E007027,C041,P004,2026-05-29 00:10:59,8.05,89.3,0.13,23.812119,78.491564,Delhi
E007028,C024,P002,2026-04-05 09:08:01,9.02,75.03,0.07,20.927341,75.567732,Pune
E007029,C010,P002,2026-01-05 05:34:56,10.05,61.79,0.45,26.141304,79.793669,Ahmedabad
E007030,C005,P001,2026-02-27 16:50:43,10.82,94.29,0.89,25.693975,79.389651,Jaipur
E007031,C040,P004,2026-05-02 05:50:29,14.88,77.25,0.93,20.544772,70.805339,Mumbai
E007032,C011,P002,2026-02-20 13:51:10,4.06,62.2,0.2,24.703649,74.407351,Ahmedabad
E007033,C031,P001,2026-05-18 03:45:17,11.86,87.31,0.24,25.947111,75.80979,Mumbai
E007034,C039,P004,2026-04-17 21:36:58,12.87,65.46,0.51,26.531535,71.620866,Delhi
E007035,C047,P003,2026-03-05 04:45:42,13.9,93.58,0.7,28.163979,78.987652,Pune
E007036,C011,P004,2026-04-16 22:37:36,5.72,92.02,0.97,28.287178,76.883421,Mumbai
E007037,C005,P002,2026-06-21 23:57:26,6.8,76.55,0.64,21.040313,75.218606,Pune
E007038,C020,P003,2026-03-10 19:47:30,12.92,80.61,0.07,29.868024,79.446062,Pune
E007039,C020,P002,2026-05-09 22:23:28,12.62,69.69,0.06,22.530617,71.19014,Delhi
E007040,C047,P001,2026-03-31 21:09:40,7.4,70.19,0.62,22.616157,77.735745,Pune
E007041,C008,P004,2026-04-15 00:56:16,9.63,87.36,0.21,23.406416,78.782667,Jaipur
E007042,C037,P004,2026-06-22 03:58:30,15.54,67.4,0.04,29.979556,79.949717,Jaipur
E007043,C038,P004,2026-02-08 19:08:16,5.34,79.38,0.75,21.132977,72.281101,Ahmedabad
E007044,C047,P003,2026-05-26 04:21:35,4.5,71.39,0.5,20.799363,79.580242,Ahmedabad
E007045,C023,P002,2026-02-17 01:42:48,4.53,83.5,0.28,26.898355,70.563301,Mumbai
E007046,C041,P004,2026-03-22 10:01:28,9.39,88.84,0.91,24.410276,74.961245,Jaipur
E007047,C005,P004,2026-01-30 17:55:11,13.16,70.99,0.35,21.435465,78.090693,Ahmedabad
E007048,C025,P001,2026-02-25 04:54:34,8.98,62.61,0.48,29.767028,77.552085,Jaipur
E007049,C003,P004,2026-04-21 23:39:34,14.43,78.31,0.61,26.210926,76.90552,Jaipur
E007050,C018,P002,2026-06-29 12:49:20,7.66,85.53,0.49,28.28043,79.177095,Jaipur
E007051,C026,P003,2026-06-24 02:28:44,10.89,90.57,0.58,24.491867,70.866063,Jaipur
E007052,C008,P004,2026-05-27 04:24:15,13.02,78.58,0.94,25.990175,73.675324,Ahmedabad
E007053,C049,P001,2026-01-19 10:42:47,8.51,90.75,0.04,23.487527,71.525557,Jaipur
E007054,C025,P003,2026-05-21 11:04:05,4.9,91.33,0.74,28.738065,76.502248,Pune
E007055,C018,P004,2026-06-26 02:43:56,13.45,90.4,0.96,25.478327,74.812525,Delhi
E007056,C040,P001,2026-05-08 02:57:39,10.25,88.19,0.79,25.280704,78.61742,Mumbai
E007057,C013,P002,2026-04-26 14:34:15,4.81,93.83,0.05,29.815872,76.991523,Delhi
E007058,C031,P001,2026-05-30 23:39:26,15.67,77.12,0.98,29.821478,73.642564,Delhi
E007059,C033,P003,2026-05-03 11:16:38,15.64,63.53,0.89,28.35358,72.89523,Mumbai
E007060,C039,P004,2026-05-11 15:19:50,8.79,91.66,0.13,23.352856,78.675166,Mumbai
E007061,C033,P003,2026-01-13 02:13:09,15.33,67.07,0.43,21.910748,77.300911,Ahmedabad
E007062,C007,P001,2026-05-02 18:11:59,10.49,66.05,0.74,23.477811,75.262391,Delhi
E007063,C026,P002,2026-04-04 23:48:22,7.07,62.6,0.93,29.245163,76.962883,Ahmedabad
E007064,C010,P001,2026-01-15 20:55:10,8.46,87.0,0.36,22.269196,79.218992,Mumbai
E007065,C014,P004,2026-06-29 08:35:32,12.23,92.12,0.05,24.372692,74.778814,Jaipur
E007066,C001,P002,2026-02-10 03:46:28,11.62,68.97,0.98,22.586362,75.250326,Ahmedabad
E007067,C047,P002,2026-05-09 18:51:52,5.74,81.95,0.52,26.711591,72.78785,Mumbai
E007068,C009,P002,2026-01-14 20:06:36,5.92,78.76,0.43,27.696443,70.977563,Pune
E007069,C001,P002,2026-02-16 14:13:26,5.94,85.14,0.38,29.045464,70.13462,Pune
E007070,C034,P002,2026-03-13 11:02:16,7.02,66.86,0.56,21.975662,70.65397,Mumbai
E007071,C049,P001,2026-05-26 13:06:07,9.53,66.59,0.56,26.696692,70.011479,Mumbai
E007072,C017,P003,2026-05-14 20:10:50,11.18,67.22,0.62,23.127793,78.732941,Jaipur
E007073,C012,P004,2026-04-21 13:04:46,11.19,78.18,0.31,22.623272,75.065814,Mumbai
E007074,C034,P004,2026-01-27 23:13:24,8.2,79.72,0.67,28.284271,79.760698,Jaipur
E007075,C004,P003,2026-04-09 16:39:49,5.91,90.13,0.25,23.982587,78.917939,Ahmedabad
E007076,C031,P004,2026-01-02 06:17:36,13.57,85.88,0.72,26.726358,72.909814,Jaipur
E007077,C012,P003,2026-03-17 11:12:13,14.98,66.21,0.63,21.400026,72.136879,Pune
E007078,C029,P001,2026-06-02 06:21:39,8.05,63.19,0.18,25.668877,70.900786,Jaipur
E007079,C009,P001,2026-01-25 01:25:48,9.81,64.31,0.01,29.649371,70.291949,Jaipur
E007080,C019,P003,2026-03-30 12:39:49,8.91,64.91,0.98,25.01605,75.515619,Ahmedabad
E007081,C024,P002,2026-06-12 20:05:17,7.5,77.3,0.25,26.311194,73.109747,Delhi
E007082,C025,P001,2026-02-16 06:37:04,7.79,60.75,0.8,27.182225,77.900367,Ahmedabad
E007083,C026,P003,2026-06-26 10:14:32,4.53,86.16,0.99,24.498674,71.519198,Pune
E007084,C038,P004,2026-01-03 14:12:13,10.03,78.32,0.86,28.87169,75.782786,Pune
E007085,C021,P001,2026-06-01 16:39:18,8.21,87.53,0.24,25.716598,76.682924,Jaipur
E007086,C042,P002,2026-05-30 19:39:51,10.91,72.05,0.52,28.381272,74.72701,Mumbai
E007087,C014,P002,2026-05-09 08:41:32,14.45,77.43,0.47,25.974633,71.548706,Mumbai
E007088,C050,P004,2026-06-02 05:46:28,10.23,91.39,0.29,21.980345,74.020508,Pune
E007089,C011,P001,2026-01-03 02:58:00,10.7,90.7,0.58,23.619723,71.486485,Jaipur
E007090,C046,P003,2026-04-01 19:48:36,11.11,78.84,0.88,28.715748,72.244282,Ahmedabad
E007091,C049,P002,2026-05-26 05:14:20,12.92,88.65,0.15,22.079239,77.351918,Ahmedabad
E007092,C019,P002,2026-01-15 04:58:18,10.76,71.88,0.71,26.28896,75.547289,Ahmedabad
E007093,C042,P003,2026-03-27 15:15:18,7.7,72.36,0.4,28.578347,73.356091,Mumbai
E007094,C001,P002,2026-01-22 18:01:14,11.25,68.73,0.38,27.121702,70.976424,Mumbai
E007095,C013,P001,2026-03-28 00:12:20,10.58,84.49,0.91,27.972827,71.334632,Pune
E007096,C030,P002,2026-02-14 13:03:27,5.42,78.99,0.76,27.687199,74.830224,Ahmedabad
E007097,C001,P002,2026-04-03 06:39:45,6.06,66.03,0.75,22.395998,75.713846,Mumbai
E007098,C050,P002,2026-04-21 15:23:53,8.51,78.08,0.66,22.896806,74.143911,Ahmedabad
E007099,C038,P001,2026-04-22 01:50:45,7.94,65.24,0.52,22.110754,77.84412,Ahmedabad
E007100,C018,P004,2026-04-17 18:00:05,11.85,69.29,0.3,20.289098,78.887493,Mumbai
E007101,C027,P004,2026-04-01 05:24:37,12.07,67.97,0.34,27.952765,70.74597,Pune
E007102,C029,P002,2026-01-26 21:34:17,10.17,71.13,0.73,23.077549,72.048544,Jaipur
E007103,C016,P003,2026-03-03 08:25:07,14.19,93.99,0.03,23.231882,73.834779,Jaipur
E007104,C006,P004,2026-03-21 21:09:39,8.28,91.23,0.99,26.013713,75.926616,Pune
E007105,C013,P003,2026-02-07 14:09:06,6.07,90.42,0.7,25.446365,79.653175,Ahmedabad
E007106,C002,P001,2026-01-04 14:33:42,4.86,79.2,0.96,24.730267,78.718496,Pune
E007107,C026,P003,2026-04-25 00:58:01,7.26,83.4,0.65,20.994106,70.125247,Pune
E007108,C002,P002,2026-05-29 11:18:33,14.33,66.7,0.72,26.173985,72.083627,Mumbai
E007109,C043,P002,2026-03-01 16:01:28,14.55,61.05,0.62,22.349129,72.462593,Pune
E007110,C027,P002,2026-06-12 16:22:51,7.73,63.79,0.29,20.420174,75.541844,Delhi
E007111,C037,P003,2026-02-19 18:32:46,13.4,83.45,0.25,20.401131,72.304821,Pune
E007112,C027,P004,2026-04-02 18:19:16,8.7,79.66,0.84,25.656441,78.603576,Mumbai
E007113,C022,P001,2026-06-27 11:24:24,14.97,84.05,0.72,21.105876,76.136089,Ahmedabad
E007114,C050,P002,2026-04-12 14:19:57,8.83,88.78,0.2,27.789844,72.868315,Jaipur
E007115,C028,P003,2026-04-30 13:14:22,9.5,60.78,0.7,27.002963,76.104653,Ahmedabad
E007116,C027,P001,2026-06-26 13:25:22,11.1,80.26,0.57,24.788786,74.744989,Jaipur
E007117,C017,P001,2026-01-18 19:11:17,6.27,71.33,0.1,21.953491,71.029782,Jaipur
E007118,C005,P004,2026-01-03 20:37:06,6.24,89.38,0.09,26.565616,78.933306,Mumbai
E007119,C030,P004,2026-02-10 06:52:30,7.51,92.08,0.52,26.488071,72.608255,Mumbai
E007120,C021,P003,2026-05-20 22:01:33,4.28,91.89,0.2,21.114236,78.870991,Delhi
E007121,C049,P002,2026-02-03 04:19:57,9.81,73.27,0.44,29.277106,78.996665,Jaipur
E007122,C044,P001,2026-01-25 18:42:09,15.07,85.8,0.89,28.961154,75.845687,Mumbai
E007123,C030,P004,2026-05-05 02:04:55,5.99,82.61,0.84,24.219664,72.411925,Delhi
E007124,C029,P004,2026-05-18 15:06:55,4.65,60.34,0.48,24.346055,70.451438,Ahmedabad
E007125,C035,P003,2026-01-28 12:24:01,5.33,69.17,0.85,29.79263,70.22931,Delhi
E007126,C001,P003,2026-06-22 05:19:18,7.32,68.27,0.76,27.141964,75.682118,Jaipur
E007127,C021,P004,2026-05-26 09:33:15,4.22,77.51,0.1,29.331599,74.034132,Pune
E007128,C025,P002,2026-01-10 23:05:46,7.89,72.86,0.82,28.560431,74.465442,Ahmedabad
E007129,C043,P001,2026-03-18 13:16:45,8.0,68.85,0.18,27.813886,70.961844,Pune
E007130,C047,P003,2026-06-14 19:24:46,4.01,90.74,0.76,25.80074,72.548662,Jaipur
E007131,C022,P002,2026-01-29 05:18:46,14.35,61.59,0.72,20.669842,79.382934,Mumbai
E007132,C002,P004,2026-03-05 19:50:53,6.95,84.42,0.77,23.204318,72.155198,Delhi
E007133,C043,P002,2026-01-12 12:24:06,13.39,61.63,0.54,27.309914,71.15325,Ahmedabad
E007134,C037,P004,2026-05-20 02:53:19,13.89,73.79,0.63,22.479404,78.780419,Mumbai
E007135,C042,P001,2026-03-19 01:12:08,12.55,70.46,0.87,24.160687,71.13155,Mumbai
E007136,C010,P001,2026-03-03 06:49:52,4.68,77.74,0.85,29.950941,79.257145,Delhi
E007137,C039,P001,2026-02-12 03:22:08,4.56,78.15,0.13,25.251678,72.867477,Delhi
E007138,C016,P001,2026-05-28 16:03:33,14.39,79.3,0.72,23.576754,76.673132,Ahmedabad
E007139,C049,P004,2026-06-06 07:26:07,7.12,88.79,1.0,21.049327,74.347472,Pune
E007140,C043,P002,2026-02-20 14:41:07,11.26,61.61,0.17,27.453884,70.055547,Ahmedabad
E007141,C019,P004,2026-04-02 05:28:19,10.29,60.63,0.56,21.809966,78.997985,Delhi
E007142,C047,P002,2026-03-08 06:41:45,4.54,70.61,0.38,20.020587,72.433281,Mumbai
E007143,C009,P001,2026-04-15 05:52:55,6.64,65.56,0.18,24.102251,78.760214,Ahmedabad
E007144,C017,P003,2026-01-02 14:09:19,15.9,71.55,0.2,25.521115,70.462777,Delhi
E007145,C050,P002,2026-06-13 20:18:59,14.03,60.46,0.29,27.130607,78.272942,Jaipur
E007146,C009,P003,2026-05-16 03:45:58,11.59,69.55,0.14,22.780471,71.978241,Mumbai
E007147,C043,P004,2026-03-15 13:31:52,14.47,69.51,0.95,28.723928,70.373398,Pune
E007148,C006,P004,2026-01-16 14:11:37,5.05,71.15,0.68,26.746258,78.418077,Mumbai
E007149,C049,P004,2026-04-16 00:40:23,15.52,90.31,0.32,26.605309,77.544085,Mumbai
E007150,C032,P004,2026-04-14 19:38:20,13.98,72.98,0.29,27.45719,73.361068,Delhi
E007151,C039,P001,2026-01-23 03:47:32,13.08,74.75,0.15,21.717317,79.897356,Jaipur
E007152,C016,P002,2026-03-11 19:20:14,7.49,60.07,0.09,26.218421,75.770565,Jaipur
E007153,C039,P003,2026-01-16 11:08:28,10.64,83.56,0.36,23.400924,78.804656,Ahmedabad
E007154,C040,P002,2026-06-13 05:18:41,15.67,78.65,0.5,28.326887,77.223442,Delhi
E007155,C050,P002,2026-06-01 19:19:28,12.87,79.96,0.28,22.846023,78.757937,Jaipur
E007156,C025,P002,2026-06-30 23:50:19,4.89,83.32,0.65,21.612338,76.218694,Mumbai
E007157,C027,P001,2026-04-06 23:00:48,11.01,72.38,0.51,20.447149,74.932473,Delhi
E007158,C033,P004,2026-01-22 06:52:53,9.1,83.25,0.24,27.744699,74.146271,Delhi
E007159,C028,P003,2026-03-09 20:28:19,8.48,92.81,0.66,20.506799,76.117581,Mumbai
E007160,C029,P002,2026-02-01 03:10:13,12.8,63.46,0.89,20.91631,72.274073,Pune
E007161,C049,P003,2026-01-04 22:55:13,9.13,91.31,0.72,27.127772,78.625386,Jaipur
E007162,C004,P004,2026-01-16 17:04:12,8.0,60.04,0.05,27.568135,71.526059,Pune
E007163,C049,P003,2026-05-23 02:43:19,15.51,79.62,0.99,24.891882,74.744812,Jaipur
E007164,C040,P003,2026-06-12 08:30:11,11.5,89.28,0.25,28.125789,71.148344,Ahmedabad
E007165,C005,P002,2026-06-16 16:45:50,6.73,83.55,0.72,20.189988,71.685673,Pune
E007166,C049,P004,2026-03-16 23:07:00,5.7,76.29,0.61,24.541555,78.905323,Mumbai
E007167,C017,P004,2026-04-04 18:54:23,14.6,80.37,0.35,28.334456,76.188171,Jaipur
E007168,C046,P002,2026-06-09 03:52:12,7.27,75.27,0.81,26.971472,77.523866,Delhi
E007169,C012,P004,2026-05-29 05:32:21,5.4,84.72,0.07,24.457852,72.08433,Jaipur
E007170,C038,P001,2026-05-03 07:41:53,5.5,62.32,0.81,21.958804,79.37941,Mumbai
E007171,C027,P001,2026-04-28 23:09:30,6.58,68.23,0.49,28.13544,71.75899,Pune
E007172,C050,P004,2026-02-16 13:03:15,13.88,84.09,0.47,22.983964,73.720302,Pune
E007173,C022,P001,2026-05-10 00:45:14,15.52,62.36,0.08,21.130801,75.135744,Jaipur
E007174,C046,P001,2026-01-07 00:56:55,8.98,71.61,0.71,23.028791,74.707677,Pune
E007175,C002,P002,2026-06-06 19:24:57,6.92,66.56,0.56,29.440803,77.076475,Ahmedabad
E007176,C042,P004,2026-02-04 04:42:49,13.78,60.84,0.65,29.204157,79.422185,Mumbai
E007177,C008,P004,2026-05-29 22:45:05,12.22,77.83,0.82,27.374574,73.463146,Ahmedabad
E007178,C032,P003,2026-02-19 14:23:08,4.75,85.55,0.27,23.940628,74.421207,Pune
E007179,C005,P003,2026-04-28 10:31:40,13.37,63.23,0.02,20.199744,78.387596,Ahmedabad
E007180,C031,P001,2026-03-17 00:48:22,7.07,81.15,0.06,24.550528,78.209749,Jaipur
E007181,C018,P001,2026-02-27 06:12:52,7.51,84.75,0.09,20.359008,72.703048,Pune
E007182,C045,P002,2026-01-05 04:15:14,6.55,88.49,0.63,28.409061,75.063836,Ahmedabad
E007183,C014,P002,2026-02-08 20:07:02,15.92,64.05,0.03,26.265764,77.816369,Jaipur
E007184,C028,P003,2026-03-10 08:02:16,13.53,70.82,0.44,24.19559,78.271239,Mumbai
E007185,C041,P001,2026-03-20 15:45:02,7.18,84.56,0.59,21.548214,72.984743,Jaipur
E007186,C042,P004,2026-03-01 06:03:35,10.85,75.21,0.97,27.991811,74.105545,Mumbai
E007187,C029,P002,2026-05-15 05:49:43,7.94,90.96,0.83,24.824921,79.218131,Pune
E007188,C043,P004,2026-05-12 14:04:40,11.71,74.86,0.88,29.833217,74.429344,Delhi
E007189,C011,P001,2026-05-20 19:08:53,9.49,64.11,0.48,24.479332,75.168934,Pune
E007190,C023,P004,2026-01-04 00:14:48,10.13,82.02,0.43,28.897998,71.390935,Jaipur
E007191,C014,P004,2026-06-27 11:03:15,10.25,87.35,0.06,28.597035,72.285732,Jaipur
E007192,C031,P002,2026-06-06 05:48:57,15.14,86.88,0.69,22.791493,70.827157,Pune
E007193,C046,P002,2026-03-09 11:31:37,7.62,90.15,0.57,23.789278,73.787061,Jaipur
E007194,C008,P002,2026-04-04 00:35:34,8.14,60.57,0.85,22.311911,73.539728,Jaipur
E007195,C024,P001,2026-05-27 15:06:14,9.2,93.72,0.23,20.677001,79.529882,Delhi
E007196,C004,P003,2026-05-31 18:46:03,6.24,80.95,0.07,22.031978,73.158479,Pune
E007197,C042,P003,2026-04-01 19:14:08,13.0,85.79,0.65,28.949794,71.117327,Mumbai
E007198,C027,P004,2026-06-04 15:42:30,7.71,80.62,0.34,23.95039,76.146037,Delhi
E007199,C006,P003,2026-02-26 15:37:51,11.9,79.64,0.85,23.233038,74.302983,Ahmedabad
E007200,C034,P002,2026-03-06 07:20:43,12.04,85.62,0.07,23.694786,72.555853,Ahmedabad
E007201,C044,P001,2026-01-24 02:50:58,6.31,78.45,0.56,21.142874,76.792357,Pune
E007202,C004,P001,2026-03-20 21:07:07,4.38,70.85,0.21,20.301532,73.033405,Ahmedabad
E007203,C006,P001,2026-05-08 00:19:30,10.19,69.28,0.7,20.950619,72.314186,Jaipur
E007204,C010,P004,2026-05-28 15:45:00,7.19,60.19,0.33,27.007809,71.689386,Mumbai
E007205,C001,P002,2026-04-04 22:39:31,13.59,89.41,0.16,24.420908,73.537492,Jaipur
E007206,C024,P002,2026-02-22 05:44:32,11.93,70.07,0.99,27.379074,74.466236,Jaipur
E007207,C031,P001,2026-03-15 15:16:31,10.15,66.04,0.98,28.165597,77.330556,Jaipur
E007208,C022,P004,2026-02-28 01:11:50,15.55,75.86,0.92,20.193453,76.013518,Jaipur
E007209,C027,P002,2026-03-11 16:21:21,10.74,82.36,0.32,20.521906,71.946377,Jaipur
E007210,C006,P003,2026-04-26 07:26:15,13.89,77.71,0.31,26.178215,76.768014,Mumbai
E007211,C047,P001,2026-01-16 14:11:14,8.02,68.55,0.25,21.508455,76.226973,Jaipur
E007212,C019,P003,2026-02-06 05:13:48,7.87,93.3,0.16,27.364627,77.055151,Delhi
E007213,C008,P003,2026-04-29 18:32:54,12.76,94.44,0.62,28.862793,75.771146,Ahmedabad
E007214,C033,P004,2026-01-10 06:35:15,4.24,90.03,0.12,28.916605,72.94975,Ahmedabad
E007215,C024,P003,2026-02-28 08:23:41,7.01,71.49,0.64,26.898356,77.034381,Ahmedabad
E007216,C020,P003,2026-05-19 02:51:32,7.46,73.22,0.12,22.203603,76.056599,Delhi
E007217,C016,P002,2026-03-26 00:10:52,13.27,79.76,0.09,24.614856,76.569011,Ahmedabad
E007218,C023,P003,2026-06-12 13:31:11,6.12,70.9,0.99,28.537564,71.308152,Pune
E007219,C028,P003,2026-06-15 13:26:55,7.08,72.75,0.03,20.835754,72.397949,Pune
E007220,C047,P003,2026-01-20 17:30:28,5.7,89.17,0.82,26.530765,73.344181,Jaipur
E007221,C006,P002,2026-02-25 15:59:02,14.3,62.22,0.72,21.625395,76.487472,Pune
E007222,C047,P004,2026-03-02 06:33:48,7.33,86.75,0.51,22.295289,74.241305,Jaipur
E007223,C013,P002,2026-03-31 16:16:31,12.27,93.77,0.45,22.996,74.928901,Mumbai
E007224,C023,P002,2026-05-02 03:42:27,12.35,81.09,0.45,27.263318,70.556291,Pune
E007225,C015,P002,2026-05-08 01:51:03,9.31,87.7,0.82,23.56333,73.063393,Ahmedabad
E007226,C031,P004,2026-05-16 08:05:13,7.77,81.56,0.26,27.150478,77.447057,Jaipur
E007227,C011,P002,2026-03-21 06:10:51,6.62,92.16,0.73,23.852852,79.017441,Delhi
E007228,C024,P002,2026-01-10 05:36:47,10.46,86.67,0.95,23.573891,75.553356,Ahmedabad
E007229,C031,P004,2026-05-27 05:20:55,7.92,70.66,0.81,21.287344,75.811298,Pune
E007230,C021,P002,2026-01-22 00:09:49,8.07,66.58,0.87,23.272401,72.044601,Pune
E007231,C047,P001,2026-01-31 23:21:10,8.11,90.49,0.59,28.661122,79.040425,Pune
E007232,C001,P002,2026-01-14 01:10:00,6.94,76.12,0.45,29.798646,72.887734,Pune
E007233,C041,P003,2026-06-10 15:27:38,4.72,84.75,0.64,26.239802,72.665903,Ahmedabad
E007234,C030,P002,2026-02-23 18:21:04,11.81,83.39,0.87,21.072006,78.869253,Delhi
E007235,C020,P003,2026-01-03 22:45:41,7.74,87.51,0.09,28.118722,73.164961,Ahmedabad
E007236,C026,P004,2026-05-14 00:49:35,10.84,74.9,0.9,21.581108,74.091386,Pune
E007237,C028,P001,2026-03-07 00:29:26,7.25,88.28,0.5,24.487379,71.408724,Ahmedabad
E007238,C039,P003,2026-06-02 22:24:29,4.62,79.24,0.16,22.291578,78.778111,Jaipur
E007239,C045,P004,2026-03-12 03:16:58,9.34,88.97,0.58,29.178609,70.395508,Mumbai
E007240,C029,P001,2026-02-10 12:41:54,5.74,62.16,0.53,23.224277,76.961135,Delhi
E007241,C024,P004,2026-04-24 20:53:46,9.66,64.18,0.93,24.069894,79.103231,Pune
E007242,C025,P002,2026-03-31 03:21:46,7.94,77.06,0.48,24.412177,75.260003,Pune
E007243,C012,P004,2026-06-09 00:23:43,10.96,80.43,0.3,25.47432,71.348611,Delhi
E007244,C033,P003,2026-02-22 04:26:20,13.67,74.84,0.46,27.925072,73.977684,Delhi
E007245,C033,P001,2026-05-26 13:23:38,10.55,63.16,0.43,29.323969,76.742206,Jaipur
E007246,C022,P002,2026-02-02 07:14:47,15.57,94.45,0.26,27.899007,71.563411,Mumbai
E007247,C012,P003,2026-03-17 10:41:51,11.17,67.08,0.1,24.83301,75.627175,Jaipur
E007248,C010,P003,2026-01-20 07:54:16,8.45,64.59,0.24,28.109316,79.117026,Jaipur
E007249,C022,P003,2026-06-08 19:55:31,8.47,67.1,0.54,29.589237,76.784719,Mumbai
E007250,C040,P003,2026-05-22 05:17:22,12.92,72.05,0.98,23.143409,74.243776,Delhi
E007251,C023,P004,2026-04-15 12:53:08,9.09,77.0,0.37,26.169562,74.815812,Pune
E007252,C006,P002,2026-06-30 18:28:20,15.51,92.69,0.41,21.696441,72.522471,Jaipur
E007253,C037,P004,2026-06-22 01:18:03,14.68,85.48,0.07,22.24797,72.927941,Pune
E007254,C032,P001,2026-02-21 05:49:22,11.45,68.05,0.75,29.158077,74.02132,Pune
E007255,C033,P003,2026-01-20 02:53:23,10.96,91.87,0.2,21.600311,71.314128,Pune
E007256,C014,P004,2026-01-11 02:51:22,10.97,65.64,0.12,29.84272,79.743854,Ahmedabad
E007257,C008,P003,2026-02-18 22:14:22,14.35,92.4,0.78,25.03299,76.87077,Delhi
E007258,C008,P003,2026-02-08 00:49:32,4.71,67.05,0.22,29.904013,76.832266,Jaipur
E007259,C016,P004,2026-02-03 10:47:35,11.46,69.73,0.28,22.622905,71.80199,Pune
E007260,C037,P004,2026-05-20 00:06:32,14.03,89.22,0.69,27.374786,78.24608,Jaipur
E007261,C006,P001,2026-05-28 07:37:27,14.52,78.99,0.62,27.866546,70.872387,Ahmedabad
E007262,C041,P001,2026-04-09 14:44:19,5.74,77.2,0.6,26.571411,73.889358,Mumbai
E007263,C023,P002,2026-02-08 22:42:55,15.37,70.93,0.43,29.177802,76.020695,Ahmedabad
E007264,C027,P004,2026-05-15 05:42:37,15.09,86.22,0.72,25.415015,72.244387,Jaipur
E007265,C040,P003,2026-06-02 11:23:11,5.68,77.57,0.97,20.633726,78.889935,Ahmedabad
E007266,C026,P002,2026-03-16 16:03:51,4.1,85.26,0.59,22.879815,74.005362,Mumbai
E007267,C020,P002,2026-06-21 18:53:57,10.96,73.92,0.87,20.354078,77.229269,Pune
E007268,C047,P002,2026-06-15 21:38:55,9.43,86.33,0.2,25.607662,71.694328,Delhi
E007269,C039,P004,2026-03-23 02:38:45,15.64,67.74,0.94,26.0915,78.05094,Jaipur
E007270,C002,P001,2026-04-14 03:25:11,15.17,66.62,0.16,20.549973,75.556076,Ahmedabad
E007271,C009,P003,2026-04-17 02:52:38,6.8,74.62,0.2,20.373275,79.265793,Jaipur
E007272,C046,P001,2026-05-27 00:32:36,11.72,81.84,0.33,22.386231,76.735697,Mumbai
E007273,C039,P004,2026-06-28 01:31:20,5.5,77.41,0.83,20.638855,78.951145,Pune
E007274,C046,P004,2026-02-12 03:17:55,4.82,90.79,0.47,22.881893,73.837005,Mumbai
E007275,C038,P004,2026-02-27 07:08:10,11.33,67.27,0.35,25.661463,73.151134,Ahmedabad
E007276,C010,P003,2026-05-24 16:02:11,10.12,60.9,0.25,20.784673,77.360461,Jaipur
E007277,C036,P003,2026-03-19 23:06:53,10.3,90.53,0.23,29.775177,74.043751,Delhi
E007278,C014,P004,2026-06-06 04:09:21,12.99,69.9,0.38,27.705171,78.63304,Delhi
E007279,C016,P001,2026-05-01 13:06:37,6.46,70.96,0.72,29.174497,78.734833,Pune
E007280,C001,P002,2026-03-03 00:59:56,9.04,93.32,0.93,23.197486,79.600582,Jaipur
E007281,C019,P001,2026-03-12 11:37:07,9.22,88.71,0.84,21.046744,78.473458,Jaipur
E007282,C049,P001,2026-03-22 18:30:35,13.54,72.05,0.5,23.660261,72.233703,Mumbai
E007283,C038,P003,2026-03-17 19:24:02,13.65,62.71,0.74,23.864118,78.448896,Ahmedabad
E007284,C035,P001,2026-01-06 12:01:49,10.56,70.54,0.3,26.127064,72.737299,Delhi
E007285,C012,P004,2026-04-12 10:56:33,13.47,81.21,0.46,23.409998,71.289524,Jaipur
E007286,C049,P004,2026-01-30 16:38:10,8.17,87.44,1.0,27.553016,78.030834,Jaipur
E007287,C009,P003,2026-04-02 23:13:39,4.79,93.28,0.14,28.05958,77.953448,Pune
E007288,C031,P004,2026-03-24 22:20:43,10.08,73.05,0.68,29.346492,70.635507,Ahmedabad
E007289,C023,P001,2026-05-17 14:17:01,13.85,84.41,0.05,28.751185,78.643427,Mumbai
E007290,C032,P001,2026-05-27 13:31:28,12.94,83.07,0.9,24.670261,79.984699,Mumbai
E007291,C017,P001,2026-01-16 13:44:24,10.62,89.39,0.75,27.347237,77.507373,Ahmedabad
E007292,C028,P001,2026-05-03 09:02:10,9.05,92.38,0.44,28.199328,79.017936,Ahmedabad
E007293,C037,P003,2026-01-13 20:49:52,11.96,82.43,0.59,27.712972,75.406453,Jaipur
E007294,C029,P003,2026-03-01 11:50:40,12.64,60.36,0.45,26.48992,77.589548,Pune
E007295,C006,P004,2026-06-16 05:32:29,14.08,89.76,0.26,27.676783,78.890055,Mumbai
E007296,C014,P003,2026-04-20 22:22:51,11.73,93.31,0.95,24.52138,76.04986,Mumbai
E007297,C009,P002,2026-04-11 08:06:26,7.98,74.24,0.3,29.102635,74.739454,Delhi
E007298,C034,P001,2026-01-21 03:33:32,5.88,80.59,0.58,27.404349,72.023854,Pune
E007299,C011,P002,2026-03-09 03:15:24,10.37,88.16,0.74,26.848323,78.386724,Ahmedabad
E007300,C035,P002,2026-04-15 23:46:42,10.41,82.72,0.91,27.917942,76.181061,Jaipur
E007301,C003,P002,2026-01-18 08:10:51,9.53,68.78,0.43,21.910934,74.960205,Jaipur
E007302,C006,P003,2026-01-13 13:36:51,14.54,78.46,0.39,24.090599,76.377376,Delhi
E007303,C005,P001,2026-05-31 02:18:12,12.43,84.02,0.87,23.093605,76.684202,Delhi
E007304,C041,P001,2026-03-28 12:39:06,5.73,78.34,0.05,29.710777,71.505072,Jaipur
E007305,C015,P001,2026-06-12 06:30:37,7.98,74.85,0.13,20.02677,79.544052,Pune
E007306,C007,P003,2026-06-02 08:54:41,7.38,93.71,0.3,27.516353,74.254906,Ahmedabad
E007307,C036,P001,2026-03-08 23:13:53,13.0,91.4,0.11,22.743785,76.16467,Ahmedabad
E007308,C013,P003,2026-05-30 09:06:53,14.49,85.08,0.16,22.310562,74.782471,Pune
E007309,C004,P003,2026-04-11 14:36:24,8.53,87.97,0.23,29.140823,78.382631,Pune
E007310,C030,P003,2026-04-02 02:18:08,8.53,83.7,0.07,20.180519,74.557846,Mumbai
E007311,C035,P001,2026-06-15 06:39:38,4.42,83.65,0.23,23.70092,74.949934,Jaipur
E007312,C029,P004,2026-02-12 21:02:51,15.51,67.26,0.33,25.835001,79.285153,Ahmedabad
E007313,C005,P003,2026-03-07 11:00:57,10.11,91.38,0.41,24.502907,77.440715,Pune
E007314,C006,P002,2026-06-19 07:21:21,9.54,91.25,0.52,24.687785,71.649034,Mumbai
E007315,C014,P003,2026-04-23 23:31:39,6.55,77.55,0.02,24.212561,76.84139,Mumbai
E007316,C005,P004,2026-01-27 09:36:31,9.74,68.16,0.44,28.454096,79.509526,Pune
E007317,C014,P002,2026-03-25 22:13:33,4.59,86.65,0.79,27.105532,74.307239,Ahmedabad
E007318,C001,P003,2026-04-12 12:55:01,7.97,72.71,0.81,24.616462,75.430976,Ahmedabad
E007319,C036,P002,2026-03-05 12:34:33,8.82,73.77,0.75,26.988137,76.407184,Jaipur
E007320,C030,P004,2026-02-03 23:22:33,15.57,73.63,0.38,28.144863,76.35553,Pune
E007321,C015,P004,2026-01-05 16:44:11,12.02,62.32,0.79,20.155972,71.423984,Mumbai
E007322,C025,P002,2026-05-26 23:58:56,12.05,77.72,0.57,28.790986,79.202095,Delhi
E007323,C049,P002,2026-06-15 06:24:35,13.63,76.28,0.12,20.060487,78.499231,Jaipur
E007324,C017,P002,2026-04-27 17:14:31,8.68,93.38,0.13,28.286744,78.706209,Jaipur
E007325,C043,P002,2026-02-17 12:39:56,14.13,70.25,0.97,27.12507,70.835684,Pune
E007326,C015,P004,2026-05-21 18:47:37,7.01,70.18,0.04,21.594834,72.221892,Ahmedabad
E007327,C043,P003,2026-01-10 20:00:16,7.58,88.64,0.57,29.029457,79.947811,Mumbai
E007328,C022,P003,2026-03-22 06:15:09,5.71,65.86,0.17,24.825673,71.92526,Jaipur
E007329,C029,P001,2026-05-27 13:44:47,13.6,79.79,0.39,26.39974,76.606461,Ahmedabad
E007330,C023,P001,2026-01-09 18:41:43,11.41,85.92,0.26,25.968675,77.319865,Ahmedabad
E007331,C015,P004,2026-03-22 01:48:09,6.28,73.08,0.08,27.968037,70.040568,Ahmedabad
E007332,C043,P002,2026-04-22 00:39:59,14.73,61.32,0.53,24.153822,70.360121,Ahmedabad
E007333,C036,P004,2026-06-08 02:29:19,12.47,94.67,0.46,27.451979,79.536187,Jaipur
E007334,C037,P004,2026-05-22 18:47:49,13.47,75.53,0.22,22.1127,77.630974,Delhi
E007335,C050,P004,2026-02-05 21:05:46,5.64,66.76,0.55,28.807796,70.742384,Jaipur
E007336,C015,P004,2026-04-10 00:01:46,15.08,63.73,0.39,23.222141,70.608948,Jaipur
E007337,C045,P001,2026-04-06 11:52:26,8.57,83.15,0.75,23.445376,75.137852,Ahmedabad
E007338,C043,P001,2026-06-08 19:35:18,7.35,82.95,0.38,23.089665,78.171897,Pune
E007339,C025,P003,2026-02-24 08:12:54,13.1,86.71,0.81,28.497234,78.387449,Mumbai
E007340,C033,P002,2026-06-10 09:57:14,11.1,80.28,0.41,28.038917,75.696319,Mumbai
E007341,C029,P004,2026-06-14 16:23:53,12.19,65.65,0.7,21.729227,76.509576,Mumbai
E007342,C022,P003,2026-02-12 21:26:56,11.53,82.44,0.7,25.475194,78.852753,Delhi
E007343,C004,P001,2026-01-08 10:58:02,6.33,71.34,0.06,20.724204,77.268272,Jaipur
E007344,C009,P004,2026-06-07 14:14:36,11.71,66.56,0.82,24.992825,75.367371,Delhi
E007345,C042,P004,2026-02-07 01:16:54,9.41,94.87,0.93,23.709017,76.335843,Jaipur
E007346,C018,P003,2026-01-17 20:44:06,5.33,81.99,0.64,23.951873,76.192255,Ahmedabad
E007347,C033,P002,2026-04-17 01:34:30,7.35,67.47,0.73,23.958501,72.168056,Pune
E007348,C016,P002,2026-03-29 06:06:03,15.93,65.08,0.65,28.401618,79.011382,Delhi
E007349,C011,P003,2026-06-12 12:31:05,8.19,86.48,0.66,20.915472,73.664608,Mumbai
E007350,C031,P003,2026-01-03 07:54:34,11.33,78.08,0.18,21.894589,74.056043,Jaipur
E007351,C043,P003,2026-06-29 19:19:27,7.24,90.49,0.79,22.943806,78.000606,Pune
E007352,C027,P001,2026-01-18 00:18:23,8.75,90.31,0.88,20.993387,79.555124,Mumbai
E007353,C019,P004,2026-01-27 13:52:36,7.06,60.36,0.1,29.197961,77.874064,Mumbai
E007354,C006,P002,2026-04-26 19:01:08,8.32,92.39,0.78,24.786528,77.587262,Jaipur
E007355,C034,P001,2026-06-30 20:33:27,5.79,68.8,0.81,28.25367,79.680927,Mumbai
E007356,C042,P003,2026-05-31 06:39:25,15.72,82.99,0.32,27.682707,77.292338,Delhi
E007357,C039,P001,2026-04-29 03:24:47,12.36,85.74,0.45,24.992525,79.392294,Ahmedabad
E007358,C048,P001,2026-04-13 10:07:16,7.11,77.27,0.26,21.52611,79.949648,Mumbai
E007359,C026,P003,2026-02-19 16:53:30,12.92,60.78,0.84,29.898206,72.212336,Delhi
E007360,C050,P003,2026-01-24 14:10:33,11.94,70.0,0.67,25.70873,78.257745,Mumbai
E007361,C037,P002,2026-05-12 10:40:41,5.98,69.56,0.23,21.737265,71.130854,Ahmedabad
E007362,C017,P002,2026-06-28 11:49:31,9.71,74.33,0.5,25.672663,71.097349,Mumbai
E007363,C032,P002,2026-04-24 13:37:34,14.56,87.22,0.93,24.282326,78.228471,Jaipur
E007364,C017,P001,2026-01-09 12:43:20,9.45,75.89,0.94,22.341065,79.604203,Jaipur
E007365,C026,P002,2026-06-12 05:59:55,5.87,61.13,0.27,26.206839,70.44337,Ahmedabad
E007366,C037,P003,2026-01-24 04:54:30,11.64,60.19,0.19,26.242689,70.659031,Mumbai
E007367,C033,P001,2026-06-03 01:13:19,11.2,66.47,0.98,21.410719,78.167776,Ahmedabad
E007368,C016,P001,2026-02-06 10:57:33,6.86,69.95,0.95,23.294494,71.896074,Mumbai
E007369,C035,P002,2026-03-15 21:12:06,14.98,93.99,0.94,24.163117,70.862405,Pune
E007370,C007,P001,2026-05-28 03:26:42,6.84,72.4,0.63,21.533499,72.456742,Ahmedabad
E007371,C017,P004,2026-05-04 10:40:35,7.9,86.94,0.64,28.375928,72.348369,Mumbai
E007372,C032,P002,2026-04-28 20:08:11,9.21,82.43,0.5,24.646831,75.549904,Jaipur
E007373,C044,P001,2026-03-25 11:01:49,12.04,63.96,0.85,21.967581,77.178723,Ahmedabad
E007374,C001,P002,2026-06-11 12:25:24,14.5,84.98,0.56,22.984946,73.096742,Delhi
E007375,C047,P002,2026-03-30 15:59:37,14.16,72.04,0.11,29.214813,79.439145,Pune
E007376,C002,P004,2026-02-22 18:09:31,7.91,83.58,0.38,26.530461,71.182082,Pune
E007377,C030,P004,2026-06-01 15:04:32,7.21,67.31,0.25,20.223114,75.197231,Jaipur
E007378,C007,P001,2026-02-12 13:01:44,13.8,60.42,0.3,25.121628,76.701528,Mumbai
E007379,C043,P004,2026-06-28 17:56:00,13.27,74.35,0.76,28.187751,74.368191,Mumbai
E007380,C039,P001,2026-04-08 12:21:33,13.0,77.5,0.89,23.269529,76.306464,Pune
E007381,C012,P002,2026-04-05 23:54:29,4.89,83.98,0.15,23.157176,75.400884,Pune
E007382,C003,P001,2026-01-21 11:57:52,8.26,81.48,0.27,27.296417,75.691308,Pune
E007383,C046,P002,2026-01-23 04:13:22,7.13,65.01,0.18,23.163363,71.972498,Jaipur
E007384,C009,P003,2026-03-05 18:59:19,12.93,61.45,0.12,27.461789,78.848569,Delhi
E007385,C020,P004,2026-01-31 15:57:31,10.63,67.51,0.41,24.704416,77.675889,Delhi
E007386,C038,P002,2026-05-03 11:35:11,15.98,76.35,0.77,22.919154,76.456099,Jaipur
E007387,C022,P002,2026-02-10 20:19:54,5.53,89.42,0.22,21.605356,71.22233,Jaipur
E007388,C028,P003,2026-01-15 18:54:03,11.76,64.41,0.43,23.210524,77.326982,Pune
E007389,C020,P004,2026-03-25 00:59:51,13.08,88.77,0.69,21.930621,77.084041,Pune
E007390,C029,P004,2026-05-09 10:51:02,5.15,76.11,0.27,23.279474,79.391794,Delhi
E007391,C017,P002,2026-03-15 13:15:22,6.15,70.79,0.05,25.703797,73.001113,Jaipur
E007392,C020,P002,2026-04-20 04:58:54,10.26,84.56,0.8,28.482995,79.819039,Pune
E007393,C022,P004,2026-05-05 19:34:25,7.91,88.54,0.24,28.069433,71.695241,Jaipur
E007394,C017,P003,2026-01-09 05:30:16,12.44,74.98,0.46,25.55961,71.506701,Pune
E007395,C032,P003,2026-05-15 00:08:10,15.32,76.47,0.28,21.003044,70.912229,Jaipur
E007396,C007,P003,2026-01-31 23:14:45,9.44,93.22,0.91,29.948732,79.922429,Mumbai
E007397,C031,P003,2026-05-18 07:45:15,10.1,65.04,0.98,27.142546,76.739032,Pune
E007398,C009,P004,2026-01-11 03:11:26,7.66,93.3,0.76,26.388176,71.580215,Pune
E007399,C002,P001,2026-02-28 17:16:27,13.98,82.09,0.62,29.980164,77.031657,Mumbai
E007400,C047,P003,2026-03-04 18:49:53,6.89,77.89,0.68,23.326524,74.664867,Delhi
E007401,C019,P003,2026-01-21 17:26:44,5.93,87.24,0.96,27.957924,72.243699,Delhi
E007402,C027,P001,2026-01-02 01:10:53,15.53,64.74,0.09,29.940476,73.435743,Pune
E007403,C015,P001,2026-02-09 00:36:03,5.61,86.47,0.39,20.942409,71.875035,Mumbai
E007404,C047,P002,2026-01-09 12:53:10,14.83,82.12,0.32,22.389359,73.84159,Delhi
E007405,C019,P004,2026-04-17 06:54:23,9.78,66.6,0.57,26.22438,75.713766,Mumbai
E007406,C016,P002,2026-05-27 13:02:16,9.3,82.97,0.34,29.848096,71.725145,Jaipur
E007407,C045,P001,2026-01-01 01:29:48,15.54,75.54,0.44,21.682191,73.504957,Pune
E007408,C050,P002,2026-06-12 10:11:47,5.89,78.17,0.38,27.27469,75.243427,Ahmedabad
E007409,C043,P001,2026-02-27 02:27:19,7.28,80.2,0.76,27.036059,75.867559,Jaipur
E007410,C006,P004,2026-01-27 09:07:25,7.8,76.43,0.64,20.778791,72.013631,Delhi
E007411,C015,P003,2026-05-21 05:51:39,8.52,66.63,0.5,26.937282,78.849456,Delhi
E007412,C002,P001,2026-04-13 21:43:08,13.18,80.58,0.14,26.292985,77.969914,Mumbai
E007413,C002,P004,2026-04-12 07:46:46,10.24,63.32,0.99,24.157194,71.652876,Delhi
E007414,C050,P001,2026-01-25 00:33:54,12.02,84.45,0.6,24.042728,76.877106,Mumbai
E007415,C032,P001,2026-04-27 01:41:28,15.75,78.4,0.79,22.352123,72.043818,Mumbai
E007416,C029,P001,2026-03-21 23:42:53,11.31,94.05,0.36,27.929341,76.924113,Delhi
E007417,C025,P002,2026-03-28 09:45:02,10.52,78.31,0.68,28.490895,75.227057,Ahmedabad
E007418,C003,P002,2026-05-25 13:11:32,12.5,94.18,0.54,28.640645,72.763854,Mumbai
E007419,C014,P001,2026-05-13 13:26:04,15.93,85.79,0.44,20.692717,72.59294,Pune
E007420,C036,P004,2026-03-18 13:15:06,7.27,78.08,0.83,22.855412,76.139122,Delhi
E007421,C006,P003,2026-05-20 08:48:11,8.56,68.5,0.83,28.846933,75.98181,Ahmedabad
E007422,C007,P003,2026-03-19 21:34:04,15.46,71.84,0.86,29.631896,79.701464,Mumbai
E007423,C011,P001,2026-06-01 11:34:23,6.96,68.31,0.6,24.153817,78.221223,Delhi
E007424,C048,P003,2026-06-12 06:55:10,5.84,64.17,0.28,22.20728,76.621595,Ahmedabad
E007425,C011,P001,2026-02-25 21:17:02,11.94,73.38,0.97,20.209616,79.036837,Pune
E007426,C006,P004,2026-06-25 18:53:50,12.17,65.88,0.55,24.579448,76.663071,Mumbai
E007427,C049,P001,2026-04-28 21:40:12,14.76,61.72,0.34,29.626525,75.33193,Ahmedabad
E007428,C025,P004,2026-06-13 14:09:53,11.32,68.63,0.52,29.739528,75.996383,Mumbai
E007429,C026,P004,2026-04-24 18:15:22,6.68,60.73,0.18,21.733637,76.930842,Pune
E007430,C011,P003,2026-05-20 22:09:47,13.47,88.42,0.25,23.179077,77.249054,Jaipur
E007431,C013,P004,2026-02-07 03:43:56,6.92,91.92,0.76,24.533737,75.247432,Ahmedabad
E007432,C025,P003,2026-06-26 01:19:45,12.06,64.59,0.95,22.408609,75.175137,Delhi
E007433,C034,P004,2026-03-11 19:32:11,5.46,61.5,0.91,25.47129,72.023772,Delhi
E007434,C032,P001,2026-02-20 05:21:17,10.74,65.94,0.61,21.956356,75.60312,Delhi
E007435,C038,P004,2026-04-08 05:38:51,14.0,88.65,0.23,25.30139,70.179772,Ahmedabad
E007436,C032,P003,2026-05-16 16:04:29,15.63,68.12,0.04,25.717876,73.918185,Jaipur
E007437,C001,P001,2026-01-05 03:04:45,11.47,88.14,0.47,28.899956,78.153716,Pune
E007438,C028,P001,2026-03-11 01:04:26,6.06,94.27,0.69,24.485989,71.812731,Delhi
E007439,C043,P003,2026-03-30 15:59:39,11.66,77.17,0.08,21.587522,73.437895,Pune
E007440,C044,P002,2026-05-16 10:54:12,5.55,82.65,0.24,24.342669,72.376224,Ahmedabad
E007441,C032,P001,2026-04-08 12:23:25,8.07,74.78,0.37,25.019565,76.927154,Mumbai
E007442,C040,P003,2026-06-13 20:01:57,4.12,82.7,0.5,20.86931,74.605618,Delhi
E007443,C044,P002,2026-05-25 07:17:05,9.04,66.66,0.38,24.693725,74.363204,Jaipur
E007444,C017,P003,2026-02-18 14:41:15,10.13,70.4,0.33,20.686545,76.792453,Ahmedabad
E007445,C011,P001,2026-01-05 13:42:38,13.68,85.75,0.01,29.410413,73.481747,Delhi
E007446,C001,P003,2026-03-14 19:48:26,13.93,92.35,0.54,29.557612,73.597727,Mumbai
E007447,C044,P001,2026-05-11 19:50:40,6.18,88.42,0.35,24.891344,78.594089,Pune
E007448,C022,P001,2026-04-29 15:47:11,13.58,90.85,0.26,23.1213,70.240776,Pune
E007449,C049,P002,2026-02-26 09:10:53,14.1,72.74,0.05,21.520018,76.752964,Jaipur
E007450,C007,P001,2026-06-25 00:43:17,8.27,69.79,0.88,28.850885,77.71018,Delhi
E007451,C012,P003,2026-06-23 23:00:43,8.72,69.93,0.02,29.688824,74.203139,Pune
E007452,C044,P004,2026-06-26 14:56:05,15.45,81.75,0.28,23.712953,79.92721,Jaipur
E007453,C029,P003,2026-02-27 04:26:05,10.14,69.1,0.27,21.355319,72.153712,Pune
E007454,C020,P004,2026-05-08 10:44:29,9.73,93.14,0.91,23.328518,78.23486,Mumbai
E007455,C049,P001,2026-03-27 20:39:01,12.78,82.44,0.95,23.155718,70.465411,Jaipur
E007456,C030,P001,2026-04-05 17:14:02,6.83,88.77,0.84,24.409309,72.970353,Ahmedabad
E007457,C029,P002,2026-02-21 10:15:00,11.83,60.82,0.92,24.005993,75.992943,Jaipur
E007458,C045,P001,2026-06-07 02:13:39,6.31,69.75,0.64,23.473577,77.801573,Mumbai
E007459,C034,P002,2026-01-04 23:27:01,6.21,68.6,0.17,27.261927,74.842935,Delhi
E007460,C023,P004,2026-04-22 00:18:57,7.43,87.52,0.46,29.724978,73.972595,Ahmedabad
E007461,C010,P004,2026-03-21 11:47:12,11.08,73.51,0.46,27.560861,79.570826,Delhi
E007462,C025,P004,2026-04-08 21:27:42,11.51,93.6,0.29,27.002071,77.106402,Delhi
E007463,C032,P003,2026-05-24 23:16:48,15.77,81.86,0.09,26.266059,77.61209,Jaipur
E007464,C045,P004,2026-03-09 04:22:54,8.8,87.49,0.72,22.317918,77.323805,Mumbai
E007465,C033,P001,2026-04-09 13:48:14,11.86,84.63,0.36,21.287362,79.761807,Jaipur
E007466,C023,P001,2026-01-06 15:48:35,12.4,66.06,0.21,20.82646,74.145794,Mumbai
E007467,C006,P001,2026-02-03 13:15:47,11.36,93.72,0.22,26.204599,73.341425,Ahmedabad
E007468,C023,P001,2026-03-29 21:08:42,10.84,79.45,0.31,22.15251,74.522536,Jaipur
E007469,C026,P002,2026-03-09 13:50:06,11.64,82.48,0.62,29.743616,76.774332,Delhi
E007470,C040,P001,2026-04-26 12:06:31,12.8,75.62,0.88,25.973371,73.837747,Mumbai
E007471,C016,P004,2026-04-13 23:00:43,6.39,67.78,0.15,26.874304,75.185853,Delhi
E007472,C048,P003,2026-01-11 07:48:23,9.82,87.06,0.29,22.173977,77.423103,Ahmedabad
E007473,C009,P004,2026-04-07 13:21:48,7.78,67.61,0.65,23.483428,75.003419,Delhi
E007474,C009,P001,2026-03-18 00:27:43,6.38,76.5,0.52,24.35305,78.991794,Jaipur
E007475,C036,P003,2026-02-01 12:35:08,15.33,84.69,0.86,22.165285,70.639906,Pune
E007476,C014,P002,2026-01-27 11:05:42,4.47,61.48,0.95,25.118726,76.16627,Jaipur
E007477,C021,P002,2026-01-22 04:52:31,11.44,61.61,0.95,24.820745,79.655584,Delhi
E007478,C028,P004,2026-03-11 06:28:41,12.18,60.4,0.02,25.369674,72.528965,Mumbai
E007479,C010,P001,2026-05-05 13:45:59,6.11,76.36,0.82,22.734586,79.7837,Pune
E007480,C019,P004,2026-04-14 01:31:12,14.05,92.29,0.78,28.002956,77.67396,Pune
E007481,C042,P003,2026-02-12 17:13:45,11.41,94.87,0.52,24.817961,72.304183,Mumbai
E007482,C007,P004,2026-05-29 02:40:03,5.69,71.92,0.16,20.176858,75.807766,Mumbai
E007483,C005,P003,2026-01-05 01:05:50,6.46,91.17,0.23,24.046428,71.994117,Pune
E007484,C004,P001,2026-02-13 00:27:27,14.55,75.16,0.33,27.880325,78.517308,Pune
E007485,C034,P004,2026-03-03 12:06:46,15.11,66.07,0.26,26.880666,70.929356,Jaipur
E007486,C033,P002,2026-04-12 05:47:06,14.2,62.15,0.99,28.679932,74.627821,Mumbai
E007487,C028,P004,2026-04-29 12:28:06,11.04,64.38,0.69,24.417165,70.083881,Ahmedabad
E007488,C010,P004,2026-05-08 11:24:26,14.34,80.99,0.06,26.59154,74.016615,Jaipur
E007489,C037,P002,2026-05-30 02:07:14,7.95,64.13,0.48,29.673181,79.439039,Pune
E007490,C037,P004,2026-06-18 18:50:34,8.06,60.86,0.39,21.510409,78.246289,Delhi
E007491,C020,P003,2026-03-07 11:19:41,8.91,69.04,0.99,28.147224,78.380983,Delhi
E007492,C047,P004,2026-05-22 01:58:13,8.03,61.98,0.38,29.78287,74.653479,Mumbai
E007493,C023,P004,2026-01-16 10:02:55,13.14,69.45,1.0,23.869921,74.425314,Pune
E007494,C032,P004,2026-04-12 12:32:55,8.31,84.18,0.35,26.920942,77.245924,Delhi
E007495,C027,P001,2026-05-31 18:50:04,8.19,69.13,0.07,29.812505,74.420795,Jaipur
E007496,C013,P001,2026-02-06 23:16:49,7.5,89.28,0.41,21.977779,72.834563,Jaipur
E007497,C005,P003,2026-02-26 04:06:28,15.37,80.29,0.93,22.204546,70.84041,Delhi
E007498,C015,P003,2026-04-22 00:15:24,5.54,77.55,0.94,23.355471,77.907427,Ahmedabad
E007499,C006,P002,2026-06-07 00:56:24,7.75,77.25,0.94,27.967712,70.704878,Ahmedabad
E007500,C033,P004,2026-04-22 06:03:18,11.81,69.36,0.97,24.045346,74.110828,Mumbai
E007501,C003,P004,2026-04-13 20:45:48,9.09,86.08,0.26,28.993708,71.16968,Delhi
E007502,C013,P003,2026-03-14 07:25:34,9.4,61.64,0.8,28.100332,76.612596,Delhi
E007503,C022,P001,2026-03-10 00:15:07,4.6,64.77,0.29,24.294242,73.318278,Mumbai
E007504,C013,P003,2026-03-30 06:59:44,6.35,65.61,0.55,26.558501,79.518361,Jaipur
E007505,C036,P002,2026-06-02 12:41:29,4.75,63.77,0.92,21.952715,70.380588,Delhi
E007506,C008,P002,2026-01-07 18:18:18,13.76,83.65,0.58,20.530991,70.311897,Mumbai
E007507,C050,P002,2026-05-14 11:59:50,4.16,77.36,0.65,21.234086,74.803033,Pune
E007508,C014,P001,2026-02-06 01:36:59,7.04,70.69,0.86,28.093245,72.725385,Ahmedabad
E007509,C030,P001,2026-04-11 20:47:10,8.27,62.02,0.88,27.834335,76.108991,Delhi
E007510,C034,P003,2026-05-28 06:55:52,9.88,93.03,0.64,23.917661,79.008845,Delhi
E007511,C002,P004,2026-05-26 22:32:06,7.97,90.25,0.7,22.705715,78.55593,Ahmedabad
E007512,C026,P002,2026-03-03 23:58:39,9.3,91.62,0.98,27.188024,79.174026,Delhi
E007513,C015,P003,2026-04-08 00:46:00,15.4,84.93,0.16,29.782462,78.812865,Delhi
E007514,C022,P001,2026-01-30 21:12:01,12.35,94.79,0.3,28.404541,72.879812,Jaipur
E007515,C039,P004,2026-06-14 17:22:45,12.89,90.63,0.66,26.375419,73.033389,Pune
E007516,C033,P004,2026-05-20 23:33:14,13.39,62.46,0.43,28.104371,77.794308,Pune
E007517,C044,P003,2026-05-30 17:00:08,14.69,66.85,0.53,24.053513,71.591019,Ahmedabad
E007518,C030,P001,2026-03-28 05:47:34,5.64,94.98,0.63,24.998546,71.224886,Pune
E007519,C045,P001,2026-04-22 18:38:30,5.4,81.01,0.14,29.858868,76.770065,Delhi
E007520,C005,P004,2026-03-24 15:55:00,7.46,93.27,0.42,27.435646,71.962016,Ahmedabad
E007521,C027,P002,2026-04-03 11:19:10,9.97,84.73,0.84,20.91639,76.732804,Pune
E007522,C010,P003,2026-03-04 09:14:26,13.45,83.44,0.16,25.744241,70.298277,Pune
E007523,C017,P002,2026-04-25 18:26:27,4.02,77.43,0.96,28.661978,74.326039,Pune
E007524,C038,P003,2026-06-19 23:36:14,13.72,67.3,0.2,21.502038,72.799706,Delhi
E007525,C031,P003,2026-04-16 01:34:13,15.6,62.56,0.09,27.573576,72.004939,Delhi
E007526,C039,P004,2026-02-08 14:36:13,13.31,77.17,0.64,29.307156,71.828936,Ahmedabad
E007527,C016,P001,2026-06-26 12:13:00,6.73,66.79,0.48,28.315759,78.441156,Jaipur
E007528,C044,P002,2026-04-11 23:35:07,14.71,66.02,0.17,23.269783,77.284331,Ahmedabad
E007529,C016,P002,2026-06-16 15:01:52,8.39,73.98,0.15,20.219524,77.464561,Ahmedabad
E007530,C029,P004,2026-05-26 11:22:40,12.22,74.08,0.34,29.796196,72.803466,Mumbai
E007531,C017,P002,2026-03-21 01:54:39,4.55,63.37,0.82,20.559518,77.460781,Pune
E007532,C009,P004,2026-05-16 21:08:48,14.24,74.48,0.25,21.991126,75.81168,Ahmedabad
E007533,C023,P001,2026-04-24 20:23:28,4.1,92.59,0.72,20.184272,78.117816,Pune
E007534,C023,P001,2026-01-22 07:44:29,9.13,77.11,0.38,21.172167,76.938614,Jaipur
E007535,C007,P003,2026-05-18 23:46:51,15.33,74.61,0.22,23.214822,74.314278,Ahmedabad
E007536,C016,P001,2026-04-20 14:56:47,10.55,71.49,0.98,26.127797,74.45837,Delhi
E007537,C038,P004,2026-05-19 17:40:12,8.1,87.7,0.17,28.13555,76.405914,Mumbai
E007538,C035,P002,2026-03-09 20:53:16,13.03,71.88,0.95,25.067996,75.340834,Mumbai
E007539,C008,P001,2026-02-08 14:42:16,6.62,71.66,0.41,23.249152,77.522529,Jaipur
E007540,C029,P004,2026-02-11 08:45:03,11.89,69.68,0.5,27.613635,77.051374,Ahmedabad
E007541,C028,P002,2026-03-12 00:43:37,14.38,82.01,0.6,29.816136,79.756015,Pune
E007542,C003,P001,2026-03-21 17:36:12,12.2,64.55,0.21,23.606278,73.912473,Delhi
E007543,C032,P003,2026-01-02 11:36:34,5.71,83.6,0.82,26.8745,74.471666,Mumbai
E007544,C040,P004,2026-03-03 04:39:36,12.59,93.74,0.91,27.222825,71.950594,Mumbai
E007545,C037,P004,2026-02-23 06:56:40,10.28,61.78,0.41,22.061903,74.472735,Mumbai
E007546,C002,P004,2026-06-21 10:42:01,7.56,65.18,0.36,28.024825,73.20069,Delhi
E007547,C009,P004,2026-04-24 06:48:23,10.79,69.07,0.89,25.619635,73.497839,Delhi
E007548,C040,P003,2026-05-28 06:48:42,13.12,92.84,0.72,29.566183,77.418374,Ahmedabad
E007549,C032,P001,2026-01-14 14:48:46,8.23,77.44,0.84,27.36861,79.695314,Pune
E007550,C029,P002,2026-04-05 14:58:59,7.96,64.21,0.19,27.025149,79.923776,Mumbai
E007551,C049,P002,2026-05-25 13:24:31,6.19,92.93,0.72,22.87807,70.289949,Mumbai
E007552,C018,P002,2026-06-02 15:20:19,15.98,73.52,0.58,22.811515,75.152666,Ahmedabad
E007553,C010,P003,2026-04-12 05:51:06,4.74,75.12,0.67,23.012714,78.178925,Ahmedabad
E007554,C026,P001,2026-06-05 23:34:23,14.27,76.7,0.13,27.173445,70.999552,Pune
E007555,C019,P001,2026-02-17 10:15:01,14.25,60.4,0.4,24.329125,76.576082,Jaipur
E007556,C046,P003,2026-02-14 21:46:51,7.39,88.19,0.96,23.881068,78.391882,Pune
E007557,C030,P003,2026-02-11 14:10:27,5.8,69.46,0.66,23.240897,76.852126,Ahmedabad
E007558,C027,P004,2026-06-28 17:24:19,11.57,76.39,0.68,24.874681,79.310597,Delhi
E007559,C033,P001,2026-03-25 06:18:28,12.32,66.82,0.12,21.286957,74.728137,Jaipur
E007560,C023,P003,2026-06-13 17:12:15,4.31,82.11,0.65,22.059421,75.291767,Mumbai
E007561,C006,P004,2026-05-11 15:47:38,4.03,88.97,0.36,25.082503,79.660867,Jaipur
E007562,C003,P004,2026-02-08 03:02:38,15.3,74.57,0.88,22.236272,76.068916,Mumbai
E007563,C021,P001,2026-06-01 02:03:55,11.74,66.41,0.57,27.039021,70.105349,Ahmedabad
E007564,C018,P001,2026-03-01 11:25:37,12.37,71.08,0.82,20.015299,76.49596,Pune
E007565,C015,P003,2026-05-07 18:19:24,6.75,86.69,0.54,23.158309,73.48469,Delhi
E007566,C015,P002,2026-01-18 04:00:42,6.37,71.06,0.25,25.286324,77.047164,Mumbai
E007567,C038,P003,2026-02-16 02:35:27,10.57,91.22,0.08,22.043275,79.82227,Jaipur
E007568,C042,P004,2026-05-18 07:38:17,15.34,89.3,0.36,26.256089,71.17978,Jaipur
E007569,C026,P003,2026-05-30 08:26:06,13.41,71.37,0.04,28.96091,78.406382,Delhi
E007570,C034,P001,2026-03-13 09:19:42,7.57,71.84,0.37,20.36553,75.935055,Ahmedabad
E007571,C017,P003,2026-05-14 09:50:11,7.74,83.75,0.93,23.24073,70.511188,Delhi
E007572,C020,P002,2026-03-08 10:28:39,5.05,89.71,0.7,25.334385,77.849519,Delhi
E007573,C026,P002,2026-03-14 19:12:34,9.38,81.83,0.57,24.682455,72.375764,Pune
E007574,C041,P004,2026-04-05 21:23:45,9.97,84.65,0.2,26.655181,76.346098,Mumbai
E007575,C039,P004,2026-05-30 09:25:47,15.46,77.06,0.42,26.664531,77.77413,Ahmedabad
E007576,C001,P001,2026-02-22 12:16:43,7.38,75.89,0.49,27.340054,79.827806,Pune
E007577,C020,P003,2026-05-11 11:44:39,8.88,64.01,0.69,23.361947,76.464596,Mumbai
E007578,C050,P002,2026-01-29 04:05:32,6.84,88.9,0.68,27.944847,71.94922,Pune
E007579,C039,P003,2026-04-27 01:45:59,7.89,79.42,0.22,22.016435,73.125673,Jaipur
E007580,C049,P003,2026-05-15 04:11:45,14.45,64.62,0.74,22.948694,76.441285,Jaipur
E007581,C031,P002,2026-05-01 08:13:30,6.41,73.44,0.85,25.939642,76.744648,Ahmedabad
E007582,C034,P004,2026-04-10 19:28:06,15.8,87.96,0.01,25.907366,79.88068,Ahmedabad
E007583,C022,P004,2026-04-07 08:14:50,11.85,66.52,0.58,29.033744,74.456327,Pune
E007584,C021,P002,2026-02-28 11:36:02,4.78,88.61,0.07,26.378784,76.827678,Jaipur
E007585,C043,P004,2026-01-23 02:38:26,11.34,80.08,0.63,29.146574,76.555292,Ahmedabad
E007586,C008,P003,2026-05-18 19:33:23,14.98,86.81,0.05,20.198824,79.022903,Jaipur
E007587,C045,P004,2026-05-14 05:12:14,13.05,75.71,0.62,21.758357,76.905106,Pune
E007588,C027,P001,2026-01-23 14:12:57,8.17,69.25,0.24,24.380724,73.50026,Pune
E007589,C020,P004,2026-06-13 14:12:36,13.53,94.11,0.35,24.985801,70.686572,Mumbai
E007590,C036,P004,2026-04-13 14:20:05,13.15,76.38,0.62,25.284397,70.785139,Mumbai
E007591,C046,P002,2026-03-16 08:24:10,7.99,72.47,0.71,25.91114,75.86357,Pune
E007592,C014,P002,2026-02-13 09:54:52,13.01,78.44,0.0,29.698729,70.607365,Jaipur
E007593,C042,P003,2026-01-11 22:41:48,15.0,88.93,0.17,23.393157,73.663205,Mumbai
E007594,C003,P001,2026-04-15 01:28:31,10.47,78.98,0.27,24.8597,70.133454,Pune
E007595,C004,P002,2026-01-06 02:07:42,10.83,65.35,0.72,28.328486,79.079757,Pune
E007596,C024,P001,2026-02-15 19:42:56,10.86,77.33,0.91,21.689729,70.847085,Delhi
E007597,C043,P001,2026-03-13 08:26:08,9.38,60.77,0.24,26.671104,79.24364,Mumbai
E007598,C003,P003,2026-04-28 07:51:06,11.1,89.72,0.45,20.153787,79.51043,Jaipur
E007599,C012,P001,2026-01-08 16:32:47,9.29,90.08,0.51,28.698911,75.633513,Delhi
E007600,C013,P001,2026-03-29 13:59:22,8.52,66.58,0.37,25.780787,77.946078,Jaipur
E007601,C011,P003,2026-02-14 05:34:44,14.97,91.57,0.89,24.229265,72.255002,Jaipur
E007602,C015,P004,2026-03-20 12:25:45,12.67,80.4,0.09,26.785763,72.478674,Pune
E007603,C043,P003,2026-05-19 13:17:01,10.89,64.23,0.2,24.685425,75.567295,Jaipur
E007604,C024,P003,2026-05-31 13:38:25,10.17,90.47,0.64,21.967474,78.567152,Ahmedabad
E007605,C012,P002,2026-06-20 00:28:52,7.83,92.21,0.36,25.562015,79.591863,Ahmedabad
E007606,C038,P003,2026-05-09 18:40:35,4.57,65.68,0.45,21.316437,75.412931,Pune
E007607,C015,P003,2026-05-27 16:54:44,13.76,80.38,0.45,24.476998,78.194516,Ahmedabad
E007608,C040,P002,2026-04-12 14:26:20,7.51,62.22,0.15,25.347359,70.710759,Delhi
E007609,C026,P003,2026-06-21 04:01:22,13.12,67.31,0.6,21.939994,74.467416,Delhi
E007610,C002,P002,2026-02-26 12:10:47,4.78,91.1,1.0,25.264803,76.973975,Mumbai
E007611,C037,P001,2026-04-07 13:23:44,13.99,67.06,0.42,27.984852,74.246074,Delhi
E007612,C043,P001,2026-05-16 19:44:44,12.56,63.9,0.62,26.786567,73.984928,Mumbai
E007613,C017,P002,2026-05-14 20:32:48,7.26,62.23,0.69,28.893639,79.852924,Ahmedabad
E007614,C032,P004,2026-01-08 10:25:35,11.15,88.65,0.98,28.588373,76.398579,Pune
E007615,C025,P002,2026-02-27 15:29:26,8.7,83.34,0.33,21.294978,72.465746,Delhi
E007616,C031,P004,2026-05-22 03:58:37,12.75,71.11,0.37,29.564859,71.437739,Pune
E007617,C042,P001,2026-05-23 23:58:42,11.18,87.76,0.66,27.939271,73.308049,Ahmedabad
E007618,C023,P004,2026-02-24 08:33:54,6.21,77.06,0.71,27.180789,74.646577,Pune
E007619,C048,P004,2026-05-31 12:28:12,10.33,70.93,0.62,28.549417,70.510156,Mumbai
E007620,C010,P002,2026-03-10 11:02:34,8.78,74.41,0.02,24.203829,70.34993,Mumbai
E007621,C005,P002,2026-06-22 13:55:58,10.82,68.09,0.45,22.627016,76.143935,Jaipur
E007622,C011,P002,2026-01-10 10:30:52,11.22,74.69,0.85,26.761803,77.141568,Ahmedabad
E007623,C009,P004,2026-02-09 21:52:52,6.83,77.58,0.28,23.082251,72.538954,Ahmedabad
E007624,C012,P002,2026-01-14 13:18:02,11.45,60.26,0.78,26.235194,72.663923,Pune
E007625,C016,P003,2026-04-19 19:11:01,14.81,83.7,0.41,23.645448,70.067902,Delhi
E007626,C050,P004,2026-02-05 10:21:46,5.99,79.48,0.16,22.770445,73.763014,Mumbai
E007627,C013,P001,2026-06-11 10:00:02,13.91,89.76,0.59,29.231945,72.774334,Ahmedabad
E007628,C014,P004,2026-02-07 14:31:18,12.01,89.07,0.09,25.887606,79.139721,Mumbai
E007629,C008,P002,2026-02-23 09:22:08,8.89,89.55,0.81,26.932008,79.212236,Jaipur
E007630,C014,P004,2026-06-23 12:49:17,14.7,73.55,0.88,21.586244,75.267604,Delhi
E007631,C042,P002,2026-05-31 21:34:50,9.86,66.0,0.96,22.021773,77.550083,Pune
E007632,C007,P002,2026-02-11 04:56:05,9.77,64.17,0.25,21.90489,75.875773,Delhi
E007633,C043,P001,2026-04-29 09:59:31,4.37,84.87,0.72,26.379076,76.118118,Ahmedabad
E007634,C043,P003,2026-02-09 22:30:06,10.89,63.16,0.45,24.459827,75.331278,Delhi
E007635,C021,P004,2026-06-13 10:55:10,4.27,89.52,0.87,28.272767,70.033215,Ahmedabad
E007636,C036,P003,2026-02-10 23:11:49,15.71,80.31,0.93,25.890903,79.313051,Jaipur
E007637,C026,P002,2026-06-27 10:33:54,6.04,87.66,0.89,29.038575,71.128491,Delhi
E007638,C004,P003,2026-05-05 22:26:46,5.87,81.07,0.99,29.168038,74.846812,Pune
E007639,C038,P004,2026-06-18 20:33:40,4.61,71.92,0.1,27.762878,76.161628,Jaipur
E007640,C022,P004,2026-03-25 10:05:03,13.98,86.3,0.93,26.366767,77.778715,Mumbai
E007641,C004,P001,2026-06-13 08:22:56,14.6,75.01,0.85,26.609526,73.53577,Delhi
E007642,C006,P003,2026-03-09 18:08:02,4.13,80.23,0.86,25.279619,70.767233,Jaipur
E007643,C022,P003,2026-05-24 05:48:55,14.8,94.15,0.23,23.637543,71.045548,Ahmedabad
E007644,C029,P001,2026-04-06 15:12:04,4.23,74.67,0.2,25.473588,79.855543,Jaipur
E007645,C047,P003,2026-05-14 06:47:53,9.1,67.0,0.51,24.568637,77.390598,Jaipur
E007646,C038,P003,2026-01-01 21:57:13,4.53,61.91,0.47,28.03573,77.903969,Jaipur
E007647,C007,P004,2026-05-24 20:48:23,7.94,61.17,0.84,28.765357,73.617565,Delhi
E007648,C009,P004,2026-03-31 17:53:16,9.6,80.37,0.33,26.056641,75.331945,Ahmedabad
E007649,C028,P004,2026-02-24 00:15:54,8.07,86.18,0.32,26.001377,73.309495,Jaipur
E007650,C027,P003,2026-03-09 11:29:35,10.82,64.75,0.94,28.487564,79.211052,Jaipur
E007651,C041,P004,2026-04-24 22:00:44,10.88,82.49,0.85,20.922484,72.877355,Delhi
E007652,C029,P002,2026-03-05 05:25:37,14.37,82.08,0.01,21.193645,72.794095,Jaipur
E007653,C031,P001,2026-01-11 12:58:14,6.24,72.12,0.26,27.674009,76.251961,Mumbai
E007654,C044,P001,2026-06-30 02:53:34,4.95,81.29,0.22,21.388796,74.561135,Ahmedabad
E007655,C039,P003,2026-02-04 09:15:19,12.86,76.75,0.58,24.233953,75.068457,Pune
E007656,C026,P002,2026-05-19 04:03:04,14.7,61.18,0.27,26.21821,74.03786,Delhi
E007657,C024,P002,2026-04-17 14:47:13,5.56,73.88,0.47,25.996948,74.160473,Delhi
E007658,C001,P004,2026-04-12 11:37:44,5.85,76.12,0.8,24.366055,73.794473,Mumbai
E007659,C001,P004,2026-05-28 13:22:22,15.73,64.71,0.92,24.722462,70.562466,Delhi
E007660,C032,P002,2026-03-11 05:59:06,12.79,72.34,0.77,22.103811,79.556705,Jaipur
E007661,C004,P001,2026-01-20 02:55:19,9.79,79.81,0.36,29.505669,76.036278,Ahmedabad
E007662,C046,P002,2026-06-15 07:20:11,10.17,90.95,0.85,21.318402,72.004148,Delhi
E007663,C045,P001,2026-02-02 12:39:55,4.0,70.16,0.06,22.268761,73.079872,Mumbai
E007664,C037,P003,2026-05-16 06:01:36,15.01,60.77,0.86,23.345374,72.754276,Ahmedabad
E007665,C022,P001,2026-04-07 00:11:01,11.12,67.61,0.74,21.75451,78.148571,Mumbai
E007666,C031,P004,2026-04-08 05:41:05,14.13,90.6,0.93,21.805244,75.11952,Ahmedabad
E007667,C036,P004,2026-01-11 02:31:38,5.8,80.08,0.08,22.676095,70.388606,Pune
E007668,C049,P003,2026-02-11 07:23:20,10.65,85.42,0.68,28.820832,71.583066,Ahmedabad
E007669,C016,P002,2026-05-24 15:44:05,7.22,70.17,0.29,28.984019,72.03074,Mumbai
E007670,C036,P004,2026-05-19 05:01:32,11.81,66.03,0.04,20.401401,75.107331,Jaipur
E007671,C045,P003,2026-03-30 13:25:48,5.14,84.29,0.74,25.703615,74.729231,Mumbai
E007672,C004,P003,2026-03-08 08:26:58,12.29,90.47,0.71,25.017812,71.401092,Ahmedabad
E007673,C027,P002,2026-02-24 22:44:34,6.92,90.91,0.61,24.143369,71.146455,Pune
E007674,C014,P004,2026-04-30 20:36:19,12.01,79.8,0.8,21.33697,73.698752,Jaipur
E007675,C029,P004,2026-05-02 02:58:42,15.45,87.85,0.45,29.027108,73.579766,Jaipur
E007676,C024,P003,2026-06-07 18:29:09,5.79,77.92,0.42,23.753254,70.659769,Delhi
E007677,C026,P003,2026-01-19 01:52:40,10.79,62.96,0.48,23.740429,74.897475,Delhi
E007678,C035,P003,2026-01-20 15:39:28,14.81,89.66,0.85,22.282551,70.411935,Jaipur
E007679,C044,P001,2026-04-15 05:59:09,11.91,86.63,0.73,23.96497,77.779057,Delhi
E007680,C005,P002,2026-03-31 01:52:36,9.56,78.3,0.96,24.971197,73.961253,Jaipur
E007681,C007,P003,2026-04-17 07:00:01,11.46,84.34,0.69,26.966599,74.481287,Jaipur
E007682,C032,P002,2026-02-28 19:09:26,12.56,77.67,0.27,20.834251,79.480417,Mumbai
E007683,C025,P003,2026-03-15 00:58:09,10.44,76.93,0.44,28.390195,70.796167,Ahmedabad
E007684,C049,P002,2026-04-09 03:35:15,10.5,67.25,0.97,22.545982,75.882442,Delhi
E007685,C028,P002,2026-06-14 09:40:29,10.84,80.04,0.25,20.292146,73.873459,Delhi
E007686,C044,P003,2026-02-09 16:53:12,9.39,64.02,0.32,28.678309,70.684774,Mumbai
E007687,C009,P002,2026-02-11 16:07:13,15.76,82.97,0.05,24.141887,76.994529,Ahmedabad
E007688,C014,P003,2026-04-07 15:25:05,7.13,81.42,0.17,28.381697,72.842123,Mumbai
E007689,C035,P001,2026-03-12 01:31:37,13.96,86.52,0.02,22.123424,77.774633,Delhi
E007690,C047,P003,2026-03-02 03:13:15,8.38,70.11,0.12,26.005803,79.624097,Delhi
E007691,C017,P001,2026-04-04 00:35:44,7.0,84.98,0.96,24.835413,73.79473,Jaipur
E007692,C030,P003,2026-02-06 05:54:48,8.05,91.63,0.09,23.105743,74.188205,Jaipur
E007693,C029,P004,2026-04-15 03:39:10,4.35,78.38,0.36,27.598651,79.232786,Mumbai
E007694,C008,P003,2026-01-02 23:18:24,14.97,82.68,1.0,25.215562,73.579569,Ahmedabad
E007695,C031,P002,2026-04-10 16:04:03,5.63,91.16,0.38,27.195322,78.747673,Pune
E007696,C050,P001,2026-02-22 05:00:55,4.58,61.81,0.99,22.869678,77.306482,Pune
E007697,C040,P001,2026-06-05 07:23:58,5.91,76.1,0.53,23.570771,72.742394,Pune
E007698,C025,P001,2026-03-27 01:44:11,14.24,67.32,0.97,27.254075,76.772364,Delhi
E007699,C020,P001,2026-02-28 23:08:55,6.14,62.43,0.45,22.163747,71.28212,Ahmedabad
E007700,C018,P003,2026-05-19 01:58:41,14.34,74.98,0.23,22.27736,73.483391,Jaipur
E007701,C031,P002,2026-01-28 13:30:58,9.87,85.88,0.19,20.12826,77.075488,Jaipur
E007702,C029,P004,2026-03-01 20:45:06,7.25,84.13,0.21,25.432394,76.0852,Delhi
E007703,C040,P003,2026-05-18 05:45:27,9.64,80.57,0.66,26.850156,77.091276,Pune
E007704,C030,P001,2026-04-05 10:32:49,15.88,80.94,0.48,29.917464,74.75979,Jaipur
E007705,C040,P001,2026-05-17 21:52:57,11.71,92.45,0.52,26.744345,77.018072,Ahmedabad
E007706,C017,P001,2026-05-28 10:24:02,15.08,75.5,0.42,27.425832,70.050389,Mumbai
E007707,C041,P003,2026-01-09 21:50:50,5.8,86.36,0.94,29.183031,73.820073,Delhi
E007708,C005,P004,2026-05-17 02:27:59,7.44,89.76,0.9,20.889752,78.444564,Jaipur
E007709,C047,P001,2026-06-16 09:31:08,6.26,62.53,0.26,29.872018,70.868012,Delhi
E007710,C025,P001,2026-02-05 10:33:51,7.01,79.52,0.44,28.713632,77.744716,Jaipur
E007711,C028,P004,2026-06-27 19:04:45,15.34,70.42,0.42,25.31152,72.632406,Pune
E007712,C033,P001,2026-03-23 12:52:18,4.56,87.27,0.74,20.572656,73.53995,Pune
E007713,C001,P001,2026-01-29 03:55:40,12.58,65.19,0.06,28.544767,71.194053,Ahmedabad
E007714,C020,P002,2026-06-28 23:59:44,14.54,81.45,0.73,24.908732,70.711933,Mumbai
E007715,C035,P004,2026-03-16 10:58:17,8.53,82.55,0.39,27.951489,72.138249,Mumbai
E007716,C014,P002,2026-02-14 10:24:13,8.7,91.26,0.99,22.121088,70.479784,Ahmedabad
E007717,C014,P004,2026-03-23 03:45:01,10.53,66.53,0.02,27.823048,74.56,Delhi
E007718,C042,P004,2026-04-30 12:43:28,5.54,86.63,0.15,24.055947,75.934253,Mumbai
E007719,C012,P004,2026-05-14 05:32:11,15.2,80.98,0.78,27.688311,70.309915,Ahmedabad
E007720,C012,P001,2026-02-12 05:46:36,4.65,63.63,0.85,21.422706,71.04036,Ahmedabad
E007721,C010,P004,2026-06-12 06:27:31,14.12,83.87,0.63,26.655994,78.666553,Jaipur
E007722,C024,P003,2026-06-27 09:18:34,8.76,62.74,0.92,21.313864,73.182239,Ahmedabad
E007723,C019,P002,2026-06-22 20:03:28,10.41,78.04,0.87,29.427946,70.61162,Delhi
E007724,C038,P003,2026-03-06 12:00:17,8.6,66.65,0.16,28.662511,79.643663,Jaipur
E007725,C046,P002,2026-05-23 17:49:12,14.4,80.03,0.98,29.341905,77.516205,Pune
E007726,C048,P004,2026-01-27 17:45:52,6.16,72.93,0.99,23.873318,71.900734,Jaipur
E007727,C039,P002,2026-03-17 00:56:41,8.85,76.02,0.76,25.645028,70.524913,Ahmedabad
E007728,C022,P001,2026-02-16 06:31:51,14.79,69.76,0.59,21.054256,71.06784,Delhi
E007729,C024,P001,2026-06-02 21:48:08,8.21,73.0,0.9,25.535189,79.156618,Mumbai
E007730,C016,P002,2026-01-29 12:53:56,5.95,66.23,0.36,22.647773,77.443415,Jaipur
E007731,C006,P003,2026-01-07 13:21:59,6.37,93.54,0.29,22.363667,71.239519,Mumbai
E007732,C043,P003,2026-03-18 10:10:43,11.61,93.75,0.34,21.934185,75.765211,Mumbai
E007733,C028,P004,2026-03-19 09:32:07,13.54,67.14,0.43,24.242515,71.130757,Pune
E007734,C041,P001,2026-02-17 12:07:40,15.06,89.35,0.98,27.227149,70.195357,Jaipur
E007735,C020,P001,2026-02-20 20:06:48,15.98,77.31,0.96,23.826398,75.259412,Delhi
E007736,C036,P003,2026-05-31 02:29:55,13.45,78.92,0.56,22.119033,70.893324,Ahmedabad
E007737,C014,P001,2026-02-26 02:17:39,6.42,69.02,0.14,26.498481,74.189984,Delhi
E007738,C036,P002,2026-06-28 11:58:43,9.57,62.52,0.89,23.89009,71.860649,Ahmedabad
E007739,C017,P004,2026-01-22 18:57:47,11.52,89.21,0.26,21.327197,70.295988,Ahmedabad
E007740,C027,P001,2026-06-23 09:00:23,12.89,71.52,0.99,25.711076,73.182198,Jaipur
E007741,C009,P003,2026-01-06 09:13:09,9.8,73.71,0.96,26.749523,78.643033,Mumbai
E007742,C028,P004,2026-02-18 05:10:16,15.51,78.78,0.49,24.763546,76.560236,Mumbai
E007743,C050,P004,2026-01-11 00:47:02,15.13,69.9,0.58,26.875469,71.129887,Mumbai
E007744,C027,P003,2026-03-21 13:40:26,5.25,72.8,0.73,22.69583,75.522511,Delhi
E007745,C010,P003,2026-02-17 10:58:11,13.99,70.7,0.66,23.125019,70.134612,Jaipur
E007746,C034,P002,2026-05-10 16:44:36,12.16,69.14,0.96,27.566516,74.706588,Delhi
E007747,C048,P002,2026-04-17 17:20:58,6.17,61.86,0.06,24.679078,75.6955,Ahmedabad
E007748,C014,P003,2026-03-20 02:29:27,6.51,89.86,0.96,24.439004,79.992142,Ahmedabad
E007749,C048,P002,2026-01-09 04:26:14,11.71,76.72,0.51,20.218817,77.843656,Mumbai
E007750,C031,P001,2026-02-02 17:47:21,4.99,77.05,0.89,26.809542,79.385205,Mumbai
E007751,C008,P003,2026-02-27 14:56:55,4.14,73.95,0.29,28.196108,74.720409,Mumbai
E007752,C033,P004,2026-01-22 20:23:03,9.33,69.53,0.62,20.429858,77.282365,Delhi
E007753,C029,P004,2026-03-03 23:46:28,4.9,93.17,0.93,22.302822,75.64623,Delhi
E007754,C046,P004,2026-05-31 18:32:31,8.54,79.65,0.29,20.21857,73.556355,Pune
E007755,C033,P002,2026-06-25 21:24:17,8.26,71.38,0.1,24.430845,71.534246,Pune
E007756,C017,P001,2026-02-04 19:43:19,5.45,93.32,0.63,22.744314,74.618065,Jaipur
E007757,C017,P004,2026-05-31 22:54:42,13.82,75.28,0.17,27.081535,74.026618,Pune
E007758,C022,P004,2026-03-22 19:14:21,5.69,84.18,0.99,28.708999,75.554692,Ahmedabad
E007759,C032,P003,2026-01-12 00:10:46,11.41,69.6,0.12,23.303688,79.14964,Ahmedabad
E007760,C018,P003,2026-05-06 16:55:57,5.42,86.72,0.09,26.696475,78.639808,Ahmedabad
E007761,C030,P003,2026-03-30 09:05:40,8.58,87.79,0.97,20.94817,73.80115,Pune
E007762,C010,P002,2026-04-08 05:40:15,8.86,75.9,0.62,27.172876,76.54553,Pune
E007763,C029,P004,2026-06-21 05:36:16,15.25,76.54,0.74,28.900948,74.198687,Jaipur
E007764,C029,P004,2026-03-03 06:47:23,4.44,73.95,0.64,28.745241,71.825712,Jaipur
E007765,C013,P001,2026-01-06 07:46:52,7.7,61.21,0.76,28.78209,72.116708,Jaipur
E007766,C032,P001,2026-03-30 04:31:08,4.44,93.96,0.08,28.460067,70.142113,Delhi
E007767,C047,P003,2026-02-23 05:12:13,8.96,86.63,0.75,21.921914,78.302162,Delhi
E007768,C046,P002,2026-02-15 01:17:24,12.46,88.88,0.98,22.794673,75.830209,Pune
E007769,C050,P001,2026-03-08 08:16:19,5.89,94.23,0.02,29.883162,74.561705,Mumbai
E007770,C029,P001,2026-02-26 23:01:18,4.15,74.1,0.15,20.89898,79.155993,Delhi
E007771,C049,P001,2026-01-14 22:31:44,7.02,73.08,0.93,22.671414,77.897942,Ahmedabad
E007772,C015,P003,2026-01-11 11:41:16,5.2,60.08,0.73,20.304015,79.663073,Ahmedabad
E007773,C032,P003,2026-02-26 15:30:45,12.64,85.73,0.1,25.833826,70.813812,Jaipur
E007774,C032,P004,2026-04-14 21:00:22,12.22,76.03,0.69,26.814401,75.599299,Delhi
E007775,C036,P003,2026-02-27 10:48:31,13.32,87.98,0.84,28.599707,73.028096,Jaipur
E007776,C019,P003,2026-01-24 11:33:55,13.21,84.27,0.43,21.278081,75.092803,Delhi
E007777,C011,P001,2026-06-24 13:17:32,15.28,61.98,0.49,27.344271,74.767522,Delhi
E007778,C020,P002,2026-02-25 06:06:45,7.42,89.41,0.83,21.283607,75.546981,Mumbai
E007779,C045,P003,2026-01-17 18:44:35,13.75,94.68,0.97,25.928233,79.005391,Mumbai
E007780,C024,P001,2026-03-23 08:31:17,9.11,86.22,0.1,28.554328,70.617337,Delhi
E007781,C006,P003,2026-05-31 22:28:53,5.0,90.7,0.96,21.286166,70.434036,Delhi
E007782,C008,P004,2026-04-28 15:13:12,9.17,68.29,0.53,29.073618,78.771415,Ahmedabad
E007783,C010,P002,2026-06-22 05:25:54,4.17,63.59,0.76,21.748544,70.701438,Ahmedabad
E007784,C040,P004,2026-03-23 04:01:26,6.51,70.96,0.44,26.94987,70.845967,Jaipur
E007785,C020,P004,2026-03-21 01:32:10,7.58,70.75,0.14,21.150594,72.622862,Delhi
E007786,C027,P003,2026-01-23 08:06:08,14.32,78.89,0.72,28.732547,78.057173,Delhi
E007787,C036,P003,2026-02-22 05:19:48,13.89,70.02,0.5,25.166538,76.714703,Ahmedabad
E007788,C042,P001,2026-06-29 15:57:57,7.17,77.62,0.25,23.051554,70.237717,Mumbai
E007789,C019,P001,2026-01-22 22:13:25,12.42,84.73,0.74,29.229852,73.396411,Ahmedabad
E007790,C041,P001,2026-02-26 16:11:19,6.68,89.48,0.44,28.589143,72.708622,Mumbai
E007791,C019,P003,2026-01-03 14:56:05,12.43,64.18,0.41,20.644881,72.307294,Mumbai
E007792,C035,P003,2026-03-28 08:47:30,12.06,86.39,0.37,24.242578,76.277685,Delhi
E007793,C018,P001,2026-06-04 05:06:53,7.86,90.03,0.08,25.728335,75.783842,Mumbai
E007794,C050,P004,2026-03-31 22:02:10,9.6,70.84,0.89,27.80386,76.88271,Mumbai
E007795,C032,P004,2026-06-21 20:44:35,4.0,75.63,0.46,27.896365,76.052879,Delhi
E007796,C001,P003,2026-05-19 06:55:17,10.57,88.36,0.03,22.471613,78.538849,Mumbai
E007797,C036,P004,2026-06-27 07:29:20,14.43,85.28,0.85,20.576537,72.541228,Pune
E007798,C042,P001,2026-01-20 00:27:44,9.57,85.92,0.24,24.934333,79.257971,Ahmedabad
E007799,C030,P004,2026-01-31 04:43:22,13.29,90.67,0.01,21.928496,75.968027,Delhi
E007800,C030,P002,2026-01-29 11:41:40,8.01,73.34,0.3,21.825267,75.964794,Mumbai
E007801,C027,P003,2026-05-03 14:56:27,15.57,67.42,0.49,25.929081,72.506804,Delhi
E007802,C028,P002,2026-06-28 11:59:00,13.61,61.2,0.85,28.185386,72.790109,Jaipur
E007803,C027,P001,2026-01-18 12:39:37,4.05,82.67,0.62,27.852272,75.653093,Delhi
E007804,C047,P002,2026-05-31 13:49:42,9.59,67.42,0.92,21.979959,75.002086,Ahmedabad
E007805,C024,P001,2026-02-12 10:11:03,11.41,71.63,0.36,21.050471,75.470658,Jaipur
E007806,C025,P001,2026-04-27 07:06:27,5.54,93.73,0.39,27.028302,71.025262,Delhi
E007807,C026,P002,2026-03-21 00:25:45,14.62,66.53,0.42,27.772463,75.679271,Mumbai
E007808,C028,P004,2026-01-16 19:28:58,7.84,68.39,0.64,22.566741,76.851568,Mumbai
E007809,C028,P003,2026-06-27 21:39:47,14.79,80.36,0.24,29.181299,72.438123,Delhi
E007810,C028,P004,2026-01-14 11:06:07,10.18,70.62,0.65,29.79248,70.9088,Mumbai
E007811,C039,P001,2026-01-16 18:33:01,6.64,72.32,0.92,29.494637,73.715996,Pune
E007812,C036,P001,2026-02-28 23:52:08,6.14,69.4,0.29,22.746755,79.852972,Pune
E007813,C040,P002,2026-04-15 21:18:52,8.38,77.57,0.73,22.139348,77.146948,Ahmedabad
E007814,C034,P003,2026-05-05 02:56:49,4.33,74.3,0.26,20.602334,77.846679,Delhi
E007815,C004,P004,2026-02-18 12:06:56,9.31,70.27,0.87,20.726456,72.296385,Ahmedabad
E007816,C034,P004,2026-04-24 18:04:51,12.1,91.54,0.53,23.217272,71.154005,Delhi
E007817,C022,P004,2026-01-19 18:10:33,8.75,93.66,0.02,28.292863,75.797916,Jaipur
E007818,C029,P002,2026-06-16 14:26:46,11.86,70.79,0.86,26.544344,70.282952,Ahmedabad
E007819,C039,P003,2026-03-22 11:07:27,6.03,78.79,0.36,21.758752,74.568502,Delhi
E007820,C042,P003,2026-01-27 14:10:08,11.89,79.64,0.96,25.404786,71.967163,Delhi
E007821,C027,P002,2026-04-30 15:21:35,11.72,76.33,0.53,20.705168,78.466889,Delhi
E007822,C022,P001,2026-01-21 03:26:44,13.95,67.95,0.26,25.189617,74.948424,Mumbai
E007823,C047,P002,2026-01-15 12:35:35,14.03,84.76,0.69,22.562792,73.298664,Mumbai
E007824,C049,P002,2026-05-23 05:20:23,6.62,76.29,0.61,27.738014,70.831149,Pune
E007825,C045,P001,2026-05-07 07:34:31,12.76,68.75,0.69,27.709715,75.79447,Ahmedabad
E007826,C035,P004,2026-02-25 14:20:10,12.47,85.86,0.92,24.515957,75.369759,Mumbai
E007827,C021,P003,2026-05-23 16:24:10,5.48,87.93,0.02,29.661981,72.095515,Jaipur
E007828,C007,P003,2026-01-18 17:41:35,9.18,61.24,0.51,24.22472,74.547875,Jaipur
E007829,C013,P004,2026-05-06 06:44:16,12.39,65.5,0.98,29.821071,75.952793,Pune
E007830,C001,P003,2026-06-01 16:12:15,7.48,67.34,0.34,22.238291,72.043691,Ahmedabad
E007831,C035,P003,2026-04-05 19:17:54,7.28,60.78,0.35,23.756121,77.448635,Jaipur
E007832,C048,P004,2026-02-22 08:09:59,10.91,69.62,0.13,21.136391,73.518524,Jaipur
E007833,C018,P001,2026-04-17 13:14:19,8.05,75.69,0.07,24.624023,79.344443,Jaipur
E007834,C007,P003,2026-05-22 03:59:00,7.14,91.33,0.98,20.116706,76.255494,Jaipur
E007835,C021,P003,2026-02-18 14:41:34,7.53,86.03,0.57,28.975073,74.677153,Ahmedabad
E007836,C048,P003,2026-05-11 07:35:47,7.91,89.33,0.9,27.337675,74.12892,Jaipur
E007837,C032,P001,2026-02-25 08:34:08,11.53,70.62,0.03,21.31823,78.335424,Delhi
E007838,C012,P003,2026-05-29 08:33:52,12.5,93.27,0.15,20.163503,72.29455,Mumbai
E007839,C040,P001,2026-01-13 23:55:06,4.74,86.38,0.19,28.17641,72.594027,Jaipur
E007840,C030,P002,2026-03-24 21:24:04,11.42,84.94,0.05,25.18661,75.351581,Mumbai
E007841,C024,P004,2026-06-26 15:35:43,6.65,64.21,0.96,26.480323,79.929883,Mumbai
E007842,C018,P001,2026-01-04 15:52:43,14.22,75.61,0.4,26.683618,75.912748,Delhi
E007843,C035,P002,2026-02-22 13:05:28,12.09,61.83,0.15,29.729538,70.736524,Delhi
E007844,C019,P003,2026-02-18 02:00:31,14.62,72.26,0.35,29.310255,71.270477,Ahmedabad
E007845,C035,P002,2026-01-23 16:56:08,13.69,68.33,0.64,26.289127,75.375131,Pune
E007846,C029,P003,2026-04-15 02:47:01,13.88,90.2,0.94,22.243812,72.110225,Ahmedabad
E007847,C045,P003,2026-03-24 02:50:51,9.05,91.26,0.9,22.363813,74.581629,Mumbai
E007848,C024,P001,2026-01-16 10:41:13,6.93,79.3,0.9,23.996653,79.579474,Ahmedabad
E007849,C028,P002,2026-05-08 05:16:16,15.13,60.35,0.46,29.864556,79.07586,Mumbai
E007850,C038,P001,2026-06-21 19:56:15,10.37,87.29,0.92,29.063331,77.068311,Pune
E007851,C044,P002,2026-05-17 04:49:45,13.58,61.73,0.92,29.321519,77.254158,Ahmedabad
E007852,C013,P003,2026-05-02 02:32:19,7.52,92.15,0.85,26.936975,73.281461,Delhi
E007853,C009,P003,2026-03-16 07:16:56,6.85,79.0,0.91,26.889749,77.937323,Jaipur
E007854,C006,P004,2026-02-24 05:11:59,9.22,73.23,0.17,20.419898,72.35899,Delhi
E007855,C039,P003,2026-01-27 01:25:11,14.25,73.59,0.73,22.408615,71.077609,Pune
E007856,C043,P001,2026-04-16 00:52:03,7.09,83.87,0.05,23.932309,77.573012,Pune
E007857,C012,P001,2026-01-09 18:28:27,8.81,70.46,0.55,25.471172,71.067186,Pune
E007858,C022,P002,2026-02-09 15:42:39,8.97,67.83,0.42,20.357509,71.827896,Mumbai
E007859,C038,P001,2026-03-12 07:18:13,4.69,66.58,0.92,28.69331,73.956767,Pune
E007860,C049,P002,2026-05-17 03:57:50,15.28,70.38,0.6,21.44038,77.6403,Ahmedabad
E007861,C028,P003,2026-06-28 03:19:39,5.17,81.71,0.11,23.648452,75.129402,Mumbai
E007862,C029,P002,2026-01-14 05:32:42,15.68,62.84,0.44,29.86841,75.526816,Delhi
E007863,C037,P003,2026-06-02 13:19:14,12.57,71.5,0.02,27.8033,76.975424,Jaipur
E007864,C021,P004,2026-01-19 17:50:47,13.39,60.62,0.66,24.486807,74.735435,Delhi
E007865,C040,P001,2026-04-27 12:00:34,7.56,81.64,0.58,24.578383,73.895882,Delhi
E007866,C021,P001,2026-01-08 09:13:23,8.34,85.34,0.39,24.569117,79.39689,Ahmedabad
E007867,C009,P004,2026-02-05 16:45:11,5.69,81.55,0.34,23.43694,77.757382,Pune
E007868,C042,P001,2026-01-19 05:37:34,14.4,80.97,0.06,21.997815,75.71409,Mumbai
E007869,C046,P001,2026-01-22 19:12:46,8.02,73.39,0.4,27.313873,70.41855,Delhi
E007870,C028,P001,2026-04-05 01:22:10,14.75,89.28,0.51,21.658474,79.645977,Delhi
E007871,C013,P004,2026-05-31 04:52:36,10.73,77.84,0.36,23.654273,79.95267,Jaipur
E007872,C044,P004,2026-01-18 16:45:43,7.29,94.08,0.66,22.580735,70.03896,Pune
E007873,C050,P001,2026-04-07 08:42:27,12.46,87.25,0.96,29.442035,77.008791,Mumbai
E007874,C004,P004,2026-04-21 02:03:50,7.68,77.64,0.16,29.394738,71.872703,Ahmedabad
E007875,C048,P004,2026-04-21 06:22:53,12.21,94.8,0.91,27.971919,77.521439,Jaipur
E007876,C018,P004,2026-02-04 09:09:14,13.39,76.09,0.31,26.947041,72.264082,Pune
E007877,C040,P002,2026-03-09 04:34:01,4.07,80.08,0.78,26.00974,74.982183,Pune
E007878,C050,P003,2026-06-28 22:08:57,13.32,76.23,0.24,28.38825,73.670932,Delhi
E007879,C018,P003,2026-05-03 13:33:07,11.15,73.06,0.33,27.174195,74.192407,Jaipur
E007880,C012,P002,2026-04-24 23:39:10,9.9,83.66,0.22,21.21972,79.277856,Jaipur
E007881,C034,P001,2026-04-12 08:48:29,8.53,90.03,0.2,26.671649,79.893539,Pune
E007882,C016,P004,2026-04-28 11:04:33,12.34,64.94,0.26,25.159359,73.481461,Pune
E007883,C021,P002,2026-04-08 19:57:50,6.3,93.83,0.78,22.984724,78.474829,Ahmedabad
E007884,C027,P003,2026-04-22 04:05:36,4.86,75.48,0.85,22.137235,77.860747,Mumbai
E007885,C045,P003,2026-06-09 22:29:32,9.88,75.67,0.46,20.942169,70.889286,Mumbai
E007886,C036,P001,2026-01-20 08:59:16,6.6,89.03,0.66,20.380482,76.029003,Jaipur
E007887,C014,P002,2026-01-16 02:16:44,9.77,88.03,0.72,28.818203,70.373808,Jaipur
E007888,C044,P004,2026-02-13 04:56:40,10.31,72.42,0.05,29.686137,75.011157,Delhi
E007889,C039,P001,2026-02-06 18:48:24,9.14,60.04,0.28,27.443494,72.443346,Ahmedabad
E007890,C007,P003,2026-01-15 13:34:37,4.46,64.86,0.72,23.8802,79.653353,Delhi
E007891,C049,P002,2026-02-07 07:37:38,5.62,67.46,0.82,25.97456,78.641169,Jaipur
E007892,C044,P002,2026-02-28 23:11:20,13.68,87.55,0.4,20.172745,72.888854,Pune
E007893,C047,P002,2026-03-28 22:06:18,12.85,60.51,0.35,25.441212,77.105102,Pune
E007894,C027,P003,2026-06-17 09:19:28,10.18,60.52,0.21,22.727732,76.656512,Jaipur
E007895,C001,P003,2026-01-07 09:15:40,6.45,70.29,0.43,20.796848,72.752066,Ahmedabad
E007896,C001,P002,2026-05-28 04:46:23,9.2,87.14,0.79,26.198418,74.010754,Pune
E007897,C007,P001,2026-06-23 05:59:24,7.01,78.62,0.89,27.920484,70.859261,Ahmedabad
E007898,C004,P001,2026-06-26 15:32:20,4.06,80.81,0.03,23.82769,75.920771,Jaipur
E007899,C023,P001,2026-06-18 04:14:26,13.74,78.18,0.14,25.926304,75.056809,Ahmedabad
E007900,C010,P002,2026-02-04 13:19:06,5.22,77.75,0.35,28.397226,79.242539,Jaipur
E007901,C011,P003,2026-01-21 18:07:18,11.08,65.11,0.82,23.479765,76.914752,Jaipur
E007902,C035,P004,2026-06-10 17:50:33,13.43,68.01,0.91,28.983249,72.878771,Pune
E007903,C045,P002,2026-01-06 18:34:54,14.23,74.02,0.46,20.837888,79.952009,Ahmedabad
E007904,C016,P002,2026-03-29 03:46:10,13.09,62.88,0.63,27.704123,71.436383,Pune
E007905,C019,P003,2026-03-02 09:24:51,13.34,70.32,0.84,23.876157,73.134906,Pune
E007906,C037,P004,2026-05-05 02:05:26,11.81,68.3,0.11,24.432338,79.318753,Delhi
E007907,C035,P004,2026-04-20 16:50:29,8.43,60.32,0.08,29.093651,77.431529,Ahmedabad
E007908,C039,P001,2026-04-18 15:24:23,4.4,83.88,0.04,23.169637,77.96511,Ahmedabad
E007909,C030,P001,2026-03-05 18:03:31,12.58,67.64,0.63,20.746608,72.110551,Delhi
E007910,C029,P002,2026-06-03 07:43:45,6.57,60.47,0.96,21.023964,78.191106,Jaipur
E007911,C021,P002,2026-04-10 22:15:39,15.22,90.88,0.84,23.316359,72.371001,Jaipur
E007912,C048,P002,2026-03-12 01:47:12,14.57,88.44,0.67,28.706685,71.098662,Jaipur
E007913,C046,P004,2026-06-02 05:57:03,8.6,85.34,0.77,24.219381,70.308587,Delhi
E007914,C011,P003,2026-05-23 21:29:33,12.73,77.26,0.2,29.646882,76.428491,Delhi
E007915,C005,P001,2026-06-21 05:04:05,9.12,86.81,0.79,21.709584,75.761286,Mumbai
E007916,C049,P002,2026-01-15 11:24:08,8.18,88.96,0.37,23.490546,78.54468,Delhi
E007917,C016,P003,2026-06-25 10:05:54,8.71,92.62,0.35,20.174862,70.137923,Ahmedabad
E007918,C014,P004,2026-03-26 13:22:41,5.25,80.82,0.09,24.795964,76.867707,Mumbai
E007919,C043,P004,2026-05-25 10:36:24,14.4,73.68,0.69,20.221564,73.752181,Delhi
E007920,C005,P004,2026-04-13 22:34:06,13.03,67.68,0.03,27.871909,76.399614,Ahmedabad
E007921,C001,P003,2026-02-07 15:32:09,14.48,80.97,0.88,25.527338,79.074221,Jaipur
E007922,C045,P002,2026-01-23 12:11:48,8.83,65.41,0.66,27.406707,71.619087,Mumbai
E007923,C026,P004,2026-01-02 07:01:15,14.37,94.99,0.76,24.037079,71.86532,Ahmedabad
E007924,C024,P001,2026-05-05 03:06:42,9.57,75.73,0.53,22.981175,72.494115,Pune
E007925,C035,P002,2026-01-20 08:20:29,10.77,74.23,0.16,28.96516,75.830089,Pune
E007926,C037,P004,2026-05-29 12:17:42,4.33,89.32,0.05,28.654223,72.558583,Pune
E007927,C049,P003,2026-05-20 07:36:06,4.9,84.47,0.8,23.820051,73.503995,Pune
E007928,C026,P002,2026-05-06 19:34:09,9.0,77.69,0.28,20.06855,79.639958,Ahmedabad
E007929,C050,P002,2026-02-17 22:44:33,14.12,77.99,0.59,25.777571,74.221344,Mumbai
E007930,C008,P002,2026-05-04 22:47:54,10.56,67.51,0.18,26.008828,79.842196,Delhi
E007931,C031,P003,2026-05-01 10:27:45,7.68,71.42,0.17,23.971053,70.554777,Delhi
E007932,C043,P004,2026-06-11 23:00:32,7.69,76.47,0.22,26.722763,79.777408,Ahmedabad
E007933,C034,P003,2026-05-20 11:48:07,5.14,80.02,0.45,25.872386,73.481721,Delhi
E007934,C005,P003,2026-01-14 17:26:36,4.27,92.86,0.8,24.323414,71.274414,Delhi
E007935,C041,P001,2026-02-23 16:48:16,11.22,69.09,0.57,20.524191,75.149644,Delhi
E007936,C035,P003,2026-01-08 09:03:05,13.81,76.06,0.89,23.317338,78.821225,Jaipur
E007937,C046,P004,2026-06-02 13:02:30,4.89,93.35,0.56,21.13202,74.927773,Ahmedabad
E007938,C014,P001,2026-03-24 10:05:47,4.61,61.12,0.15,26.284614,70.668817,Mumbai
E007939,C003,P004,2026-03-07 15:53:53,7.45,70.01,0.74,23.983341,71.098055,Mumbai
E007940,C039,P003,2026-01-03 04:49:33,15.65,77.46,0.51,20.676448,78.02091,Jaipur
E007941,C036,P003,2026-01-25 00:39:52,8.27,86.09,0.46,25.444322,78.518426,Jaipur
E007942,C048,P004,2026-01-12 22:55:21,10.88,63.64,0.27,29.72596,75.391949,Ahmedabad
E007943,C028,P002,2026-02-22 18:29:19,15.8,74.75,0.1,25.081658,76.607318,Pune
E007944,C046,P003,2026-02-12 10:50:01,13.42,92.2,0.44,28.814957,73.945581,Pune
E007945,C005,P003,2026-03-31 16:02:10,11.34,76.26,0.72,28.499028,79.472472,Delhi
E007946,C003,P003,2026-05-30 03:55:34,14.19,92.48,0.64,20.868084,77.400657,Delhi
E007947,C020,P001,2026-04-01 20:41:04,11.48,87.07,0.3,26.300417,71.908441,Ahmedabad
E007948,C041,P001,2026-05-14 10:00:30,8.56,75.02,0.31,23.710413,74.715498,Jaipur
E007949,C033,P002,2026-03-05 09:11:50,13.27,61.45,0.15,26.06887,76.68816,Delhi
E007950,C041,P002,2026-02-03 03:49:51,6.16,81.04,0.74,29.344816,78.295336,Mumbai
E007951,C008,P002,2026-02-16 14:28:59,9.23,79.36,0.1,22.713419,71.000829,Mumbai
E007952,C017,P004,2026-05-11 00:32:56,4.72,68.16,0.47,21.662701,70.931552,Delhi
E007953,C032,P002,2026-01-21 16:54:16,12.11,80.02,0.29,26.168625,74.731506,Delhi
E007954,C017,P002,2026-03-04 23:31:29,7.93,79.0,0.2,25.730847,74.950972,Ahmedabad
E007955,C009,P002,2026-05-29 11:58:23,12.58,76.55,0.18,27.788059,79.099676,Jaipur
E007956,C006,P001,2026-03-02 15:39:55,4.81,63.32,0.76,25.782988,74.841551,Delhi
E007957,C037,P003,2026-02-23 13:12:40,10.4,91.88,0.26,28.36536,73.03654,Mumbai
E007958,C005,P001,2026-02-03 22:05:05,12.86,84.12,0.24,29.145953,74.929249,Jaipur
E007959,C001,P001,2026-04-21 11:54:52,12.46,89.25,0.47,29.920551,70.820813,Jaipur
E007960,C035,P002,2026-06-27 17:18:36,12.16,82.82,0.34,29.00676,77.708633,Ahmedabad
E007961,C043,P004,2026-02-11 04:18:13,6.73,84.57,0.02,24.116178,70.643167,Ahmedabad
E007962,C005,P002,2026-06-02 10:38:30,12.18,90.04,0.96,28.193004,79.360886,Delhi
E007963,C021,P001,2026-04-24 16:02:17,11.34,88.12,0.08,25.593406,73.807603,Jaipur
E007964,C043,P004,2026-04-05 07:51:04,13.92,85.72,0.32,25.15109,78.616225,Ahmedabad
E007965,C013,P004,2026-06-11 06:39:23,5.09,89.74,0.42,23.150868,74.077342,Delhi
E007966,C045,P002,2026-03-05 15:17:22,13.71,66.3,0.18,24.601986,70.395069,Delhi
E007967,C038,P004,2026-02-11 03:01:27,7.4,62.25,0.51,26.735171,73.257573,Pune
E007968,C008,P004,2026-05-21 16:50:46,14.04,81.52,0.98,21.194887,77.501552,Mumbai
E007969,C038,P001,2026-04-23 03:35:03,5.05,62.64,0.33,26.84324,73.82786,Ahmedabad
E007970,C035,P002,2026-03-20 18:37:08,15.58,66.39,0.82,23.364329,77.893927,Mumbai
E007971,C037,P003,2026-06-03 20:42:02,6.22,82.08,0.89,22.534642,76.627323,Jaipur
E007972,C046,P004,2026-03-10 11:39:16,5.81,93.88,0.89,22.822309,78.758801,Pune
E007973,C028,P004,2026-04-17 09:51:51,13.15,70.91,0.04,24.192498,79.845767,Ahmedabad
E007974,C032,P001,2026-01-24 23:04:48,13.84,72.58,0.72,24.424748,78.935902,Jaipur
E007975,C004,P004,2026-04-11 07:11:03,13.93,91.64,0.06,22.457693,76.384361,Delhi
E007976,C027,P004,2026-02-23 06:00:23,8.34,78.57,0.19,25.961335,79.213501,Mumbai
E007977,C005,P003,2026-06-08 06:21:08,8.19,66.26,0.5,22.965316,71.33992,Jaipur
E007978,C002,P004,2026-01-25 10:07:48,14.14,81.2,0.73,23.083041,78.622791,Jaipur
E007979,C037,P004,2026-02-14 00:22:51,15.29,76.01,0.12,21.233889,71.273538,Jaipur
E007980,C020,P003,2026-01-04 19:25:31,12.86,69.26,0.76,26.414396,73.868782,Jaipur
E007981,C002,P004,2026-06-17 15:35:56,12.39,70.16,0.85,24.289508,74.549036,Ahmedabad
E007982,C047,P003,2026-02-10 01:35:59,12.54,88.91,0.03,27.374573,78.665656,Mumbai
E007983,C003,P004,2026-03-17 07:00:51,13.01,70.6,0.37,27.207271,77.658364,Mumbai
E007984,C021,P004,2026-04-22 00:46:33,4.1,79.31,0.13,25.062583,74.322491,Pune
E007985,C034,P002,2026-03-14 16:16:24,11.51,79.51,0.76,23.290425,73.997388,Delhi
E007986,C007,P004,2026-06-20 09:20:35,15.25,71.22,0.45,26.209483,72.815981,Pune
E007987,C006,P003,2026-04-24 19:40:55,8.13,89.15,0.53,28.992571,74.603678,Jaipur
E007988,C047,P003,2026-04-05 22:41:58,13.12,78.12,0.46,26.692307,72.447164,Jaipur
E007989,C009,P002,2026-04-28 14:54:03,14.63,90.46,0.45,27.164428,74.452017,Delhi
E007990,C019,P001,2026-05-17 08:27:25,14.93,61.99,0.5,20.250751,78.264783,Mumbai
E007991,C021,P003,2026-04-13 10:14:32,7.75,85.71,0.2,22.415129,70.694229,Mumbai
E007992,C010,P001,2026-01-02 09:27:46,13.49,63.61,0.26,28.773734,73.674909,Ahmedabad
E007993,C024,P003,2026-04-18 15:53:27,6.18,84.47,0.87,22.88808,77.096565,Jaipur
E007994,C009,P004,2026-05-22 04:33:33,13.96,71.21,0.69,28.288461,76.20676,Delhi
E007995,C025,P001,2026-06-24 03:02:50,15.7,72.46,0.42,23.107022,72.503605,Ahmedabad
E007996,C025,P002,2026-03-11 23:49:31,13.54,83.44,0.34,23.177591,79.921813,Delhi
E007997,C021,P003,2026-02-28 20:17:51,15.29,89.4,0.16,28.220648,74.274518,Jaipur
E007998,C014,P002,2026-02-04 08:27:27,10.99,78.8,0.36,26.3907,76.781422,Delhi
E007999,C041,P004,2026-04-06 01:02:23,8.59,84.04,0.72,24.743993,74.474633,Ahmedabad
E008000,C038,P003,2026-03-31 23:44:29,5.28,83.14,0.82,20.778153,79.651657,Delhi
E008001,C008,P002,2026-02-07 00:23:20,8.77,89.18,0.68,28.817973,77.820424,Jaipur
E008002,C026,P004,2026-01-25 09:13:23,4.84,72.87,0.02,25.530238,76.25789,Ahmedabad
E008003,C044,P002,2026-06-11 15:11:01,12.9,91.9,0.38,28.271296,73.193922,Mumbai
E008004,C044,P003,2026-06-11 23:40:51,5.83,71.9,0.67,21.047435,70.744552,Pune
E008005,C025,P002,2026-04-22 07:26:30,11.26,86.86,0.69,24.548321,74.63405,Mumbai
E008006,C031,P004,2026-03-09 03:18:58,13.49,80.92,0.57,26.122895,76.193627,Jaipur
E008007,C038,P004,2026-03-08 01:10:32,8.83,86.77,0.6,23.878763,75.372324,Pune
E008008,C002,P003,2026-03-23 15:54:25,15.56,71.0,0.05,24.582521,71.583037,Pune
E008009,C026,P002,2026-06-04 18:48:36,10.39,76.61,0.33,20.296405,79.20009,Delhi
E008010,C047,P002,2026-06-28 02:02:02,12.61,67.95,0.91,26.53052,72.073687,Mumbai
E008011,C039,P001,2026-03-10 14:32:39,5.36,74.6,0.92,28.545892,70.38549,Jaipur
E008012,C045,P004,2026-02-12 05:31:12,13.62,81.26,0.78,29.300877,73.790301,Ahmedabad
E008013,C025,P004,2026-01-21 18:37:59,11.77,74.26,0.46,25.282843,74.467257,Ahmedabad
E008014,C022,P004,2026-05-03 21:13:33,9.91,86.88,0.79,28.718772,73.978923,Ahmedabad
E008015,C022,P002,2026-01-13 20:40:33,12.15,87.75,0.95,27.603061,73.488774,Delhi
E008016,C005,P003,2026-04-13 19:30:36,6.01,79.88,0.21,21.537184,74.570801,Mumbai
E008017,C001,P002,2026-04-20 15:33:45,4.77,71.74,0.36,24.885989,75.305568,Pune
E008018,C043,P003,2026-06-19 03:45:21,14.09,65.15,0.89,26.530307,79.722228,Delhi
E008019,C005,P003,2026-03-14 01:23:35,15.09,69.87,0.36,26.679154,70.144218,Jaipur
E008020,C008,P002,2026-02-08 09:24:30,7.66,74.24,0.81,24.842829,71.095349,Delhi
E008021,C002,P003,2026-03-16 02:03:57,4.26,75.92,0.04,27.526705,70.294757,Delhi
E008022,C012,P004,2026-04-19 20:53:37,15.9,74.59,0.76,21.290423,72.251221,Delhi
E008023,C012,P003,2026-05-13 19:09:39,7.25,84.56,0.8,25.778321,75.760171,Pune
E008024,C003,P001,2026-05-08 20:33:46,13.43,76.28,0.39,23.825832,79.161637,Delhi
E008025,C049,P002,2026-02-07 16:06:11,8.93,69.22,0.5,23.910763,72.009016,Mumbai
E008026,C009,P001,2026-03-08 20:18:12,10.35,80.89,0.85,20.079717,72.553277,Delhi
E008027,C042,P004,2026-04-11 11:39:29,4.58,89.37,0.5,23.952826,73.044552,Ahmedabad
E008028,C007,P001,2026-03-22 01:00:30,15.18,83.05,0.66,26.252531,73.040539,Jaipur
E008029,C022,P002,2026-01-30 18:37:17,11.22,64.31,0.45,25.171473,75.035636,Jaipur
E008030,C022,P002,2026-02-05 15:03:59,5.83,81.53,0.15,29.685604,77.331827,Pune
E008031,C021,P004,2026-05-15 10:05:22,9.07,70.52,0.55,29.100781,79.736103,Delhi
E008032,C031,P002,2026-02-17 05:43:21,11.42,65.78,0.21,20.242661,75.152733,Delhi
E008033,C049,P002,2026-06-04 08:06:52,7.24,76.67,0.31,25.35576,76.151997,Ahmedabad
E008034,C012,P003,2026-06-07 19:12:16,13.28,62.65,0.21,23.561581,76.986196,Pune
E008035,C018,P004,2026-01-03 07:22:55,5.6,66.11,0.28,27.802863,76.466434,Pune
E008036,C033,P001,2026-04-17 02:10:01,8.98,87.42,0.59,26.671316,70.086975,Mumbai
E008037,C019,P002,2026-03-15 10:19:54,11.81,66.67,0.32,27.87811,79.229942,Jaipur
E008038,C041,P004,2026-02-03 06:42:21,14.01,72.12,0.72,20.928592,72.05586,Delhi
E008039,C008,P004,2026-05-21 07:59:23,10.28,60.42,0.11,20.781801,72.315274,Ahmedabad
E008040,C047,P003,2026-05-02 10:37:12,13.71,66.06,0.3,27.651333,73.786782,Mumbai
E008041,C021,P001,2026-04-27 00:19:52,14.93,83.46,0.77,23.872134,70.918731,Pune
E008042,C015,P004,2026-03-15 11:32:46,8.84,77.51,0.45,27.230787,70.553598,Jaipur
E008043,C011,P002,2026-05-25 06:09:34,11.31,74.23,0.63,21.746662,74.248194,Ahmedabad
E008044,C001,P002,2026-06-18 16:30:52,14.96,86.06,0.29,27.907244,75.884648,Delhi
E008045,C028,P003,2026-04-14 00:01:46,14.09,71.23,0.05,22.881655,71.123055,Mumbai
E008046,C042,P004,2026-05-24 01:50:51,9.23,85.52,0.69,29.612175,72.755742,Jaipur
E008047,C047,P004,2026-05-17 07:07:59,4.01,89.62,0.86,20.268509,71.822608,Delhi
E008048,C027,P004,2026-02-09 05:08:32,8.72,85.0,0.66,26.223811,72.297249,Jaipur
E008049,C040,P003,2026-03-23 20:26:01,6.1,81.27,0.19,25.090869,78.165737,Mumbai
E008050,C021,P004,2026-01-01 06:03:38,13.35,73.76,0.92,24.728116,74.338756,Ahmedabad
E008051,C022,P001,2026-02-22 18:16:14,12.97,79.99,0.23,24.729191,72.196463,Mumbai
E008052,C004,P001,2026-04-01 12:56:16,11.08,82.62,0.0,27.34944,70.452367,Ahmedabad
E008053,C021,P003,2026-06-26 10:33:03,12.72,67.43,0.27,21.511364,71.801967,Pune
E008054,C010,P002,2026-02-11 15:19:19,15.43,81.51,0.42,22.331229,75.45105,Delhi
E008055,C021,P002,2026-05-09 10:11:33,13.43,82.28,0.24,22.857882,76.002195,Delhi
E008056,C012,P004,2026-05-10 10:17:01,5.7,86.28,0.77,26.390422,72.1421,Pune
E008057,C042,P004,2026-05-07 12:10:42,11.24,83.99,0.89,27.296442,77.62036,Delhi
E008058,C024,P003,2026-05-25 21:52:55,6.74,60.93,0.87,24.146367,72.896239,Pune
E008059,C022,P001,2026-02-12 22:26:44,7.22,87.38,0.97,27.898771,74.818048,Mumbai
E008060,C037,P002,2026-03-29 04:39:15,14.41,93.32,0.52,29.778942,75.53088,Mumbai
E008061,C036,P001,2026-03-04 23:54:28,8.88,74.25,0.58,20.372118,70.396321,Pune
E008062,C004,P001,2026-06-21 02:20:50,4.7,69.57,0.11,25.19714,75.345476,Pune
E008063,C009,P004,2026-03-31 07:52:12,10.21,64.27,0.87,23.936354,74.943258,Delhi
E008064,C029,P001,2026-05-09 02:31:55,13.37,84.35,0.09,20.776839,77.483722,Pune
E008065,C035,P001,2026-01-07 11:00:09,12.52,72.57,0.24,22.196744,71.887428,Ahmedabad
E008066,C021,P002,2026-01-18 18:13:54,11.79,94.64,0.07,21.496771,79.495675,Delhi
E008067,C040,P001,2026-05-06 02:22:35,7.93,93.43,0.49,21.95981,78.277959,Ahmedabad
E008068,C010,P002,2026-02-19 23:11:32,4.98,77.01,0.26,21.323571,78.844902,Pune
E008069,C044,P001,2026-04-22 03:44:23,12.48,64.48,0.48,23.945206,72.642483,Delhi
E008070,C047,P003,2026-05-05 14:28:13,5.01,74.89,0.61,26.861191,73.078925,Delhi
E008071,C014,P004,2026-04-30 18:51:26,11.99,65.42,0.52,24.618223,77.634015,Delhi
E008072,C038,P002,2026-05-02 12:19:21,5.24,74.42,0.32,26.462823,75.362001,Mumbai
E008073,C043,P003,2026-06-22 07:18:09,14.58,72.7,0.79,25.115033,72.987616,Mumbai
E008074,C038,P004,2026-01-18 09:09:50,9.51,60.68,0.2,24.560029,79.351966,Delhi
E008075,C016,P004,2026-05-03 22:50:47,9.45,63.2,0.62,24.861644,78.673699,Jaipur
E008076,C013,P001,2026-04-11 01:21:36,13.11,81.86,0.84,24.944691,71.155155,Ahmedabad
E008077,C015,P001,2026-05-22 07:29:34,4.39,68.96,0.04,27.713393,73.794699,Pune
E008078,C003,P002,2026-03-14 14:23:20,15.84,85.44,0.19,21.647313,74.405728,Mumbai
E008079,C015,P001,2026-03-10 01:41:35,5.06,65.62,0.78,26.775771,75.561056,Delhi
E008080,C020,P004,2026-03-05 02:11:07,5.42,77.03,0.88,26.547854,77.786592,Pune
E008081,C021,P004,2026-01-10 14:37:46,14.06,93.39,0.2,23.816007,76.418595,Delhi
E008082,C009,P002,2026-01-08 23:02:17,9.52,70.49,0.95,28.100598,75.949725,Pune
E008083,C014,P004,2026-01-06 03:33:50,15.47,81.62,0.73,27.907081,77.666247,Jaipur
E008084,C044,P004,2026-05-14 18:21:02,10.67,68.48,0.51,29.29448,77.43434,Delhi
E008085,C038,P001,2026-03-21 03:05:52,13.02,60.08,0.68,26.842846,73.384529,Jaipur
E008086,C012,P002,2026-03-17 05:46:29,11.1,91.58,0.56,23.970549,76.575731,Jaipur
E008087,C008,P001,2026-03-26 19:12:06,13.38,75.96,0.39,22.802149,78.650274,Ahmedabad
E008088,C037,P004,2026-05-12 19:13:06,13.23,79.37,0.63,28.272411,79.194602,Mumbai
E008089,C027,P001,2026-03-03 09:27:23,10.91,60.63,0.49,27.418732,73.48857,Mumbai
E008090,C037,P001,2026-03-08 00:19:00,10.72,77.0,0.65,26.377159,73.891832,Jaipur
E008091,C035,P003,2026-01-03 23:43:23,11.37,84.59,0.5,22.182369,76.249422,Delhi
E008092,C035,P004,2026-05-31 05:07:31,7.58,86.84,0.16,27.38222,70.713061,Ahmedabad
E008093,C038,P003,2026-02-19 22:45:15,8.72,93.73,0.8,29.940558,73.824081,Ahmedabad
E008094,C026,P001,2026-05-18 07:11:02,10.95,92.29,0.2,23.324641,72.139064,Ahmedabad
E008095,C046,P001,2026-01-16 22:15:55,13.93,60.49,0.55,21.039668,76.597613,Delhi
E008096,C022,P002,2026-06-04 09:54:34,8.98,79.78,0.12,25.947475,73.144252,Pune
E008097,C014,P003,2026-03-27 09:15:52,7.58,74.93,0.63,25.574021,72.770166,Delhi
E008098,C015,P002,2026-04-04 11:55:19,15.35,74.93,0.56,26.303384,76.835951,Delhi
E008099,C015,P001,2026-05-29 12:22:35,8.69,94.77,0.19,27.660471,75.803994,Delhi
E008100,C044,P004,2026-02-19 06:32:30,12.74,76.47,0.01,21.533619,77.564928,Ahmedabad
E008101,C032,P004,2026-06-09 04:45:54,9.58,75.32,0.3,27.596155,71.334347,Jaipur
E008102,C002,P001,2026-05-22 01:37:48,5.79,71.76,0.99,21.968945,74.006014,Mumbai
E008103,C005,P004,2026-06-23 14:06:35,5.92,64.94,0.67,27.024574,77.985925,Ahmedabad
E008104,C035,P002,2026-05-12 13:14:32,14.0,80.99,0.6,24.861635,74.76205,Jaipur
E008105,C041,P004,2026-05-13 06:09:23,9.38,61.95,0.06,22.040505,77.07065,Pune
E008106,C047,P004,2026-06-30 10:58:25,6.04,64.53,0.54,28.096268,75.229933,Pune
E008107,C018,P004,2026-03-15 12:09:07,6.32,69.17,0.71,22.447949,75.332905,Jaipur
E008108,C043,P001,2026-06-03 19:25:03,13.61,62.03,0.61,25.434664,79.075564,Delhi
E008109,C018,P003,2026-04-05 11:15:34,11.42,92.75,0.51,20.802388,77.801731,Jaipur
E008110,C041,P001,2026-06-02 18:03:55,4.48,90.01,0.78,25.375125,77.957409,Delhi
E008111,C014,P003,2026-01-15 21:32:58,8.01,78.38,0.64,26.143211,74.052422,Mumbai
E008112,C021,P003,2026-04-07 10:19:30,12.59,94.93,0.37,22.904271,76.102731,Delhi
E008113,C032,P004,2026-02-25 23:32:47,12.7,90.31,0.12,27.585066,76.836174,Jaipur
E008114,C006,P004,2026-06-14 04:49:19,6.02,77.93,0.59,23.615711,72.455105,Ahmedabad
E008115,C042,P001,2026-01-22 15:54:35,15.15,79.29,0.24,29.130023,74.910555,Delhi
E008116,C014,P002,2026-05-12 01:23:37,10.01,78.13,0.22,21.718891,70.463747,Pune
E008117,C005,P001,2026-04-23 22:35:18,12.74,84.09,0.46,28.921138,78.074845,Jaipur
E008118,C027,P001,2026-02-05 01:15:10,12.8,84.7,0.84,21.745697,70.087502,Delhi
E008119,C019,P004,2026-05-17 23:27:02,9.76,74.7,0.86,28.597297,76.55267,Delhi
E008120,C019,P002,2026-02-12 20:15:22,5.94,92.81,0.16,21.254566,77.804155,Jaipur
E008121,C014,P001,2026-03-23 18:14:25,6.4,85.73,0.51,25.71875,75.407849,Delhi
E008122,C020,P001,2026-06-17 03:16:38,4.41,77.73,0.7,25.035527,73.020785,Mumbai
E008123,C029,P004,2026-03-11 13:11:18,8.07,61.25,0.97,22.631189,78.524345,Mumbai
E008124,C044,P004,2026-01-30 21:32:46,12.64,79.38,0.38,20.466666,77.417616,Jaipur
E008125,C008,P003,2026-04-11 00:59:30,4.14,82.54,0.43,27.357675,77.692129,Mumbai
E008126,C044,P001,2026-02-01 22:22:40,13.84,82.08,0.9,20.367685,72.689886,Pune
E008127,C006,P004,2026-01-08 05:05:55,8.62,78.86,0.97,25.975572,75.275363,Jaipur
E008128,C008,P004,2026-04-05 07:58:10,14.46,72.66,0.97,24.167445,76.919501,Jaipur
E008129,C034,P003,2026-01-07 13:47:57,13.8,84.44,0.55,29.704802,77.625734,Delhi
E008130,C010,P002,2026-01-03 05:21:26,12.09,71.88,0.72,25.17457,70.945623,Ahmedabad
E008131,C047,P001,2026-06-27 06:32:17,13.61,79.45,0.16,21.338326,70.364006,Delhi
E008132,C034,P002,2026-03-12 20:29:58,7.13,86.91,0.26,26.224567,72.19537,Mumbai
E008133,C045,P001,2026-04-28 04:04:21,12.1,75.79,0.11,25.238874,76.749936,Jaipur
E008134,C002,P001,2026-04-27 20:17:15,9.78,69.54,0.74,22.269051,76.776146,Delhi
E008135,C030,P004,2026-02-16 01:00:56,14.23,88.03,0.08,27.844009,73.979641,Ahmedabad
E008136,C005,P001,2026-01-21 20:09:10,6.8,87.47,0.37,29.469884,79.796937,Mumbai
E008137,C009,P001,2026-04-05 19:54:16,7.72,89.23,0.65,25.69647,77.632076,Pune
E008138,C028,P001,2026-06-08 15:39:07,11.63,71.44,0.25,27.82197,78.326902,Delhi
E008139,C024,P002,2026-04-24 05:36:02,12.79,75.43,0.78,23.645372,78.945812,Delhi
E008140,C041,P004,2026-02-28 23:13:46,13.62,69.4,0.63,20.699814,72.837354,Delhi
E008141,C018,P002,2026-04-22 05:31:17,6.9,61.99,0.15,26.452517,76.872831,Pune
E008142,C015,P003,2026-01-01 20:50:27,5.98,80.88,0.74,20.859968,70.763622,Delhi
E008143,C001,P001,2026-05-07 18:06:19,8.84,93.49,0.82,20.894466,74.610855,Mumbai
E008144,C049,P002,2026-01-30 12:44:07,5.81,92.07,0.12,24.551484,76.270816,Jaipur
E008145,C001,P001,2026-06-10 23:52:56,4.06,73.66,0.34,20.274764,71.196482,Pune
E008146,C034,P002,2026-02-20 06:47:40,11.21,61.0,0.55,27.872927,73.237448,Ahmedabad
E008147,C027,P001,2026-03-10 21:03:12,15.66,78.15,0.17,22.670954,76.745546,Ahmedabad
E008148,C015,P003,2026-01-10 06:07:36,4.46,65.64,0.53,27.201147,74.233339,Delhi
E008149,C038,P001,2026-03-24 22:20:25,7.45,71.95,0.52,21.556789,79.229197,Pune
E008150,C046,P002,2026-05-22 11:19:56,6.45,91.6,0.75,24.112188,73.635167,Jaipur
E008151,C029,P001,2026-02-19 11:33:06,11.55,87.94,0.73,25.69777,74.662816,Pune
E008152,C042,P003,2026-03-23 23:47:54,6.74,86.77,0.32,25.956486,73.424493,Jaipur
E008153,C028,P002,2026-03-30 03:14:16,14.15,87.21,0.93,27.385876,71.687355,Ahmedabad
E008154,C037,P001,2026-02-23 17:17:29,15.78,79.3,0.8,22.272806,79.931999,Delhi
E008155,C048,P004,2026-05-27 16:05:30,15.41,76.57,0.41,20.180107,72.533777,Ahmedabad
E008156,C014,P003,2026-03-07 14:17:50,15.39,74.36,0.35,28.989341,73.955366,Ahmedabad
E008157,C010,P002,2026-05-22 04:21:39,9.52,71.73,0.7,20.271665,75.471739,Mumbai
E008158,C011,P004,2026-05-02 17:09:26,11.47,79.43,0.59,28.541622,73.004219,Mumbai
E008159,C014,P003,2026-01-01 16:35:00,6.1,93.85,0.28,24.451753,72.781369,Ahmedabad
E008160,C006,P002,2026-05-18 14:30:34,15.0,61.9,0.01,20.262965,74.049372,Pune
E008161,C024,P001,2026-05-23 09:58:29,13.85,64.2,0.53,27.019481,78.275384,Pune
E008162,C006,P003,2026-05-29 14:05:35,10.0,92.29,0.88,23.926363,73.863037,Jaipur
E008163,C026,P003,2026-05-16 05:54:48,4.94,83.28,0.72,20.718543,79.27632,Pune
E008164,C028,P001,2026-03-18 19:20:57,7.02,93.29,0.89,20.000778,77.688172,Delhi
E008165,C010,P002,2026-03-01 11:57:59,14.44,93.81,0.78,28.715178,75.217515,Mumbai
E008166,C014,P002,2026-02-15 04:08:48,5.19,91.47,0.37,28.628058,71.153653,Mumbai
E008167,C005,P001,2026-02-15 14:26:21,10.16,89.98,0.75,28.881465,78.557705,Pune
E008168,C009,P001,2026-06-02 08:00:51,10.81,83.94,0.46,21.190233,79.59591,Mumbai
E008169,C032,P002,2026-06-25 23:12:41,12.32,63.39,0.14,24.627879,76.974026,Mumbai
E008170,C041,P003,2026-04-20 00:18:26,10.91,73.27,0.47,27.027709,74.339978,Delhi
E008171,C046,P004,2026-06-26 05:26:14,4.43,65.73,0.1,27.734969,77.781966,Mumbai
E008172,C026,P004,2026-05-16 16:50:53,12.98,78.09,0.03,26.786431,70.563526,Delhi
E008173,C039,P002,2026-04-12 11:33:13,6.55,89.44,0.52,28.353795,76.300135,Delhi
E008174,C047,P003,2026-01-01 06:32:11,14.28,92.38,0.72,22.540746,79.886305,Ahmedabad
E008175,C019,P004,2026-01-27 20:31:11,15.08,89.75,0.58,22.966345,76.569464,Pune
E008176,C025,P001,2026-05-03 07:40:46,12.96,62.49,0.04,25.892404,79.7435,Delhi
E008177,C037,P004,2026-01-09 22:57:16,5.59,61.07,0.83,23.056323,70.801563,Mumbai
E008178,C004,P001,2026-02-26 02:14:31,4.18,82.61,0.57,27.832205,78.113147,Pune
E008179,C001,P003,2026-03-30 23:49:34,4.54,94.16,0.65,28.049457,73.017333,Mumbai
E008180,C048,P004,2026-02-19 06:52:58,6.66,69.14,0.61,28.266621,71.739171,Ahmedabad
E008181,C033,P004,2026-04-05 16:26:05,14.01,76.5,0.57,25.852629,72.229144,Delhi
E008182,C038,P001,2026-05-09 10:17:18,9.09,70.74,0.61,21.944425,74.537788,Mumbai
E008183,C030,P001,2026-01-15 11:19:22,11.46,86.94,0.68,27.324435,73.103832,Pune
E008184,C019,P001,2026-06-28 22:19:24,14.92,66.56,0.97,27.317781,76.371556,Delhi
E008185,C045,P002,2026-02-08 19:34:32,8.09,94.03,0.66,27.34838,79.135096,Mumbai
E008186,C040,P001,2026-06-09 22:38:00,14.71,71.63,0.12,20.582811,78.558415,Ahmedabad
E008187,C001,P003,2026-06-21 02:50:25,11.16,78.45,0.49,27.104784,78.493559,Ahmedabad
E008188,C005,P002,2026-06-25 06:49:51,15.28,76.71,0.38,21.346546,71.542648,Jaipur
E008189,C005,P002,2026-06-12 03:29:11,7.43,72.42,0.54,23.517755,71.089677,Mumbai
E008190,C011,P003,2026-01-26 20:07:54,10.11,75.58,0.67,23.973944,72.093982,Jaipur
E008191,C022,P001,2026-01-01 09:56:18,15.85,69.86,0.17,22.32521,75.207823,Mumbai
E008192,C046,P002,2026-04-24 22:39:43,12.66,83.06,0.73,26.741877,77.866019,Pune
E008193,C005,P003,2026-01-19 13:06:56,5.5,83.18,0.66,28.239533,70.903204,Jaipur
E008194,C011,P004,2026-05-23 07:36:07,6.94,85.37,0.42,24.975384,71.486487,Mumbai
E008195,C035,P002,2026-02-14 19:51:04,7.56,62.71,0.19,22.014196,72.038605,Ahmedabad
E008196,C049,P003,2026-01-27 15:59:30,7.51,94.63,0.79,28.37444,76.636659,Pune
E008197,C040,P004,2026-06-09 17:13:57,6.15,61.56,0.86,28.744213,78.404774,Pune
E008198,C007,P002,2026-03-04 12:48:15,12.94,65.83,0.87,29.748494,77.405768,Ahmedabad
E008199,C026,P002,2026-01-27 07:22:49,5.85,73.53,0.03,24.154459,73.594463,Jaipur
E008200,C010,P004,2026-02-09 03:48:46,13.33,77.11,0.9,23.457336,77.899658,Delhi
E008201,C009,P003,2026-01-05 06:52:10,14.37,75.63,0.65,24.91643,75.049127,Pune
E008202,C025,P002,2026-03-02 06:20:40,8.47,62.17,0.36,27.621343,76.904296,Ahmedabad
E008203,C034,P003,2026-02-27 07:39:16,9.63,78.28,0.48,26.141505,71.822956,Ahmedabad
E008204,C042,P002,2026-02-20 05:13:13,4.96,84.35,0.3,23.684852,76.087352,Pune
E008205,C009,P003,2026-01-05 12:30:33,12.21,82.4,0.94,22.680089,77.418819,Ahmedabad
E008206,C004,P003,2026-06-14 09:01:14,5.84,60.77,0.82,28.945816,79.171194,Jaipur
E008207,C040,P004,2026-02-28 22:54:13,8.28,72.52,0.23,26.583755,71.790825,Ahmedabad
E008208,C001,P002,2026-05-09 14:04:58,6.33,78.9,0.81,29.876703,73.300089,Pune
E008209,C050,P002,2026-04-22 20:19:28,12.28,69.96,0.36,23.650604,74.842282,Jaipur
E008210,C035,P002,2026-03-12 22:17:52,5.57,92.89,0.14,23.03212,70.827152,Ahmedabad
E008211,C007,P001,2026-04-24 13:36:57,14.97,81.51,0.46,21.36051,71.383617,Mumbai
E008212,C002,P001,2026-03-21 09:08:31,12.9,87.93,0.91,29.148152,75.122078,Mumbai
E008213,C033,P002,2026-04-01 09:44:23,7.62,81.7,0.23,28.762987,77.459855,Ahmedabad
E008214,C010,P002,2026-03-15 07:48:03,9.28,84.38,0.56,29.806917,79.13304,Delhi
E008215,C039,P001,2026-02-26 02:19:23,6.24,76.29,0.35,25.890951,71.351657,Mumbai
E008216,C049,P002,2026-01-31 16:11:43,12.57,89.86,0.26,21.197232,72.082109,Pune
E008217,C045,P003,2026-06-18 08:29:03,10.71,84.36,0.86,26.831362,79.424879,Mumbai
E008218,C007,P004,2026-04-04 11:34:17,8.12,70.94,0.48,21.340775,79.11762,Ahmedabad
E008219,C010,P003,2026-05-31 19:16:20,10.12,92.71,0.38,27.972738,78.456754,Mumbai
E008220,C018,P003,2026-03-23 03:47:53,10.88,75.7,0.23,27.12554,77.896806,Delhi
E008221,C047,P003,2026-02-01 22:57:55,10.2,79.8,0.24,27.700724,73.867123,Ahmedabad
E008222,C049,P002,2026-05-26 13:24:23,14.68,77.32,0.13,21.282305,71.295798,Mumbai
E008223,C002,P002,2026-02-07 21:42:36,7.77,68.36,0.18,26.781668,78.672042,Mumbai
E008224,C049,P001,2026-05-29 04:03:44,13.45,91.55,0.83,22.118648,71.730361,Pune
E008225,C034,P001,2026-03-21 09:50:48,5.17,77.6,0.94,26.196515,74.200428,Delhi
E008226,C047,P004,2026-02-16 05:30:58,10.22,69.22,0.59,21.384362,75.187663,Jaipur
E008227,C014,P004,2026-01-08 15:26:02,10.51,72.71,0.99,20.268526,76.860649,Ahmedabad
E008228,C043,P001,2026-03-14 01:39:10,15.27,60.48,0.65,26.362014,77.687014,Jaipur
E008229,C044,P004,2026-04-28 13:51:16,15.12,91.84,0.05,23.098299,78.119745,Ahmedabad
E008230,C043,P003,2026-04-11 18:11:21,11.32,64.15,0.75,26.447612,73.922446,Ahmedabad
E008231,C020,P001,2026-05-22 22:24:14,14.29,75.65,0.73,26.157998,74.619198,Delhi
E008232,C023,P001,2026-04-07 01:46:41,14.41,78.01,0.42,22.190866,72.15273,Pune
E008233,C006,P004,2026-04-12 14:17:46,5.02,91.98,0.57,27.570711,72.424519,Pune
E008234,C019,P003,2026-02-11 03:59:53,13.09,88.26,0.57,28.706,73.941902,Pune
E008235,C023,P003,2026-01-26 21:59:03,6.99,66.56,0.6,22.494216,77.412834,Pune
E008236,C008,P001,2026-02-27 12:01:06,11.06,89.26,0.77,27.267442,77.924394,Pune
E008237,C023,P004,2026-06-12 23:17:45,12.88,77.86,0.45,20.409059,72.683546,Delhi
E008238,C008,P004,2026-04-28 04:38:14,14.54,84.35,0.0,27.95853,74.245439,Mumbai
E008239,C014,P002,2026-01-07 19:08:20,9.83,79.95,0.3,27.945354,73.284011,Mumbai
E008240,C012,P002,2026-03-19 04:13:23,11.0,63.9,0.17,23.269014,76.714787,Jaipur
E008241,C042,P001,2026-05-22 15:56:01,5.67,88.0,0.22,21.097343,75.933879,Pune
E008242,C004,P001,2026-01-10 06:47:44,15.99,65.4,0.37,26.739234,77.263405,Mumbai
E008243,C049,P004,2026-05-11 09:23:16,15.33,68.68,0.57,27.019958,78.143631,Pune
E008244,C023,P003,2026-04-19 07:55:12,4.45,69.13,0.45,21.326464,77.068389,Pune
E008245,C026,P004,2026-01-05 02:27:52,7.3,64.11,0.1,23.941901,71.051374,Pune
E008246,C021,P002,2026-03-10 14:56:48,12.16,75.69,0.12,22.317349,71.680915,Mumbai
E008247,C001,P002,2026-02-07 21:05:41,6.35,61.12,0.34,29.311389,75.535336,Pune
E008248,C023,P001,2026-04-15 06:53:38,8.65,75.16,0.69,29.134019,77.877914,Mumbai
E008249,C020,P002,2026-03-03 10:27:07,11.32,86.48,0.41,25.56621,73.00863,Pune
E008250,C028,P001,2026-04-09 15:07:47,7.05,61.27,0.06,20.93343,74.13761,Ahmedabad
E008251,C035,P004,2026-02-07 18:26:43,6.99,93.33,0.54,21.036063,72.754551,Mumbai
E008252,C028,P004,2026-05-03 03:27:00,15.87,78.01,0.45,21.554558,79.881016,Pune
E008253,C025,P004,2026-06-03 09:46:26,12.44,75.62,0.4,20.485581,77.020804,Delhi
E008254,C009,P004,2026-05-05 07:57:50,14.11,86.37,0.11,26.849539,71.157871,Jaipur
E008255,C044,P001,2026-05-22 18:53:36,5.46,74.47,0.23,21.155815,71.061723,Delhi
E008256,C022,P002,2026-04-03 13:42:27,14.17,62.3,0.42,23.069995,77.917785,Ahmedabad
E008257,C036,P003,2026-04-13 15:23:44,13.08,86.19,0.75,29.580883,75.142806,Jaipur
E008258,C017,P004,2026-01-15 17:10:17,15.51,72.36,0.98,23.099916,74.241751,Ahmedabad
E008259,C046,P004,2026-05-20 10:23:43,7.2,70.72,0.25,23.651934,70.931222,Pune
E008260,C022,P001,2026-05-30 22:28:57,15.41,74.2,0.08,20.036248,79.15908,Pune
E008261,C002,P002,2026-05-17 13:19:30,15.95,88.56,0.42,29.926684,78.481948,Jaipur
E008262,C002,P002,2026-06-07 06:24:40,5.77,61.15,0.84,23.830799,77.12881,Delhi
E008263,C047,P001,2026-06-19 04:49:16,6.61,73.87,0.41,21.847592,73.176794,Jaipur
E008264,C004,P002,2026-02-07 00:44:01,12.53,80.81,0.09,26.05846,71.015752,Pune
E008265,C015,P001,2026-06-07 16:32:57,6.7,61.01,0.74,25.202313,78.904384,Mumbai
E008266,C022,P002,2026-01-16 00:45:53,11.41,75.12,0.59,25.069747,76.601826,Pune
E008267,C032,P003,2026-02-18 09:35:09,8.89,76.6,0.74,28.246378,73.264899,Pune
E008268,C018,P004,2026-06-15 12:36:31,8.63,60.11,0.99,24.380468,76.96168,Mumbai
E008269,C018,P001,2026-05-19 10:52:32,9.22,84.95,0.15,23.449053,76.077179,Pune
E008270,C012,P002,2026-04-08 10:06:04,14.7,77.55,0.59,22.930329,73.793226,Delhi
E008271,C041,P003,2026-02-14 17:24:58,14.48,76.23,0.46,20.208627,70.803554,Delhi
E008272,C012,P001,2026-04-17 18:08:53,9.13,91.1,0.32,27.362678,71.652082,Delhi
E008273,C017,P002,2026-03-02 06:44:48,10.61,93.65,0.33,20.264122,76.369898,Jaipur
E008274,C004,P001,2026-01-01 00:52:39,13.92,90.24,0.65,25.090212,76.100409,Ahmedabad
E008275,C007,P004,2026-03-16 12:26:04,10.33,66.52,0.65,20.560282,77.945023,Jaipur
E008276,C020,P002,2026-04-30 14:05:03,13.62,86.36,0.44,24.884317,70.782152,Delhi
E008277,C030,P004,2026-02-03 08:46:49,11.94,90.08,0.81,29.497568,75.434697,Pune
E008278,C050,P004,2026-05-31 10:33:38,15.89,63.25,0.52,29.90881,77.393579,Mumbai
E008279,C019,P001,2026-04-30 07:21:26,5.94,94.84,0.87,28.380425,75.629999,Ahmedabad
E008280,C029,P002,2026-06-23 08:13:05,11.07,76.84,0.19,20.414027,71.924072,Pune
E008281,C009,P004,2026-06-24 11:22:39,15.31,71.21,0.29,23.821049,73.039417,Delhi
E008282,C027,P004,2026-02-06 04:27:30,4.84,91.69,0.37,20.468578,71.959445,Ahmedabad
E008283,C017,P001,2026-01-21 05:30:09,4.18,85.55,0.59,26.663281,72.577094,Delhi
E008284,C041,P004,2026-06-15 11:45:51,8.33,82.35,0.06,29.874109,75.847153,Pune
E008285,C045,P003,2026-04-02 16:25:21,9.48,74.17,0.18,23.829613,71.105111,Ahmedabad
E008286,C001,P004,2026-02-19 08:02:33,9.0,71.02,0.26,21.50555,73.674036,Delhi
E008287,C020,P001,2026-04-20 01:26:58,11.22,73.54,0.27,28.495155,75.854747,Ahmedabad
E008288,C048,P004,2026-02-20 04:25:23,10.43,71.56,0.8,24.271164,70.104539,Jaipur
E008289,C015,P004,2026-05-16 23:12:39,13.12,89.9,0.87,26.049742,75.469183,Jaipur
E008290,C043,P002,2026-03-18 12:12:50,10.62,94.56,0.47,29.902159,73.146358,Delhi
E008291,C010,P003,2026-02-01 12:55:08,12.1,64.31,0.34,22.83764,71.582054,Ahmedabad
E008292,C011,P003,2026-05-03 12:23:39,4.51,90.81,0.99,25.292999,78.192964,Ahmedabad
E008293,C045,P003,2026-04-28 23:27:40,6.28,73.04,0.54,28.318192,71.820601,Jaipur
E008294,C032,P001,2026-03-10 22:23:12,4.52,60.57,0.78,27.436906,71.901572,Pune
E008295,C009,P003,2026-03-15 14:06:36,15.47,77.72,0.31,29.927988,74.518797,Delhi
E008296,C027,P003,2026-02-23 05:52:06,12.22,73.96,0.26,21.573399,78.173873,Pune
E008297,C046,P002,2026-01-02 13:17:09,10.03,76.89,0.59,21.619319,79.483992,Ahmedabad
E008298,C031,P002,2026-02-23 07:02:25,9.89,68.86,0.26,27.35375,78.159271,Ahmedabad
E008299,C025,P002,2026-06-18 21:11:59,6.65,65.38,0.97,22.731102,76.018536,Pune
E008300,C027,P003,2026-05-12 13:36:31,15.64,70.95,0.13,29.693845,73.308287,Mumbai
E008301,C050,P001,2026-03-20 22:18:55,12.84,78.67,0.05,29.602444,71.715679,Jaipur
E008302,C038,P004,2026-03-13 07:23:55,5.84,90.15,0.26,28.502021,77.968146,Ahmedabad
E008303,C010,P004,2026-01-01 16:50:42,5.12,63.47,0.47,27.296943,76.945058,Pune
E008304,C018,P003,2026-04-12 13:05:59,14.03,94.32,0.17,21.225274,75.104812,Delhi
E008305,C048,P001,2026-05-29 19:05:00,6.19,78.49,0.98,26.73284,73.209009,Delhi
E008306,C004,P002,2026-03-30 08:13:51,4.25,90.93,0.27,27.549861,73.087725,Mumbai
E008307,C045,P001,2026-01-11 10:46:20,8.74,89.74,0.35,22.048422,76.288074,Delhi
E008308,C049,P003,2026-04-13 20:21:55,14.64,94.39,0.51,28.920248,70.136277,Pune
E008309,C027,P002,2026-02-23 20:07:44,13.1,90.18,0.98,24.210247,71.729995,Jaipur
E008310,C040,P004,2026-05-27 13:51:08,12.8,63.53,0.32,26.827717,79.153984,Ahmedabad
E008311,C046,P001,2026-01-15 18:44:10,8.78,89.02,0.17,20.971588,72.039269,Delhi
E008312,C014,P004,2026-06-08 17:12:14,11.6,84.7,0.75,29.271783,73.273089,Jaipur
E008313,C023,P001,2026-04-27 03:46:41,14.27,83.7,0.22,24.888187,70.498244,Pune
E008314,C040,P001,2026-02-26 12:11:42,9.33,76.21,0.33,22.835152,79.904854,Ahmedabad
E008315,C039,P004,2026-06-05 18:20:59,5.77,62.93,0.24,26.302482,75.629041,Jaipur
E008316,C020,P001,2026-03-28 16:24:42,5.59,85.05,0.19,20.302294,77.061646,Mumbai
E008317,C038,P004,2026-06-28 00:00:10,8.57,83.69,0.5,23.397483,70.798723,Ahmedabad
E008318,C006,P004,2026-04-17 00:41:53,11.51,64.56,0.12,22.194577,76.268807,Ahmedabad
E008319,C015,P004,2026-03-15 07:19:39,4.44,62.51,0.75,23.772214,72.192174,Ahmedabad
E008320,C023,P001,2026-05-27 12:30:17,7.51,71.4,0.29,21.53571,73.963714,Delhi
E008321,C018,P004,2026-04-29 13:36:33,5.62,88.24,0.98,25.184227,75.092422,Ahmedabad
E008322,C040,P002,2026-03-03 03:53:38,9.37,88.99,0.06,27.769142,77.971875,Ahmedabad
E008323,C026,P001,2026-06-12 14:17:42,9.59,91.33,0.71,21.710075,77.17984,Ahmedabad
E008324,C009,P004,2026-04-29 12:02:54,10.63,69.42,0.44,26.037563,72.656194,Ahmedabad
E008325,C025,P003,2026-02-03 17:46:51,12.21,73.9,0.27,26.760978,72.764871,Pune
E008326,C044,P004,2026-05-17 08:46:52,8.42,84.48,0.01,27.632291,76.522051,Jaipur
E008327,C003,P001,2026-04-25 01:20:52,4.99,94.28,0.31,22.262766,75.00373,Pune
E008328,C036,P004,2026-05-15 06:29:06,6.82,86.18,0.16,26.936522,77.275834,Mumbai
E008329,C017,P002,2026-01-30 18:49:27,4.55,65.86,0.39,24.734068,78.933073,Jaipur
E008330,C006,P002,2026-01-14 23:22:12,9.14,76.7,0.03,29.694536,77.598232,Delhi
E008331,C013,P004,2026-02-07 01:38:52,9.23,63.05,0.61,25.582375,72.768521,Ahmedabad
E008332,C003,P004,2026-04-17 11:22:08,11.5,77.25,0.96,27.859247,78.179079,Pune
E008333,C048,P004,2026-03-07 03:58:16,5.18,82.04,0.96,23.306768,77.126483,Mumbai
E008334,C023,P004,2026-02-14 02:56:58,6.26,79.53,0.35,21.598893,70.357139,Delhi
E008335,C046,P004,2026-05-23 22:27:58,6.6,70.22,0.78,22.365713,76.766552,Mumbai
E008336,C011,P001,2026-02-10 21:57:40,9.05,79.9,0.77,29.524941,72.092351,Jaipur
E008337,C009,P003,2026-05-03 19:33:59,9.49,68.69,0.56,23.185073,76.97199,Mumbai
E008338,C013,P001,2026-03-05 21:50:27,5.12,84.76,0.82,20.303414,77.888163,Delhi
E008339,C045,P001,2026-04-23 19:56:06,7.98,89.29,0.99,21.620562,78.456417,Pune
E008340,C024,P001,2026-06-20 21:35:16,14.63,77.77,0.84,23.301617,78.656138,Jaipur
E008341,C036,P004,2026-03-27 10:53:49,6.19,89.79,0.39,28.499319,73.80914,Jaipur
E008342,C032,P004,2026-01-25 05:27:43,6.28,82.4,0.44,24.597729,71.291969,Ahmedabad
E008343,C005,P004,2026-01-16 10:47:44,8.15,68.52,0.79,29.199469,75.116587,Pune
E008344,C020,P001,2026-02-26 11:28:38,6.33,76.81,0.68,29.570195,70.649714,Jaipur
E008345,C030,P004,2026-06-19 10:38:34,9.78,60.94,0.8,24.381644,75.048145,Delhi
E008346,C048,P004,2026-01-27 18:37:32,4.39,72.23,0.2,26.940449,77.227713,Delhi
E008347,C030,P002,2026-05-06 06:50:30,6.07,82.02,0.67,29.747646,79.580016,Mumbai
E008348,C023,P003,2026-06-22 02:54:47,14.8,83.57,0.07,20.473191,71.901252,Pune
E008349,C002,P004,2026-04-25 05:35:03,7.51,64.6,0.83,25.999685,72.822118,Ahmedabad
E008350,C039,P004,2026-05-02 23:53:52,8.69,65.81,0.95,27.593393,77.137719,Delhi
E008351,C032,P004,2026-04-26 03:40:25,6.54,69.11,1.0,23.21612,78.096069,Delhi
E008352,C003,P001,2026-01-20 05:52:09,4.87,88.69,0.03,25.067997,70.340342,Pune
E008353,C015,P003,2026-03-08 00:37:48,8.63,86.27,0.78,23.345722,74.638639,Mumbai
E008354,C030,P004,2026-04-24 17:51:55,13.63,83.76,0.15,20.960143,76.963692,Jaipur
E008355,C050,P003,2026-06-13 10:19:50,12.69,89.49,0.04,26.66776,78.71162,Jaipur
E008356,C019,P004,2026-04-06 12:58:09,14.07,70.46,0.45,23.226648,72.982324,Delhi
E008357,C017,P004,2026-03-02 09:32:26,9.41,86.46,0.37,24.780617,70.496565,Delhi
E008358,C019,P003,2026-03-26 22:49:31,8.85,60.06,0.72,25.553004,76.98737,Pune
E008359,C023,P001,2026-05-24 15:25:49,15.93,87.3,0.45,21.962001,71.76948,Jaipur
E008360,C008,P003,2026-06-22 04:14:52,13.98,65.59,0.74,22.733756,72.399162,Ahmedabad
E008361,C010,P003,2026-05-09 13:18:37,15.89,84.09,0.71,29.840052,72.753193,Pune
E008362,C044,P003,2026-03-13 11:26:25,12.11,62.59,0.65,23.769712,74.392617,Jaipur
E008363,C048,P003,2026-06-01 20:49:27,5.54,67.99,0.58,24.629013,76.415666,Pune
E008364,C044,P003,2026-01-21 21:21:22,11.66,67.85,0.39,28.080251,74.352038,Mumbai
E008365,C013,P001,2026-06-11 21:04:24,13.23,89.49,0.38,27.637104,71.457368,Ahmedabad
E008366,C022,P001,2026-04-22 10:04:06,8.79,81.52,0.6,29.695527,76.121631,Delhi
E008367,C005,P004,2026-01-18 06:57:52,7.71,80.22,0.39,26.601414,71.328165,Mumbai
E008368,C050,P004,2026-03-28 13:17:56,10.09,94.96,0.05,23.072537,77.273103,Ahmedabad
E008369,C011,P001,2026-01-29 16:59:41,15.63,63.48,0.37,29.882543,70.883082,Pune
E008370,C003,P002,2026-01-01 22:57:53,11.4,85.17,0.28,26.403837,75.272329,Jaipur
E008371,C029,P002,2026-06-30 10:22:38,13.46,81.3,0.74,23.910498,77.968204,Mumbai
E008372,C048,P001,2026-01-20 14:51:24,10.09,63.2,0.39,29.942367,73.327008,Ahmedabad
E008373,C025,P003,2026-06-13 14:07:58,10.46,61.37,0.9,26.13121,79.898155,Delhi
E008374,C046,P003,2026-05-04 19:09:03,5.21,67.02,0.57,28.64381,76.016989,Mumbai
E008375,C048,P002,2026-04-15 01:27:58,7.19,72.55,0.45,22.523095,78.170068,Jaipur
E008376,C016,P001,2026-05-29 13:12:41,8.89,72.93,0.54,26.822921,73.830668,Ahmedabad
E008377,C043,P004,2026-03-11 20:40:17,13.79,82.34,0.38,27.165259,71.200459,Ahmedabad
E008378,C002,P002,2026-02-10 10:16:32,13.64,73.86,0.51,20.632749,75.265618,Jaipur
E008379,C025,P002,2026-05-14 15:18:32,5.63,93.8,0.65,29.588734,71.92037,Pune
E008380,C009,P002,2026-02-01 11:18:22,14.08,78.94,0.26,21.486085,79.527476,Delhi
E008381,C015,P002,2026-02-09 09:08:14,6.45,84.5,0.11,27.001945,71.528252,Mumbai
E008382,C049,P001,2026-01-30 12:17:16,4.91,60.73,0.93,22.336944,78.903009,Ahmedabad
E008383,C028,P002,2026-02-17 05:44:03,8.09,78.77,0.23,27.652061,72.504093,Delhi
E008384,C031,P002,2026-02-27 07:57:29,8.81,87.05,0.47,28.946461,77.264607,Ahmedabad
E008385,C034,P001,2026-03-28 08:09:16,9.08,62.1,0.9,29.908147,71.756016,Pune
E008386,C049,P003,2026-05-20 21:42:03,7.19,70.1,0.06,26.605276,77.41511,Pune
E008387,C022,P003,2026-05-23 17:25:27,7.36,80.7,0.28,20.50676,73.358069,Ahmedabad
E008388,C038,P003,2026-04-23 08:02:15,11.87,81.38,0.2,26.551373,73.488128,Delhi
E008389,C039,P003,2026-02-23 20:40:56,8.63,90.04,0.44,23.170337,73.489161,Jaipur
E008390,C044,P003,2026-01-04 19:50:06,4.94,88.31,0.11,24.096989,73.566324,Ahmedabad
E008391,C033,P002,2026-04-16 20:24:52,14.9,70.19,0.91,23.333869,71.702234,Jaipur
E008392,C033,P003,2026-03-30 18:05:14,11.96,77.45,0.65,26.021072,74.963512,Ahmedabad
E008393,C015,P003,2026-06-05 07:09:46,7.52,93.19,0.83,26.492437,75.625031,Ahmedabad
E008394,C033,P003,2026-04-06 14:42:17,11.5,70.71,0.09,22.118575,79.337253,Ahmedabad
E008395,C009,P003,2026-04-19 21:03:59,5.76,93.12,0.07,23.822717,71.853551,Mumbai
E008396,C040,P002,2026-04-14 19:31:52,7.85,94.92,0.21,23.943443,74.518629,Pune
E008397,C027,P002,2026-01-06 12:36:44,6.91,64.43,0.06,28.064872,73.13724,Delhi
E008398,C019,P002,2026-05-23 20:44:22,9.54,83.05,0.36,23.45046,76.751596,Ahmedabad
E008399,C010,P003,2026-01-01 01:47:59,11.07,80.13,0.32,24.370339,71.4542,Ahmedabad
E008400,C005,P004,2026-04-10 12:03:37,8.81,82.74,0.81,23.2751,75.718164,Delhi
E008401,C029,P004,2026-06-29 12:49:21,7.94,76.2,0.15,25.410618,78.37833,Mumbai
E008402,C027,P001,2026-06-09 06:05:38,5.1,91.79,0.6,21.37157,72.178442,Pune
E008403,C019,P002,2026-02-28 22:43:34,5.57,61.07,0.22,25.753612,74.288896,Jaipur
E008404,C035,P004,2026-03-02 22:43:09,14.19,74.8,0.18,22.435084,79.525977,Jaipur
E008405,C038,P003,2026-04-08 01:26:25,10.7,66.59,0.11,20.987065,74.741525,Pune
E008406,C021,P002,2026-03-05 16:34:59,12.18,65.69,0.71,25.594679,75.190822,Mumbai
E008407,C022,P004,2026-03-26 22:39:34,7.83,93.2,0.41,20.54854,74.252682,Delhi
E008408,C001,P002,2026-01-28 23:54:38,10.26,88.07,0.94,27.055336,70.723056,Delhi
E008409,C006,P004,2026-02-11 07:00:47,12.17,71.15,0.45,29.979966,77.398013,Mumbai
E008410,C042,P003,2026-01-08 15:30:17,10.59,81.66,0.83,21.072633,77.581115,Mumbai
E008411,C036,P003,2026-02-12 16:39:35,12.09,79.9,0.14,28.852224,75.315606,Delhi
E008412,C021,P001,2026-02-25 20:48:25,6.45,92.08,0.36,24.415678,77.069111,Pune
E008413,C002,P003,2026-05-18 00:35:41,10.91,72.29,0.43,28.104594,79.842885,Delhi
E008414,C020,P004,2026-05-05 04:32:22,12.97,75.96,0.69,20.322979,75.832526,Delhi
E008415,C002,P002,2026-02-10 04:11:58,13.39,60.17,0.05,25.476435,74.243527,Pune
E008416,C018,P002,2026-02-26 17:01:43,10.05,80.76,0.59,29.642689,74.968451,Mumbai
E008417,C002,P004,2026-03-30 06:58:55,10.98,85.37,0.73,24.840644,75.134452,Jaipur
E008418,C018,P001,2026-03-26 23:52:32,10.73,62.96,0.25,22.892541,73.107058,Pune
E008419,C029,P003,2026-04-03 13:38:57,8.51,82.12,0.43,25.458547,71.406897,Mumbai
E008420,C010,P003,2026-06-01 20:58:13,15.34,83.25,0.87,20.742875,71.271416,Pune
E008421,C019,P002,2026-02-08 14:51:33,5.51,76.78,0.36,22.396775,72.393456,Jaipur
E008422,C042,P003,2026-01-28 15:52:41,7.99,79.55,0.82,27.037146,79.421843,Ahmedabad
E008423,C014,P003,2026-06-29 07:42:46,13.46,64.09,0.76,25.426413,73.462861,Mumbai
E008424,C005,P001,2026-01-24 18:22:42,15.24,80.28,0.62,27.39134,77.323423,Ahmedabad
E008425,C027,P004,2026-01-14 01:54:57,12.58,77.41,0.22,26.183589,79.268754,Pune
E008426,C004,P002,2026-04-28 21:45:45,11.16,89.22,0.92,22.993143,73.587377,Delhi
E008427,C014,P001,2026-01-03 19:41:33,13.57,66.66,0.29,22.975265,78.560832,Mumbai
E008428,C040,P001,2026-03-04 07:29:45,6.38,86.97,0.39,29.445595,74.514543,Jaipur
E008429,C043,P003,2026-06-24 17:22:12,10.44,82.35,0.52,25.491153,78.717356,Delhi
E008430,C001,P002,2026-01-25 14:05:46,5.38,94.69,0.19,24.100644,71.372841,Jaipur
E008431,C020,P001,2026-03-25 22:51:30,14.09,62.35,0.34,27.011687,72.287289,Pune
E008432,C033,P003,2026-01-24 14:46:45,10.36,77.78,0.14,26.219324,77.895033,Jaipur
E008433,C023,P003,2026-05-19 04:17:55,15.37,73.09,0.49,24.179703,73.872891,Delhi
E008434,C042,P003,2026-01-11 14:51:55,8.78,90.65,0.85,20.751765,73.926431,Jaipur
E008435,C046,P001,2026-01-22 21:25:14,5.49,74.48,0.12,26.003464,76.573082,Jaipur
E008436,C024,P003,2026-05-15 09:09:58,10.4,69.92,0.62,29.174227,76.705496,Mumbai
E008437,C011,P003,2026-04-22 01:24:33,6.07,74.96,0.88,29.65341,72.970771,Ahmedabad
E008438,C002,P001,2026-01-13 06:19:39,5.79,79.15,0.58,27.683973,75.578835,Delhi
E008439,C002,P001,2026-05-07 21:13:00,7.18,89.47,0.41,27.618331,73.559914,Delhi
E008440,C001,P002,2026-03-09 18:25:48,5.27,60.93,0.19,22.864438,71.965359,Ahmedabad
E008441,C013,P001,2026-05-30 04:57:03,15.42,90.23,0.65,25.077825,75.838627,Mumbai
E008442,C001,P001,2026-03-27 07:05:26,11.74,66.08,0.33,24.389414,77.708362,Jaipur
E008443,C032,P001,2026-06-12 23:39:07,14.34,64.73,0.59,21.416565,74.764351,Pune
E008444,C030,P004,2026-04-14 10:31:45,10.87,65.29,0.73,26.303496,77.716785,Pune
E008445,C040,P004,2026-06-23 09:04:18,14.14,67.31,0.91,23.886192,74.594878,Ahmedabad
E008446,C042,P002,2026-04-11 03:02:05,9.14,60.9,0.08,20.51439,73.035682,Mumbai
E008447,C029,P001,2026-04-03 00:25:23,4.19,79.35,0.89,25.416597,72.70202,Mumbai
E008448,C012,P001,2026-03-03 11:33:49,15.89,66.27,0.77,28.46956,79.216228,Jaipur
E008449,C030,P002,2026-06-03 11:34:39,7.82,92.79,0.29,23.950329,77.200514,Mumbai
E008450,C017,P002,2026-02-16 11:47:07,6.78,62.71,0.51,27.299077,79.723771,Jaipur
E008451,C019,P004,2026-05-19 05:16:49,10.18,90.12,0.66,25.686889,79.811332,Pune
E008452,C013,P001,2026-04-09 01:29:35,13.48,73.51,0.11,28.770837,71.091249,Delhi
E008453,C025,P001,2026-02-03 05:07:49,12.27,89.74,0.83,26.136184,79.191718,Jaipur
E008454,C010,P003,2026-03-29 14:30:47,10.87,65.99,0.92,21.376216,72.010649,Pune
E008455,C044,P002,2026-01-27 06:11:43,4.54,67.81,0.4,27.702183,74.321119,Ahmedabad
E008456,C024,P002,2026-03-10 12:20:01,8.35,80.55,0.2,29.508323,75.67708,Mumbai
E008457,C041,P001,2026-03-30 05:22:36,12.68,79.16,0.69,21.348975,75.346759,Jaipur
E008458,C047,P003,2026-03-28 08:53:22,14.15,66.16,0.1,21.378204,73.904075,Pune
E008459,C023,P002,2026-06-12 22:59:25,6.86,65.77,0.2,27.026726,72.663337,Pune
E008460,C034,P003,2026-03-14 18:40:25,12.9,75.85,0.68,26.359614,77.743462,Delhi
E008461,C002,P004,2026-03-14 02:57:23,14.63,90.45,0.77,25.977284,71.289935,Ahmedabad
E008462,C028,P001,2026-05-09 21:19:41,4.66,79.62,0.92,28.158267,78.130907,Jaipur
E008463,C005,P001,2026-02-21 21:34:22,13.42,93.76,0.77,28.801461,76.396701,Ahmedabad
E008464,C001,P002,2026-03-04 06:39:46,4.56,61.26,0.84,22.469797,75.656895,Jaipur
E008465,C043,P002,2026-05-01 22:39:04,10.96,68.48,0.25,24.070235,76.75839,Jaipur
E008466,C050,P004,2026-02-12 10:44:17,9.29,61.39,0.24,29.173858,78.036911,Jaipur
E008467,C007,P001,2026-06-21 08:47:44,11.73,71.89,0.28,24.186344,79.962748,Ahmedabad
E008468,C036,P001,2026-06-25 08:50:09,9.14,63.37,0.8,23.445126,74.876041,Mumbai
E008469,C048,P004,2026-05-03 16:45:43,12.59,94.02,0.97,26.758583,75.523044,Delhi
E008470,C008,P004,2026-03-04 03:33:27,12.84,60.87,0.98,24.281761,79.994664,Mumbai
E008471,C019,P004,2026-05-07 09:11:30,11.46,69.94,0.53,28.08624,70.809853,Ahmedabad
E008472,C001,P003,2026-02-13 11:39:07,4.24,85.97,0.25,25.437765,73.833757,Mumbai
E008473,C038,P003,2026-02-27 00:22:37,8.8,85.0,0.18,29.244755,71.804301,Jaipur
E008474,C039,P001,2026-04-23 00:31:39,14.77,64.52,0.38,22.954768,73.918802,Pune
E008475,C033,P002,2026-02-10 01:37:27,9.23,94.62,0.55,26.935125,75.853515,Delhi
E008476,C020,P002,2026-02-22 09:23:57,8.48,92.8,0.49,27.622053,72.63825,Jaipur
E008477,C038,P004,2026-03-03 02:04:45,4.15,80.08,0.11,24.133417,71.131781,Mumbai
E008478,C035,P003,2026-03-24 15:08:45,7.97,91.78,0.24,28.664782,76.29034,Jaipur
E008479,C030,P001,2026-03-28 13:15:55,12.72,77.24,0.7,29.506056,72.217363,Jaipur
E008480,C004,P002,2026-04-02 02:48:16,7.3,91.49,0.92,28.701849,75.9368,Mumbai
E008481,C023,P003,2026-05-01 22:52:11,7.11,92.24,0.53,25.820461,77.63132,Pune
E008482,C048,P003,2026-06-07 08:01:57,13.97,89.46,0.57,23.679825,78.755552,Ahmedabad
E008483,C027,P001,2026-05-12 12:13:31,5.77,76.46,0.13,27.43319,79.478368,Jaipur
E008484,C040,P003,2026-05-28 00:04:11,8.11,78.83,0.53,23.318916,71.228012,Pune
E008485,C039,P001,2026-03-08 19:54:30,4.37,73.13,0.73,22.415573,71.015243,Mumbai
E008486,C014,P002,2026-02-22 15:34:34,12.64,92.6,0.06,27.821314,70.926179,Pune
E008487,C035,P001,2026-04-18 02:16:01,9.8,63.62,0.97,24.964268,70.365704,Pune
E008488,C028,P004,2026-04-06 14:24:58,15.27,84.34,0.55,27.570181,70.883272,Ahmedabad
E008489,C017,P002,2026-06-27 22:03:58,9.71,91.66,0.53,22.622984,73.768605,Ahmedabad
E008490,C030,P003,2026-02-08 11:40:21,5.95,69.36,0.81,25.078476,70.857668,Pune
E008491,C023,P001,2026-02-04 06:51:32,14.69,92.77,0.53,27.832491,75.933096,Jaipur
E008492,C003,P002,2026-04-03 06:25:56,4.88,75.11,0.34,28.778848,79.725394,Mumbai
E008493,C008,P004,2026-05-11 21:24:29,12.33,66.93,0.01,21.396495,76.638687,Jaipur
E008494,C030,P004,2026-02-26 19:53:41,8.48,76.8,0.14,24.467588,75.314512,Mumbai
E008495,C033,P002,2026-03-07 01:03:17,9.16,77.4,0.33,26.985767,72.450274,Mumbai
E008496,C003,P001,2026-03-29 08:39:01,15.25,85.36,0.6,24.544654,78.856551,Jaipur
E008497,C026,P002,2026-04-20 16:52:10,9.46,82.38,0.02,28.338096,76.579049,Jaipur
E008498,C050,P002,2026-01-06 21:48:24,14.12,88.68,0.65,24.835911,75.028497,Pune
E008499,C034,P002,2026-06-20 17:09:53,15.02,88.41,0.26,23.372533,70.974389,Ahmedabad
E008500,C041,P002,2026-05-10 16:21:00,5.88,72.71,0.01,29.618783,74.403812,Delhi
E008501,C026,P001,2026-02-08 05:44:17,7.83,85.62,0.81,21.00467,70.664391,Mumbai
E008502,C001,P003,2026-05-14 03:54:04,5.61,82.22,0.92,28.133224,72.685649,Mumbai
E008503,C021,P003,2026-04-14 09:00:12,10.25,61.06,0.74,24.253286,73.390541,Delhi
E008504,C011,P004,2026-03-25 13:58:09,14.49,72.17,0.12,26.565948,79.796319,Mumbai
E008505,C011,P004,2026-06-13 05:58:58,4.36,87.77,0.06,20.471678,70.606433,Mumbai
E008506,C002,P003,2026-03-22 22:11:18,5.26,77.9,0.38,22.627883,74.979519,Pune
E008507,C002,P003,2026-01-22 04:23:38,8.41,84.26,0.12,29.613168,70.601916,Pune
E008508,C044,P003,2026-04-22 00:22:03,10.53,94.72,0.63,27.197476,77.390237,Pune
E008509,C042,P001,2026-02-03 23:17:08,14.92,91.5,0.86,20.315192,74.153513,Mumbai
E008510,C035,P002,2026-03-03 15:15:47,9.15,61.91,0.55,23.044388,73.619666,Delhi
E008511,C047,P004,2026-02-08 17:35:47,11.2,79.52,0.42,24.74018,71.186066,Jaipur
E008512,C005,P001,2026-02-20 07:11:42,10.53,68.71,0.69,26.6399,71.204029,Jaipur
E008513,C047,P004,2026-05-09 21:21:56,5.6,80.76,0.87,21.606447,77.827539,Mumbai
E008514,C013,P003,2026-05-01 07:15:35,14.92,94.31,0.65,28.368405,79.694909,Mumbai
E008515,C041,P003,2026-05-12 19:47:36,13.49,85.01,0.43,21.099726,78.100445,Ahmedabad
E008516,C012,P002,2026-05-29 20:27:55,10.43,83.37,0.08,26.853581,71.761439,Jaipur
E008517,C036,P002,2026-02-23 11:36:22,14.97,80.78,0.39,24.613891,74.726981,Ahmedabad
E008518,C002,P003,2026-04-24 00:54:46,7.51,73.67,0.29,21.994614,73.335718,Pune
E008519,C044,P004,2026-06-11 10:51:31,14.24,88.33,0.39,22.919009,77.831386,Jaipur
E008520,C045,P001,2026-04-03 10:50:49,4.83,82.8,0.97,27.35615,72.216492,Mumbai
E008521,C005,P004,2026-04-10 15:22:18,15.83,88.53,0.07,26.198656,78.349949,Jaipur
E008522,C011,P002,2026-03-10 14:58:48,7.6,83.89,0.94,20.076874,73.581404,Delhi
E008523,C049,P002,2026-04-25 03:04:21,12.0,71.01,0.65,22.73094,78.661832,Pune
E008524,C035,P004,2026-06-16 19:01:02,10.05,75.48,0.27,23.756074,79.582426,Ahmedabad
E008525,C017,P003,2026-06-16 07:27:48,15.07,94.34,0.26,27.210857,76.542331,Pune
E008526,C004,P003,2026-03-15 03:23:19,4.95,70.42,0.71,26.901223,79.24202,Ahmedabad
E008527,C035,P004,2026-06-30 00:18:37,11.89,88.13,0.74,27.276482,74.361739,Pune
E008528,C008,P002,2026-01-23 14:35:46,4.22,65.38,0.78,24.623261,77.786696,Jaipur
E008529,C014,P004,2026-04-08 09:46:42,9.98,79.73,0.65,27.688056,77.672881,Mumbai
E008530,C016,P002,2026-05-24 13:53:32,4.59,66.19,0.08,24.570964,79.393774,Delhi
E008531,C009,P002,2026-03-16 18:04:49,13.56,65.62,0.39,22.107521,79.297793,Jaipur
E008532,C022,P001,2026-02-16 11:57:17,5.29,86.5,0.36,28.763512,79.851949,Delhi
E008533,C001,P003,2026-04-04 04:27:37,13.9,86.46,0.94,22.894924,79.992508,Ahmedabad
E008534,C038,P002,2026-01-08 11:36:18,10.33,68.77,0.65,27.173932,76.454838,Jaipur
E008535,C030,P002,2026-05-30 07:09:16,11.85,63.07,0.47,25.934942,71.363612,Delhi
E008536,C026,P001,2026-02-21 20:52:35,7.25,63.38,0.36,20.7838,77.698587,Delhi
E008537,C019,P002,2026-04-06 00:49:20,12.33,92.95,0.76,27.424364,78.726297,Delhi
E008538,C037,P001,2026-03-24 18:29:45,8.24,73.79,0.48,26.841316,77.019645,Pune
E008539,C049,P004,2026-02-21 05:48:00,13.6,65.35,0.44,28.840305,75.108888,Mumbai
E008540,C048,P001,2026-04-17 05:32:40,6.76,70.83,0.6,25.643027,75.543448,Delhi
E008541,C012,P002,2026-01-27 05:30:13,11.72,65.13,0.29,23.497168,73.03406,Mumbai
E008542,C025,P003,2026-05-29 13:39:23,10.79,66.06,0.46,29.834554,77.400002,Jaipur
E008543,C011,P004,2026-03-08 10:10:37,6.21,83.9,0.01,24.324949,71.027494,Delhi
E008544,C027,P004,2026-04-17 03:30:35,10.03,91.65,0.72,20.996287,70.447433,Pune
E008545,C007,P002,2026-02-21 19:42:54,9.19,78.96,0.23,28.974071,78.332072,Pune
E008546,C043,P004,2026-03-03 08:58:17,12.18,67.1,0.91,22.589548,78.258793,Mumbai
E008547,C013,P002,2026-02-28 03:20:32,14.71,86.25,0.77,28.259568,71.706657,Ahmedabad
E008548,C017,P002,2026-05-25 02:31:22,15.12,61.88,0.47,27.169197,72.268748,Ahmedabad
E008549,C047,P002,2026-06-07 23:26:33,6.03,88.07,0.95,24.057633,73.221989,Ahmedabad
E008550,C007,P004,2026-05-12 05:49:43,7.77,68.78,0.7,25.592893,77.341933,Jaipur
E008551,C016,P002,2026-03-04 09:45:41,13.53,87.77,0.78,23.39602,77.060697,Jaipur
E008552,C046,P001,2026-03-14 22:53:08,4.54,84.72,0.39,24.221613,71.277199,Delhi
E008553,C002,P003,2026-03-22 12:53:39,15.63,91.28,0.8,26.859991,75.748426,Mumbai
E008554,C031,P003,2026-01-05 11:08:25,12.41,63.1,0.37,20.201877,72.027515,Jaipur
E008555,C046,P002,2026-04-29 02:27:48,5.64,75.08,0.96,26.838535,76.066098,Pune
E008556,C047,P002,2026-02-20 07:49:11,12.74,65.99,0.33,24.029999,75.148412,Mumbai
E008557,C015,P004,2026-06-03 05:35:57,15.14,79.2,0.02,23.463354,79.248861,Ahmedabad
E008558,C030,P002,2026-02-23 01:05:58,12.62,94.25,0.96,28.59122,72.206103,Pune
E008559,C033,P001,2026-02-14 16:57:06,9.31,86.43,0.54,20.844108,75.805995,Delhi
E008560,C023,P004,2026-03-09 01:27:34,15.03,62.51,0.97,20.033376,70.231685,Delhi
E008561,C034,P004,2026-01-09 19:03:47,6.63,85.12,0.12,28.867244,71.912447,Pune
E008562,C031,P001,2026-03-25 05:48:28,13.74,89.59,0.82,26.931926,71.583439,Jaipur
E008563,C019,P003,2026-01-22 00:35:32,9.78,90.89,0.34,24.480415,78.615588,Pune
E008564,C018,P004,2026-06-01 15:45:07,4.16,77.76,0.77,27.583236,72.09119,Mumbai
E008565,C002,P004,2026-01-10 05:24:58,12.92,77.56,0.88,22.841228,79.630584,Mumbai
E008566,C005,P003,2026-05-26 07:40:32,5.88,86.47,0.4,25.614724,78.300308,Ahmedabad
E008567,C002,P003,2026-04-19 22:57:34,10.16,91.26,0.34,28.906883,79.740522,Delhi
E008568,C047,P001,2026-06-19 02:22:36,6.58,71.78,0.6,21.949198,70.743911,Mumbai
E008569,C005,P001,2026-04-03 04:46:56,6.8,61.53,0.86,28.673263,77.63247,Delhi
E008570,C007,P001,2026-04-15 08:21:58,11.46,86.49,0.42,20.458118,78.222867,Pune
E008571,C025,P004,2026-02-08 22:04:23,14.26,68.1,0.43,22.067919,72.642664,Pune
E008572,C028,P001,2026-02-10 08:21:35,15.57,78.64,0.75,20.012522,74.373161,Mumbai
E008573,C016,P004,2026-06-22 22:22:27,9.08,89.86,0.12,24.810978,76.170219,Jaipur
E008574,C015,P003,2026-04-09 20:16:47,9.86,70.98,0.65,20.584441,72.96296,Mumbai
E008575,C026,P003,2026-04-13 15:07:48,15.67,73.08,0.74,22.865073,78.990527,Pune
E008576,C015,P002,2026-06-09 23:05:56,12.77,77.21,0.8,29.513878,70.806811,Ahmedabad
E008577,C035,P004,2026-06-24 17:53:36,5.77,83.76,0.65,23.386217,71.399847,Jaipur
E008578,C010,P003,2026-04-03 17:29:21,11.18,78.34,0.92,25.672166,79.702708,Mumbai
E008579,C038,P001,2026-04-21 02:09:59,14.69,65.97,0.21,20.141313,72.116503,Ahmedabad
E008580,C010,P002,2026-04-15 23:31:48,14.0,72.78,0.93,22.725718,75.586353,Pune
E008581,C007,P004,2026-02-21 12:10:36,14.51,65.27,0.27,27.407202,79.449619,Pune
E008582,C049,P003,2026-01-09 07:03:36,14.58,64.69,0.25,21.37109,73.430237,Pune
E008583,C044,P001,2026-06-17 17:26:25,13.19,66.76,0.3,22.37751,76.734814,Pune
E008584,C008,P001,2026-05-28 00:22:04,4.76,78.04,0.15,22.575824,73.808176,Ahmedabad
E008585,C037,P003,2026-03-13 15:37:53,6.65,82.68,0.7,26.21694,72.511302,Ahmedabad
E008586,C044,P003,2026-05-28 18:13:25,13.86,61.03,0.39,25.79064,75.09178,Ahmedabad
E008587,C048,P003,2026-04-19 14:07:30,12.92,65.32,0.69,21.461255,76.106266,Ahmedabad
E008588,C017,P002,2026-05-27 10:41:58,9.63,71.6,0.14,28.194684,74.661459,Delhi
E008589,C044,P003,2026-05-28 10:02:45,8.11,65.81,0.44,22.957359,72.601944,Delhi
E008590,C039,P003,2026-02-10 06:15:39,4.85,79.12,0.56,27.434611,74.065365,Jaipur
E008591,C028,P003,2026-06-27 09:22:15,8.73,91.47,0.17,28.255103,77.934388,Jaipur
E008592,C027,P001,2026-03-15 17:18:40,5.29,71.57,0.6,22.058169,70.922342,Pune
E008593,C020,P002,2026-03-03 20:52:13,12.48,81.48,0.65,29.582129,79.605481,Mumbai
E008594,C022,P001,2026-05-15 06:38:58,7.59,90.29,0.23,21.596621,78.621906,Pune
E008595,C015,P004,2026-03-24 19:45:26,4.71,66.16,0.22,23.610345,72.780452,Jaipur
E008596,C010,P001,2026-05-26 14:28:24,4.87,92.3,0.53,24.491399,74.809654,Ahmedabad
E008597,C040,P001,2026-01-29 20:59:30,15.55,87.38,0.44,21.00824,76.300405,Jaipur
E008598,C008,P001,2026-06-23 19:29:18,10.92,87.62,0.22,24.354667,79.184963,Delhi
E008599,C003,P001,2026-05-07 01:08:19,6.04,75.49,0.63,27.059429,73.340348,Ahmedabad
E008600,C029,P001,2026-03-22 17:40:51,9.71,86.05,0.98,27.067598,79.429226,Jaipur
E008601,C039,P002,2026-01-18 13:41:39,12.72,92.82,0.1,21.433633,79.245966,Delhi
E008602,C045,P001,2026-06-29 10:44:23,12.33,80.8,0.61,23.534277,72.202168,Jaipur
E008603,C013,P001,2026-04-22 22:28:42,4.21,72.06,0.16,26.739005,77.207071,Pune
E008604,C036,P002,2026-02-24 17:00:49,4.23,91.42,0.13,27.594254,74.856174,Ahmedabad
E008605,C013,P004,2026-03-02 13:29:08,6.43,82.08,0.99,23.091781,73.203355,Pune
E008606,C016,P002,2026-04-26 23:48:44,4.79,76.04,1.0,27.580736,75.603899,Ahmedabad
E008607,C044,P002,2026-06-10 08:26:50,14.46,78.02,0.35,23.882174,72.366488,Mumbai
E008608,C034,P004,2026-01-15 23:29:01,14.42,69.69,0.36,26.140287,79.211852,Ahmedabad
E008609,C004,P001,2026-04-15 21:16:08,7.51,72.63,0.53,24.101843,73.403599,Delhi
E008610,C049,P001,2026-03-21 09:18:20,8.06,85.35,0.71,27.802382,74.848193,Ahmedabad
E008611,C026,P004,2026-04-13 00:56:39,15.83,91.87,0.52,25.742194,76.769065,Pune
E008612,C002,P002,2026-01-16 08:56:31,13.83,66.83,0.55,26.791323,75.147353,Pune
E008613,C010,P002,2026-03-20 09:11:24,6.64,73.0,0.92,29.404471,73.300708,Jaipur
E008614,C004,P003,2026-01-03 08:32:32,12.69,88.57,0.28,24.158386,78.350408,Ahmedabad
E008615,C004,P003,2026-02-22 06:24:44,8.12,77.51,0.07,23.303206,72.00007,Delhi
E008616,C021,P001,2026-01-19 10:03:18,6.75,80.94,0.71,26.633594,73.992604,Mumbai
E008617,C026,P002,2026-03-04 18:55:48,15.48,65.32,0.7,29.130101,73.820537,Pune
E008618,C044,P004,2026-05-01 04:59:55,8.23,77.78,0.75,22.726902,71.410665,Mumbai
E008619,C012,P002,2026-05-05 03:25:11,13.65,78.48,0.71,27.959301,73.169554,Jaipur
E008620,C019,P004,2026-02-26 19:57:24,6.29,64.63,0.24,21.974702,74.111863,Jaipur
E008621,C032,P002,2026-04-29 01:38:06,10.89,84.68,0.71,24.152452,76.469795,Delhi
E008622,C040,P004,2026-05-14 06:30:40,7.06,77.79,0.53,28.75935,70.356304,Pune
E008623,C007,P003,2026-06-01 02:21:36,15.35,74.59,0.53,23.671759,70.080268,Jaipur
E008624,C016,P002,2026-05-09 23:24:20,8.11,90.74,0.89,27.500627,75.697445,Delhi
E008625,C038,P002,2026-04-08 02:56:34,15.37,74.75,0.24,29.875722,70.323365,Delhi
E008626,C038,P003,2026-02-09 16:01:14,7.24,60.32,0.75,27.903189,72.979431,Mumbai
E008627,C045,P001,2026-06-11 14:49:06,7.72,80.45,0.09,28.010562,78.242367,Pune
E008628,C020,P001,2026-03-04 19:53:49,13.68,74.02,0.64,26.206148,76.775326,Delhi
E008629,C001,P003,2026-01-27 18:05:07,12.73,85.08,0.35,22.373616,73.995929,Jaipur
E008630,C026,P004,2026-01-24 07:28:15,9.57,89.41,0.81,24.933793,75.883327,Jaipur
E008631,C043,P001,2026-04-10 16:17:11,8.15,82.38,0.39,25.437149,73.148752,Pune
E008632,C005,P002,2026-01-25 21:46:55,5.19,94.68,0.05,20.329169,72.094528,Ahmedabad
E008633,C045,P003,2026-04-02 01:44:29,7.6,64.87,0.04,25.283111,73.813024,Ahmedabad
E008634,C006,P002,2026-03-11 00:40:10,5.62,84.08,0.54,29.348876,77.391156,Mumbai
E008635,C032,P002,2026-04-26 21:36:32,12.31,90.91,0.88,20.165863,72.217954,Jaipur
E008636,C015,P002,2026-04-12 19:43:46,13.57,93.05,0.93,26.702226,70.00239,Pune
E008637,C026,P001,2026-02-22 10:17:42,13.45,69.53,0.75,29.945846,71.648228,Jaipur
E008638,C045,P003,2026-03-10 07:12:36,4.74,85.47,0.46,22.836846,76.794665,Mumbai
E008639,C009,P004,2026-01-11 15:56:11,13.13,93.9,0.96,25.899903,72.326027,Jaipur
E008640,C022,P003,2026-05-10 00:59:10,6.52,66.26,0.94,28.184231,71.574821,Pune
E008641,C050,P003,2026-02-28 20:33:51,11.97,75.73,0.7,21.241629,70.6449,Delhi
E008642,C038,P001,2026-03-20 04:35:33,12.35,66.17,0.23,26.577458,73.987797,Mumbai
E008643,C032,P002,2026-01-02 21:14:42,8.24,91.06,0.17,22.058284,70.289765,Delhi
E008644,C034,P004,2026-02-01 08:03:05,13.01,65.27,0.44,26.898721,72.519409,Pune
E008645,C017,P001,2026-05-16 12:53:36,14.11,63.25,0.64,26.635084,74.500266,Pune
E008646,C041,P001,2026-05-11 08:22:56,5.47,84.17,0.02,27.549779,71.821806,Pune
E008647,C011,P001,2026-06-26 10:53:36,10.83,84.54,0.66,28.485571,74.764123,Ahmedabad
E008648,C007,P004,2026-05-23 16:05:26,12.46,93.61,0.58,29.216172,76.41999,Mumbai
E008649,C008,P004,2026-05-08 06:42:28,14.21,63.95,0.14,23.03384,74.116242,Mumbai
E008650,C032,P004,2026-01-03 11:47:28,13.52,70.93,0.91,25.889735,71.625092,Pune
E008651,C047,P002,2026-06-25 14:13:48,13.83,86.05,0.16,23.905915,79.370299,Jaipur
E008652,C015,P002,2026-02-04 22:42:59,5.99,72.96,0.71,25.993787,77.107388,Delhi
E008653,C038,P003,2026-06-30 13:17:26,10.99,60.97,0.51,21.556033,74.197745,Jaipur
E008654,C023,P001,2026-06-15 19:22:40,14.01,91.7,0.61,28.363109,74.198025,Mumbai
E008655,C018,P004,2026-03-05 08:32:42,12.51,76.72,0.3,22.704787,71.790948,Ahmedabad
E008656,C012,P001,2026-01-12 02:19:05,10.33,80.7,0.8,27.051419,79.642953,Ahmedabad
E008657,C033,P004,2026-02-04 09:31:00,5.95,80.94,0.69,21.234982,72.969919,Pune
E008658,C038,P003,2026-06-08 21:08:30,9.34,93.25,0.02,29.8181,79.234461,Pune
E008659,C050,P002,2026-01-25 01:41:32,13.27,80.21,0.4,27.556255,70.541137,Pune
E008660,C014,P001,2026-03-22 19:53:01,5.05,78.13,0.16,27.548525,76.568175,Jaipur
E008661,C034,P001,2026-02-25 11:36:26,5.79,84.58,0.12,28.031887,75.124075,Delhi
E008662,C048,P004,2026-04-05 22:37:04,6.45,81.3,0.7,29.883627,75.939422,Delhi
E008663,C033,P004,2026-04-04 22:30:18,10.38,82.95,0.53,23.581065,72.163651,Pune
E008664,C044,P004,2026-06-04 20:29:27,7.3,79.41,0.94,25.788653,73.705259,Ahmedabad
E008665,C013,P002,2026-03-26 22:52:47,9.86,72.13,0.73,21.271345,74.144103,Mumbai
E008666,C026,P001,2026-03-10 14:17:27,10.62,87.39,0.51,27.402924,73.699745,Delhi
E008667,C001,P004,2026-03-08 12:17:42,12.32,86.99,0.25,25.092343,75.07206,Jaipur
E008668,C016,P002,2026-02-26 15:15:41,7.66,63.51,0.09,24.564095,74.415845,Mumbai
E008669,C012,P002,2026-01-29 16:40:26,8.62,92.45,0.88,26.629979,72.428181,Delhi
E008670,C011,P001,2026-05-25 04:05:56,8.76,78.33,0.64,27.199297,70.948166,Ahmedabad
E008671,C016,P003,2026-04-08 20:01:59,12.01,61.13,0.15,22.318783,76.041966,Jaipur
E008672,C006,P003,2026-03-15 12:39:31,13.8,77.69,0.52,25.690377,77.82188,Pune
E008673,C018,P001,2026-02-21 01:31:25,7.58,75.33,0.89,28.438521,74.105733,Ahmedabad
E008674,C017,P003,2026-06-23 11:31:00,13.0,78.75,0.38,21.703264,74.492607,Mumbai
E008675,C007,P001,2026-02-05 22:15:31,6.52,64.06,0.57,22.419889,79.790437,Ahmedabad
E008676,C045,P001,2026-03-01 18:43:14,5.52,72.63,0.38,28.956905,78.124593,Pune
E008677,C026,P001,2026-02-25 17:18:38,12.64,91.96,0.2,23.105275,71.201302,Delhi
E008678,C020,P003,2026-06-16 14:34:57,10.7,71.88,0.56,25.32274,78.717108,Pune
E008679,C042,P003,2026-01-08 06:20:01,13.84,92.98,0.13,29.971527,75.043762,Delhi
E008680,C012,P001,2026-02-16 01:25:30,4.1,79.06,0.21,23.641138,77.28693,Jaipur
E008681,C028,P002,2026-02-01 23:08:08,6.95,90.35,0.12,26.158333,78.79959,Jaipur
E008682,C021,P001,2026-05-13 19:14:58,12.77,79.85,0.46,26.300411,73.683973,Pune
E008683,C020,P001,2026-03-19 11:09:12,9.91,68.24,0.06,22.164886,71.132219,Delhi
E008684,C004,P001,2026-05-08 05:51:41,9.52,74.79,0.91,25.609447,71.713745,Delhi
E008685,C038,P004,2026-01-25 18:57:18,5.65,61.55,0.87,20.451038,78.586749,Jaipur
E008686,C007,P004,2026-01-07 05:13:54,10.55,67.52,0.87,27.465999,74.802588,Delhi
E008687,C047,P003,2026-03-02 00:22:22,7.09,85.43,0.73,28.489258,72.715165,Delhi
E008688,C040,P003,2026-03-02 17:29:21,13.73,94.38,0.59,27.247152,70.855242,Ahmedabad
E008689,C045,P001,2026-06-20 22:35:12,13.01,63.18,0.41,26.324577,77.988456,Delhi
E008690,C021,P003,2026-05-30 13:22:47,13.79,85.86,0.82,28.922806,70.97916,Pune
E008691,C043,P002,2026-03-18 18:36:55,6.44,71.07,0.64,27.110759,70.679527,Jaipur
E008692,C038,P001,2026-03-08 14:30:52,13.78,77.43,0.01,20.723516,75.290183,Pune
E008693,C030,P002,2026-01-30 08:50:19,7.91,91.52,0.19,22.857011,71.097669,Ahmedabad
E008694,C002,P002,2026-03-15 06:16:36,13.09,66.19,0.56,24.301462,74.291106,Delhi
E008695,C005,P003,2026-03-26 00:59:33,9.97,91.44,0.11,28.180424,74.580683,Delhi
E008696,C009,P004,2026-06-22 09:59:44,13.33,82.22,0.67,27.558542,70.652095,Mumbai
E008697,C038,P002,2026-01-20 15:24:09,14.87,86.36,0.42,28.334353,70.815013,Mumbai
E008698,C042,P001,2026-04-09 08:10:37,15.02,69.46,0.15,26.5971,70.801315,Jaipur
E008699,C008,P004,2026-06-30 05:36:16,14.6,72.24,0.49,27.034046,78.36471,Delhi
E008700,C003,P002,2026-01-02 04:28:02,12.54,62.7,0.08,27.789252,76.342505,Ahmedabad
E008701,C028,P002,2026-06-09 09:10:00,7.62,92.9,0.16,28.735967,70.868804,Jaipur
E008702,C014,P004,2026-02-12 05:44:53,12.64,84.33,0.44,21.493593,77.974063,Jaipur
E008703,C010,P003,2026-06-06 12:24:34,12.04,76.66,0.46,23.390141,79.31204,Jaipur
E008704,C040,P004,2026-05-08 15:20:16,7.59,85.53,0.93,24.468642,70.785725,Ahmedabad
E008705,C040,P004,2026-03-04 03:49:57,14.75,65.54,0.66,25.71803,75.333275,Mumbai
E008706,C027,P002,2026-03-14 22:01:11,9.2,79.53,0.02,24.257469,75.416934,Jaipur
E008707,C036,P002,2026-02-20 05:50:37,14.33,68.06,0.71,25.221805,74.164531,Jaipur
E008708,C020,P002,2026-05-02 12:18:39,4.23,71.37,0.15,27.216484,75.466438,Jaipur
E008709,C034,P002,2026-04-23 10:31:34,10.54,65.83,0.26,28.102948,79.832353,Delhi
E008710,C021,P003,2026-05-07 16:46:15,10.37,79.07,0.33,26.659743,78.269296,Delhi
E008711,C045,P003,2026-05-28 19:34:28,5.3,69.17,0.45,21.354612,74.664549,Jaipur
E008712,C026,P001,2026-03-11 06:05:53,5.06,93.96,0.64,28.128847,76.803568,Delhi
E008713,C049,P003,2026-06-27 09:53:28,13.35,87.9,0.86,26.206341,76.351895,Ahmedabad
E008714,C032,P004,2026-01-12 02:40:25,15.18,93.81,0.16,24.333248,76.275005,Mumbai
E008715,C010,P003,2026-01-21 09:46:05,5.67,81.07,0.0,22.655906,74.911586,Ahmedabad
E008716,C028,P003,2026-01-21 20:56:53,13.49,71.18,0.64,22.734049,75.452698,Pune
E008717,C037,P003,2026-05-26 12:48:29,6.48,81.16,0.19,27.293708,75.894978,Mumbai
E008718,C010,P003,2026-03-14 22:33:18,5.95,84.86,0.09,23.942952,76.802694,Delhi
E008719,C008,P003,2026-04-23 07:10:06,4.52,70.69,0.57,23.86159,74.959998,Mumbai
E008720,C040,P004,2026-04-26 20:31:45,13.65,69.36,0.67,29.116167,79.864862,Pune
E008721,C034,P002,2026-04-28 19:07:09,7.45,76.75,0.58,25.468437,75.086604,Ahmedabad
E008722,C025,P002,2026-02-22 05:19:12,10.79,85.45,0.87,22.99994,77.305149,Ahmedabad
E008723,C011,P003,2026-05-13 06:37:38,13.36,72.31,0.68,22.871826,79.333328,Pune
E008724,C016,P002,2026-02-11 04:35:13,11.88,63.15,0.83,21.759011,71.897733,Jaipur
E008725,C049,P001,2026-03-28 00:21:39,12.14,76.06,0.79,22.705781,76.366363,Pune
E008726,C041,P001,2026-06-13 02:44:42,9.93,88.6,0.39,21.35631,78.520434,Jaipur
E008727,C004,P001,2026-03-09 15:02:55,15.65,67.07,0.34,21.778811,70.928722,Mumbai
E008728,C034,P002,2026-06-07 15:24:53,10.0,77.0,0.88,24.622918,78.073849,Mumbai
E008729,C006,P004,2026-04-14 01:19:20,12.12,67.66,0.97,20.603218,73.069533,Pune
E008730,C026,P001,2026-03-23 03:14:03,12.18,63.45,0.34,21.299105,70.557361,Ahmedabad
E008731,C050,P003,2026-02-01 18:42:15,9.71,74.88,0.6,28.637169,78.44633,Mumbai
E008732,C023,P001,2026-01-15 18:57:24,12.95,69.77,0.8,25.770155,76.227677,Pune
E008733,C010,P004,2026-01-26 03:30:43,9.87,88.56,0.21,21.720175,76.919617,Jaipur
E008734,C020,P001,2026-05-19 15:48:00,11.96,81.15,0.25,29.870018,79.256937,Mumbai
E008735,C020,P004,2026-02-13 08:02:56,6.05,61.8,0.49,22.325807,76.690254,Jaipur
E008736,C012,P004,2026-02-18 07:47:58,9.81,61.57,0.57,23.550851,76.371119,Jaipur
E008737,C019,P001,2026-04-25 23:33:43,13.04,66.09,0.17,21.192134,75.461381,Mumbai
E008738,C039,P001,2026-05-19 22:54:55,5.27,85.11,0.05,24.933497,73.820392,Mumbai
E008739,C008,P001,2026-03-04 22:15:33,14.88,61.89,0.43,28.46201,79.841742,Pune
E008740,C033,P004,2026-06-22 12:47:08,10.37,86.18,0.44,29.219715,75.863299,Jaipur
E008741,C005,P004,2026-03-11 11:48:25,7.72,90.26,0.9,27.242647,74.379499,Mumbai
E008742,C032,P003,2026-01-23 04:27:00,9.86,91.76,0.63,21.487597,77.301064,Jaipur
E008743,C019,P002,2026-01-12 13:40:16,9.33,68.29,0.25,24.892739,79.613326,Mumbai
E008744,C037,P001,2026-04-20 11:05:14,5.51,78.08,0.29,21.690596,76.311655,Mumbai
E008745,C033,P003,2026-04-28 09:01:39,8.72,62.96,0.82,23.071093,73.394047,Delhi
E008746,C006,P003,2026-01-11 08:17:13,4.23,65.09,0.99,26.007768,75.680125,Pune
E008747,C021,P003,2026-01-23 09:37:17,11.56,87.04,0.88,22.752977,75.976729,Delhi
E008748,C001,P002,2026-06-25 19:23:12,5.39,79.81,0.31,27.097093,73.664049,Jaipur
E008749,C049,P003,2026-01-29 14:12:54,11.79,81.95,0.76,26.121111,75.769522,Delhi
E008750,C014,P004,2026-06-01 02:48:33,15.61,90.61,0.3,24.486768,77.707026,Delhi
E008751,C049,P004,2026-05-30 09:43:04,6.92,74.98,0.12,24.008436,72.745984,Ahmedabad
E008752,C012,P004,2026-01-13 21:00:03,9.49,70.22,0.86,25.659149,71.140253,Delhi
E008753,C031,P003,2026-04-03 20:01:30,8.86,71.01,0.04,22.570094,71.573588,Jaipur
E008754,C008,P002,2026-01-17 23:48:50,11.49,62.65,0.75,24.072119,72.959478,Delhi
E008755,C018,P003,2026-02-25 22:37:43,14.79,70.92,0.86,21.606745,70.479944,Ahmedabad
E008756,C023,P004,2026-04-25 20:46:10,13.58,80.63,0.18,29.691996,71.899334,Jaipur
E008757,C012,P003,2026-06-05 18:05:52,9.48,69.73,0.78,28.493367,71.15086,Pune
E008758,C003,P001,2026-01-22 00:08:46,6.77,68.87,0.88,20.567985,77.280849,Jaipur
E008759,C042,P003,2026-02-01 20:08:10,11.56,60.02,0.39,23.110373,70.465345,Pune
E008760,C003,P003,2026-06-17 12:37:11,12.32,82.15,0.02,27.307672,79.181394,Jaipur
E008761,C026,P001,2026-01-19 07:29:03,10.66,74.7,0.51,25.549551,74.903144,Ahmedabad
E008762,C039,P002,2026-01-23 04:50:54,13.41,89.45,0.94,29.284792,71.239164,Pune
E008763,C019,P004,2026-01-23 00:01:52,5.09,75.91,0.12,22.583198,78.404928,Jaipur
E008764,C007,P002,2026-06-18 13:36:17,13.73,79.31,0.18,22.687791,79.771832,Jaipur
E008765,C047,P001,2026-02-13 10:55:05,10.17,83.48,0.25,23.822341,79.262925,Ahmedabad
E008766,C028,P003,2026-05-21 22:42:54,13.76,60.36,0.83,29.2482,70.897806,Delhi
E008767,C004,P003,2026-02-07 23:03:52,13.48,79.35,0.48,28.284809,75.355252,Pune
E008768,C023,P001,2026-04-20 20:15:05,14.38,89.85,0.26,26.847369,78.428889,Mumbai
E008769,C024,P004,2026-05-18 11:41:04,7.18,89.78,0.25,28.233516,74.151953,Ahmedabad
E008770,C035,P001,2026-01-01 21:41:59,13.65,60.54,0.31,25.293532,73.132263,Pune
E008771,C003,P004,2026-01-25 09:34:09,5.08,92.01,0.4,23.528838,72.646004,Pune
E008772,C038,P001,2026-05-01 08:41:43,4.16,64.68,0.45,23.871628,71.991295,Jaipur
E008773,C012,P003,2026-03-24 23:37:39,8.01,76.77,0.82,21.670124,76.256168,Ahmedabad
E008774,C047,P003,2026-04-20 16:55:26,8.34,69.69,0.01,21.795316,78.554332,Pune
E008775,C035,P003,2026-04-06 09:52:58,8.89,75.23,0.52,25.935142,74.934042,Ahmedabad
E008776,C013,P002,2026-04-29 04:14:33,6.29,79.65,0.43,22.608066,70.712219,Jaipur
E008777,C041,P001,2026-03-16 18:17:50,11.51,72.59,0.07,23.181594,78.322664,Mumbai
E008778,C014,P004,2026-05-02 14:05:46,7.54,86.69,0.1,26.779922,70.903736,Delhi
E008779,C048,P004,2026-02-13 23:27:59,12.74,84.43,0.47,25.097223,77.488769,Ahmedabad
E008780,C004,P003,2026-05-02 03:58:13,4.86,90.19,0.64,22.295633,78.728131,Delhi
E008781,C045,P001,2026-04-15 21:46:18,5.45,90.59,0.46,21.506192,70.14374,Delhi
E008782,C025,P004,2026-03-07 11:09:04,14.0,65.03,0.13,21.836415,79.601597,Ahmedabad
E008783,C014,P002,2026-06-29 06:37:47,14.02,60.15,0.34,26.181332,75.207777,Ahmedabad
E008784,C036,P001,2026-03-03 14:49:15,13.27,87.65,0.4,28.452671,74.475589,Delhi
E008785,C026,P003,2026-01-02 02:36:00,14.78,75.5,0.84,23.53222,72.024715,Ahmedabad
E008786,C014,P002,2026-03-28 13:24:21,7.2,74.17,0.1,22.52987,77.638029,Jaipur
E008787,C005,P003,2026-02-09 12:54:49,5.85,88.2,0.96,25.870766,75.409192,Mumbai
E008788,C033,P003,2026-02-25 02:16:57,9.44,81.14,0.15,26.001639,75.382926,Delhi
E008789,C005,P003,2026-02-09 14:45:12,11.67,72.4,0.76,20.15191,70.903822,Ahmedabad
E008790,C035,P001,2026-06-13 03:53:08,11.06,83.09,0.87,29.00985,78.489414,Ahmedabad
E008791,C037,P001,2026-04-01 06:06:56,9.65,86.91,0.62,26.12306,76.928123,Pune
E008792,C019,P003,2026-06-02 20:12:40,4.88,81.31,0.22,25.04322,77.052653,Ahmedabad
E008793,C019,P003,2026-04-29 03:41:58,13.69,68.6,0.57,20.881188,72.300055,Pune
E008794,C003,P001,2026-02-14 15:09:20,9.46,83.06,0.4,28.044729,77.823288,Ahmedabad
E008795,C019,P002,2026-01-29 04:56:24,8.5,89.82,0.75,24.005796,71.080063,Ahmedabad
E008796,C032,P001,2026-04-18 00:21:44,5.25,73.03,0.63,22.56181,72.730236,Pune
E008797,C004,P001,2026-05-16 04:22:02,7.07,93.98,0.94,23.512752,77.594109,Mumbai
E008798,C040,P004,2026-04-19 00:07:07,7.11,82.3,0.93,23.387205,79.334016,Jaipur
E008799,C020,P004,2026-03-25 21:01:48,15.98,79.54,0.85,28.009356,79.753766,Ahmedabad
E008800,C009,P004,2026-06-28 05:22:18,9.38,92.65,0.21,23.99393,75.894468,Pune
E008801,C029,P003,2026-03-20 10:39:44,4.54,87.07,0.68,25.872068,70.066137,Mumbai
E008802,C019,P003,2026-03-17 09:17:09,11.66,93.02,0.11,27.408939,79.491523,Mumbai
E008803,C017,P001,2026-01-27 05:06:39,4.78,68.76,0.46,20.345268,70.132702,Jaipur
E008804,C021,P004,2026-05-21 04:12:44,15.41,72.13,0.69,29.359243,70.991586,Pune
E008805,C029,P002,2026-01-13 15:27:10,14.4,73.68,0.23,25.248782,77.933712,Ahmedabad
E008806,C019,P004,2026-06-13 17:59:02,8.54,76.96,0.15,26.028658,71.788535,Delhi
E008807,C011,P002,2026-02-09 21:30:11,15.11,79.08,0.65,22.090753,74.145401,Pune
E008808,C047,P004,2026-04-19 03:03:44,12.39,78.78,0.14,24.055118,78.298746,Jaipur
E008809,C045,P001,2026-03-06 14:33:35,11.87,65.12,0.03,25.01177,72.954275,Jaipur
E008810,C007,P003,2026-03-08 08:35:45,11.74,77.16,0.41,20.53473,72.970779,Ahmedabad
E008811,C035,P003,2026-02-03 05:27:50,13.5,60.05,0.83,22.34183,71.730357,Ahmedabad
E008812,C016,P004,2026-06-27 14:12:59,11.44,73.47,0.97,22.719483,76.580603,Delhi
E008813,C009,P001,2026-06-20 08:57:54,6.51,82.77,0.71,29.481906,77.805261,Jaipur
E008814,C037,P001,2026-05-22 18:14:14,13.3,78.69,0.53,22.079958,74.839625,Delhi
E008815,C039,P003,2026-01-02 09:14:01,15.2,62.46,0.75,22.269882,78.472036,Jaipur
E008816,C024,P004,2026-01-13 01:43:42,4.45,70.96,0.73,25.591645,71.311574,Mumbai
E008817,C038,P004,2026-06-19 07:20:25,9.5,60.54,0.55,29.5334,79.079551,Pune
E008818,C029,P002,2026-06-13 23:16:32,15.95,78.43,0.48,21.998728,71.026199,Jaipur
E008819,C009,P003,2026-01-09 22:55:36,11.63,76.57,0.47,22.1756,76.356866,Jaipur
E008820,C041,P003,2026-03-09 21:49:03,5.79,63.29,0.88,27.811591,73.092358,Pune
E008821,C038,P004,2026-06-08 05:25:17,7.55,66.03,0.78,23.271765,70.166595,Pune
E008822,C010,P004,2026-02-20 23:07:42,9.75,69.5,0.32,26.224841,75.923966,Delhi
E008823,C020,P002,2026-02-21 10:49:31,10.96,68.37,0.33,28.32761,74.327624,Delhi
E008824,C027,P003,2026-06-23 21:06:14,15.23,88.82,0.46,28.725524,79.44095,Delhi
E008825,C024,P001,2026-03-05 02:17:16,4.17,73.91,0.95,26.938178,72.93042,Ahmedabad
E008826,C019,P004,2026-05-05 13:17:32,11.19,61.2,0.26,28.958413,71.879002,Ahmedabad
E008827,C035,P004,2026-02-08 19:51:22,14.42,92.66,0.35,21.383775,71.568481,Delhi
E008828,C049,P004,2026-05-28 15:41:19,13.04,80.5,0.4,23.447145,74.820313,Ahmedabad
E008829,C041,P003,2026-02-08 05:59:30,14.36,90.03,0.51,22.393305,79.909324,Ahmedabad
E008830,C009,P002,2026-06-17 10:00:57,10.1,63.97,0.53,24.469353,75.63486,Pune
E008831,C012,P004,2026-02-28 02:48:30,11.78,86.88,0.23,24.380503,78.93206,Mumbai
E008832,C004,P001,2026-01-10 12:57:10,15.38,93.37,0.54,22.534141,70.09274,Pune
E008833,C016,P002,2026-02-08 06:43:36,5.06,77.11,0.19,29.723421,73.268085,Jaipur
E008834,C029,P001,2026-04-04 08:11:49,14.62,60.52,0.48,26.791623,79.878917,Ahmedabad
E008835,C010,P003,2026-01-11 07:00:48,11.33,68.59,0.66,20.377443,76.802614,Jaipur
E008836,C025,P002,2026-04-14 00:28:33,6.73,88.71,0.76,20.596982,79.315282,Mumbai
E008837,C003,P001,2026-05-26 07:01:22,12.2,68.79,0.95,27.925763,71.429147,Ahmedabad
E008838,C038,P001,2026-02-27 03:55:31,10.51,66.95,0.72,23.770913,75.312788,Ahmedabad
E008839,C032,P001,2026-04-11 01:35:15,11.71,63.62,0.51,25.751392,71.809306,Pune
E008840,C009,P001,2026-02-08 20:03:45,8.82,71.07,0.75,24.654413,72.793783,Mumbai
E008841,C020,P004,2026-01-13 13:12:34,13.92,62.44,0.22,27.184789,70.999396,Ahmedabad
E008842,C013,P001,2026-04-30 10:12:55,11.26,67.49,0.85,27.495308,71.860651,Delhi
E008843,C050,P003,2026-03-31 17:14:49,12.29,82.46,0.91,26.088453,72.6902,Delhi
E008844,C018,P001,2026-04-11 14:56:56,6.73,68.6,0.24,23.994517,74.848584,Pune
E008845,C033,P001,2026-01-12 14:57:02,12.42,78.22,0.32,22.858113,76.149636,Mumbai
E008846,C007,P001,2026-06-01 20:50:37,15.3,69.42,0.71,21.357292,74.865646,Ahmedabad
E008847,C017,P002,2026-01-01 14:55:18,12.49,69.72,0.52,26.600506,77.58804,Jaipur
E008848,C023,P001,2026-03-06 16:12:11,5.21,77.03,0.4,23.388815,76.469082,Delhi
E008849,C026,P001,2026-04-25 13:50:23,14.63,92.41,0.83,29.009744,75.74131,Pune
E008850,C042,P002,2026-03-01 19:37:24,13.26,80.68,0.75,25.510459,71.093897,Pune
E008851,C019,P002,2026-02-09 22:51:37,14.54,61.14,0.35,20.92409,75.32409,Delhi
E008852,C007,P002,2026-04-14 02:53:21,6.28,80.7,0.42,24.644427,78.660502,Ahmedabad
E008853,C045,P002,2026-03-12 00:36:31,15.12,61.45,0.71,28.373835,76.970586,Delhi
E008854,C048,P004,2026-02-27 09:16:36,6.31,75.82,0.34,26.627318,75.822615,Delhi
E008855,C020,P002,2026-02-01 19:42:09,5.22,86.76,0.54,28.189153,73.553669,Mumbai
E008856,C040,P004,2026-05-16 16:31:12,15.73,83.18,0.47,27.923023,72.64164,Jaipur
E008857,C038,P001,2026-05-18 18:34:16,7.4,61.25,0.51,24.179598,76.50436,Jaipur
E008858,C025,P003,2026-05-01 12:42:06,15.87,90.59,0.01,22.383808,75.977663,Jaipur
E008859,C001,P003,2026-03-22 23:08:14,15.24,60.32,0.91,24.626211,75.12895,Delhi
E008860,C009,P004,2026-01-16 06:00:19,12.02,61.28,0.48,25.253021,74.070638,Delhi
E008861,C050,P001,2026-01-05 12:24:50,10.11,68.16,0.46,29.137445,76.230192,Pune
E008862,C023,P004,2026-01-23 04:12:04,6.26,80.09,0.46,21.249605,76.220874,Jaipur
E008863,C046,P003,2026-06-24 21:00:09,9.08,89.97,0.62,20.179736,75.063666,Ahmedabad
E008864,C022,P002,2026-02-17 01:43:42,6.74,84.8,0.62,27.38264,70.81176,Jaipur
E008865,C032,P003,2026-03-01 17:25:02,9.73,88.33,0.54,22.776992,72.068742,Pune
E008866,C027,P004,2026-04-06 15:09:55,4.0,94.61,0.9,29.24009,75.569572,Jaipur
E008867,C049,P001,2026-04-15 15:22:46,6.49,92.29,0.83,20.815262,77.086595,Mumbai
E008868,C023,P001,2026-04-29 14:33:06,8.3,60.83,0.32,25.22632,78.544265,Mumbai
E008869,C022,P003,2026-06-01 12:28:27,11.22,81.02,0.75,22.305242,73.618946,Delhi
E008870,C041,P002,2026-06-19 19:46:01,13.69,89.17,0.99,25.246001,72.072112,Jaipur
E008871,C006,P002,2026-03-12 15:56:18,5.65,71.7,0.2,28.32725,70.770059,Jaipur
E008872,C017,P001,2026-01-12 05:30:56,14.88,69.77,0.74,25.046748,72.576829,Pune
E008873,C011,P004,2026-01-07 22:54:55,12.49,67.33,0.96,25.360297,79.697998,Mumbai
E008874,C010,P002,2026-05-05 19:35:15,15.15,63.63,0.81,24.88439,75.975215,Delhi
E008875,C048,P003,2026-05-04 19:48:25,6.62,94.29,0.3,20.885688,71.715373,Jaipur
E008876,C039,P003,2026-06-02 16:27:44,4.86,86.69,0.11,24.127075,74.43391,Ahmedabad
E008877,C038,P004,2026-01-29 14:33:30,8.82,76.14,0.33,29.9104,71.50301,Mumbai
E008878,C023,P002,2026-05-10 20:32:10,15.28,88.19,0.77,25.933034,77.341382,Mumbai
E008879,C011,P002,2026-04-07 15:31:22,5.16,84.78,0.49,27.925177,75.800814,Ahmedabad
E008880,C017,P004,2026-03-12 18:38:25,13.0,75.32,0.75,26.068847,70.573007,Ahmedabad
E008881,C049,P002,2026-05-29 16:45:47,11.57,94.37,0.76,25.558336,71.789279,Ahmedabad
E008882,C040,P001,2026-01-25 03:14:13,8.66,85.48,0.52,22.201319,78.5956,Delhi
E008883,C025,P003,2026-06-10 09:51:31,8.89,67.96,0.42,20.511941,75.562519,Mumbai
E008884,C046,P002,2026-05-01 17:14:58,13.56,73.79,0.68,29.989773,77.858888,Mumbai
E008885,C042,P004,2026-03-09 12:16:57,4.21,74.19,0.89,29.91077,77.410452,Pune
E008886,C037,P004,2026-02-11 18:00:44,15.59,63.5,0.79,23.878538,72.450643,Ahmedabad
E008887,C029,P002,2026-04-23 05:08:21,5.39,81.12,0.47,25.852559,77.695101,Mumbai
E008888,C045,P001,2026-03-17 19:01:54,9.45,81.42,0.77,20.00467,75.454164,Delhi
E008889,C035,P001,2026-03-26 01:56:38,8.07,65.43,0.24,22.762136,78.752612,Pune
E008890,C032,P001,2026-04-17 02:08:28,9.02,80.74,0.89,23.07236,74.333554,Pune
E008891,C035,P003,2026-05-28 19:16:27,10.65,74.81,0.43,20.982502,70.016911,Pune
E008892,C035,P002,2026-02-07 21:21:15,4.45,76.5,0.21,26.983955,75.051736,Delhi
E008893,C050,P001,2026-05-02 02:41:51,5.12,93.54,0.11,20.382619,74.104702,Delhi
E008894,C028,P003,2026-03-07 17:31:52,12.32,61.41,0.21,26.101975,72.779123,Jaipur
E008895,C050,P004,2026-01-29 20:09:11,12.33,92.6,0.63,21.054405,77.210004,Jaipur
E008896,C050,P003,2026-05-28 09:25:13,4.44,68.88,0.17,25.24694,71.909514,Pune
E008897,C046,P002,2026-06-25 18:59:34,8.23,85.85,0.73,26.80551,73.669101,Pune
E008898,C007,P004,2026-06-25 14:14:25,8.85,89.74,0.18,23.663677,77.96294,Ahmedabad
E008899,C009,P002,2026-03-27 11:36:39,7.22,74.12,0.26,28.504808,74.031125,Jaipur
E008900,C040,P003,2026-06-07 09:07:17,9.42,80.29,0.17,26.732133,79.617526,Mumbai
E008901,C032,P002,2026-06-15 13:12:40,8.26,78.8,0.76,28.697752,76.631159,Delhi
E008902,C047,P001,2026-03-10 15:06:32,13.14,91.55,0.73,24.729565,70.503643,Mumbai
E008903,C028,P004,2026-04-11 11:08:29,5.89,90.65,0.76,28.672519,79.326259,Mumbai
E008904,C032,P004,2026-05-01 00:40:38,5.36,64.77,0.84,27.254226,78.493578,Ahmedabad
E008905,C037,P003,2026-01-22 05:06:40,15.1,69.19,0.52,27.76107,76.064096,Mumbai
E008906,C023,P002,2026-01-02 00:47:06,11.21,74.63,0.5,21.315074,73.219364,Jaipur
E008907,C020,P002,2026-04-23 12:19:56,5.53,73.49,0.26,22.836628,73.36824,Mumbai
E008908,C015,P002,2026-03-02 15:35:46,11.01,92.71,0.06,28.723293,70.11076,Ahmedabad
E008909,C034,P004,2026-03-13 23:57:37,15.71,77.67,0.49,20.419239,74.606981,Ahmedabad
E008910,C002,P003,2026-02-18 23:26:18,5.6,68.74,0.55,27.975616,73.004663,Mumbai
E008911,C022,P002,2026-03-23 09:59:44,15.13,92.61,0.38,21.586592,75.329826,Ahmedabad
E008912,C042,P004,2026-02-23 09:45:07,4.31,82.37,1.0,24.540477,70.722355,Delhi
E008913,C020,P004,2026-06-02 12:06:31,10.52,60.85,0.12,29.305895,79.544589,Delhi
E008914,C045,P004,2026-03-01 01:47:35,5.48,63.67,0.42,21.63886,77.340134,Jaipur
E008915,C045,P002,2026-01-16 22:00:50,15.49,62.13,0.87,28.693004,76.652107,Jaipur
E008916,C031,P004,2026-06-04 09:33:32,6.04,87.67,0.2,24.809801,71.885313,Delhi
E008917,C023,P003,2026-04-03 13:46:33,14.43,69.7,0.63,24.578499,76.429197,Jaipur
E008918,C030,P003,2026-03-10 20:49:48,12.5,64.42,0.86,21.93823,71.391087,Jaipur
E008919,C028,P003,2026-01-05 02:15:39,7.1,81.4,0.81,24.773528,78.182024,Ahmedabad
E008920,C018,P001,2026-02-02 20:57:59,11.98,67.46,0.03,25.459925,74.571548,Jaipur
E008921,C003,P004,2026-06-13 09:44:39,16.0,73.0,0.08,25.144442,72.182408,Mumbai
E008922,C018,P001,2026-05-11 23:58:57,15.45,82.79,0.57,20.198473,79.032066,Mumbai
E008923,C009,P003,2026-01-30 08:02:25,7.36,85.1,0.14,23.514345,70.85993,Jaipur
E008924,C042,P003,2026-05-14 18:10:49,10.85,62.8,0.06,29.297965,72.362324,Pune
E008925,C020,P004,2026-03-26 09:28:26,8.51,92.94,0.33,26.943261,73.72792,Mumbai
E008926,C044,P004,2026-04-21 08:08:20,13.45,87.43,0.35,23.130553,71.77299,Ahmedabad
E008927,C022,P003,2026-02-15 16:44:14,15.89,69.53,0.31,23.441104,76.554419,Delhi
E008928,C014,P001,2026-02-06 08:30:31,6.22,70.54,0.54,24.461406,78.237391,Jaipur
E008929,C032,P003,2026-06-13 02:55:26,4.02,66.64,0.93,24.56113,72.551059,Pune
E008930,C049,P003,2026-02-04 11:44:47,4.15,74.1,0.84,25.007851,77.479696,Mumbai
E008931,C011,P003,2026-02-10 08:31:33,12.95,78.37,0.01,23.053641,73.903645,Delhi
E008932,C023,P003,2026-02-02 22:15:28,8.07,79.42,0.96,21.095813,78.707606,Delhi
E008933,C024,P001,2026-03-18 13:33:37,9.14,93.36,0.4,27.150454,73.784974,Delhi
E008934,C020,P001,2026-06-29 07:35:28,13.74,65.94,0.38,21.841318,71.674135,Pune
E008935,C011,P001,2026-05-14 17:26:45,13.19,70.98,0.56,22.632202,77.145092,Mumbai
E008936,C030,P003,2026-06-05 13:40:08,6.84,92.38,0.29,21.198064,71.493394,Pune
E008937,C001,P001,2026-03-07 18:34:46,13.88,71.04,1.0,29.602515,71.670529,Ahmedabad
E008938,C040,P003,2026-01-06 09:22:37,9.26,82.97,0.44,27.175313,70.351066,Jaipur
E008939,C004,P004,2026-05-30 07:55:11,11.87,61.8,0.1,28.189889,75.962208,Mumbai
E008940,C020,P002,2026-02-05 02:40:45,6.99,71.21,0.01,27.901856,73.721149,Ahmedabad
E008941,C009,P001,2026-03-14 00:20:25,4.82,71.39,0.56,24.704771,77.019997,Jaipur
E008942,C048,P001,2026-02-23 05:14:40,9.74,69.32,0.59,24.823212,71.976042,Jaipur
E008943,C006,P004,2026-03-21 07:59:58,8.53,91.91,0.68,29.093516,71.698364,Delhi
E008944,C007,P002,2026-04-11 05:41:58,6.32,65.65,0.39,22.484319,71.820361,Jaipur
E008945,C017,P002,2026-03-13 09:30:04,12.36,67.56,0.16,20.699721,72.386384,Ahmedabad
E008946,C043,P003,2026-03-17 00:19:52,15.43,88.99,0.07,27.869736,73.823,Mumbai
E008947,C030,P004,2026-05-11 01:51:56,7.63,67.05,0.37,25.326664,74.958638,Ahmedabad
E008948,C034,P001,2026-05-12 08:58:57,15.2,74.03,0.8,25.083444,77.946489,Pune
E008949,C037,P004,2026-06-24 10:36:40,14.28,87.27,0.78,28.386746,77.009887,Jaipur
E008950,C022,P002,2026-03-08 06:00:05,6.81,63.77,0.11,26.168111,72.643908,Delhi
E008951,C008,P002,2026-06-22 03:04:49,13.83,74.11,0.69,26.87249,74.113664,Pune
E008952,C041,P001,2026-04-03 15:48:39,8.95,68.78,0.91,25.377493,76.043324,Delhi
E008953,C002,P004,2026-03-12 16:30:16,5.03,71.03,0.16,21.430115,72.045134,Delhi
E008954,C023,P001,2026-02-03 04:11:23,15.51,64.71,0.22,24.849988,76.555562,Delhi
E008955,C041,P004,2026-03-25 18:29:00,15.44,89.5,0.13,29.366975,70.048603,Ahmedabad
E008956,C012,P002,2026-02-20 00:34:32,9.21,70.16,0.55,23.153831,75.377133,Ahmedabad
E008957,C046,P001,2026-04-27 05:44:41,6.23,77.69,0.43,27.509366,75.443485,Mumbai
E008958,C022,P003,2026-02-25 21:54:42,5.76,67.82,0.14,25.490226,77.089238,Pune
E008959,C039,P002,2026-06-29 23:13:34,8.19,69.18,0.22,25.086528,70.862275,Pune
E008960,C029,P003,2026-05-19 05:02:01,10.37,75.84,0.12,21.083935,79.503897,Mumbai
E008961,C001,P001,2026-01-10 11:16:49,11.87,94.54,0.52,20.464166,70.918203,Jaipur
E008962,C025,P004,2026-03-12 13:28:29,5.39,79.38,0.39,21.936307,77.629045,Ahmedabad
E008963,C042,P003,2026-05-09 07:11:10,13.16,69.99,0.51,22.622175,73.48082,Delhi
E008964,C045,P004,2026-05-18 10:37:41,15.89,89.33,0.95,24.551478,74.760581,Jaipur
E008965,C042,P002,2026-03-10 04:35:14,4.91,66.9,0.1,20.616203,70.302351,Jaipur
E008966,C030,P004,2026-06-18 06:05:57,15.97,71.1,0.59,27.345606,72.204345,Pune
E008967,C022,P002,2026-05-10 16:56:46,11.2,91.56,0.91,22.671499,79.869802,Mumbai
E008968,C025,P001,2026-02-21 09:30:53,4.07,75.05,0.95,29.168794,74.528896,Delhi
E008969,C016,P001,2026-06-25 14:21:12,15.72,92.81,0.19,29.521695,73.718241,Delhi
E008970,C033,P003,2026-05-25 03:18:16,9.65,80.29,0.86,27.595128,73.368418,Pune
E008971,C025,P001,2026-05-03 03:53:59,13.36,86.05,0.07,29.418552,75.748647,Ahmedabad
E008972,C030,P003,2026-06-15 05:06:50,14.16,80.5,0.73,26.007248,75.690207,Jaipur
E008973,C020,P004,2026-01-03 16:46:44,14.68,85.26,0.82,20.859874,72.66821,Ahmedabad
E008974,C036,P004,2026-06-21 06:11:15,14.25,68.8,0.9,22.637346,70.503972,Jaipur
E008975,C022,P003,2026-05-31 04:12:01,6.82,70.03,0.99,24.577051,77.277318,Jaipur
E008976,C029,P001,2026-05-24 13:10:54,6.09,79.44,0.36,23.773031,75.641121,Jaipur
E008977,C032,P003,2026-06-10 08:56:36,9.96,71.68,0.2,26.399283,75.869402,Jaipur
E008978,C036,P003,2026-05-16 21:05:28,9.9,89.09,0.26,28.161472,76.428165,Mumbai
E008979,C044,P001,2026-01-04 14:16:01,12.37,88.06,0.03,21.904397,72.623779,Mumbai
E008980,C027,P004,2026-06-18 18:03:39,9.36,63.38,0.96,23.295177,70.731304,Delhi
E008981,C012,P004,2026-01-29 04:40:39,11.97,93.46,0.82,29.346845,74.671675,Pune
E008982,C033,P004,2026-06-22 01:53:40,7.11,75.52,0.76,27.946694,79.755972,Delhi
E008983,C030,P001,2026-03-30 23:44:24,6.22,69.89,0.79,28.002377,72.582869,Mumbai
E008984,C015,P003,2026-03-15 06:55:42,15.25,69.5,0.45,28.686668,76.830354,Ahmedabad
E008985,C007,P002,2026-01-24 11:39:14,5.16,79.85,0.4,23.970467,77.56338,Delhi
E008986,C011,P003,2026-06-20 03:57:55,13.03,63.2,0.3,25.279956,70.503801,Mumbai
E008987,C046,P003,2026-05-05 08:21:37,6.01,82.73,0.69,20.66668,73.310324,Jaipur
E008988,C034,P003,2026-05-19 22:56:23,13.99,86.93,0.86,23.197035,70.404435,Delhi
E008989,C035,P002,2026-01-09 08:17:00,11.62,85.78,0.98,23.185607,75.303248,Pune
E008990,C007,P001,2026-04-05 01:19:08,6.6,66.34,0.42,21.392024,77.893607,Delhi
E008991,C027,P002,2026-05-01 17:16:00,7.26,93.79,0.78,25.049464,72.758483,Pune
E008992,C035,P002,2026-06-13 20:08:14,15.86,87.7,0.33,21.088676,79.395968,Jaipur
E008993,C045,P001,2026-04-12 04:37:16,15.96,76.08,0.2,22.344912,78.108554,Ahmedabad
E008994,C017,P003,2026-02-25 22:20:20,14.43,76.3,0.79,20.153423,79.40064,Jaipur
E008995,C008,P004,2026-05-21 11:24:06,5.38,74.56,0.23,24.216462,76.322531,Jaipur
E008996,C011,P002,2026-05-10 06:26:54,9.12,61.03,0.18,24.14324,72.782814,Mumbai
E008997,C030,P001,2026-05-13 13:03:29,7.48,64.4,0.27,21.309816,75.600169,Pune
E008998,C015,P002,2026-04-27 20:24:46,4.07,80.32,0.12,28.623706,75.425952,Pune
E008999,C009,P002,2026-02-02 19:12:30,8.97,73.18,0.58,28.458137,75.414461,Mumbai
E009000,C034,P004,2026-03-03 03:56:56,15.48,64.9,0.41,23.872635,78.980205,Jaipur
E009001,C030,P002,2026-01-22 03:13:50,4.79,66.02,0.6,29.633047,73.285305,Pune
E009002,C028,P004,2026-05-05 08:38:24,6.88,84.55,0.58,26.467013,79.300663,Jaipur
E009003,C033,P003,2026-05-04 08:24:22,4.59,65.55,0.61,27.478082,76.98018,Jaipur
E009004,C028,P002,2026-02-14 17:25:37,6.48,88.8,0.78,27.395384,77.952853,Mumbai
E009005,C001,P001,2026-04-30 07:35:48,10.17,63.76,0.62,22.482642,70.583021,Mumbai
E009006,C031,P004,2026-03-13 20:06:33,6.29,94.97,0.8,29.701905,78.766609,Jaipur
E009007,C032,P003,2026-06-11 20:36:45,10.94,84.75,0.6,26.596383,75.055622,Jaipur
E009008,C015,P003,2026-02-02 13:25:03,12.23,89.67,0.8,28.314705,78.432064,Ahmedabad
E009009,C021,P004,2026-02-05 09:49:57,13.06,78.96,0.46,24.752914,77.46179,Delhi
E009010,C019,P004,2026-02-10 04:29:47,11.4,60.53,0.93,27.576566,77.230761,Delhi
E009011,C036,P004,2026-05-30 08:39:14,6.73,89.15,0.55,20.531129,79.948003,Ahmedabad
E009012,C010,P003,2026-03-24 12:05:29,9.92,84.38,0.33,28.665513,71.697121,Pune
E009013,C042,P004,2026-04-20 07:08:04,5.97,68.96,0.59,24.467669,77.601872,Ahmedabad
E009014,C023,P001,2026-02-08 11:02:16,10.11,86.64,0.57,20.603615,73.568143,Pune
E009015,C013,P003,2026-04-07 04:30:54,5.35,74.67,0.19,22.102881,70.969282,Pune
E009016,C040,P004,2026-06-24 22:18:44,5.65,67.13,0.34,27.458345,71.52193,Mumbai
E009017,C011,P001,2026-05-12 13:11:08,14.36,94.9,0.82,25.175512,79.916237,Ahmedabad
E009018,C020,P002,2026-03-02 22:20:02,8.82,86.93,0.55,20.541058,76.996038,Delhi
E009019,C007,P002,2026-06-04 02:20:39,8.23,60.63,0.33,24.726103,71.449213,Delhi
E009020,C013,P001,2026-02-01 09:21:04,10.83,91.74,0.79,24.409774,77.090755,Mumbai
E009021,C009,P004,2026-04-14 04:15:03,11.14,78.86,0.35,23.006757,77.849349,Mumbai
E009022,C001,P002,2026-03-22 11:24:23,4.63,71.44,0.57,21.49877,73.272478,Ahmedabad
E009023,C038,P004,2026-02-22 02:08:54,7.2,67.93,0.9,20.567949,75.067026,Mumbai
E009024,C021,P001,2026-03-29 09:58:15,9.17,68.45,0.16,28.401057,74.950669,Pune
E009025,C008,P003,2026-01-24 03:18:23,11.58,92.75,0.11,25.407311,75.445638,Jaipur
E009026,C043,P002,2026-02-02 09:09:11,10.9,89.3,0.66,20.024464,73.304037,Ahmedabad
E009027,C035,P002,2026-01-23 17:24:26,4.24,84.41,0.54,23.784658,78.766773,Delhi
E009028,C030,P002,2026-02-19 06:46:09,10.31,75.23,0.08,28.185033,73.825845,Pune
E009029,C029,P002,2026-04-26 09:39:29,6.16,90.84,0.54,20.525324,70.492872,Mumbai
E009030,C018,P002,2026-04-10 11:04:55,5.02,88.91,0.33,23.6522,77.599859,Delhi
E009031,C002,P003,2026-01-06 00:26:29,10.99,93.5,0.94,29.206806,78.748785,Pune
E009032,C013,P001,2026-01-14 16:44:31,4.03,93.1,0.15,27.920323,72.849436,Pune
E009033,C012,P003,2026-01-20 22:08:40,14.86,79.26,0.57,21.216256,72.510956,Ahmedabad
E009034,C028,P002,2026-01-06 21:07:43,14.8,77.22,0.89,25.377962,73.269919,Pune
E009035,C018,P002,2026-03-26 15:19:53,11.73,88.27,0.55,25.479526,78.302331,Delhi
E009036,C034,P004,2026-04-22 07:27:17,5.85,67.46,0.48,25.542713,76.753184,Mumbai
E009037,C016,P004,2026-03-19 10:40:58,10.05,74.86,0.07,23.896603,77.477184,Pune
E009038,C030,P003,2026-03-30 12:50:40,13.4,72.91,0.64,29.27035,77.114872,Delhi
E009039,C039,P004,2026-01-07 19:52:07,13.15,92.34,0.13,29.391844,79.214773,Pune
E009040,C041,P003,2026-04-21 09:20:47,15.76,87.24,0.38,27.709284,73.926835,Ahmedabad
E009041,C042,P002,2026-02-12 20:13:07,10.36,62.36,0.69,25.337833,77.962057,Pune
E009042,C029,P003,2026-01-28 09:49:37,9.93,91.09,0.33,23.327011,78.486579,Mumbai
E009043,C036,P004,2026-04-20 21:47:31,10.23,94.47,0.96,24.00216,74.228032,Mumbai
E009044,C048,P002,2026-05-25 17:35:02,8.49,63.47,0.73,20.303097,72.891292,Ahmedabad
E009045,C039,P004,2026-05-22 22:56:01,12.0,66.77,0.51,26.841856,78.19308,Jaipur
E009046,C030,P004,2026-01-08 12:04:53,13.88,73.78,0.49,21.259448,74.049234,Ahmedabad
E009047,C022,P004,2026-04-28 22:02:10,5.19,92.34,0.09,20.326213,73.41636,Pune
E009048,C026,P004,2026-03-14 12:47:41,4.28,69.86,0.27,27.003891,71.743514,Pune
E009049,C026,P001,2026-03-25 17:41:49,11.32,87.27,0.97,24.564639,76.138898,Delhi
E009050,C044,P003,2026-01-25 15:29:15,7.16,74.24,1.0,28.373641,75.754813,Mumbai
E009051,C013,P001,2026-03-09 16:56:07,7.76,80.98,0.6,21.503744,72.990055,Jaipur
E009052,C001,P001,2026-04-28 12:24:55,5.91,62.09,0.37,26.410243,71.973427,Pune
E009053,C040,P003,2026-02-06 06:55:00,9.04,89.5,0.62,21.511442,74.904855,Delhi
E009054,C032,P004,2026-02-05 01:17:09,14.83,62.47,0.8,26.940675,74.442655,Mumbai
E009055,C043,P001,2026-01-17 03:19:53,10.29,73.13,0.59,25.338426,74.412545,Jaipur
E009056,C014,P001,2026-01-28 03:17:37,9.39,76.47,0.8,21.312887,70.678336,Mumbai
E009057,C005,P004,2026-01-14 16:36:43,5.51,72.12,0.22,22.003379,70.379535,Pune
E009058,C025,P003,2026-06-07 00:40:47,5.29,92.65,0.02,22.137273,78.985997,Mumbai
E009059,C020,P001,2026-03-30 21:55:32,12.27,61.25,0.06,25.998356,74.946787,Ahmedabad
E009060,C029,P003,2026-05-22 02:22:24,11.56,63.88,0.42,21.57664,77.494472,Pune
E009061,C008,P003,2026-06-30 06:05:19,10.07,62.14,0.48,29.254316,73.723437,Pune
E009062,C041,P004,2026-05-16 00:27:29,14.73,63.43,0.42,26.033895,74.231914,Ahmedabad
E009063,C002,P001,2026-04-04 07:32:30,14.8,61.83,0.67,24.397885,76.636153,Mumbai
E009064,C019,P003,2026-03-12 18:16:29,9.8,77.39,0.48,22.241369,72.176636,Delhi
E009065,C003,P004,2026-01-16 05:34:33,14.24,65.78,0.13,22.567698,72.605443,Mumbai
E009066,C045,P002,2026-01-08 22:50:47,8.6,90.28,0.9,24.184412,76.476674,Delhi
E009067,C006,P001,2026-01-09 20:23:49,13.86,70.59,0.83,23.892522,78.445306,Jaipur
E009068,C013,P001,2026-02-04 17:25:26,10.53,63.4,0.63,21.793393,78.153472,Ahmedabad
E009069,C045,P001,2026-05-04 15:16:55,13.26,64.42,0.08,27.908226,75.784857,Delhi
E009070,C025,P004,2026-01-24 15:24:34,9.74,76.04,0.68,26.956905,74.494744,Jaipur
E009071,C019,P002,2026-03-08 17:46:54,10.42,70.24,0.99,27.983706,77.202103,Ahmedabad
E009072,C018,P001,2026-01-20 08:17:17,15.07,87.16,0.94,21.411844,72.811814,Ahmedabad
E009073,C044,P003,2026-01-08 11:26:18,12.49,84.75,0.67,26.421766,79.916583,Delhi
E009074,C046,P002,2026-05-15 17:55:37,14.64,89.51,0.16,21.985672,70.937603,Jaipur
E009075,C034,P004,2026-03-08 20:37:37,8.67,91.27,0.8,26.841668,75.485092,Ahmedabad
E009076,C003,P002,2026-06-19 06:17:18,10.85,73.64,0.32,22.079364,77.846712,Pune
E009077,C041,P002,2026-01-30 17:22:30,12.44,76.57,0.18,22.687305,78.58951,Ahmedabad
E009078,C023,P001,2026-02-21 23:41:55,14.42,85.19,0.08,24.347709,74.885677,Delhi
E009079,C020,P003,2026-05-28 02:28:27,13.8,61.4,0.41,28.368533,70.050665,Jaipur
E009080,C004,P001,2026-06-08 15:40:24,14.32,78.24,0.53,25.733674,76.118518,Mumbai
E009081,C019,P003,2026-01-16 18:33:03,15.45,74.04,0.02,29.708211,70.29654,Ahmedabad
E009082,C007,P004,2026-02-24 18:13:08,10.81,60.15,0.49,28.237613,71.498299,Mumbai
E009083,C050,P001,2026-04-12 03:24:53,9.91,81.36,0.36,23.630953,77.087615,Pune
E009084,C009,P001,2026-01-05 05:56:53,13.7,90.4,0.6,26.506841,79.317483,Pune
E009085,C016,P003,2026-03-04 23:19:10,15.78,77.77,0.29,28.355569,77.65031,Delhi
E009086,C014,P004,2026-03-28 08:47:26,10.68,89.2,0.8,25.369876,72.539715,Pune
E009087,C033,P001,2026-04-10 18:03:55,9.01,74.58,0.73,26.875377,71.17614,Mumbai
E009088,C015,P002,2026-05-31 07:20:51,12.35,87.6,0.48,29.906196,76.814012,Delhi
E009089,C005,P001,2026-01-09 00:07:12,11.93,84.74,0.23,26.960314,71.210904,Ahmedabad
E009090,C022,P003,2026-04-26 12:02:32,6.17,69.6,0.65,22.232138,77.415257,Mumbai
E009091,C022,P002,2026-05-24 20:04:52,7.25,91.87,0.03,29.40837,74.10587,Jaipur
E009092,C020,P001,2026-03-01 13:37:31,7.83,82.93,0.62,22.11836,70.062296,Mumbai
E009093,C003,P003,2026-06-22 23:47:14,15.73,76.29,0.01,23.447335,70.558772,Delhi
E009094,C025,P003,2026-05-02 11:47:32,11.39,83.51,0.01,29.886934,77.226597,Mumbai
E009095,C034,P001,2026-05-21 15:16:45,13.24,65.81,0.3,28.322615,70.351871,Pune
E009096,C011,P002,2026-05-25 10:00:42,15.34,90.06,0.73,24.064572,75.044568,Jaipur
E009097,C003,P001,2026-04-21 06:20:00,11.97,79.34,0.68,28.451658,74.139322,Mumbai
E009098,C020,P003,2026-01-01 01:12:52,14.05,75.92,0.33,24.793147,74.053181,Jaipur
E009099,C029,P003,2026-01-06 12:11:42,14.37,77.66,0.23,23.196303,72.458107,Jaipur
E009100,C009,P001,2026-01-04 10:37:02,7.25,72.15,0.88,23.096804,71.956984,Jaipur
E009101,C006,P003,2026-05-21 03:24:23,15.43,86.19,0.7,28.465425,76.972346,Mumbai
E009102,C015,P001,2026-04-14 02:51:05,7.77,80.62,0.06,22.561049,73.259075,Ahmedabad
E009103,C036,P004,2026-04-28 02:04:01,13.12,92.63,0.08,28.996727,73.155806,Pune
E009104,C002,P001,2026-06-26 16:01:00,4.31,71.0,0.9,27.744974,71.325035,Ahmedabad
E009105,C039,P002,2026-02-19 02:05:31,5.07,80.25,0.27,22.903176,79.2138,Jaipur
E009106,C004,P002,2026-06-13 23:28:26,8.15,91.38,0.41,22.238739,73.382711,Delhi
E009107,C039,P002,2026-01-28 07:12:11,4.06,86.14,0.21,29.263154,77.955676,Pune
E009108,C017,P002,2026-04-06 04:10:56,5.57,77.73,0.65,20.197293,70.136978,Delhi
E009109,C006,P004,2026-06-15 18:08:09,11.77,63.83,0.99,25.60697,75.340942,Jaipur
E009110,C040,P004,2026-02-14 12:11:30,6.45,81.83,0.98,22.239702,70.681982,Pune
E009111,C030,P003,2026-03-20 11:40:35,5.12,91.33,0.21,23.035109,71.710465,Jaipur
E009112,C038,P004,2026-04-24 05:51:59,5.1,94.9,0.8,21.546273,78.549443,Mumbai
E009113,C010,P003,2026-02-19 02:59:42,14.65,71.17,0.91,23.739389,72.606899,Ahmedabad
E009114,C023,P002,2026-05-04 18:47:18,5.96,70.46,0.07,20.813503,73.663687,Mumbai
E009115,C035,P002,2026-03-30 16:15:09,10.38,86.73,0.59,21.508953,70.195011,Ahmedabad
E009116,C041,P004,2026-06-05 11:30:07,15.35,90.4,0.78,25.116215,77.343383,Ahmedabad
E009117,C013,P004,2026-01-24 15:51:14,7.96,65.94,0.85,21.478116,76.746226,Delhi
E009118,C037,P004,2026-01-24 03:11:06,10.99,80.44,0.66,26.600565,75.744411,Jaipur
E009119,C013,P001,2026-05-12 15:23:05,13.47,88.07,0.72,27.047327,72.801562,Pune
E009120,C008,P004,2026-04-07 02:53:26,5.2,80.89,0.64,20.679599,72.039199,Pune
E009121,C030,P003,2026-04-27 13:11:07,4.87,83.39,0.48,21.675321,76.008799,Jaipur
E009122,C028,P004,2026-05-09 18:25:12,11.97,90.57,0.6,25.912802,74.707264,Mumbai
E009123,C027,P002,2026-05-12 08:06:16,14.33,63.26,0.08,23.547616,79.773883,Jaipur
E009124,C035,P004,2026-01-10 16:30:39,5.84,75.52,0.13,21.676502,77.289271,Delhi
E009125,C042,P003,2026-01-07 20:41:08,15.69,90.91,0.29,21.277704,77.20382,Jaipur
E009126,C010,P003,2026-03-30 15:43:17,4.18,83.51,0.32,28.170534,72.985207,Ahmedabad
E009127,C032,P001,2026-01-09 15:02:02,11.92,93.65,0.08,22.724778,73.265775,Ahmedabad
E009128,C013,P003,2026-02-24 04:27:48,7.36,68.09,0.6,23.034218,79.125713,Pune
E009129,C035,P003,2026-04-21 15:52:09,7.26,68.66,0.81,21.558752,71.417624,Pune
E009130,C036,P002,2026-01-17 04:34:11,6.93,78.65,0.42,26.91797,78.059326,Jaipur
E009131,C007,P002,2026-04-14 15:03:47,12.98,92.01,0.93,24.669537,77.64648,Mumbai
E009132,C030,P004,2026-02-18 03:07:33,6.71,75.72,0.18,29.223833,75.95024,Mumbai
E009133,C031,P002,2026-02-02 10:18:14,11.19,93.14,0.88,29.971621,75.305165,Ahmedabad
E009134,C032,P003,2026-03-02 11:21:47,10.21,81.96,0.52,21.775121,73.901633,Jaipur
E009135,C010,P002,2026-02-13 10:05:35,5.87,86.8,0.87,27.319055,77.280533,Ahmedabad
E009136,C025,P001,2026-03-27 12:53:17,14.3,68.5,0.06,26.061822,70.018999,Jaipur
E009137,C041,P004,2026-06-29 16:25:51,4.85,65.22,0.95,26.914713,73.31985,Pune
E009138,C042,P003,2026-04-06 01:00:52,5.39,76.26,0.6,21.205114,79.966804,Pune
E009139,C012,P004,2026-02-23 01:52:48,10.89,78.07,0.01,26.758255,71.575479,Pune
E009140,C033,P001,2026-06-24 20:14:10,6.34,70.85,0.34,29.968502,70.129789,Jaipur
E009141,C010,P002,2026-05-23 21:05:14,5.69,89.9,0.9,26.848823,70.511769,Mumbai
E009142,C040,P001,2026-03-01 14:28:47,8.42,60.35,0.56,25.792126,71.085631,Delhi
E009143,C032,P002,2026-01-09 22:28:28,8.36,65.36,0.26,26.177628,75.719515,Delhi
E009144,C024,P004,2026-03-22 07:45:53,12.61,80.83,0.06,25.850877,73.762285,Delhi
E009145,C030,P001,2026-04-03 04:35:14,5.95,81.89,0.37,27.708472,75.069827,Mumbai
E009146,C048,P004,2026-02-19 11:44:40,6.01,84.08,1.0,25.432156,79.756144,Ahmedabad
E009147,C020,P003,2026-01-30 12:32:40,4.65,72.37,0.43,21.454218,73.479068,Delhi
E009148,C006,P002,2026-04-15 00:59:10,5.19,80.1,0.77,29.824142,70.712635,Mumbai
E009149,C025,P003,2026-06-01 11:06:45,6.23,90.75,0.12,23.04364,78.102499,Mumbai
E009150,C003,P002,2026-04-04 09:00:00,6.81,60.46,0.06,23.665944,73.329269,Delhi
E009151,C019,P003,2026-02-13 17:50:43,14.87,80.47,0.79,27.425648,77.696806,Jaipur
E009152,C046,P002,2026-03-28 16:48:28,10.33,62.81,0.28,28.690822,71.785462,Jaipur
E009153,C009,P001,2026-03-23 19:39:01,15.75,93.79,0.09,22.708005,71.055813,Ahmedabad
E009154,C033,P002,2026-06-12 22:08:38,10.25,74.07,0.02,28.625623,76.099827,Ahmedabad
E009155,C041,P001,2026-02-12 12:28:43,11.4,82.19,0.74,28.460163,79.390506,Ahmedabad
E009156,C015,P004,2026-03-10 17:20:56,6.7,80.36,0.63,22.54282,76.888057,Delhi
E009157,C008,P004,2026-06-18 03:16:27,15.24,70.81,0.27,27.449962,75.414371,Pune
E009158,C008,P001,2026-04-21 20:51:59,8.03,75.36,0.88,20.212726,71.668607,Delhi
E009159,C018,P001,2026-02-16 11:42:53,13.41,67.53,0.24,25.824418,79.266812,Jaipur
E009160,C045,P004,2026-02-28 10:05:16,6.19,89.13,0.95,23.405574,72.163487,Jaipur
E009161,C050,P001,2026-05-17 12:21:09,14.63,71.85,0.1,21.292659,79.467452,Jaipur
E009162,C002,P001,2026-06-22 10:44:05,10.23,63.24,0.18,20.417677,72.990156,Jaipur
E009163,C002,P001,2026-05-30 09:05:27,7.45,61.46,0.57,22.762971,72.912156,Ahmedabad
E009164,C006,P004,2026-01-28 23:10:29,6.78,67.85,0.52,25.665438,74.340376,Mumbai
E009165,C049,P002,2026-04-20 18:38:42,10.36,91.3,0.43,27.877317,72.69686,Jaipur
E009166,C050,P001,2026-01-03 11:27:09,15.78,77.88,0.04,25.812676,79.649857,Pune
E009167,C047,P004,2026-05-18 11:48:38,8.26,87.85,0.26,20.739906,70.770134,Jaipur
E009168,C010,P002,2026-04-05 07:34:27,12.13,83.55,0.34,20.846476,73.465145,Jaipur
E009169,C011,P004,2026-03-25 09:32:20,9.9,89.85,0.54,28.33027,73.370942,Ahmedabad
E009170,C026,P001,2026-06-06 01:42:15,14.27,65.24,0.78,22.261479,79.401376,Delhi
E009171,C004,P002,2026-01-25 12:29:29,13.3,92.51,0.57,21.93185,71.246371,Ahmedabad
E009172,C045,P002,2026-01-29 22:24:22,10.15,64.22,0.99,27.254904,77.224322,Ahmedabad
E009173,C017,P002,2026-04-27 20:55:48,10.32,77.26,0.61,25.94814,79.570251,Mumbai
E009174,C017,P003,2026-03-18 23:48:41,6.21,87.76,0.99,26.342991,77.985902,Mumbai
E009175,C005,P001,2026-04-22 06:35:29,4.28,94.79,0.21,27.47746,74.754759,Jaipur
E009176,C036,P003,2026-02-23 02:01:40,6.18,91.9,0.18,29.273944,78.384312,Pune
E009177,C007,P001,2026-06-14 01:51:21,5.45,75.9,0.18,24.675302,74.454707,Jaipur
E009178,C041,P004,2026-02-18 18:35:38,7.27,87.89,0.21,24.956007,74.881894,Ahmedabad
E009179,C029,P001,2026-04-29 10:10:23,9.84,93.24,0.18,29.438398,76.902035,Ahmedabad
E009180,C017,P003,2026-01-13 08:35:13,14.14,87.44,0.89,22.826351,74.345882,Delhi
E009181,C044,P002,2026-05-01 23:14:42,7.27,89.69,0.75,22.092525,77.496465,Delhi
E009182,C015,P002,2026-04-13 10:40:46,5.8,60.15,0.03,21.340802,78.800179,Ahmedabad
E009183,C032,P004,2026-05-27 06:07:26,4.39,85.2,0.78,20.790562,74.921571,Ahmedabad
E009184,C033,P002,2026-05-02 05:35:11,9.61,78.4,0.35,24.168529,72.269683,Jaipur
E009185,C030,P001,2026-06-23 16:43:39,4.68,64.61,0.48,26.790264,78.10314,Delhi
E009186,C017,P004,2026-04-24 23:39:47,6.01,63.79,0.91,29.487604,70.381218,Pune
E009187,C034,P002,2026-04-21 12:33:26,15.67,78.87,0.73,27.132808,71.737628,Pune
E009188,C041,P002,2026-06-28 14:14:16,10.22,67.04,0.18,20.683486,79.65404,Ahmedabad
E009189,C045,P003,2026-05-09 20:42:27,4.62,62.4,0.25,23.063546,78.608449,Ahmedabad
E009190,C034,P003,2026-01-28 17:56:38,11.34,77.36,0.02,20.480595,70.653025,Mumbai
E009191,C043,P002,2026-02-17 02:58:49,15.04,60.99,0.58,24.036079,79.803328,Delhi
E009192,C038,P001,2026-01-26 12:51:01,13.94,78.87,0.33,23.213533,72.089623,Mumbai
E009193,C001,P001,2026-04-25 03:40:48,4.71,94.84,0.91,21.276424,74.237161,Delhi
E009194,C036,P003,2026-01-05 05:16:44,12.08,93.11,0.43,22.241096,79.773346,Mumbai
E009195,C008,P001,2026-01-10 23:07:38,14.66,60.83,0.25,22.102952,74.786406,Ahmedabad
E009196,C048,P004,2026-02-18 16:50:32,9.69,86.41,0.5,25.429645,72.697106,Mumbai
E009197,C025,P001,2026-04-02 14:00:04,15.99,85.56,0.25,26.721353,78.339969,Ahmedabad
E009198,C034,P001,2026-05-01 12:44:25,13.71,82.21,0.72,26.056325,75.187911,Delhi
E009199,C050,P004,2026-05-27 03:44:01,13.2,77.8,0.29,23.29754,76.1231,Pune
E009200,C013,P004,2026-01-31 13:16:34,6.48,75.11,0.96,22.554392,77.432627,Mumbai
E009201,C031,P001,2026-05-20 03:30:35,4.65,91.33,0.2,22.395304,78.790467,Delhi
E009202,C031,P002,2026-04-01 10:52:27,10.66,88.7,0.3,28.355943,76.400887,Ahmedabad
E009203,C043,P004,2026-06-22 00:52:43,10.58,76.66,0.84,25.733161,74.262911,Jaipur
E009204,C032,P002,2026-05-22 16:42:07,7.63,62.69,0.85,28.174402,71.854967,Mumbai
E009205,C018,P001,2026-05-14 18:25:53,6.7,63.51,0.77,26.795697,78.744712,Jaipur
E009206,C026,P003,2026-04-18 17:02:02,6.45,94.04,0.43,22.505919,79.80212,Ahmedabad
E009207,C028,P001,2026-02-13 05:50:51,6.77,78.55,0.33,29.066878,72.052194,Jaipur
E009208,C013,P002,2026-02-27 09:19:06,14.43,94.73,0.95,26.346116,71.247991,Jaipur
E009209,C009,P001,2026-06-09 10:39:59,12.25,79.84,0.86,26.157728,73.807616,Mumbai
E009210,C022,P002,2026-02-11 19:23:25,11.02,91.23,0.21,23.672951,76.378206,Mumbai
E009211,C029,P001,2026-06-26 22:21:48,5.79,87.3,0.09,21.821019,77.441441,Pune
E009212,C002,P003,2026-03-21 19:59:35,13.2,82.44,0.74,23.742714,79.740206,Ahmedabad
E009213,C036,P004,2026-03-09 02:58:10,4.89,78.92,0.84,25.437533,70.511271,Ahmedabad
E009214,C048,P003,2026-06-14 16:51:17,14.93,88.35,0.55,29.577685,78.618663,Pune
E009215,C022,P004,2026-06-16 19:49:15,8.19,92.42,0.7,28.548657,77.061276,Mumbai
E009216,C001,P004,2026-04-03 19:46:52,13.15,91.94,0.53,28.564539,79.306715,Jaipur
E009217,C042,P001,2026-04-16 21:34:59,6.19,92.42,0.45,24.135387,74.36674,Pune
E009218,C023,P003,2026-06-28 22:32:19,13.28,62.52,0.52,28.911956,70.634311,Jaipur
E009219,C020,P004,2026-03-18 16:26:42,12.22,92.34,0.19,23.706332,73.734049,Jaipur
E009220,C034,P001,2026-03-28 19:49:30,5.72,86.53,0.0,28.632231,72.998508,Jaipur
E009221,C022,P004,2026-06-15 02:13:50,5.28,61.07,0.3,26.180883,77.045911,Jaipur
E009222,C043,P003,2026-01-18 09:12:57,13.16,70.33,0.62,20.592022,70.350369,Ahmedabad
E009223,C005,P004,2026-06-09 13:16:40,15.18,82.31,0.79,28.945753,74.371626,Pune
E009224,C040,P003,2026-06-27 23:44:02,5.28,84.8,0.39,27.921825,78.887327,Pune
E009225,C042,P002,2026-03-08 13:47:28,10.99,68.74,0.86,25.755144,78.260581,Jaipur
E009226,C048,P001,2026-06-09 19:19:54,10.3,64.58,0.37,20.801249,73.223212,Jaipur
E009227,C005,P002,2026-02-06 18:22:54,12.57,66.38,0.63,25.626088,71.057714,Jaipur
E009228,C007,P003,2026-01-13 14:25:59,7.18,90.38,0.17,20.073042,71.943797,Delhi
E009229,C010,P002,2026-05-23 12:35:00,6.41,93.73,0.81,29.696466,76.432716,Pune
E009230,C037,P001,2026-03-10 19:04:03,9.22,94.36,0.17,29.464799,73.676996,Delhi
E009231,C020,P001,2026-06-22 09:51:07,13.88,88.99,0.61,22.647597,75.360923,Pune
E009232,C021,P004,2026-03-22 03:17:52,8.14,94.35,0.22,21.909941,76.852077,Jaipur
E009233,C021,P001,2026-01-29 15:18:46,12.33,78.53,0.22,20.738363,77.225438,Mumbai
E009234,C012,P001,2026-01-20 13:33:53,9.63,86.34,0.83,26.756969,73.480695,Delhi
E009235,C035,P004,2026-01-27 03:15:59,4.37,79.56,0.78,25.131704,79.16848,Ahmedabad
E009236,C005,P002,2026-03-23 20:19:21,8.27,77.92,1.0,29.324292,70.669213,Ahmedabad
E009237,C011,P001,2026-06-17 03:09:21,6.72,64.41,0.99,27.197205,77.23283,Mumbai
E009238,C029,P002,2026-04-08 19:20:00,7.25,65.35,0.25,23.59945,79.726109,Mumbai
E009239,C046,P002,2026-06-28 07:02:19,4.66,85.79,0.52,26.536059,77.158914,Ahmedabad
E009240,C021,P001,2026-03-13 09:59:39,4.86,78.5,0.14,20.146916,72.689902,Pune
E009241,C043,P001,2026-04-16 11:15:03,5.38,84.6,0.71,29.718128,76.804022,Delhi
E009242,C024,P001,2026-05-26 04:10:24,13.56,64.96,0.34,29.918277,74.570888,Delhi
E009243,C040,P004,2026-05-13 21:18:16,5.1,83.52,0.97,20.378511,73.691679,Pune
E009244,C032,P001,2026-01-21 00:44:29,15.9,60.2,0.34,23.978935,79.316265,Jaipur
E009245,C004,P004,2026-05-05 00:33:42,9.33,93.17,0.81,29.167428,72.717286,Mumbai
E009246,C001,P002,2026-03-03 10:03:27,12.68,80.61,0.72,28.7735,71.226288,Delhi
E009247,C029,P001,2026-06-27 09:16:26,12.47,92.86,0.34,20.802618,70.748163,Ahmedabad
E009248,C010,P002,2026-06-08 23:12:32,11.27,84.06,0.79,28.041117,70.793739,Jaipur
E009249,C046,P004,2026-04-16 16:22:59,11.99,77.7,0.89,24.394092,70.856612,Delhi
E009250,C007,P001,2026-01-24 13:19:28,7.18,69.14,0.02,23.21693,73.249426,Ahmedabad
E009251,C036,P001,2026-04-06 11:34:36,7.98,94.5,0.5,29.393868,76.279771,Delhi
E009252,C015,P002,2026-04-04 01:01:34,15.92,70.09,0.95,24.63371,71.044356,Ahmedabad
E009253,C026,P002,2026-01-21 16:32:28,15.36,94.6,0.57,28.31107,78.571436,Delhi
E009254,C007,P003,2026-06-21 14:36:21,15.61,68.11,0.52,26.057384,70.088741,Delhi
E009255,C003,P002,2026-03-15 13:39:38,8.73,74.98,0.49,27.462119,76.924962,Pune
E009256,C036,P003,2026-05-02 04:57:06,10.97,79.69,0.36,20.042883,79.075708,Pune
E009257,C027,P002,2026-01-03 00:22:38,9.65,91.82,0.15,22.476283,74.245708,Ahmedabad
E009258,C032,P003,2026-05-06 09:41:38,15.73,79.88,0.02,21.842234,70.791175,Pune
E009259,C024,P003,2026-06-09 10:45:15,5.29,79.59,0.27,23.543825,76.013736,Pune
E009260,C021,P001,2026-04-21 09:05:20,9.59,64.59,0.21,26.099436,77.331316,Pune
E009261,C024,P002,2026-04-25 03:36:07,8.59,80.42,0.19,22.872075,75.109352,Mumbai
E009262,C050,P002,2026-03-13 06:23:49,13.8,79.46,0.85,20.058705,79.144835,Mumbai
E009263,C028,P001,2026-04-19 21:48:36,12.76,77.63,0.7,27.282696,79.688011,Delhi
E009264,C009,P003,2026-02-08 08:28:42,14.73,67.35,0.87,24.178615,75.985427,Mumbai
E009265,C006,P001,2026-04-20 01:52:42,11.62,64.2,0.18,22.956752,71.846436,Mumbai
E009266,C013,P003,2026-06-25 03:06:47,4.65,91.83,0.07,28.995073,72.662428,Pune
E009267,C035,P002,2026-04-06 22:58:31,5.45,69.71,0.1,24.029013,78.754374,Jaipur
E009268,C002,P004,2026-03-08 07:35:03,10.27,63.39,0.33,26.384453,77.688029,Ahmedabad
E009269,C027,P004,2026-06-30 18:11:00,8.11,71.76,0.72,26.039336,77.712482,Delhi
E009270,C042,P004,2026-04-19 16:30:24,10.22,80.61,0.51,22.516639,73.791474,Ahmedabad
E009271,C011,P001,2026-06-19 13:00:59,11.19,69.56,0.74,27.701613,78.379075,Ahmedabad
E009272,C019,P004,2026-03-29 15:22:48,15.13,74.59,0.93,28.971967,70.499983,Mumbai
E009273,C006,P002,2026-01-02 13:34:37,14.94,62.77,0.19,26.933855,79.1682,Mumbai
E009274,C006,P001,2026-05-26 10:42:43,10.27,61.12,0.92,22.339657,70.42868,Delhi
E009275,C007,P004,2026-02-02 22:05:33,10.77,80.4,0.4,27.003171,78.140395,Pune
E009276,C035,P003,2026-02-01 09:55:10,9.83,82.98,0.44,20.777784,77.783306,Delhi
E009277,C016,P003,2026-06-03 18:09:56,7.08,94.43,0.01,29.650914,74.433443,Jaipur
E009278,C029,P001,2026-01-18 17:05:18,6.73,93.28,0.41,25.140001,72.276653,Jaipur
E009279,C034,P004,2026-03-31 12:59:50,4.71,67.47,0.85,26.382829,77.285013,Ahmedabad
E009280,C002,P004,2026-06-25 08:17:56,9.29,87.12,0.04,27.054027,70.211103,Jaipur
E009281,C002,P002,2026-01-30 13:34:35,14.48,78.01,0.43,28.353459,78.381704,Mumbai
E009282,C038,P002,2026-03-07 13:04:32,9.04,72.0,0.33,21.04846,72.651091,Pune
E009283,C045,P004,2026-04-11 19:57:26,12.7,68.25,0.88,25.271258,71.512168,Pune
E009284,C005,P001,2026-05-27 10:45:37,12.39,71.68,0.67,24.260227,75.485028,Delhi
E009285,C012,P003,2026-03-26 00:47:29,5.02,81.68,0.77,24.762788,79.936598,Jaipur
E009286,C048,P004,2026-04-01 16:36:54,8.98,67.3,0.57,22.134666,71.374899,Ahmedabad
E009287,C035,P001,2026-01-19 22:09:22,12.98,70.11,0.79,22.026975,75.629899,Ahmedabad
E009288,C014,P003,2026-01-05 07:50:37,7.37,69.72,0.64,26.878888,72.955485,Ahmedabad
E009289,C041,P004,2026-02-06 05:36:55,9.49,90.49,0.04,24.012493,74.102985,Jaipur
E009290,C036,P004,2026-04-13 23:56:01,15.51,89.91,0.73,24.773786,78.97211,Ahmedabad
E009291,C034,P003,2026-01-09 19:27:38,8.89,94.98,0.46,22.251338,70.160086,Delhi
E009292,C025,P001,2026-03-25 00:28:34,15.82,71.41,0.22,26.35554,77.049612,Ahmedabad
E009293,C019,P002,2026-03-26 23:52:58,13.26,72.56,0.56,21.26948,72.431008,Mumbai
E009294,C050,P004,2026-06-09 18:41:18,5.36,88.42,0.37,25.990575,78.856308,Mumbai
E009295,C004,P002,2026-01-02 21:05:49,12.58,87.3,0.28,20.724429,71.893892,Jaipur
E009296,C024,P001,2026-03-28 18:40:46,5.53,69.55,0.66,26.295836,76.838693,Ahmedabad
E009297,C027,P004,2026-02-01 19:36:04,10.09,94.05,0.4,20.1454,78.252063,Pune
E009298,C022,P001,2026-06-17 05:16:08,6.64,61.63,0.03,28.080219,72.147605,Pune
E009299,C036,P001,2026-05-01 20:54:51,10.49,70.8,0.7,23.650123,72.835476,Jaipur
E009300,C005,P002,2026-05-06 18:51:15,12.4,74.35,0.2,22.56631,72.068323,Jaipur
E009301,C035,P002,2026-02-26 18:26:52,9.14,84.47,0.45,21.169869,70.431399,Ahmedabad
E009302,C004,P003,2026-02-13 02:13:15,11.6,78.45,0.38,28.951518,76.854633,Pune
E009303,C013,P001,2026-02-02 09:46:06,13.5,86.81,0.47,22.120844,74.133442,Mumbai
E009304,C034,P004,2026-05-23 11:47:54,11.0,62.2,0.72,25.521204,74.045569,Pune
E009305,C013,P004,2026-05-16 13:53:36,15.95,72.62,0.85,25.236915,75.434699,Jaipur
E009306,C011,P004,2026-05-03 21:03:04,12.75,82.69,0.45,23.501948,73.92733,Ahmedabad
E009307,C021,P004,2026-03-04 02:27:37,9.17,81.37,0.92,27.239256,72.405141,Jaipur
E009308,C014,P002,2026-01-18 18:26:42,11.6,69.53,0.96,22.863398,74.977625,Mumbai
E009309,C023,P003,2026-04-07 23:52:17,7.79,92.61,0.94,27.858731,71.967393,Pune
E009310,C011,P003,2026-01-04 21:18:46,15.54,64.63,0.03,21.307817,75.296556,Delhi
E009311,C027,P003,2026-03-16 16:18:13,5.29,77.12,0.79,28.115218,78.732293,Jaipur
E009312,C011,P001,2026-03-18 07:54:39,9.14,66.25,0.36,23.798874,78.696137,Pune
E009313,C050,P004,2026-01-17 08:49:58,12.42,94.55,0.81,20.619894,74.096778,Mumbai
E009314,C007,P004,2026-04-10 02:35:52,8.73,89.93,0.61,27.583524,78.165627,Ahmedabad
E009315,C030,P003,2026-01-21 07:49:56,15.57,85.77,0.28,23.942336,74.17296,Pune
E009316,C035,P004,2026-05-16 12:52:58,15.02,92.92,0.47,29.003403,79.610309,Mumbai
E009317,C024,P004,2026-05-24 04:02:03,14.86,88.67,0.44,22.269949,76.794473,Delhi
E009318,C039,P001,2026-05-21 02:34:09,10.29,74.08,0.17,23.895591,70.089583,Jaipur
E009319,C027,P002,2026-04-28 00:47:30,4.3,70.09,0.01,24.345249,78.788034,Delhi
E009320,C024,P001,2026-03-01 09:19:19,9.45,78.45,0.22,20.580796,77.409967,Mumbai
E009321,C018,P004,2026-03-03 19:47:27,7.49,83.72,0.47,23.683692,74.371587,Pune
E009322,C019,P002,2026-04-05 01:18:43,9.69,87.13,0.53,25.504612,73.710128,Jaipur
E009323,C031,P004,2026-05-03 03:24:54,15.08,67.72,0.31,20.212656,75.38608,Pune
E009324,C022,P004,2026-06-07 02:26:50,12.5,62.58,0.92,21.307401,73.304604,Ahmedabad
E009325,C039,P002,2026-02-11 16:07:29,15.53,94.09,0.03,26.850883,71.267893,Pune
E009326,C006,P003,2026-05-27 16:58:06,14.12,82.27,0.57,21.574067,70.471289,Ahmedabad
E009327,C021,P003,2026-02-04 11:34:28,5.57,75.68,0.02,29.79306,75.727388,Ahmedabad
E009328,C038,P002,2026-02-12 15:16:31,15.74,82.3,0.08,29.984576,77.018248,Jaipur
E009329,C037,P002,2026-03-04 10:48:37,8.89,65.18,0.64,24.317397,76.309921,Ahmedabad
E009330,C024,P003,2026-03-20 19:27:39,14.76,90.37,0.57,28.455303,73.191022,Jaipur
E009331,C028,P002,2026-02-22 11:43:19,13.59,69.17,0.08,28.387316,75.324743,Pune
E009332,C008,P004,2026-03-29 19:40:31,13.35,94.52,0.22,20.507403,71.579795,Ahmedabad
E009333,C001,P003,2026-06-06 00:29:34,14.96,81.25,0.92,28.798119,79.23456,Jaipur
E009334,C029,P003,2026-05-27 10:18:21,14.32,91.28,0.19,21.360434,73.919985,Pune
E009335,C025,P003,2026-02-16 02:24:30,11.05,61.15,0.64,21.377736,79.31052,Pune
E009336,C016,P003,2026-05-10 18:22:14,13.28,62.78,0.89,26.241734,77.828046,Jaipur
E009337,C022,P002,2026-03-05 07:34:44,8.69,90.0,0.72,25.929601,76.268378,Delhi
E009338,C007,P004,2026-06-23 04:02:15,10.88,90.83,0.46,27.07522,77.834849,Delhi
E009339,C031,P004,2026-03-10 02:40:52,10.27,73.98,0.96,20.008651,78.436219,Delhi
E009340,C024,P002,2026-05-01 08:40:20,7.62,60.67,0.18,26.870483,70.081061,Pune
E009341,C027,P004,2026-04-27 00:13:01,5.49,67.88,0.15,24.720214,78.105131,Mumbai
E009342,C044,P002,2026-06-14 10:22:37,14.83,68.56,0.95,24.135174,73.205695,Mumbai
E009343,C029,P003,2026-06-02 17:03:07,10.64,73.48,0.36,20.250652,73.322966,Jaipur
E009344,C013,P002,2026-06-29 03:52:41,8.15,90.79,0.48,28.94357,78.289405,Mumbai
E009345,C003,P002,2026-01-20 23:06:34,13.79,75.14,0.07,22.303935,77.849987,Pune
E009346,C018,P004,2026-01-29 01:10:16,9.75,84.63,0.0,26.164696,77.284687,Jaipur
E009347,C029,P001,2026-02-25 13:29:47,15.22,86.04,0.81,28.670764,78.650768,Ahmedabad
E009348,C012,P002,2026-03-02 15:29:28,7.62,76.91,0.26,20.656693,71.952745,Mumbai
E009349,C014,P004,2026-03-23 11:04:15,6.19,85.08,0.65,26.913259,70.363411,Delhi
E009350,C005,P004,2026-01-17 08:32:56,13.27,85.91,0.72,22.662213,78.632725,Ahmedabad
E009351,C030,P002,2026-02-27 15:01:42,11.56,93.51,0.53,29.420617,76.96062,Jaipur
E009352,C020,P001,2026-04-26 21:40:19,5.98,65.85,0.54,24.903556,73.116254,Ahmedabad
E009353,C030,P002,2026-01-11 18:28:07,9.69,78.1,0.51,23.341678,71.015314,Jaipur
E009354,C012,P004,2026-04-27 21:10:23,4.84,72.56,0.3,26.494783,75.072954,Delhi
E009355,C034,P003,2026-06-24 21:47:40,10.08,60.73,0.05,27.381054,76.565101,Mumbai
E009356,C026,P002,2026-01-23 01:49:13,10.65,89.66,0.26,27.654101,75.020682,Delhi
E009357,C010,P004,2026-05-13 07:08:36,14.62,73.82,0.85,21.939965,73.511944,Jaipur
E009358,C017,P004,2026-05-21 19:49:00,6.32,80.31,0.1,26.294567,77.022523,Delhi
E009359,C037,P001,2026-06-21 20:44:31,15.37,64.76,0.84,29.465368,79.813241,Mumbai
E009360,C029,P002,2026-05-01 05:01:54,5.78,80.31,0.4,29.357872,70.619326,Ahmedabad
E009361,C002,P002,2026-03-19 20:20:48,10.73,92.59,0.85,20.019373,73.524617,Pune
E009362,C012,P003,2026-01-09 20:57:37,14.17,69.67,0.32,21.171168,72.988609,Pune
E009363,C047,P002,2026-03-14 22:54:30,4.79,74.7,0.32,24.149526,76.482592,Delhi
E009364,C044,P004,2026-05-20 02:00:35,7.76,65.22,0.27,21.097813,72.685263,Ahmedabad
E009365,C017,P003,2026-02-05 08:50:17,7.8,76.82,0.06,28.910504,74.31576,Ahmedabad
E009366,C026,P001,2026-01-12 05:20:05,8.06,66.52,0.46,22.530527,78.045465,Pune
E009367,C014,P004,2026-05-04 09:08:37,11.56,64.65,0.22,26.877333,77.212728,Mumbai
E009368,C048,P003,2026-05-29 07:03:11,9.27,71.93,0.49,20.166252,75.160403,Delhi
E009369,C014,P004,2026-05-06 09:34:28,9.8,76.04,0.8,26.298212,79.931548,Jaipur
E009370,C039,P003,2026-03-21 07:25:57,5.31,61.68,0.37,28.667958,77.825357,Mumbai
E009371,C014,P001,2026-02-20 08:52:49,8.86,82.54,0.87,24.560371,75.910888,Pune
E009372,C002,P002,2026-03-27 20:29:46,7.11,73.51,0.35,22.306097,70.253141,Ahmedabad
E009373,C005,P004,2026-03-30 05:59:54,8.24,89.5,0.64,24.529517,70.418741,Mumbai
E009374,C008,P003,2026-02-22 10:56:52,4.12,74.78,0.77,24.228057,70.269011,Pune
E009375,C007,P002,2026-01-15 17:35:42,11.11,89.45,0.07,23.619103,72.744114,Mumbai
E009376,C035,P003,2026-05-26 20:12:48,10.86,76.53,0.14,26.92052,70.665138,Pune
E009377,C047,P003,2026-05-18 14:35:30,5.45,89.64,0.53,21.9294,70.28049,Delhi
E009378,C004,P003,2026-02-27 04:16:29,8.35,77.48,0.32,27.905629,72.821191,Mumbai
E009379,C049,P002,2026-05-20 23:37:19,8.27,60.64,0.5,27.096795,79.258276,Mumbai
E009380,C049,P003,2026-04-02 17:49:15,8.54,88.72,0.03,22.148322,70.032253,Delhi
E009381,C026,P004,2026-06-20 13:36:53,4.28,66.42,0.3,27.45513,76.727229,Pune
E009382,C008,P002,2026-06-27 14:58:31,14.41,79.94,0.55,26.282769,72.344481,Jaipur
E009383,C030,P004,2026-05-27 02:08:49,9.48,66.92,0.48,21.695275,78.263881,Mumbai
E009384,C034,P003,2026-03-02 07:53:23,12.01,93.76,0.21,22.796108,72.512799,Jaipur
E009385,C008,P003,2026-05-30 10:23:27,12.4,77.21,0.87,22.916244,70.23963,Jaipur
E009386,C034,P001,2026-01-01 12:27:07,10.49,81.9,0.01,20.163041,72.151546,Pune
E009387,C030,P001,2026-02-20 22:35:02,12.27,89.44,0.24,27.408227,72.870784,Jaipur
E009388,C016,P002,2026-04-26 20:28:32,15.81,84.11,0.03,26.47057,72.721088,Jaipur
E009389,C049,P003,2026-02-22 23:01:47,4.73,75.73,0.52,27.411172,76.955047,Mumbai
E009390,C009,P001,2026-03-25 12:43:14,8.94,70.9,0.92,25.705703,77.169545,Jaipur
E009391,C039,P002,2026-04-21 19:13:27,10.88,92.91,0.57,24.806845,75.142131,Ahmedabad
E009392,C025,P004,2026-06-19 06:05:06,13.96,62.77,0.37,21.130954,75.298328,Delhi
E009393,C007,P001,2026-03-29 18:09:50,5.57,83.36,0.58,28.06716,76.379494,Mumbai
E009394,C001,P003,2026-01-28 02:31:10,8.94,82.43,0.28,26.336525,78.030111,Mumbai
E009395,C050,P004,2026-06-25 21:08:14,6.1,81.52,0.96,26.236164,78.756089,Pune
E009396,C009,P004,2026-03-01 23:16:46,6.03,73.61,0.16,25.764096,76.064162,Pune
E009397,C042,P002,2026-01-19 20:41:43,13.15,64.26,0.7,24.097267,75.73837,Jaipur
E009398,C018,P002,2026-02-24 05:07:33,5.6,93.83,0.97,25.211748,75.331866,Mumbai
E009399,C038,P001,2026-06-07 02:29:11,15.58,73.17,0.28,22.412353,77.134575,Delhi
E009400,C046,P002,2026-05-09 09:07:16,14.3,89.86,0.58,20.585162,70.884426,Jaipur
E009401,C004,P001,2026-03-30 14:10:40,14.01,70.71,0.81,24.68882,75.232599,Jaipur
E009402,C012,P003,2026-01-26 10:26:58,9.12,77.73,0.45,24.550533,77.834095,Jaipur
E009403,C031,P002,2026-01-08 09:35:13,6.56,66.69,0.98,23.229746,73.500339,Pune
E009404,C019,P003,2026-02-19 21:31:47,12.81,73.65,0.56,25.036808,70.206826,Jaipur
E009405,C015,P004,2026-04-30 20:22:13,7.46,60.5,0.99,22.597439,72.205795,Mumbai
E009406,C017,P002,2026-04-20 19:34:52,12.34,93.79,0.84,26.222432,71.633386,Jaipur
E009407,C031,P002,2026-05-17 20:07:47,10.95,91.42,0.84,28.846489,77.77725,Pune
E009408,C034,P002,2026-06-05 06:12:59,14.65,62.51,0.87,23.765387,76.504026,Ahmedabad
E009409,C029,P002,2026-06-20 16:09:30,13.23,75.1,0.81,25.576309,71.334977,Delhi
E009410,C017,P001,2026-03-13 05:07:36,15.92,91.43,0.73,20.156325,75.31372,Delhi
E009411,C037,P001,2026-01-02 04:13:53,9.12,86.17,0.69,27.99947,79.139086,Delhi
E009412,C048,P004,2026-05-08 21:26:11,4.57,89.28,0.44,27.527085,75.13498,Ahmedabad
E009413,C047,P003,2026-05-10 06:06:26,8.38,76.6,0.59,23.019634,72.247205,Ahmedabad
E009414,C028,P003,2026-04-12 03:58:01,13.44,72.96,0.97,27.88384,71.742659,Ahmedabad
E009415,C034,P004,2026-06-02 21:29:31,11.22,92.38,0.32,20.834154,76.451194,Pune
E009416,C008,P001,2026-01-14 08:24:52,15.5,85.08,0.75,20.509612,72.926634,Pune
E009417,C030,P001,2026-04-07 18:11:24,13.12,91.9,0.97,21.757548,77.344599,Pune
E009418,C019,P004,2026-05-25 11:25:52,12.16,66.07,0.01,22.512873,73.427581,Jaipur
E009419,C016,P003,2026-05-28 15:16:30,7.4,81.08,0.56,28.439313,70.979635,Ahmedabad
E009420,C020,P003,2026-04-09 10:09:40,12.19,82.17,0.96,22.850647,70.925342,Mumbai
E009421,C030,P003,2026-02-21 04:02:31,11.22,90.71,0.98,22.729445,75.508158,Delhi
E009422,C050,P001,2026-06-07 08:07:56,14.81,72.75,0.35,25.441582,76.921682,Ahmedabad
E009423,C047,P003,2026-01-21 05:41:52,12.68,70.5,0.21,24.966368,76.728179,Ahmedabad
E009424,C022,P004,2026-05-12 04:45:36,15.21,64.07,0.57,29.273213,70.280864,Ahmedabad
E009425,C016,P003,2026-04-01 02:48:53,13.5,81.23,0.56,22.106071,70.865775,Delhi
E009426,C030,P003,2026-06-25 01:20:12,12.2,88.38,0.96,22.249898,73.749879,Jaipur
E009427,C037,P003,2026-04-10 15:06:52,11.69,66.44,0.78,28.294525,74.167812,Pune
E009428,C041,P002,2026-04-20 16:34:41,14.36,82.1,0.74,29.524225,75.197825,Pune
E009429,C031,P004,2026-02-26 21:00:39,11.32,82.53,0.69,22.17383,77.10748,Jaipur
E009430,C001,P004,2026-06-04 21:48:06,10.91,81.56,0.07,27.791356,73.659769,Jaipur
E009431,C050,P002,2026-03-23 06:01:58,14.75,75.94,0.25,29.688526,77.98389,Delhi
E009432,C046,P001,2026-05-20 10:26:58,13.35,66.82,0.17,21.778472,70.381725,Delhi
E009433,C049,P004,2026-06-01 05:34:50,10.73,80.42,0.12,27.455479,70.886769,Mumbai
E009434,C020,P004,2026-06-06 11:18:33,6.61,81.89,0.77,29.006324,79.076498,Jaipur
E009435,C038,P003,2026-05-29 07:44:43,11.65,64.21,0.85,25.412376,72.511949,Mumbai
E009436,C042,P002,2026-05-28 17:45:26,11.82,68.69,0.99,21.207721,75.718405,Ahmedabad
E009437,C010,P003,2026-05-08 07:37:37,11.03,74.32,0.3,29.319899,70.967759,Jaipur
E009438,C033,P001,2026-03-26 16:25:03,5.17,69.85,0.34,27.912416,78.386587,Ahmedabad
E009439,C015,P003,2026-03-02 20:23:27,9.7,63.95,0.82,29.825938,76.946869,Pune
E009440,C011,P002,2026-02-08 17:50:17,5.01,94.95,0.29,25.005438,78.012276,Mumbai
E009441,C038,P003,2026-05-31 20:45:56,8.77,79.96,0.62,25.069551,79.864096,Jaipur
E009442,C014,P004,2026-05-31 05:17:42,11.86,88.12,0.29,21.935001,74.591813,Ahmedabad
E009443,C005,P002,2026-06-11 08:15:52,7.21,84.74,0.23,26.581683,76.616301,Mumbai
E009444,C047,P002,2026-01-31 10:56:08,9.11,77.19,0.23,20.142554,73.528576,Delhi
E009445,C011,P003,2026-06-26 17:53:20,6.72,90.22,0.2,20.648344,78.298081,Jaipur
E009446,C021,P002,2026-01-19 01:46:36,14.58,67.37,0.32,23.676657,79.115143,Jaipur
E009447,C019,P004,2026-06-09 15:17:53,9.17,80.69,0.61,27.55498,78.152077,Pune
E009448,C005,P001,2026-03-20 01:15:11,10.25,79.22,0.3,20.397907,71.118763,Pune
E009449,C002,P003,2026-03-15 22:02:35,10.63,70.26,0.86,25.537497,71.829727,Ahmedabad
E009450,C010,P001,2026-06-24 22:30:29,8.04,86.23,0.2,24.108617,74.720962,Pune
E009451,C002,P002,2026-06-05 00:32:15,5.41,80.62,0.81,23.222592,73.23454,Delhi
E009452,C046,P004,2026-05-13 16:39:42,4.21,71.43,0.31,24.560075,71.180877,Jaipur
E009453,C012,P003,2026-02-24 05:24:49,4.09,82.29,0.88,29.000884,75.04773,Ahmedabad
E009454,C032,P002,2026-03-25 13:22:01,13.42,81.6,0.3,23.247023,71.408099,Mumbai
E009455,C047,P002,2026-01-04 07:06:49,14.57,84.91,0.45,23.745433,78.295604,Jaipur
E009456,C033,P002,2026-05-03 02:29:38,8.19,80.63,0.2,29.972659,79.545372,Ahmedabad
E009457,C036,P002,2026-05-29 04:43:01,6.37,65.36,0.96,29.05949,77.902013,Delhi
E009458,C005,P003,2026-05-04 15:14:11,12.88,89.88,0.94,20.776802,76.788611,Mumbai
E009459,C050,P001,2026-05-16 17:27:12,6.08,90.55,0.31,25.51003,79.520681,Mumbai
E009460,C006,P004,2026-02-07 20:23:14,6.8,83.69,0.99,29.194444,75.489426,Delhi
E009461,C044,P002,2026-02-07 05:39:47,7.72,77.2,0.5,28.657661,72.04454,Delhi
E009462,C024,P004,2026-02-15 20:33:15,7.63,63.33,0.94,23.307787,72.492741,Delhi
E009463,C028,P001,2026-03-04 04:27:44,13.58,71.19,0.43,25.112649,77.193233,Pune
E009464,C020,P002,2026-01-06 16:29:09,4.06,83.98,0.36,29.96271,78.157136,Mumbai
E009465,C020,P002,2026-05-09 00:39:12,6.06,77.59,0.72,25.603728,71.697592,Ahmedabad
E009466,C032,P002,2026-05-13 20:21:33,6.12,87.27,0.19,22.612039,78.665472,Ahmedabad
E009467,C034,P002,2026-03-13 09:54:44,4.94,66.42,0.7,29.181557,72.146378,Jaipur
E009468,C048,P003,2026-03-08 13:17:01,6.82,78.28,0.21,29.189179,71.199912,Mumbai
E009469,C005,P002,2026-01-02 05:30:05,4.11,84.6,0.16,20.467734,70.874048,Mumbai
E009470,C002,P001,2026-06-07 03:59:38,6.36,81.97,0.71,20.161914,72.156659,Ahmedabad
E009471,C017,P001,2026-06-03 01:36:08,8.38,93.5,0.75,28.085798,70.786478,Delhi
E009472,C035,P004,2026-04-21 08:06:44,10.22,84.46,0.09,28.978502,78.388205,Mumbai
E009473,C014,P002,2026-01-19 18:51:05,7.44,77.01,0.32,24.665184,74.826319,Pune
E009474,C049,P003,2026-05-03 23:40:47,12.74,68.46,0.67,29.587355,71.922701,Delhi
E009475,C018,P004,2026-01-09 20:31:01,11.06,77.92,0.89,29.920093,71.712297,Jaipur
E009476,C039,P004,2026-05-15 04:18:03,8.07,69.28,0.05,27.773725,73.828064,Jaipur
E009477,C029,P002,2026-06-13 05:14:24,14.78,94.58,0.77,26.419549,73.757012,Pune
E009478,C019,P003,2026-05-05 05:05:52,10.0,73.59,0.94,22.439357,70.445461,Mumbai
E009479,C046,P002,2026-02-20 04:24:37,9.76,71.32,0.31,23.941599,74.445311,Ahmedabad
E009480,C042,P001,2026-05-07 21:51:22,4.76,65.07,0.54,22.765181,73.469298,Delhi
E009481,C041,P002,2026-01-18 16:23:29,14.17,71.93,0.68,20.371267,78.137657,Ahmedabad
E009482,C011,P001,2026-03-09 18:13:54,10.88,72.33,0.95,23.995515,71.254065,Pune
E009483,C015,P003,2026-03-27 03:38:12,6.02,80.83,0.02,22.500917,75.254309,Pune
E009484,C046,P001,2026-01-13 14:33:20,12.47,78.84,0.5,25.330436,70.730618,Jaipur
E009485,C001,P004,2026-02-03 07:27:59,14.94,92.01,0.02,24.956234,77.26753,Jaipur
E009486,C025,P003,2026-06-05 14:16:07,5.26,61.82,0.42,24.589222,71.52264,Pune
E009487,C039,P004,2026-04-12 03:12:02,11.63,72.03,0.65,21.616491,70.093444,Ahmedabad
E009488,C011,P001,2026-01-20 11:03:15,4.01,90.18,0.28,24.450185,79.330438,Ahmedabad
E009489,C030,P003,2026-03-13 20:30:09,11.38,83.82,0.39,21.280613,79.379325,Jaipur
E009490,C036,P004,2026-05-06 19:13:26,9.28,82.98,0.67,27.993801,79.104075,Jaipur
E009491,C037,P002,2026-05-14 15:11:18,8.21,80.71,0.13,29.785591,72.595076,Mumbai
E009492,C005,P003,2026-05-09 01:36:13,12.24,74.07,0.98,25.45351,70.661527,Jaipur
E009493,C008,P004,2026-03-12 10:11:41,8.47,69.76,0.53,28.122347,72.009382,Jaipur
E009494,C048,P004,2026-03-04 08:10:19,12.98,81.44,0.26,24.636443,70.644026,Mumbai
E009495,C036,P002,2026-01-13 02:51:48,6.31,92.42,0.2,25.759753,77.775594,Jaipur
E009496,C033,P004,2026-05-14 15:43:33,7.17,83.21,0.05,28.492665,77.317226,Jaipur
E009497,C023,P003,2026-06-11 10:28:46,15.15,62.75,0.74,27.41771,79.924381,Pune
E009498,C028,P003,2026-05-07 05:44:27,10.96,60.92,0.62,27.26313,79.686583,Mumbai
E009499,C016,P004,2026-02-12 16:14:23,15.78,81.51,0.62,21.268473,74.82913,Ahmedabad
E009500,C010,P004,2026-03-19 18:23:05,8.43,84.12,0.52,24.173984,74.151745,Delhi
E009501,C031,P004,2026-01-04 13:25:44,5.34,73.16,0.56,25.898063,76.601182,Mumbai
E009502,C008,P001,2026-01-07 22:46:44,10.44,61.06,0.33,20.476464,70.650775,Jaipur
E009503,C049,P001,2026-06-24 02:02:41,5.6,85.62,0.55,27.562473,77.949596,Mumbai
E009504,C012,P004,2026-03-13 14:36:17,8.11,71.2,0.94,24.497602,70.826239,Jaipur
E009505,C032,P001,2026-05-27 00:52:51,7.0,74.82,0.71,26.958018,70.604133,Jaipur
E009506,C014,P003,2026-05-14 15:53:39,15.85,79.28,0.51,27.323095,70.48818,Pune
E009507,C006,P004,2026-03-11 09:32:04,13.53,82.42,0.64,22.613543,78.263709,Jaipur
E009508,C043,P004,2026-02-04 20:48:42,15.71,80.43,0.53,29.097803,73.619214,Jaipur
E009509,C004,P003,2026-05-16 19:11:39,11.18,88.75,0.12,26.092109,70.882778,Pune
E009510,C008,P003,2026-05-15 03:03:49,8.03,86.5,0.55,28.853027,75.000182,Mumbai
E009511,C033,P001,2026-02-03 09:19:54,4.88,73.09,0.63,24.156914,74.803749,Mumbai
E009512,C039,P004,2026-02-14 18:32:06,9.17,76.23,0.31,28.757248,74.4944,Delhi
E009513,C004,P003,2026-03-06 22:47:34,11.1,88.08,0.55,21.414142,73.14297,Pune
E009514,C009,P001,2026-02-27 01:03:24,13.58,89.07,0.95,20.088456,75.511531,Mumbai
E009515,C046,P001,2026-01-19 19:13:49,8.73,82.02,0.94,28.477175,75.122284,Delhi
E009516,C004,P001,2026-03-21 18:26:44,8.47,64.01,0.12,23.171522,72.084547,Jaipur
E009517,C012,P004,2026-01-28 19:24:55,6.32,71.43,0.46,28.076356,75.899977,Delhi
E009518,C030,P002,2026-05-05 13:08:21,12.92,77.81,0.68,22.853817,72.962516,Jaipur
E009519,C039,P002,2026-06-20 22:13:07,4.91,91.4,0.34,20.281214,79.652581,Delhi
E009520,C033,P004,2026-02-19 18:46:11,10.34,69.22,0.24,22.22223,75.997372,Jaipur
E009521,C010,P002,2026-05-17 08:08:55,14.34,81.9,0.37,25.219511,72.532625,Jaipur
E009522,C008,P002,2026-02-02 20:39:39,8.6,80.27,0.94,22.244004,74.454533,Pune
E009523,C005,P004,2026-02-13 19:17:47,11.17,81.61,0.9,26.611213,72.588056,Ahmedabad
E009524,C012,P004,2026-03-25 10:51:50,13.19,70.51,0.9,25.171974,75.902975,Ahmedabad
E009525,C045,P002,2026-02-04 23:09:17,4.21,94.94,0.07,28.246031,76.993791,Mumbai
E009526,C037,P001,2026-03-14 11:15:49,12.32,85.52,0.17,20.178773,71.65737,Pune
E009527,C033,P003,2026-03-09 12:03:24,4.16,71.87,0.85,24.285178,74.288954,Ahmedabad
E009528,C015,P002,2026-01-13 22:01:12,6.82,85.68,0.82,27.502777,70.841159,Jaipur
E009529,C029,P002,2026-06-24 05:11:17,15.98,79.2,0.94,29.512661,72.823286,Delhi
E009530,C038,P003,2026-01-11 23:31:11,14.09,82.57,0.98,20.852973,78.68707,Pune
E009531,C016,P003,2026-04-05 10:05:34,12.57,94.59,0.94,27.028395,72.760048,Delhi
E009532,C003,P004,2026-01-26 08:40:43,12.38,74.58,0.5,27.663545,79.428266,Ahmedabad
E009533,C040,P001,2026-02-27 19:22:11,8.2,75.03,0.83,27.084135,74.127808,Jaipur
E009534,C043,P003,2026-05-03 16:32:22,13.04,75.59,0.77,26.257671,77.458518,Pune
E009535,C019,P004,2026-05-12 23:56:59,14.36,83.53,0.85,22.593915,78.231505,Jaipur
E009536,C021,P001,2026-05-18 07:04:46,6.11,63.72,0.77,22.867587,70.748834,Delhi
E009537,C001,P003,2026-06-12 04:30:23,13.46,91.02,0.3,20.468272,71.026146,Mumbai
E009538,C022,P003,2026-04-19 15:58:00,13.58,64.92,0.12,24.290977,79.31018,Mumbai
E009539,C045,P003,2026-04-28 11:20:38,11.96,82.48,0.79,23.569917,70.625091,Ahmedabad
E009540,C015,P002,2026-01-12 16:21:26,9.85,83.4,0.09,23.536657,70.024128,Mumbai
E009541,C018,P001,2026-03-04 05:23:37,13.1,90.88,0.68,27.596488,76.242309,Jaipur
E009542,C033,P001,2026-05-04 04:05:17,7.16,82.38,0.47,24.007168,71.323643,Delhi
E009543,C011,P003,2026-01-11 22:50:07,7.61,68.51,1.0,26.243349,70.9032,Mumbai
E009544,C011,P003,2026-03-04 13:28:18,5.41,67.73,0.96,21.965264,72.098107,Jaipur
E009545,C007,P003,2026-01-17 11:50:26,6.37,81.26,0.13,24.198685,77.037243,Delhi
E009546,C036,P003,2026-01-31 22:53:36,9.7,63.51,0.4,25.077978,73.574513,Jaipur
E009547,C031,P003,2026-06-14 15:17:11,10.8,78.71,0.04,20.07557,79.373445,Pune
E009548,C027,P002,2026-05-22 17:44:43,10.45,61.91,0.61,26.975447,77.073878,Jaipur
E009549,C003,P003,2026-02-14 04:26:55,11.98,61.53,0.3,22.445503,77.44899,Jaipur
E009550,C004,P003,2026-03-16 17:20:20,6.01,84.49,0.92,26.431994,75.058953,Pune
E009551,C001,P002,2026-02-11 00:41:22,7.62,86.38,0.43,20.947546,78.347987,Pune
E009552,C014,P003,2026-01-02 03:34:34,11.34,74.81,0.39,22.630246,71.872158,Delhi
E009553,C021,P003,2026-01-17 16:39:29,15.72,83.01,0.57,22.626495,76.689005,Mumbai
E009554,C010,P004,2026-01-30 06:51:01,9.79,64.01,0.36,20.79658,74.068816,Mumbai
E009555,C010,P004,2026-02-13 03:18:16,7.5,77.95,0.61,22.571072,70.298223,Mumbai
E009556,C007,P004,2026-01-07 13:43:04,15.42,77.37,0.45,20.122442,73.20374,Jaipur
E009557,C049,P003,2026-04-24 16:38:14,7.52,81.82,0.12,21.537629,72.447781,Mumbai
E009558,C012,P003,2026-06-23 02:11:58,12.92,61.49,0.82,27.815472,78.789335,Pune
E009559,C004,P002,2026-04-19 22:10:38,9.59,73.77,0.1,24.982106,71.587179,Pune
E009560,C010,P004,2026-06-04 00:33:59,14.6,93.65,0.66,21.15555,79.011466,Mumbai
E009561,C010,P002,2026-04-01 03:49:31,13.96,83.8,0.35,25.090285,77.049681,Delhi
E009562,C029,P004,2026-04-23 01:10:35,12.23,65.22,0.16,24.417779,72.099492,Ahmedabad
E009563,C003,P004,2026-05-02 20:37:58,6.98,70.51,0.11,24.261394,71.562672,Ahmedabad
E009564,C032,P002,2026-06-20 22:06:57,9.4,73.67,0.28,26.697775,73.460185,Ahmedabad
E009565,C017,P003,2026-06-20 05:13:31,10.9,60.1,0.68,20.709979,77.536672,Mumbai
E009566,C004,P003,2026-01-01 22:47:27,5.8,81.15,0.71,28.640614,71.811507,Pune
E009567,C013,P001,2026-04-26 14:32:24,10.32,84.79,0.62,25.32186,70.890935,Pune
E009568,C024,P002,2026-05-09 06:21:15,14.63,69.84,0.46,27.257659,74.220811,Mumbai
E009569,C006,P001,2026-02-28 23:38:46,6.51,89.67,0.31,21.48589,78.202686,Pune
E009570,C043,P004,2026-01-16 13:19:16,15.61,79.94,0.97,27.744015,70.529128,Mumbai
E009571,C015,P001,2026-01-07 08:57:19,9.53,79.69,0.94,21.646943,70.377384,Ahmedabad
E009572,C001,P002,2026-05-18 11:37:46,5.24,64.12,0.71,27.275749,73.222189,Jaipur
E009573,C024,P003,2026-05-12 19:23:30,15.15,64.86,0.28,27.562282,76.022567,Mumbai
E009574,C045,P004,2026-02-04 21:28:35,15.07,84.08,0.46,29.781418,71.364555,Jaipur
E009575,C027,P004,2026-05-10 17:05:08,14.59,75.25,0.45,28.13122,70.605856,Mumbai
E009576,C042,P004,2026-02-04 03:26:09,14.99,88.61,0.45,20.91645,72.538437,Ahmedabad
E009577,C047,P002,2026-06-18 06:58:49,9.72,73.87,0.6,28.217909,73.856975,Pune
E009578,C028,P002,2026-04-23 00:05:00,11.1,61.43,0.4,25.652761,74.831245,Jaipur
E009579,C042,P001,2026-03-31 08:42:43,9.38,81.07,0.91,27.032213,76.731852,Jaipur
E009580,C002,P003,2026-02-16 23:10:04,15.44,82.52,0.78,29.239177,71.415871,Ahmedabad
E009581,C011,P001,2026-05-18 21:54:13,8.61,81.67,0.92,28.104035,72.4484,Ahmedabad
E009582,C050,P004,2026-05-06 10:13:20,13.26,93.62,0.8,25.466756,71.727556,Ahmedabad
E009583,C039,P004,2026-01-02 07:30:40,8.55,90.71,0.22,20.222318,78.989279,Jaipur
E009584,C025,P002,2026-02-03 04:18:44,13.63,72.22,0.52,27.343957,76.518194,Pune
E009585,C001,P002,2026-03-02 18:44:18,8.4,91.33,0.93,24.849331,78.970412,Ahmedabad
E009586,C031,P004,2026-02-23 05:08:45,13.54,64.7,0.9,25.984353,73.645966,Mumbai
E009587,C033,P003,2026-03-17 16:49:31,7.36,86.48,0.18,29.646157,71.297165,Pune
E009588,C010,P001,2026-05-13 02:12:58,9.96,94.11,0.25,23.392328,78.118476,Delhi
E009589,C008,P004,2026-02-13 05:04:47,14.77,81.75,0.73,25.680034,78.30447,Ahmedabad
E009590,C045,P001,2026-06-30 10:04:50,10.86,77.98,0.35,21.26006,79.751396,Delhi
E009591,C018,P003,2026-04-02 17:53:19,8.89,87.69,0.68,28.291638,78.89783,Delhi
E009592,C038,P003,2026-02-14 23:52:03,15.2,67.49,0.63,22.063731,70.386753,Ahmedabad
E009593,C040,P003,2026-03-21 11:15:31,4.6,68.95,0.19,20.566777,74.486912,Mumbai
E009594,C012,P003,2026-03-02 11:28:09,11.92,68.84,0.3,23.313765,70.163958,Ahmedabad
E009595,C032,P002,2026-06-05 19:05:56,4.07,94.21,0.46,28.483683,72.644069,Ahmedabad
E009596,C003,P001,2026-03-06 18:29:36,14.4,70.65,0.76,23.190426,74.60099,Delhi
E009597,C008,P003,2026-03-03 01:35:27,4.07,75.36,0.5,24.86458,75.705579,Delhi
E009598,C034,P004,2026-06-13 22:04:25,6.47,82.32,0.51,26.051777,77.103318,Delhi
E009599,C010,P003,2026-03-04 19:55:38,11.26,92.99,0.48,25.5034,70.485306,Jaipur
E009600,C009,P001,2026-06-21 19:56:43,13.15,63.34,0.04,21.390247,74.963973,Jaipur
E009601,C027,P004,2026-01-11 05:48:56,11.66,65.98,0.08,22.957951,71.790733,Mumbai
E009602,C046,P004,2026-05-13 01:40:16,14.17,88.04,0.04,23.425012,70.831909,Delhi
E009603,C047,P003,2026-04-23 16:40:01,5.1,87.98,0.7,24.008378,74.555145,Jaipur
E009604,C049,P003,2026-06-19 11:08:59,10.34,80.91,0.87,26.962903,75.011556,Ahmedabad
E009605,C042,P002,2026-05-12 06:48:22,14.53,73.58,0.49,27.744348,70.294528,Ahmedabad
E009606,C023,P001,2026-03-13 12:40:50,5.15,71.08,0.85,23.999448,76.710236,Pune
E009607,C018,P001,2026-05-17 06:10:17,7.55,75.4,0.6,23.425381,78.965491,Mumbai
E009608,C034,P004,2026-01-28 09:25:18,6.22,84.22,0.28,27.291808,72.373496,Pune
E009609,C023,P002,2026-04-23 19:38:43,14.72,94.68,0.11,24.676498,78.013462,Mumbai
E009610,C006,P002,2026-04-18 13:46:45,4.92,71.24,0.44,22.919843,70.978812,Jaipur
E009611,C023,P003,2026-04-21 02:25:10,9.59,84.86,0.83,28.813665,72.573349,Jaipur
E009612,C045,P002,2026-01-17 11:20:51,10.24,64.97,0.56,29.565609,70.543513,Jaipur
E009613,C017,P001,2026-06-06 03:44:26,11.68,79.57,0.9,22.221439,71.001991,Mumbai
E009614,C012,P002,2026-02-20 07:40:13,11.25,88.74,0.24,24.518951,77.905946,Pune
E009615,C049,P003,2026-06-10 19:02:03,5.07,92.26,0.89,27.949227,73.00926,Ahmedabad
E009616,C018,P003,2026-06-17 19:20:45,6.61,81.59,0.7,26.787489,79.474153,Ahmedabad
E009617,C033,P002,2026-03-21 05:29:41,4.97,65.92,0.27,29.124302,75.737179,Ahmedabad
E009618,C031,P002,2026-05-11 04:16:19,12.54,71.94,0.67,28.043234,79.466646,Pune
E009619,C049,P004,2026-03-19 10:24:24,9.7,93.23,0.96,29.641931,74.906061,Jaipur
E009620,C002,P002,2026-05-23 18:25:06,7.61,75.65,0.44,26.239774,75.336981,Ahmedabad
E009621,C007,P004,2026-03-28 18:30:40,7.44,83.21,0.93,21.166128,75.595112,Jaipur
E009622,C045,P001,2026-01-01 07:40:40,12.61,90.5,0.19,28.970695,70.492121,Delhi
E009623,C027,P003,2026-05-15 20:02:39,5.01,71.27,0.37,26.115695,74.266466,Jaipur
E009624,C031,P001,2026-04-12 08:45:16,12.01,86.85,0.64,20.385318,70.795177,Delhi
E009625,C043,P002,2026-02-23 22:35:29,11.12,90.76,0.03,26.453529,77.500037,Ahmedabad
E009626,C028,P002,2026-06-01 02:45:20,7.28,61.17,0.67,23.131707,77.213689,Pune
E009627,C014,P003,2026-03-14 11:28:20,8.27,74.41,0.22,23.414665,79.339502,Pune
E009628,C019,P003,2026-04-30 02:46:23,12.89,62.66,0.2,28.063978,74.734503,Jaipur
E009629,C023,P003,2026-04-25 14:57:55,5.19,78.84,0.5,23.153666,71.236001,Jaipur
E009630,C013,P003,2026-04-07 00:56:40,4.54,73.72,0.63,25.055715,73.181777,Delhi
E009631,C030,P002,2026-01-01 16:06:48,11.39,89.99,0.56,25.98763,70.559147,Mumbai
E009632,C031,P003,2026-05-24 02:32:43,9.83,92.74,0.78,27.741385,72.838468,Ahmedabad
E009633,C002,P004,2026-04-04 19:07:25,9.66,69.62,0.06,20.326227,74.121231,Pune
E009634,C047,P001,2026-06-23 13:03:48,5.96,81.17,0.66,21.81753,72.558595,Pune
E009635,C011,P004,2026-01-14 04:07:24,15.58,62.76,0.36,26.189644,70.318111,Delhi
E009636,C047,P003,2026-02-27 03:37:50,10.74,68.1,0.47,29.905902,70.414519,Jaipur
E009637,C002,P001,2026-02-05 20:40:11,13.79,94.68,0.51,29.872051,76.274965,Jaipur
E009638,C014,P004,2026-03-19 18:03:49,11.37,60.61,0.73,28.3635,75.381391,Jaipur
E009639,C040,P004,2026-06-10 01:29:35,9.35,86.77,0.73,23.095936,76.32647,Delhi
E009640,C037,P001,2026-03-11 07:39:48,5.63,76.5,0.45,24.230711,73.216642,Ahmedabad
E009641,C007,P002,2026-02-27 03:34:44,5.58,94.96,0.7,29.513525,74.890913,Delhi
E009642,C006,P003,2026-03-03 02:25:25,5.07,64.66,0.88,29.153627,73.016246,Jaipur
E009643,C014,P004,2026-02-01 07:14:58,13.15,67.47,0.41,26.909921,71.667656,Mumbai
E009644,C001,P001,2026-02-21 23:36:09,10.81,81.15,0.21,29.163839,77.145983,Jaipur
E009645,C006,P003,2026-05-01 07:31:28,15.78,61.63,0.62,22.44769,72.518048,Mumbai
E009646,C002,P001,2026-02-28 18:31:44,11.75,83.28,0.52,25.956106,71.120745,Mumbai
E009647,C017,P004,2026-02-13 18:15:36,5.53,86.67,0.45,27.909903,72.144581,Delhi
E009648,C027,P002,2026-05-29 13:36:38,15.99,84.66,0.45,24.812183,73.218834,Ahmedabad
E009649,C045,P001,2026-01-16 21:42:03,7.33,74.23,0.05,29.944894,77.316917,Delhi
E009650,C015,P003,2026-01-04 00:58:15,10.77,67.92,0.13,24.841443,77.046192,Mumbai
E009651,C034,P003,2026-02-02 17:59:32,11.47,92.46,0.83,23.552316,79.695309,Pune
E009652,C022,P004,2026-01-05 20:51:43,12.85,76.56,0.54,27.286363,72.058028,Jaipur
E009653,C003,P004,2026-02-07 22:22:10,4.27,72.16,0.03,23.689843,71.791083,Jaipur
E009654,C035,P004,2026-01-08 06:44:45,7.63,62.04,0.22,23.416602,72.864789,Delhi
E009655,C037,P002,2026-05-18 14:04:04,14.52,69.12,0.76,23.581011,74.656368,Jaipur
E009656,C011,P004,2026-03-22 12:29:24,12.89,83.44,0.38,25.6391,70.161415,Pune
E009657,C028,P003,2026-06-10 18:44:20,12.4,65.22,0.62,26.6671,76.309205,Delhi
E009658,C035,P001,2026-03-13 10:16:22,6.24,75.23,0.41,26.620126,72.755578,Mumbai
E009659,C046,P002,2026-05-01 09:41:47,4.87,79.85,0.72,20.973683,73.550824,Jaipur
E009660,C024,P001,2026-01-23 16:03:58,12.93,94.32,0.79,24.85147,77.350937,Mumbai
E009661,C022,P004,2026-04-28 18:39:27,6.19,72.63,0.27,23.40288,70.862841,Delhi
E009662,C012,P002,2026-03-05 10:39:38,12.46,80.54,0.69,28.73223,78.945928,Ahmedabad
E009663,C004,P004,2026-06-17 08:10:39,7.89,91.91,0.11,23.026674,74.747029,Pune
E009664,C015,P002,2026-06-15 06:11:43,15.15,69.77,0.58,29.748331,74.513854,Delhi
E009665,C019,P003,2026-04-22 00:54:04,8.74,68.49,0.81,23.429571,77.892912,Pune
E009666,C044,P002,2026-04-27 15:30:04,7.43,66.96,0.35,20.07221,77.361202,Pune
E009667,C046,P004,2026-03-20 01:15:37,4.89,73.54,0.66,21.702236,78.554577,Mumbai
E009668,C021,P003,2026-01-14 16:20:11,9.26,63.09,0.69,29.843543,71.918899,Jaipur
E009669,C007,P002,2026-04-13 18:30:16,8.86,83.48,0.58,29.629901,74.694535,Ahmedabad
E009670,C039,P003,2026-03-26 09:28:15,4.95,85.65,0.97,20.456458,73.726939,Delhi
E009671,C023,P001,2026-06-30 12:19:42,4.45,73.31,0.25,23.224904,70.718047,Jaipur
E009672,C013,P003,2026-04-12 14:22:54,7.4,67.68,0.08,27.666766,71.176852,Ahmedabad
E009673,C003,P003,2026-04-15 04:58:14,4.23,78.6,0.37,22.728125,72.064596,Mumbai
E009674,C019,P002,2026-03-18 20:10:53,14.44,73.01,0.21,27.684168,76.518548,Mumbai
E009675,C022,P001,2026-05-08 10:47:40,4.98,84.49,0.94,29.33004,78.50286,Mumbai
E009676,C032,P002,2026-03-06 04:31:28,6.91,90.24,0.6,21.290184,76.931031,Ahmedabad
E009677,C023,P002,2026-02-26 12:15:56,13.78,75.25,0.31,27.947834,76.139427,Mumbai
E009678,C004,P001,2026-06-21 03:46:33,15.35,68.49,0.92,24.055176,75.623191,Delhi
E009679,C018,P003,2026-02-24 19:08:16,15.31,67.32,0.07,26.66322,75.187477,Delhi
E009680,C025,P004,2026-06-16 20:31:11,4.34,79.75,0.89,28.281007,72.289317,Pune
E009681,C001,P002,2026-04-05 20:01:10,15.21,84.22,0.15,25.621016,72.924281,Jaipur
E009682,C047,P004,2026-06-21 11:35:33,11.82,83.65,0.99,28.176721,78.413276,Delhi
E009683,C007,P003,2026-02-17 19:33:01,11.12,90.29,0.67,27.078264,78.491626,Mumbai
E009684,C013,P002,2026-04-03 23:04:24,6.68,84.78,0.14,23.013913,78.588529,Mumbai
E009685,C003,P003,2026-04-28 13:35:41,15.08,63.96,0.33,22.50642,72.695687,Pune
E009686,C003,P002,2026-06-03 10:53:59,14.09,61.05,0.31,28.330577,71.64506,Jaipur
E009687,C001,P003,2026-04-06 19:41:54,11.72,70.5,0.6,24.24115,79.434004,Mumbai
E009688,C041,P002,2026-03-26 13:01:07,10.56,80.97,0.79,20.902665,70.816576,Ahmedabad
E009689,C002,P001,2026-06-26 00:55:32,8.55,89.95,0.07,21.071317,74.549801,Ahmedabad
E009690,C018,P004,2026-03-01 12:23:15,10.02,66.04,0.99,27.561863,71.300303,Delhi
E009691,C007,P003,2026-04-20 11:19:45,9.6,60.03,0.42,27.569351,70.481397,Mumbai
E009692,C027,P002,2026-04-13 16:09:13,13.8,77.31,0.77,29.188149,77.003329,Delhi
E009693,C019,P002,2026-05-18 01:02:51,14.74,65.85,0.51,24.744897,77.124736,Pune
E009694,C009,P002,2026-01-02 19:00:11,6.23,85.09,0.06,23.8084,72.266102,Pune
E009695,C015,P002,2026-01-23 21:47:25,6.72,87.16,0.2,29.149525,74.202749,Ahmedabad
E009696,C047,P001,2026-03-28 00:51:31,14.22,75.88,0.12,21.817267,71.23228,Pune
E009697,C035,P002,2026-01-31 15:46:12,10.67,83.38,0.11,22.684734,78.810337,Jaipur
E009698,C017,P001,2026-05-10 23:53:57,15.45,82.08,0.25,20.473164,70.161514,Jaipur
E009699,C010,P003,2026-06-29 14:13:48,8.0,69.99,0.48,24.161536,77.854127,Delhi
E009700,C019,P002,2026-01-26 20:49:03,10.62,69.51,0.42,23.37049,72.991129,Mumbai
E009701,C028,P001,2026-01-11 19:12:19,6.65,75.38,0.03,25.31409,75.314391,Ahmedabad
E009702,C005,P003,2026-04-05 02:40:43,15.87,86.65,0.54,25.677708,70.757481,Pune
E009703,C050,P004,2026-01-26 07:50:08,11.98,79.95,0.43,21.215063,77.616127,Delhi
E009704,C009,P002,2026-02-23 11:12:31,5.45,85.29,0.92,24.049611,77.449402,Delhi
E009705,C018,P004,2026-02-23 16:17:31,4.89,60.44,0.61,28.518251,77.670374,Jaipur
E009706,C005,P002,2026-04-20 21:54:37,15.71,68.56,0.67,23.033315,73.915735,Mumbai
E009707,C013,P004,2026-01-19 01:49:26,10.84,87.87,0.26,24.728802,76.942968,Jaipur
E009708,C021,P004,2026-06-23 16:22:06,13.59,86.44,0.85,25.004062,77.585598,Delhi
E009709,C009,P003,2026-05-20 13:32:47,6.04,94.43,0.08,22.985806,75.354265,Delhi
E009710,C007,P001,2026-04-16 18:47:38,14.93,79.25,0.84,21.527873,72.304721,Delhi
E009711,C027,P002,2026-03-19 21:34:02,14.89,81.53,0.2,26.328335,70.285832,Delhi
E009712,C021,P004,2026-04-22 11:13:26,7.13,71.65,0.09,24.86364,72.265267,Pune
E009713,C039,P001,2026-05-28 05:13:29,12.33,83.16,0.72,21.509432,76.26824,Ahmedabad
E009714,C009,P004,2026-04-13 00:59:11,12.33,82.89,0.1,20.389991,70.024618,Mumbai
E009715,C037,P003,2026-04-20 22:09:04,14.1,86.94,0.64,25.251632,75.434706,Ahmedabad
E009716,C043,P004,2026-03-19 20:12:37,10.6,67.8,0.84,26.514278,77.552233,Jaipur
E009717,C043,P003,2026-06-18 03:58:20,7.21,73.16,0.47,26.480792,78.035185,Delhi
E009718,C031,P003,2026-02-12 00:14:04,5.49,93.48,0.69,25.530199,79.370496,Pune
E009719,C025,P004,2026-02-17 03:42:32,9.74,62.0,0.26,29.079981,70.521144,Ahmedabad
E009720,C026,P003,2026-06-02 15:27:37,14.54,72.36,0.76,22.814597,78.012721,Delhi
E009721,C015,P001,2026-03-06 22:39:00,9.06,81.32,0.67,22.180473,74.445987,Pune
E009722,C016,P004,2026-05-07 23:24:40,12.9,79.17,0.39,28.955337,78.432538,Mumbai
E009723,C007,P003,2026-06-13 04:51:50,4.75,74.79,0.49,25.853597,76.479353,Mumbai
E009724,C044,P004,2026-01-19 16:32:00,5.05,64.93,0.49,24.966145,78.624004,Mumbai
E009725,C029,P001,2026-06-28 02:26:30,9.58,94.71,0.06,20.463622,72.7271,Pune
E009726,C028,P004,2026-04-17 21:36:07,5.18,60.18,0.8,20.141104,75.210979,Mumbai
E009727,C022,P002,2026-06-27 20:08:19,10.02,90.33,0.72,27.794092,72.169778,Ahmedabad
E009728,C012,P002,2026-04-06 14:11:56,9.81,61.04,0.89,25.532618,74.434775,Ahmedabad
E009729,C042,P003,2026-03-07 23:27:27,15.31,76.78,0.21,27.273913,73.476817,Jaipur
E009730,C025,P001,2026-02-20 16:38:49,4.31,90.29,0.27,26.435034,72.665819,Mumbai
E009731,C045,P002,2026-03-23 10:08:04,7.75,72.8,0.9,29.163259,79.538504,Ahmedabad
E009732,C014,P001,2026-06-25 17:13:13,7.65,80.08,0.75,20.957352,71.830976,Mumbai
E009733,C007,P003,2026-01-16 22:59:46,10.4,87.79,0.38,21.026602,75.030818,Mumbai
E009734,C045,P002,2026-02-06 01:49:04,6.06,85.39,0.94,21.79153,70.735248,Ahmedabad
E009735,C007,P002,2026-06-05 00:42:16,10.57,90.71,0.17,22.23295,72.995211,Jaipur
E009736,C021,P004,2026-04-27 10:10:59,14.57,83.76,0.31,24.690507,70.612426,Jaipur
E009737,C015,P001,2026-01-18 11:14:30,12.04,84.07,0.04,20.489876,77.406222,Pune
E009738,C025,P004,2026-06-15 14:59:57,14.07,86.61,0.52,25.308198,76.632333,Delhi
E009739,C042,P004,2026-03-10 18:45:05,11.95,79.34,0.39,27.749076,77.910466,Mumbai
E009740,C022,P004,2026-06-15 17:22:59,14.34,74.27,0.97,20.418243,70.362966,Jaipur
E009741,C033,P003,2026-05-20 00:23:23,5.37,90.64,0.24,21.720404,79.138962,Pune
E009742,C046,P004,2026-01-30 07:48:06,4.2,77.17,0.34,26.988232,79.667454,Jaipur
E009743,C019,P001,2026-05-29 23:10:13,5.19,65.71,0.63,28.329568,72.571344,Delhi
E009744,C017,P002,2026-03-14 12:20:04,8.78,79.92,0.82,22.664419,77.902904,Jaipur
E009745,C020,P003,2026-02-05 09:48:07,4.72,78.89,0.21,29.547915,75.003464,Delhi
E009746,C044,P001,2026-02-22 09:14:07,10.71,91.25,0.5,27.897866,79.268157,Ahmedabad
E009747,C035,P002,2026-03-28 20:21:50,7.48,89.55,0.16,29.074985,74.56843,Delhi
E009748,C018,P002,2026-05-26 06:33:45,7.97,93.47,0.87,28.260745,79.92934,Pune
E009749,C023,P004,2026-06-24 02:18:45,12.15,69.15,0.17,21.897827,73.176381,Ahmedabad
E009750,C024,P004,2026-02-01 22:13:09,12.14,81.89,0.32,27.340513,70.022183,Ahmedabad
E009751,C034,P002,2026-01-14 10:42:42,15.3,65.04,0.07,23.164978,72.134465,Mumbai
E009752,C015,P001,2026-03-11 13:08:11,13.29,64.01,0.37,22.614164,75.934683,Mumbai
E009753,C001,P002,2026-04-04 08:44:45,7.9,90.53,0.06,24.013411,77.007021,Ahmedabad
E009754,C038,P003,2026-05-08 23:39:20,14.16,90.59,0.95,22.790634,75.46372,Delhi
E009755,C023,P002,2026-01-18 00:53:54,8.04,66.88,0.4,24.093937,74.364969,Ahmedabad
E009756,C039,P004,2026-06-19 21:58:27,4.29,84.98,0.96,22.221112,70.230881,Ahmedabad
E009757,C042,P001,2026-03-05 05:03:47,14.79,91.79,0.3,24.788489,79.521242,Jaipur
E009758,C042,P002,2026-02-13 08:36:30,7.45,73.44,0.75,24.760128,73.840853,Pune
E009759,C028,P002,2026-03-26 13:03:22,13.44,94.44,0.49,27.678186,79.40537,Ahmedabad
E009760,C021,P003,2026-03-03 18:30:03,7.75,85.97,0.37,26.058201,70.448641,Jaipur
E009761,C049,P001,2026-05-30 13:34:19,4.54,88.87,0.47,22.668749,79.40494,Delhi
E009762,C036,P002,2026-04-27 20:59:29,12.89,90.69,0.21,23.421107,76.120797,Delhi
E009763,C035,P003,2026-05-20 14:51:57,11.0,62.39,0.29,24.612869,73.732978,Mumbai
E009764,C004,P002,2026-01-18 07:28:23,13.94,82.22,0.59,26.306828,74.701451,Mumbai
E009765,C040,P002,2026-05-22 08:32:11,14.2,92.3,0.56,20.970399,75.601861,Mumbai
E009766,C048,P001,2026-01-22 02:17:39,6.26,88.85,0.91,23.714101,77.309337,Delhi
E009767,C014,P004,2026-05-29 20:08:54,7.54,71.19,0.72,23.807673,77.963593,Ahmedabad
E009768,C016,P004,2026-01-16 07:15:14,4.32,77.64,0.19,25.77631,78.248631,Jaipur
E009769,C041,P003,2026-05-20 06:35:19,7.39,80.32,0.5,25.511837,72.56302,Delhi
E009770,C050,P001,2026-01-19 07:16:37,7.07,78.51,0.35,21.153056,75.962957,Mumbai
E009771,C016,P003,2026-05-31 01:00:18,7.85,78.79,0.82,23.886693,79.177053,Ahmedabad
E009772,C043,P003,2026-01-28 03:01:23,10.82,93.91,0.42,20.450398,77.9757,Pune
E009773,C044,P004,2026-01-22 16:59:45,14.39,73.08,0.94,21.438269,77.996572,Mumbai
E009774,C050,P001,2026-05-11 07:54:21,11.38,77.97,0.49,23.639953,75.596844,Mumbai
E009775,C042,P003,2026-05-09 23:58:07,7.81,73.09,0.36,23.926816,76.536871,Jaipur
E009776,C040,P003,2026-06-11 06:55:32,15.42,93.48,0.94,20.527363,78.646985,Jaipur
E009777,C041,P001,2026-05-18 18:19:56,10.25,65.12,0.56,28.240557,78.719996,Pune
E009778,C041,P002,2026-06-12 08:29:19,13.8,87.61,0.43,27.204044,71.419954,Pune
E009779,C021,P003,2026-03-01 05:26:32,12.32,77.67,0.33,22.792913,74.255952,Delhi
E009780,C018,P003,2026-03-10 11:36:52,12.1,60.91,0.55,21.627163,72.881185,Mumbai
E009781,C049,P002,2026-04-18 23:03:50,9.38,75.43,0.2,25.506451,75.554237,Mumbai
E009782,C007,P001,2026-05-07 21:40:17,7.48,94.84,0.47,23.978385,73.817001,Delhi
E009783,C037,P002,2026-01-10 20:28:00,7.22,75.8,0.3,26.836638,77.633497,Delhi
E009784,C008,P003,2026-03-23 07:43:04,15.12,75.7,0.2,20.983357,72.849797,Pune
E009785,C044,P004,2026-03-21 11:48:20,4.48,73.77,0.57,24.654667,77.662926,Mumbai
E009786,C019,P003,2026-01-28 04:06:54,5.9,75.28,0.05,29.374656,77.541417,Mumbai
E009787,C030,P004,2026-06-10 11:38:01,13.97,79.0,0.06,27.930727,71.319424,Pune
E009788,C004,P004,2026-01-27 21:34:46,5.07,85.41,0.19,21.067864,74.140513,Delhi
E009789,C041,P001,2026-05-02 05:02:11,4.78,93.87,0.76,26.939341,75.719678,Ahmedabad
E009790,C016,P003,2026-05-07 20:23:56,13.19,79.74,0.64,27.249987,78.358325,Delhi
E009791,C008,P001,2026-05-10 14:01:09,15.93,76.96,0.51,24.331417,71.696686,Pune
E009792,C043,P003,2026-03-16 12:54:22,4.83,81.61,0.61,29.22995,75.522806,Ahmedabad
E009793,C045,P001,2026-05-02 23:10:39,10.05,60.48,0.91,22.710963,74.780403,Jaipur
E009794,C042,P002,2026-03-30 13:05:21,14.6,88.74,0.09,25.500627,76.220831,Jaipur
E009795,C003,P004,2026-01-20 00:54:15,9.73,79.91,0.33,27.11707,77.493394,Delhi
E009796,C013,P003,2026-05-20 19:28:01,9.54,63.96,0.54,25.076769,70.371111,Delhi
E009797,C029,P003,2026-04-10 02:40:52,15.64,75.02,0.92,25.727288,73.717354,Delhi
E009798,C023,P003,2026-01-29 16:29:14,8.6,89.89,0.99,24.549305,77.041737,Delhi
E009799,C026,P004,2026-02-04 01:18:30,9.17,90.67,0.61,27.792216,71.355616,Pune
E009800,C017,P003,2026-05-30 12:51:47,10.17,83.15,0.18,28.024496,71.957662,Delhi
E009801,C018,P002,2026-03-17 05:03:20,12.38,78.5,0.37,24.392323,71.488631,Delhi
E009802,C043,P001,2026-05-12 14:34:44,13.51,92.62,0.06,26.367579,77.16662,Jaipur
E009803,C045,P001,2026-06-22 07:24:51,6.32,72.16,0.77,25.052373,79.187378,Ahmedabad
E009804,C027,P001,2026-04-21 22:30:25,12.32,93.09,0.3,22.084195,72.474576,Delhi
E009805,C043,P002,2026-05-24 21:37:47,7.08,69.34,0.45,23.555461,76.051176,Jaipur
E009806,C020,P004,2026-05-26 18:03:38,4.24,70.12,0.09,24.928659,77.835324,Pune
E009807,C049,P003,2026-04-08 13:37:25,8.8,65.44,0.63,24.322663,75.973907,Mumbai
E009808,C036,P001,2026-05-05 13:48:38,9.94,62.32,0.89,25.29192,76.617109,Mumbai
E009809,C003,P001,2026-01-04 16:04:48,15.34,91.05,0.58,24.09519,77.276657,Ahmedabad
E009810,C015,P004,2026-04-17 05:12:46,15.22,74.5,0.23,28.599488,77.0721,Pune
E009811,C027,P002,2026-05-04 23:56:10,11.86,85.55,0.79,22.413101,76.616024,Jaipur
E009812,C038,P004,2026-01-12 15:56:25,8.11,75.36,0.24,29.760785,75.701899,Ahmedabad
E009813,C046,P003,2026-03-02 12:04:03,6.37,68.4,0.18,29.841802,75.589294,Pune
E009814,C028,P002,2026-06-15 02:56:13,10.33,91.31,0.53,26.944846,75.354382,Mumbai
E009815,C013,P004,2026-05-01 01:55:24,15.49,77.53,0.22,26.712883,73.410042,Jaipur
E009816,C017,P003,2026-05-11 10:16:18,7.26,71.21,0.8,25.801106,73.344232,Jaipur
E009817,C008,P003,2026-04-09 13:34:25,13.4,93.56,0.85,25.879298,70.99575,Ahmedabad
E009818,C032,P003,2026-06-05 17:29:51,9.04,89.9,0.84,20.486229,79.611008,Jaipur
E009819,C011,P003,2026-02-10 03:28:21,6.99,90.76,0.91,28.669509,75.711166,Pune
E009820,C043,P003,2026-06-19 10:51:23,10.16,93.23,0.83,22.981542,71.315064,Delhi
E009821,C031,P001,2026-03-12 23:46:10,13.74,80.88,0.02,28.846433,71.14425,Jaipur
E009822,C008,P004,2026-01-20 00:26:16,14.53,67.01,0.38,24.503478,71.501309,Ahmedabad
E009823,C032,P002,2026-05-11 15:33:48,11.6,74.29,0.1,20.245806,77.305241,Delhi
E009824,C041,P001,2026-03-22 08:28:39,5.87,79.43,0.13,27.701022,71.302118,Pune
E009825,C013,P003,2026-01-05 21:44:21,12.06,63.81,0.41,21.043246,77.449223,Ahmedabad
E009826,C009,P001,2026-05-01 18:41:29,10.69,67.66,0.9,29.573234,76.929492,Pune
E009827,C015,P001,2026-02-15 13:32:20,8.35,62.48,0.35,28.084582,71.360294,Mumbai
E009828,C020,P002,2026-05-07 21:03:28,5.28,64.64,0.39,21.623868,70.076501,Mumbai
E009829,C021,P004,2026-02-14 02:56:57,5.44,81.45,0.69,26.857377,78.604074,Delhi
E009830,C044,P002,2026-02-24 21:30:10,12.32,65.09,0.68,22.55852,72.010316,Ahmedabad
E009831,C044,P001,2026-03-13 11:16:02,14.48,78.81,0.63,23.10592,77.873255,Mumbai
E009832,C025,P001,2026-03-19 21:51:03,13.71,64.77,0.14,28.522679,77.618804,Pune
E009833,C002,P002,2026-01-07 15:16:08,12.95,69.76,0.76,29.31197,70.434642,Pune
E009834,C001,P004,2026-05-10 20:25:16,5.25,79.99,0.14,21.248505,72.230948,Mumbai
E009835,C005,P002,2026-01-22 09:29:13,12.07,82.41,0.21,23.178162,71.871348,Mumbai
E009836,C007,P004,2026-05-30 16:03:56,8.56,60.45,0.74,21.538441,76.398443,Jaipur
E009837,C014,P002,2026-03-24 21:12:29,10.42,91.92,0.29,20.854223,70.871041,Mumbai
E009838,C047,P001,2026-03-18 22:55:31,12.92,78.64,0.78,25.056668,76.892774,Mumbai
E009839,C027,P001,2026-01-27 12:39:16,4.77,92.44,0.2,24.675,74.042826,Ahmedabad
E009840,C026,P002,2026-03-08 20:47:19,8.73,87.58,0.93,27.399262,76.689117,Pune
E009841,C006,P002,2026-06-14 22:07:33,10.31,60.86,0.64,25.156316,78.052854,Pune
E009842,C025,P004,2026-04-06 00:42:23,14.41,70.48,0.43,24.662456,73.917214,Delhi
E009843,C044,P002,2026-04-29 22:05:19,13.86,91.18,0.34,26.23978,72.949601,Ahmedabad
E009844,C032,P002,2026-06-28 06:51:23,4.05,67.83,0.25,29.833678,78.81611,Pune
E009845,C034,P003,2026-02-09 13:56:49,10.01,68.9,0.02,24.882199,70.617642,Jaipur
E009846,C013,P004,2026-05-19 03:05:50,10.69,70.64,0.18,24.395383,75.489962,Jaipur
E009847,C017,P004,2026-01-07 01:15:53,8.06,86.94,0.85,28.097,70.186625,Delhi
E009848,C007,P001,2026-02-06 05:50:08,14.73,69.09,0.25,28.677473,77.950562,Jaipur
E009849,C031,P003,2026-06-01 01:01:12,4.52,86.76,0.61,26.790013,71.247898,Delhi
E009850,C034,P002,2026-04-20 12:51:16,4.33,76.07,0.24,25.284088,78.131684,Pune
E009851,C032,P001,2026-01-14 17:02:32,13.56,70.61,0.09,20.336607,75.046803,Jaipur
E009852,C038,P004,2026-01-08 04:16:56,7.34,75.04,0.25,21.164847,76.457728,Jaipur
E009853,C043,P004,2026-01-19 19:41:45,6.26,64.73,0.38,26.658949,75.516543,Pune
E009854,C012,P003,2026-05-28 08:17:52,9.76,62.46,0.82,25.197789,72.197241,Pune
E009855,C031,P003,2026-01-29 14:13:07,7.31,82.37,0.83,22.86558,72.531369,Mumbai
E009856,C035,P004,2026-03-13 23:11:11,4.94,77.81,0.77,28.690097,78.0878,Delhi
E009857,C030,P001,2026-04-24 06:05:51,8.8,83.81,0.63,22.858117,72.43746,Mumbai
E009858,C024,P002,2026-01-13 11:00:42,11.07,77.13,0.15,20.885047,79.226758,Delhi
E009859,C035,P004,2026-03-24 01:47:06,12.53,92.19,0.11,22.210795,76.476337,Mumbai
E009860,C031,P003,2026-05-21 06:06:38,12.76,77.0,0.78,20.123312,76.942792,Ahmedabad
E009861,C010,P003,2026-01-15 14:22:59,14.7,80.58,0.84,23.07035,78.472196,Delhi
E009862,C042,P004,2026-01-23 15:01:25,13.14,67.24,0.15,24.373714,77.997552,Ahmedabad
E009863,C047,P003,2026-01-19 10:13:12,9.72,79.36,0.41,20.446259,70.901355,Mumbai
E009864,C018,P003,2026-02-19 09:14:46,9.04,66.44,0.09,22.003008,71.690887,Mumbai
E009865,C050,P001,2026-04-25 11:18:08,15.67,81.29,0.8,21.526997,72.864312,Jaipur
E009866,C009,P001,2026-04-25 06:01:16,13.6,68.99,0.2,24.281606,76.666854,Jaipur
E009867,C042,P001,2026-04-17 19:37:41,5.5,79.32,0.66,21.398423,72.137957,Jaipur
E009868,C009,P004,2026-05-09 10:42:06,9.44,60.77,0.96,22.096706,78.948722,Mumbai
E009869,C002,P003,2026-05-11 21:09:10,11.13,68.86,0.73,26.098218,78.396569,Mumbai
E009870,C019,P004,2026-04-13 23:09:36,10.3,83.58,0.5,22.270379,74.1733,Jaipur
E009871,C040,P002,2026-02-05 05:26:34,9.54,85.37,0.45,23.949457,77.342953,Jaipur
E009872,C048,P004,2026-04-18 20:02:09,9.09,72.79,0.45,20.892665,79.393322,Pune
E009873,C043,P004,2026-01-21 20:05:08,9.55,70.86,0.15,20.378564,78.377051,Jaipur
E009874,C019,P003,2026-02-15 03:47:08,6.97,67.71,0.71,28.303832,72.781284,Mumbai
E009875,C004,P003,2026-01-11 07:09:56,11.09,66.27,0.05,22.040601,70.986136,Delhi
E009876,C020,P002,2026-04-08 18:31:53,8.12,81.88,0.17,28.123303,74.267966,Ahmedabad
E009877,C014,P004,2026-04-12 05:11:23,10.1,88.62,0.22,22.915366,74.209981,Jaipur
E009878,C045,P001,2026-04-10 11:30:59,4.82,81.64,0.58,27.725694,70.675712,Mumbai
E009879,C004,P004,2026-03-18 11:09:12,10.63,86.51,0.06,26.705319,78.118193,Jaipur
E009880,C024,P002,2026-02-10 21:29:16,10.14,86.5,0.26,23.550053,73.291238,Ahmedabad
E009881,C015,P004,2026-06-01 14:53:17,5.67,92.67,0.42,29.658448,77.499025,Ahmedabad
E009882,C032,P002,2026-05-28 00:52:23,6.47,79.75,0.18,21.699125,77.157004,Mumbai
E009883,C015,P003,2026-04-26 04:16:54,13.84,76.63,0.4,21.615198,75.573968,Delhi
E009884,C033,P002,2026-06-05 12:39:59,11.29,64.83,0.14,23.244576,76.171541,Pune
E009885,C035,P001,2026-06-09 14:44:21,9.85,63.3,0.89,28.306074,70.171439,Delhi
E009886,C024,P001,2026-06-22 05:53:33,15.08,94.3,0.69,27.104312,70.638392,Delhi
E009887,C034,P003,2026-02-27 15:17:17,10.86,93.81,0.66,29.254029,70.957849,Pune
E009888,C043,P004,2026-03-17 09:00:40,5.83,79.14,0.29,25.687936,74.616063,Jaipur
E009889,C013,P002,2026-03-08 21:31:52,7.24,80.99,0.72,20.294846,72.38844,Ahmedabad
E009890,C002,P004,2026-06-20 06:27:53,11.29,78.96,0.64,23.926984,74.007384,Mumbai
E009891,C020,P002,2026-06-02 11:07:51,5.02,87.5,0.45,23.821154,79.465136,Mumbai
E009892,C005,P003,2026-06-26 01:41:01,10.64,92.7,0.39,28.283176,71.78074,Mumbai
E009893,C031,P004,2026-04-09 02:49:39,10.81,71.75,0.19,26.540116,74.725161,Delhi
E009894,C037,P003,2026-06-01 01:09:41,10.74,69.98,0.97,24.499487,73.662254,Mumbai
E009895,C026,P002,2026-01-22 18:30:23,13.77,73.82,0.55,26.612938,76.357749,Mumbai
E009896,C012,P001,2026-03-09 21:55:45,7.35,93.42,0.9,29.301412,79.568208,Jaipur
E009897,C007,P001,2026-06-01 05:26:00,9.05,83.29,0.43,28.32439,75.37233,Mumbai
E009898,C007,P003,2026-05-03 02:40:56,4.62,91.04,0.36,28.4249,78.266351,Pune
E009899,C039,P003,2026-01-03 09:13:07,10.32,94.57,0.39,25.746346,75.004615,Delhi
E009900,C049,P003,2026-03-24 13:03:47,6.74,93.15,0.54,23.419566,70.787511,Mumbai
E009901,C040,P004,2026-05-16 11:20:31,10.58,85.9,0.53,20.845003,79.04262,Mumbai
E009902,C037,P001,2026-01-28 16:15:56,5.38,71.35,0.35,22.817506,75.494836,Mumbai
E009903,C016,P002,2026-03-28 06:00:28,8.04,92.27,0.11,29.276942,78.424925,Jaipur
E009904,C023,P004,2026-05-26 01:49:08,12.4,65.05,0.83,25.716204,70.743315,Pune
E009905,C013,P002,2026-02-14 08:27:36,12.3,67.27,0.25,28.979679,75.412004,Jaipur
E009906,C024,P003,2026-04-21 03:46:42,4.53,93.2,0.98,29.803099,71.488274,Ahmedabad
E009907,C012,P004,2026-01-26 00:25:01,4.98,71.26,0.5,25.949837,74.660106,Jaipur
E009908,C033,P004,2026-04-15 08:33:56,4.94,85.9,0.64,28.452577,74.69922,Ahmedabad
E009909,C017,P004,2026-01-25 05:37:41,13.87,82.59,0.84,29.863905,76.407902,Delhi
E009910,C017,P002,2026-05-06 19:43:44,6.58,74.09,0.97,29.778443,70.904126,Pune
E009911,C038,P002,2026-06-24 02:22:41,8.23,63.43,0.42,24.243469,79.411492,Ahmedabad
E009912,C040,P001,2026-06-21 21:46:23,8.55,94.38,0.27,22.015383,72.109387,Delhi
E009913,C040,P004,2026-02-08 04:39:05,12.44,86.0,0.54,28.788581,78.394243,Ahmedabad
E009914,C002,P001,2026-06-30 11:51:17,10.5,68.82,0.28,21.64645,74.796801,Jaipur
E009915,C029,P003,2026-03-15 02:40:21,9.33,86.32,0.04,24.56363,76.323196,Pune
E009916,C031,P003,2026-02-09 00:08:43,13.51,89.95,0.01,22.036531,75.892735,Mumbai
E009917,C002,P001,2026-04-17 11:33:14,8.94,60.27,0.26,27.307301,70.30395,Jaipur
E009918,C029,P003,2026-02-02 17:04:26,11.34,78.68,0.98,21.608416,71.375244,Delhi
E009919,C046,P002,2026-01-27 05:32:26,9.9,63.12,0.41,21.690954,78.528362,Mumbai
E009920,C022,P002,2026-03-15 10:05:14,14.58,65.06,0.01,20.079161,71.161525,Delhi
E009921,C042,P002,2026-05-23 22:45:35,6.02,77.29,0.41,25.600168,79.658022,Mumbai
E009922,C048,P004,2026-02-24 20:16:12,4.9,87.24,1.0,27.109402,72.463116,Ahmedabad
E009923,C004,P001,2026-03-27 21:13:41,7.15,73.28,0.15,29.508547,74.619956,Delhi
E009924,C036,P001,2026-05-24 20:26:59,9.94,80.95,0.29,21.82315,74.139428,Pune
E009925,C046,P004,2026-05-16 11:25:28,7.55,86.91,0.31,20.228575,70.887502,Jaipur
E009926,C026,P004,2026-01-28 19:58:49,12.69,84.93,0.32,20.523121,77.040719,Mumbai
E009927,C002,P001,2026-04-30 09:58:32,7.86,88.58,0.05,28.962852,79.380907,Ahmedabad
E009928,C024,P002,2026-04-09 21:48:43,9.07,86.97,0.09,22.635391,73.78088,Jaipur
E009929,C032,P002,2026-01-07 01:33:14,12.22,81.43,0.34,22.187384,76.786921,Delhi
E009930,C009,P004,2026-04-03 07:20:12,6.16,94.07,0.06,29.046073,70.388198,Jaipur
E009931,C050,P002,2026-02-24 21:30:41,6.17,80.45,0.6,20.932244,70.659431,Delhi
E009932,C046,P004,2026-03-10 09:37:52,13.0,87.03,0.36,29.223094,71.252768,Delhi
E009933,C038,P003,2026-06-19 22:44:49,5.37,78.09,0.56,28.46254,78.410973,Pune
E009934,C024,P003,2026-02-16 22:46:09,10.25,72.6,0.9,29.863768,78.328894,Ahmedabad
E009935,C024,P004,2026-05-07 20:32:41,4.63,76.58,0.89,21.611788,72.812919,Jaipur
E009936,C016,P001,2026-04-12 22:22:46,10.58,67.38,0.33,27.074764,72.183812,Delhi
E009937,C007,P004,2026-05-18 23:03:16,15.25,89.0,0.24,21.941634,78.628762,Delhi
E009938,C025,P002,2026-03-15 05:08:28,13.9,71.07,0.95,28.276451,78.322126,Ahmedabad
E009939,C043,P002,2026-01-04 17:16:46,9.99,73.93,0.5,27.906661,75.85052,Delhi
E009940,C033,P004,2026-05-31 03:29:42,5.22,60.53,0.15,24.692474,77.504978,Delhi
E009941,C017,P004,2026-06-20 13:14:39,12.49,90.02,0.35,20.187778,78.096333,Delhi
E009942,C039,P002,2026-04-02 13:10:06,10.13,92.4,0.31,22.266009,71.963469,Delhi
E009943,C004,P004,2026-03-29 19:24:39,13.29,80.72,0.74,21.599474,75.971459,Pune
E009944,C009,P004,2026-02-10 09:04:29,6.34,92.07,0.55,20.769405,75.946065,Mumbai
E009945,C019,P001,2026-05-10 22:27:05,9.24,65.25,0.99,21.988918,73.70012,Mumbai
E009946,C016,P004,2026-03-09 11:49:32,4.74,64.41,0.73,24.206217,77.444439,Ahmedabad
E009947,C025,P004,2026-06-23 16:17:58,9.29,93.51,0.81,27.317168,70.057085,Jaipur
E009948,C029,P002,2026-05-06 11:34:29,11.45,71.56,0.45,22.306793,75.413934,Mumbai
E009949,C028,P003,2026-02-14 17:31:58,10.18,85.9,0.98,27.290131,79.189502,Jaipur
E009950,C008,P002,2026-01-27 12:09:37,9.23,60.72,0.6,21.946445,77.479367,Mumbai
E009951,C047,P003,2026-06-12 16:06:28,10.41,76.77,0.31,26.942809,74.25952,Delhi
E009952,C010,P004,2026-03-06 12:46:52,4.86,95.0,0.76,23.112348,72.693049,Delhi
E009953,C020,P003,2026-06-30 09:52:37,12.24,76.2,0.85,20.184587,72.152815,Delhi
E009954,C034,P003,2026-03-15 16:46:01,14.94,83.69,0.42,20.329588,71.698374,Ahmedabad
E009955,C008,P001,2026-02-05 06:41:37,9.62,60.79,0.72,29.406478,74.967857,Mumbai
E009956,C023,P001,2026-04-28 21:11:22,15.61,84.03,0.3,25.661819,74.784909,Pune
E009957,C030,P001,2026-06-18 20:46:56,10.77,60.71,0.94,22.595879,76.52634,Pune
E009958,C001,P002,2026-06-27 00:34:52,12.33,80.77,0.49,21.317514,78.850191,Jaipur
E009959,C037,P001,2026-06-29 05:58:19,14.01,90.01,0.33,25.645288,76.604463,Mumbai
E009960,C029,P002,2026-02-12 19:12:41,5.51,76.47,0.41,24.947159,79.87584,Mumbai
E009961,C014,P001,2026-01-23 17:40:05,12.22,94.55,0.94,25.402772,79.929818,Pune
E009962,C014,P002,2026-01-24 09:40:53,10.7,64.97,0.26,23.388028,70.547078,Mumbai
E009963,C046,P001,2026-04-22 15:25:07,14.66,91.08,0.85,27.819524,73.878206,Mumbai
E009964,C050,P002,2026-01-30 20:07:17,7.16,85.3,0.08,24.019626,70.094687,Delhi
E009965,C028,P002,2026-02-01 04:46:31,14.4,91.71,0.88,29.887038,77.793097,Pune
E009966,C032,P004,2026-04-30 07:15:48,8.05,69.59,0.89,23.762517,79.857659,Jaipur
E009967,C040,P001,2026-05-31 00:18:41,7.17,77.0,0.7,25.859374,73.575788,Mumbai
E009968,C037,P004,2026-06-15 11:56:59,6.47,67.63,0.79,27.748634,71.301983,Mumbai
E009969,C028,P001,2026-03-07 08:38:59,4.11,78.52,0.96,28.55764,79.910081,Ahmedabad
E009970,C013,P002,2026-05-14 06:11:02,9.91,84.0,0.94,23.121774,78.131341,Pune
E009971,C039,P002,2026-01-26 12:10:18,14.76,93.96,0.13,24.224168,79.21134,Jaipur
E009972,C003,P004,2026-06-19 05:01:51,9.39,76.8,0.66,24.03831,79.427462,Ahmedabad
E009973,C028,P004,2026-06-04 17:04:04,12.99,83.29,0.77,23.952684,72.71988,Pune
E009974,C014,P003,2026-05-26 00:47:01,10.44,78.55,0.08,23.484293,70.521577,Jaipur
E009975,C013,P002,2026-02-08 13:02:29,4.38,60.31,0.88,20.547812,77.311921,Ahmedabad
E009976,C048,P001,2026-05-11 16:36:18,12.92,84.32,0.43,22.356899,79.397616,Jaipur
E009977,C037,P001,2026-05-09 20:10:24,10.84,92.27,0.12,21.974425,73.809782,Ahmedabad
E009978,C007,P003,2026-02-12 08:14:18,14.3,83.2,0.34,21.58427,74.15146,Pune
E009979,C018,P002,2026-04-28 08:01:49,12.16,76.22,0.11,22.136128,74.931721,Delhi
E009980,C035,P003,2026-06-07 04:33:13,7.52,76.48,0.1,28.715755,70.989824,Mumbai
E009981,C013,P002,2026-02-26 06:12:41,6.39,89.55,0.11,20.302822,74.315442,Ahmedabad
E009982,C006,P003,2026-05-11 22:16:20,9.82,91.29,0.72,21.222521,71.02676,Jaipur
E009983,C012,P002,2026-04-08 13:05:32,14.58,91.22,0.26,25.19302,71.933418,Ahmedabad
E009984,C040,P004,2026-05-10 23:29:35,13.23,74.48,0.77,25.269904,71.96264,Jaipur
E009985,C031,P002,2026-06-10 15:28:42,6.43,65.83,0.54,23.914914,74.659176,Pune
E009986,C047,P002,2026-04-24 10:15:51,6.04,63.63,0.84,24.305478,77.427544,Jaipur
E009987,C038,P003,2026-03-27 21:07:52,6.26,79.18,0.33,21.345405,70.935587,Jaipur
E009988,C017,P003,2026-03-16 14:33:32,11.13,63.44,0.36,23.988154,75.283832,Ahmedabad
E009989,C006,P003,2026-04-18 16:32:46,13.75,87.04,0.59,22.504585,76.302804,Ahmedabad
E009990,C004,P003,2026-04-21 20:23:30,9.83,70.06,0.57,22.159101,78.531434,Mumbai
E009991,C037,P001,2026-05-08 08:43:06,5.3,89.98,0.76,26.058504,73.466358,Jaipur
E009992,C040,P001,2026-06-21 22:16:29,11.15,75.51,0.91,29.72738,71.032765,Pune
E009993,C027,P003,2026-06-18 03:58:03,6.73,93.79,0.45,29.360796,78.422105,Delhi
E009994,C044,P003,2026-02-08 00:58:37,7.05,64.87,0.24,29.786142,73.013257,Jaipur
E009995,C021,P004,2026-06-13 18:27:09,13.59,86.68,0.89,22.311458,78.163978,Ahmedabad
E009996,C008,P001,2026-06-20 07:11:25,7.48,94.24,0.69,29.207012,79.744469,Pune
E009997,C030,P004,2026-02-17 08:33:36,13.54,80.01,0.06,22.142585,72.830222,Pune
E009998,C037,P003,2026-02-05 01:38:55,13.74,62.03,0.88,24.999846,71.6056,Mumbai
E009999,C008,P001,2026-05-02 12:22:00,5.65,68.03,0.6,20.865425,74.191409,Delhi
E010000,C007,P002,2026-02-28 10:13:36,15.76,85.58,0.95,26.793823,76.430782,Mumbai
